# Beer Bottle by gelmi.com.br, CC-BY-4.0.
# Source: https://sketchfab.com/3d-models/beer-bottle-c3de7f8b092e4092aef14d4ffc9fac7f
mtllib Beer Bottle.mtl

o GARRAFA_VIDRO_FORA_0
usemtl VIDRO_FORA
v 3.03417158 36.74786758 1.53478086
v 3.17965150 36.74786758 1.31705463
v 3.01338601 38.40874100 1.24818504
v -3.03417158 36.74786758 1.53478086
v -3.01338601 38.40874100 1.24818504
v -3.17965150 36.74786758 1.31705463
v -0.00000016 5.15975904 -6.18159533
v -0.00000017 2.99975896 -6.36734724
v -2.43667841 2.99975896 -5.88266134
v -2.36559391 5.15975904 -5.71104908
v -4.50239420 2.99975896 -4.50239420
v -4.37104797 5.15975904 -4.37104797
v -5.88266134 2.99975896 -2.43667841
v -5.71104908 5.15975904 -2.36559391
v -6.36734724 2.99975896 -0.00000011
v -6.18159533 5.15975904 -0.00000011
v -5.88266134 2.99975896 2.43667841
v -5.71104908 5.15975904 2.36559391
v -4.50239420 2.99975896 4.50239420
v -4.37104797 5.15975904 4.37104750
v -2.43667841 2.99975896 5.88266134
v -2.36559391 5.15975904 5.71104908
v -0.00000017 2.99975896 6.36734724
v -0.00000016 5.15975904 6.18159533
v 2.43667817 2.99975896 5.88266134
v 2.36559367 5.15975904 5.71104908
v 4.50239420 2.99975896 4.50239420
v 4.37104797 5.15975904 4.37104750
v 5.88266134 2.99975896 2.43667841
v 5.71104908 5.15975904 2.36559391
v 6.36734724 2.99975896 -0.00000011
v 6.18159533 5.15975904 -0.00000011
v 5.88266134 2.99975896 -2.43667841
v 5.71104908 5.15975904 -2.36559391
v 4.50239420 2.99975896 -4.50239420
v 4.37104797 5.15975904 -4.37104797
v 2.43667817 2.99975896 -5.88266134
v 2.36559367 5.15975904 -5.71104908
v -0.00000017 2.99975896 -6.36734724
v -0.00000016 5.15975904 -6.18159533
v -0.00000016 1.63975894 -6.27292490
v -2.40054417 1.63975894 -5.79542589
v -4.43562746 1.63975894 -4.43562746
v -5.79542589 1.63975894 -2.40054417
v -6.27292490 1.63975894 -0.00000011
v -5.79542589 1.63975894 2.40054417
v -4.43562746 1.63975894 4.43562698
v -2.40054417 1.63975894 5.79542589
v -0.00000016 1.63975894 6.27292490
v 2.40054393 1.63975894 5.79542589
v 4.43562746 1.63975894 4.43562698
v 5.79542589 1.63975894 2.40054417
v 6.27292490 1.63975894 -0.00000011
v 5.79542589 1.63975894 -2.40054417
v 4.43562746 1.63975894 -4.43562746
v 2.40054393 1.63975894 -5.79542589
v -0.00000016 1.63975894 -6.27292490
v -0.00000016 0.67975891 -6.11204243
v -2.33897758 0.67975891 -5.64679003
v -4.32186699 0.67975891 -4.32186699
v -5.64679003 0.67975891 -2.33897758
v -6.11204243 0.67975891 -0.00000011
v -5.64679003 0.67975891 2.33897734
v -4.32186699 0.67975891 4.32186651
v -2.33897758 0.67975891 5.64679003
v -0.00000016 0.67975891 6.11204243
v 2.33897710 0.67975891 5.64679003
v 4.32186699 0.67975891 4.32186651
v 5.64679003 0.67975891 2.33897734
v 6.11204243 0.67975891 -0.00000011
v 5.64679003 0.67975891 -2.33897758
v 4.32186699 0.67975891 -4.32186699
v 2.33897710 0.67975891 -5.64679003
v -0.00000016 0.67975891 -6.11204243
v -0.00000015 0.22975890 -5.85221672
v -2.23954654 0.22975890 -5.40674257
v -4.13814211 0.22975890 -4.13814211
v -5.40674257 0.22975890 -2.23954654
v -5.85221672 0.22975890 -0.00000010
v -5.40674257 0.22975890 2.23954630
v -4.13814211 0.22975890 4.13814163
v -2.23954654 0.22975890 5.40674257
v -0.00000015 0.22975890 5.85221672
v 2.23954630 0.22975890 5.40674257
v 4.13814211 0.22975890 4.13814163
v 5.40674257 0.22975890 2.23954630
v 5.85221672 0.22975890 -0.00000010
v 5.40674257 0.22975890 -2.23954654
v 4.13814211 0.22975890 -4.13814211
v 2.23954630 0.22975890 -5.40674257
v -0.00000015 0.22975890 -5.85221672
v -0.00000014 0.11975890 -5.26398706
v -2.01444077 0.11975890 -4.86328888
v -3.72220087 0.11975890 -3.72220087
v -4.86328888 0.11975890 -2.01444077
v -5.26398706 0.11975890 -0.00000009
v -4.86328888 0.11975890 2.01444077
v -3.72220087 0.11975890 3.72220063
v -2.01444077 0.11975890 4.86328888
v -0.00000014 0.11975890 5.26398706
v 2.01444054 0.11975890 4.86328888
v 3.72220087 0.11975890 3.72220063
v 4.86328888 0.11975890 2.01444077
v 5.26398706 0.11975890 -0.00000009
v 4.86328888 0.11975890 -2.01444077
v 3.72220087 0.11975890 -3.72220087
v 2.01444054 0.11975890 -4.86328888
v -0.00000014 0.11975890 -5.26398706
v -2.33063459 21.31024170 -5.62664890
v -2.35394096 23.65024185 -5.68291569
v -0.00000016 23.65024185 -6.15114403
v -0.00000016 21.31024170 -6.09024143
v -4.30645084 21.31024170 -4.30645084
v -4.34951544 23.65024185 -4.34951544
v -5.62664890 21.31024170 -2.33063459
v -5.68291569 23.65024185 -2.35394096
v -6.09024143 21.31024170 -0.00000011
v -6.15114403 23.65024185 -0.00000011
v -5.62664890 21.31024170 2.33063436
v -5.68291569 23.65024185 2.35394073
v -4.30645084 21.31024170 4.30645037
v -4.34951544 23.65024185 4.34951496
v -2.33063459 21.31024170 5.62664890
v -2.35394096 23.65024185 5.68291569
v -0.00000016 21.31024170 6.09024143
v -0.00000016 23.65024185 6.15114403
v 2.33063412 21.31024170 5.62664890
v 2.35394049 23.65024185 5.68291569
v 4.30645084 21.31024170 4.30645037
v 4.34951544 23.65024185 4.34951496
v 5.62664890 21.31024170 2.33063436
v 5.68291569 23.65024185 2.35394073
v 6.09024143 21.31024170 -0.00000011
v 6.15114403 23.65024185 -0.00000011
v 5.62664890 21.31024170 -2.33063459
v 5.68291569 23.65024185 -2.35394096
v 4.30645084 21.31024170 -4.30645084
v 4.34951544 23.65024185 -4.34951544
v 2.33063412 21.31024170 -5.62664890
v 2.35394049 23.65024185 -5.68291569
v -0.00000016 21.31024170 -6.09024143
v -0.00000016 23.65024185 -6.15114403
v -2.35399914 25.35024071 -5.68305635
v -0.00000016 25.35024071 -6.15129662
v -0.00000016 25.35024071 -6.15129662
v 2.35399866 25.35024071 -5.68305635
v 4.34962273 25.35024071 -4.34962273
v 5.68305635 25.35024071 -2.35399914
v 6.15129662 25.35024071 -0.00000011
v 5.68305635 25.35024071 2.35399890
v 4.34962273 25.35024071 4.34962273
v 2.35399866 25.35024071 5.68305635
v -0.00000016 25.35024071 6.15129662
v -2.35399914 25.35024071 5.68305635
v -4.34962273 25.35024071 4.34962273
v -5.68305635 25.35024071 2.35399890
v -6.15129662 25.35024071 -0.00000011
v -5.68305635 25.35024071 -2.35399914
v -4.34962273 25.35024071 -4.34962273
v -2.34082365 26.77024078 -5.65124846
v -0.00000016 26.77024078 -6.11686754
v -0.00000016 26.77024078 -6.11686754
v 2.34082341 26.77024078 -5.65124846
v 4.32527828 26.77024078 -4.32527828
v 5.65124846 26.77024078 -2.34082365
v 6.11686754 26.77024078 -0.00000011
v 5.65124846 26.77024078 2.34082365
v 4.32527828 26.77024078 4.32527781
v 2.34082341 26.77024078 5.65124846
v -0.00000016 26.77024078 6.11686754
v -2.34082365 26.77024078 5.65124846
v -4.32527828 26.77024078 4.32527781
v -5.65124846 26.77024078 2.34082365
v -6.11686754 26.77024078 -0.00000011
v -5.65124846 26.77024078 -2.34082365
v -4.32527828 26.77024078 -4.32527828
v -2.11701798 28.24024010 -5.11093378
v -0.00000014 28.24024010 -5.53203535
v -0.00000014 28.24024010 -5.53203535
v 2.11701775 28.24024010 -5.11093378
v 3.91173959 28.24024010 -3.91173959
v 5.11093378 28.24024010 -2.11701798
v 5.53203535 28.24024010 -0.00000010
v 5.11093378 28.24024010 2.11701798
v 3.91173959 28.24024010 3.91173911
v 2.11701775 28.24024010 5.11093378
v -0.00000014 28.24024010 5.53203535
v -2.11701798 28.24024010 5.11093378
v -3.91173959 28.24024010 3.91173911
v -5.11093378 28.24024010 2.11701798
v -5.53203535 28.24024010 -0.00000010
v -5.11093378 28.24024010 -2.11701798
v -3.91173959 28.24024010 -3.91173959
v -1.71622336 29.44023895 -4.14333010
v -0.00000012 29.44023895 -4.48470831
v -0.00000012 29.44023895 -4.48470831
v 1.71622336 29.44023895 -4.14333010
v 3.17116761 29.44023895 -3.17116761
v 4.14333010 29.44023895 -1.71622336
v 4.48470831 29.44023895 -0.00000008
v 4.14333010 29.44023895 1.71622336
v 3.17116761 29.44023895 3.17116714
v 1.71622336 29.44023895 4.14333010
v -0.00000012 29.44023895 4.48470831
v -1.71622336 29.44023895 4.14333010
v -3.17116761 29.44023895 3.17116714
v -4.14333010 29.44023895 1.71622336
v -4.48470831 29.44023895 -0.00000008
v -4.14333010 29.44023895 -1.71622336
v -3.17116761 29.44023895 -3.17116761
v -1.65615547 29.74523926 -3.99831343
v -0.00000011 29.74523926 -4.32774353
v -0.00000011 29.74523926 -4.32774353
v 1.65615547 29.74523926 -3.99831343
v 3.06017661 29.74523926 -3.06017661
v 3.99831343 29.74523926 -1.65615547
v 4.32774353 29.74523926 -0.00000008
v 3.99831343 29.74523926 1.65615547
v 3.06017661 29.74523926 3.06017613
v 1.65615547 29.74523926 3.99831343
v -1.65615547 29.74523926 3.99831343
v -3.06017661 29.74523926 3.06017613
v -3.99831343 29.74523926 1.65615547
v -4.32774353 29.74523926 -0.00000008
v -3.99831343 29.74523926 -1.65615547
v -3.06017661 29.74523926 -3.06017661
v -1.52366304 31.76523972 -3.67844844
v -0.00000010 31.76523972 -3.98152399
v -0.00000010 31.76523972 -3.98152399
v 1.52366304 31.76523972 -3.67844844
v 2.81536245 31.76523972 -2.81536245
v 3.67844844 31.76523972 -1.52366304
v 3.98152399 31.76523972 -0.00000007
v 3.67844844 31.76523972 1.52366304
v -3.67844844 31.76523972 1.52366304
v -3.98152399 31.76523972 -0.00000007
v -3.67844844 31.76523972 -1.52366304
v -2.81536245 31.76523972 -2.81536245
v -1.31705463 36.74786758 -3.17965150
v -1.24818504 38.40874100 -3.01338601
v -0.00000009 38.40874100 -3.26166534
v -0.00000009 36.74786758 -3.44162989
v -0.00000009 35.08699417 -3.62159467
v -1.38592398 35.08699417 -3.34591722
v -0.00000010 33.42611313 -3.80155921
v -1.45479345 33.42611313 -3.51218271
v -0.00000009 36.74786758 -3.44162989
v -0.00000009 38.40874100 -3.26166534
v 1.24818504 38.40874100 -3.01338601
v 1.31705463 36.74786758 -3.17965150
v 1.38592398 35.08699417 -3.34591722
v -0.00000009 35.08699417 -3.62159467
v 1.45479345 33.42611313 -3.51218271
v -0.00000010 33.42611313 -3.80155921
v 2.30634546 38.40874100 -2.30634546
v 2.43359971 36.74786758 -2.43359971
v 2.56085396 35.08699417 -2.56085396
v 2.68810821 33.42611313 -2.68810821
v 3.01338601 38.40874100 -1.24818504
v 3.17965150 36.74786758 -1.31705463
v 3.34591722 35.08699417 -1.38592398
v 3.51218271 33.42611313 -1.45479345
v 3.26166534 38.40874100 -0.00000006
v 3.44162989 36.74786758 -0.00000006
v 3.62159467 35.08699417 -0.00000006
v 3.80155921 33.42611313 -0.00000007
v 3.34591722 35.08699417 1.38592398
v 3.51218271 33.42611313 1.45479345
v 2.43359971 36.74786758 2.41366577
v 2.30634546 38.40874100 2.30634522
v 1.24818504 38.40874100 3.01338601
v 1.31705463 36.74786758 3.11842608
v 1.38592398 35.08699417 3.23904634
v 2.56085396 35.08699417 2.51534200
v -0.00000009 38.40874100 3.26166534
v -0.00000009 36.74786758 3.37995076
v -0.00000009 35.08699417 3.51424623
v -0.00000010 33.42611313 3.62871504
v 1.45479345 33.42611313 3.33983970
v -1.24818504 38.40874100 3.01338601
v -1.31705463 36.74786758 3.11842608
v -1.38592398 35.08699417 3.23904634
v -1.45479345 33.42611313 3.33983970
v -2.30634546 38.40874100 2.30634522
v -2.43359971 36.74786758 2.41366577
v -2.56085396 35.08699417 2.51534200
v -3.26166534 38.40874100 -0.00000006
v -3.44162989 36.74786758 -0.00000006
v -3.62159467 35.08699417 -0.00000006
v -3.34591722 35.08699417 1.38592398
v -3.80155921 33.42611313 -0.00000007
v -3.51218271 33.42611313 1.45479345
v -3.01338601 38.40874100 -1.24818504
v -3.17965150 36.74786758 -1.31705463
v -3.34591722 35.08699417 -1.38592398
v -3.51218271 33.42611313 -1.45479345
v -2.30634546 38.40874100 -2.30634546
v -2.43359971 36.74786758 -2.43359971
v -2.56085396 35.08699417 -2.56085396
v -2.68810821 33.42611313 -2.68810821
v -0.00000007 43.10111618 -2.80120134
v -0.00000008 41.53699112 -2.95468950
v -1.13071060 41.53699112 -2.72977734
v -1.07197320 43.10111618 -2.58797288
v -0.00000008 39.97286606 -3.10817742
v -1.18944776 39.97286606 -2.87158155
v 1.07197320 43.10111618 -2.58797288
v 1.13071060 41.53699112 -2.72977734
v -0.00000008 41.53699112 -2.95468950
v -0.00000007 43.10111618 -2.80120134
v 1.18944776 39.97286606 -2.87158155
v -0.00000008 39.97286606 -3.10817742
v 1.98074841 43.10111618 -1.98074841
v 2.08928061 41.53699112 -2.08928061
v 2.19781303 39.97286606 -2.19781303
v 2.58797288 43.10111618 -1.07197320
v 2.72977734 41.53699112 -1.13071060
v 2.87158155 39.97286606 -1.18944776
v 2.80120134 43.10111618 -0.00000005
v 2.95468950 41.53699112 -0.00000005
v 3.10817742 39.97286606 -0.00000005
v 2.58797288 43.10111618 1.07197320
v 2.72977734 41.53699112 1.13071060
v 2.87158155 39.97286606 1.18944776
v 1.98074841 43.10111618 1.98074818
v 2.08928061 41.53699112 2.08928061
v 2.19781303 39.97286606 2.19781280
v 1.07197320 43.10111618 2.58797288
v 1.13071060 41.53699112 2.72977734
v 1.18944776 39.97286606 2.87158155
v -0.00000007 43.10111618 2.80120134
v -0.00000008 41.53699112 2.95468950
v -0.00000008 39.97286606 3.10817742
v -1.07197320 43.10111618 2.58797288
v -1.13071060 41.53699112 2.72977734
v -1.18944776 39.97286606 2.87158155
v -1.98074841 43.10111618 1.98074818
v -2.08928061 41.53699112 2.08928061
v -2.19781303 39.97286606 2.19781280
v -2.58797288 43.10111618 1.07197320
v -2.72977734 41.53699112 1.13071060
v -2.87158155 39.97286606 1.18944776
v -2.80120134 43.10111618 -0.00000005
v -2.95468950 41.53699112 -0.00000005
v -3.10817742 39.97286606 -0.00000005
v -2.58797288 43.10111618 -1.07197320
v -2.72977734 41.53699112 -1.13071060
v -2.87158155 39.97286606 -1.18944776
v -1.98074841 43.10111618 -1.98074841
v -2.08928061 41.53699112 -2.08928061
v -2.19781303 39.97286606 -2.19781303
v -0.00000016 11.15983963 -6.09024143
v -0.00000016 9.12975883 -6.12069273
v -2.34228754 9.12975883 -5.65478230
v -2.33063459 11.15983963 -5.62664890
v -2.33063459 13.18992043 -5.62664890
v -0.00000016 13.18992043 -6.09024143
v -2.33063459 15.22000027 -5.62664890
v -0.00000016 15.22000027 -6.09024143
v -2.33063459 17.25008011 -5.62664890
v -0.00000016 17.25008011 -6.09024143
v -2.33063459 19.28016090 -5.62664890
v -0.00000016 19.28016090 -6.09024143
v -4.32798290 9.12975883 -4.32798290
v -4.30645084 11.15983963 -4.30645084
v -4.30645084 13.18992043 -4.30645084
v -4.30645084 15.22000027 -4.30645084
v -4.30645084 17.25008011 -4.30645084
v -4.30645084 19.28016090 -4.30645084
v -5.65478230 9.12975883 -2.34228754
v -5.62664890 11.15983963 -2.33063459
v -5.62664890 13.18992043 -2.33063459
v -5.62664890 15.22000027 -2.33063459
v -5.62664890 17.25008011 -2.33063459
v -5.62664890 19.28016090 -2.33063459
v -6.12069273 9.12975883 -0.00000011
v -6.09024143 11.15983963 -0.00000011
v -6.09024143 13.18992043 -0.00000011
v -6.09024143 15.22000027 -0.00000011
v -6.09024143 17.25008011 -0.00000011
v -6.09024143 19.28016090 -0.00000011
v -5.65478230 9.12975883 2.34228754
v -5.62664890 11.15983963 2.33063436
v -5.62664890 13.18992043 2.33063436
v -5.62664890 15.22000027 2.33063436
v -5.62664890 17.25008011 2.33063436
v -5.62664890 19.28016090 2.33063436
v -4.32798290 9.12975883 4.32798290
v -4.30645084 11.15983963 4.30645037
v -4.30645084 13.18992043 4.30645037
v -4.30645084 15.22000027 4.30645037
v -4.30645084 17.25008011 4.30645037
v -4.30645084 19.28016090 4.30645037
v -2.34228754 9.12975883 5.65478230
v -2.33063459 11.15983963 5.62664890
v -2.33063459 13.18992043 5.62664890
v -2.33063459 15.22000027 5.62664890
v -2.33063459 17.25008011 5.62664890
v -2.33063459 19.28016090 5.62664890
v -0.00000016 9.12975883 6.12069273
v -0.00000016 11.15983963 6.09024143
v -0.00000016 13.18992043 6.09024143
v -0.00000016 15.22000027 6.09024143
v -0.00000016 17.25008011 6.09024143
v -0.00000016 19.28016090 6.09024143
v 2.34228730 9.12975883 5.65478230
v 2.33063412 11.15983963 5.62664890
v 2.33063412 13.18992043 5.62664890
v 2.33063412 15.22000027 5.62664890
v 2.33063412 17.25008011 5.62664890
v 2.33063412 19.28016090 5.62664890
v 4.32798290 9.12975883 4.32798290
v 4.30645084 11.15983963 4.30645037
v 4.30645084 13.18992043 4.30645037
v 4.30645084 15.22000027 4.30645037
v 4.30645084 17.25008011 4.30645037
v 4.30645084 19.28016090 4.30645037
v 5.65478230 9.12975883 2.34228754
v 5.62664890 11.15983963 2.33063436
v 5.62664890 13.18992043 2.33063436
v 5.62664890 15.22000027 2.33063436
v 5.62664890 17.25008011 2.33063436
v 5.62664890 19.28016090 2.33063436
v 6.12069273 9.12975883 -0.00000011
v 6.09024143 11.15983963 -0.00000011
v 6.09024143 13.18992043 -0.00000011
v 6.09024143 15.22000027 -0.00000011
v 6.09024143 17.25008011 -0.00000011
v 6.09024143 19.28016090 -0.00000011
v 5.65478230 9.12975883 -2.34228754
v 5.62664890 11.15983963 -2.33063459
v 5.62664890 13.18992043 -2.33063459
v 5.62664890 15.22000027 -2.33063459
v 5.62664890 17.25008011 -2.33063459
v 5.62664890 19.28016090 -2.33063459
v 4.32798290 9.12975883 -4.32798290
v 4.30645084 11.15983963 -4.30645084
v 4.30645084 13.18992043 -4.30645084
v 4.30645084 15.22000027 -4.30645084
v 4.30645084 17.25008011 -4.30645084
v 4.30645084 19.28016090 -4.30645084
v 2.34228730 9.12975883 -5.65478230
v 2.33063412 11.15983963 -5.62664890
v 2.33063412 13.18992043 -5.62664890
v 2.33063412 15.22000027 -5.62664890
v 2.33063412 17.25008011 -5.62664890
v 2.33063412 19.28016090 -5.62664890
v -0.00000016 9.12975883 -6.12069273
v -0.00000016 11.15983963 -6.09024143
v -0.00000016 13.18992043 -6.09024143
v -0.00000016 15.22000027 -6.09024143
v -0.00000016 17.25008011 -6.09024143
v -0.00000016 19.28016090 -6.09024143
v -2.35394096 7.14475870 -5.68291569
v -0.00000016 7.14475870 -6.15114403
v -0.00000016 7.14475870 -6.15114403
v 2.35394049 7.14475870 -5.68291569
v 4.34951544 7.14475870 -4.34951544
v 5.68291569 7.14475870 -2.35394096
v 6.15114403 7.14475870 -0.00000011
v 5.68291569 7.14475870 2.35394073
v 4.34951544 7.14475870 4.34951496
v 2.35394049 7.14475870 5.68291569
v -0.00000016 7.14475870 6.15114403
v -2.35394096 7.14475870 5.68291569
v -4.34951544 7.14475870 4.34951496
v -5.68291569 7.14475870 2.35394073
v -6.15114403 7.14475870 -0.00000011
v -5.68291569 7.14475870 -2.35394096
v -4.34951544 7.14475870 -4.34951544
v -1.01323593 44.66524124 -2.44616818
v -1.04869926 44.76523972 -2.53178430
v -0.00000007 44.76523972 -2.74038339
v -0.00000007 44.66524124 -2.64771342
v -0.00000007 44.66524124 -2.64771342
v -0.00000007 44.76523972 -2.74038339
v 1.04869926 44.76523972 -2.53178430
v 1.01323593 44.66524124 -2.44616818
v 1.93774343 44.76523972 -1.93774343
v 1.87221599 44.66524124 -1.87221599
v 2.53178430 44.76523972 -1.04869926
v 2.44616818 44.66524124 -1.01323593
v 2.74038339 44.76523972 -0.00000005
v 2.64771342 44.66524124 -0.00000005
v 2.53178430 44.76523972 1.04869926
v 2.44616818 44.66524124 1.01323593
v 1.93774343 44.76523972 1.93774331
v 1.87221599 44.66524124 1.87221575
v 1.04869926 44.76523972 2.53178430
v 1.01323593 44.66524124 2.44616818
v -0.00000007 44.76523972 2.74038339
v -0.00000007 44.66524124 2.64771342
v -1.04869926 44.76523972 2.53178430
v -1.01323593 44.66524124 2.44616818
v -1.93774343 44.76523972 1.93774331
v -1.87221599 44.66524124 1.87221575
v -2.53178430 44.76523972 1.04869926
v -2.44616818 44.66524124 1.01323593
v -2.74038339 44.76523972 -0.00000005
v -2.64771342 44.66524124 -0.00000005
v -2.53178430 44.76523972 -1.04869926
v -2.44616818 44.66524124 -1.01323593
v -1.93774343 44.76523972 -1.93774343
v -1.87221599 44.66524124 -1.87221599
v -1.01910973 44.50883102 -2.46034884
v -0.00000007 44.50883102 -2.66306210
v -0.00000007 44.50883102 -2.66306210
v 1.01910973 44.50883102 -2.46034884
v 1.88306928 44.50883102 -1.88306928
v 2.46034884 44.50883102 -1.01910973
v 2.66306210 44.50883102 -0.00000005
v 2.46034884 44.50883102 1.01910973
v 1.88306928 44.50883102 1.88306904
v 1.01910973 44.50883102 2.46034884
v -0.00000007 44.50883102 2.66306210
v -1.01910973 44.50883102 2.46034884
v -1.88306928 44.50883102 1.88306904
v -2.46034884 44.50883102 1.01910973
v -2.66306210 44.50883102 -0.00000005
v -2.46034884 44.50883102 -1.01910973
v -1.88306928 44.50883102 -1.88306928
v -1.11686468 44.86523819 -2.69635010
v -0.00000008 44.86523819 -2.91850829
v -0.00000008 44.86523819 -2.91850829
v 1.11686468 44.86523819 -2.69635010
v 2.06369686 44.86523819 -2.06369686
v 2.69635010 44.86523819 -1.11686468
v 2.91850829 44.86523819 -0.00000005
v 2.69635010 44.86523819 1.11686468
v 2.06369686 44.86523819 2.06369662
v 1.11686468 44.86523819 2.69635010
v -0.00000008 44.86523819 2.91850829
v -1.11686468 44.86523819 2.69635010
v -2.06369686 44.86523819 2.06369662
v -2.69635010 44.86523819 1.11686468
v -2.91850829 44.86523819 -0.00000005
v -2.69635010 44.86523819 -1.11686468
v -2.06369686 44.86523819 -2.06369686
v -1.11686468 45.13523865 -2.69635010
v -0.00000008 45.13523865 -2.91850829
v -0.00000008 45.13523865 -2.91850829
v 1.11686468 45.13523865 -2.69635010
v 2.06369686 45.13523865 -2.06369686
v 2.69635010 45.13523865 -1.11686468
v 2.91850829 45.13523865 -0.00000005
v 2.69635010 45.13523865 1.11686468
v 2.06369686 45.13523865 2.06369662
v 1.11686468 45.13523865 2.69635010
v -0.00000008 45.13523865 2.91850829
v -1.11686468 45.13523865 2.69635010
v -2.06369686 45.13523865 2.06369662
v -2.69635010 45.13523865 1.11686468
v -2.91850829 45.13523865 -0.00000005
v -2.69635010 45.13523865 -1.11686468
v -2.06369686 45.13523865 -2.06369686
v -1.06660581 45.25523758 -2.57501459
v -0.00000007 45.25523758 -2.78717542
v -0.00000007 45.25523758 -2.78717542
v 1.06660581 45.25523758 -2.57501459
v 1.97083056 45.25523758 -1.97083056
v 2.57501459 45.25523758 -1.06660581
v 2.78717542 45.25523758 -0.00000005
v 2.57501459 45.25523758 1.06660581
v 1.97083056 45.25523758 1.97083032
v 1.06660581 45.25523758 2.57501459
v -0.00000007 45.25523758 2.78717542
v -1.06660581 45.25523758 2.57501459
v -1.97083056 45.25523758 1.97083032
v -2.57501459 45.25523758 1.06660581
v -2.78717542 45.25523758 -0.00000005
v -2.57501459 45.25523758 -1.06660581
v -1.97083056 45.25523758 -1.97083056
v -0.97061127 45.42523956 -2.34326339
v -0.00000007 45.42523956 -2.53632975
v -0.00000007 45.42523956 -2.53632975
v 0.97061127 45.42523956 -2.34326339
v 1.79345584 45.42523956 -1.79345584
v 2.34326339 45.42523956 -0.97061127
v 2.53632975 45.42523956 -0.00000004
v 2.34326339 45.42523956 0.97061127
v 1.79345584 45.42523956 1.79345572
v 0.97061127 45.42523956 2.34326339
v -0.00000007 45.42523956 2.53632975
v -0.97061127 45.42523956 2.34326339
v -1.79345584 45.42523956 1.79345572
v -2.34326339 45.42523956 0.97061127
v -2.53632975 45.42523956 -0.00000004
v -2.34326339 45.42523956 -0.97061127
v -1.79345584 45.42523956 -1.79345584
v -0.97061127 45.50524139 -2.34326339
v -0.00000007 45.50524139 -2.53632975
v -0.00000007 45.50524139 -2.53632975
v 0.97061127 45.50524139 -2.34326339
v 1.79345584 45.50524139 -1.79345584
v 2.34326339 45.50524139 -0.97061127
v 2.53632975 45.50524139 -0.00000004
v 2.34326339 45.50524139 0.97061127
v 1.79345584 45.50524139 1.79345572
v 0.97061127 45.50524139 2.34326339
v -0.00000007 45.50524139 2.53632975
v -0.97061127 45.50524139 2.34326339
v -1.79345584 45.50524139 1.79345572
v -2.34326339 45.50524139 0.97061127
v -2.53632975 45.50524139 -0.00000004
v -2.34326339 45.50524139 -0.97061127
v -1.79345584 45.50524139 -1.79345584
v -0.97061127 45.86524200 -2.34326339
v -0.00000007 45.86524200 -2.53632975
v -0.00000007 45.86524200 -2.53632975
v 0.97061127 45.86524200 -2.34326339
v 1.79345584 45.86524200 -1.79345584
v 2.34326339 45.86524200 -0.97061127
v 2.53632975 45.86524200 -0.00000004
v 2.34326339 45.86524200 0.97061127
v 1.79345584 45.86524200 1.79345572
v 0.97061127 45.86524200 2.34326339
v -0.00000007 45.86524200 2.53632975
v -0.97061127 45.86524200 2.34326339
v -1.79345584 45.86524200 1.79345572
v -2.34326339 45.86524200 0.97061127
v -2.53632975 45.86524200 -0.00000004
v -2.34326339 45.86524200 -0.97061127
v -1.79345584 45.86524200 -1.79345584
v -1.00458264 45.90524292 -2.42527747
v -0.00000007 45.90524292 -2.62510133
v -0.00000007 45.90524292 -2.62510133
v 1.00458264 45.90524292 -2.42527747
v 1.85622680 45.90524292 -1.85622680
v 2.42527747 45.90524292 -1.00458264
v 2.62510133 45.90524292 -0.00000005
v 2.42527747 45.90524292 1.00458264
v 1.85622680 45.90524292 1.85622668
v 1.00458264 45.90524292 2.42527747
v -0.00000007 45.90524292 2.62510133
v -1.00458264 45.90524292 2.42527747
v -1.85622680 45.90524292 1.85622668
v -2.42527747 45.90524292 1.00458264
v -2.62510133 45.90524292 -0.00000005
v -2.42527747 45.90524292 -1.00458264
v -1.85622680 45.90524292 -1.85622680
v -1.05481172 46.02524185 -2.54654121
v -0.00000007 46.02524185 -2.75635624
v -0.00000007 46.02524185 -2.75635624
v 1.05481172 46.02524185 -2.54654121
v 1.94903815 46.02524185 -1.94903815
v 2.54654121 46.02524185 -1.05481172
v 2.75635624 46.02524185 -0.00000005
v 2.54654121 46.02524185 1.05481172
v 1.94903815 46.02524185 1.94903803
v 1.05481172 46.02524185 2.54654121
v -0.00000007 46.02524185 2.75635624
v -1.05481172 46.02524185 2.54654121
v -1.94903815 46.02524185 1.94903803
v -2.54654121 46.02524185 1.05481172
v -2.75635624 46.02524185 -0.00000005
v -2.54654121 46.02524185 -1.05481172
v -1.94903815 46.02524185 -1.94903815
v -1.05481172 46.19524002 -2.54654121
v -0.00000007 46.19524002 -2.75635624
v -0.00000007 46.19524002 -2.75635624
v 1.05481172 46.19524002 -2.54654121
v 1.94903815 46.19524002 -1.94903815
v 2.54654121 46.19524002 -1.05481172
v 2.75635624 46.19524002 -0.00000005
v 2.54654121 46.19524002 1.05481172
v 1.94903815 46.19524002 1.94903803
v 1.05481172 46.19524002 2.54654121
v -0.00000007 46.19524002 2.75635624
v -1.05481172 46.19524002 2.54654121
v -1.94903815 46.19524002 1.94903803
v -2.54654121 46.19524002 1.05481172
v -2.75635624 46.19524002 -0.00000005
v -2.54654121 46.19524002 -1.05481172
v -1.94903815 46.19524002 -1.94903815
v -1.05481172 46.81524277 -2.54654121
v -1.03835678 47.11524200 -2.50681520
v -0.00000007 47.11524200 -2.71335721
v -0.00000007 46.81524277 -2.75635624
v -0.00000007 46.81524277 -2.75635624
v -0.00000007 47.11524200 -2.71335721
v 1.03835678 47.11524200 -2.50681520
v 1.05481172 46.81524277 -2.54654121
v 1.91863310 47.11524200 -1.91863310
v 1.94903815 46.81524277 -1.94903815
v 2.50681520 47.11524200 -1.03835678
v 2.54654121 46.81524277 -1.05481172
v 2.71335721 47.11524200 -0.00000005
v 2.75635624 46.81524277 -0.00000005
v 2.50681520 47.11524200 1.03835678
v 2.54654121 46.81524277 1.05481172
v 1.91863310 47.11524200 1.91863310
v 1.94903815 46.81524277 1.94903803
v 1.03835678 47.11524200 2.50681520
v 1.05481172 46.81524277 2.54654121
v -0.00000007 47.11524200 2.71335721
v -0.00000007 46.81524277 2.75635624
v -1.03835678 47.11524200 2.50681520
v -1.05481172 46.81524277 2.54654121
v -1.91863310 47.11524200 1.91863310
v -1.94903815 46.81524277 1.94903803
v -2.50681520 47.11524200 1.03835678
v -2.54654121 46.81524277 1.05481172
v -2.71335721 47.11524200 -0.00000005
v -2.75635624 46.81524277 -0.00000005
v -2.50681520 47.11524200 -1.03835678
v -2.54654121 46.81524277 -1.05481172
v -1.91863310 47.11524200 -1.91863310
v -1.94903815 46.81524277 -1.94903815
v -0.87221974 47.23524475 -2.10572481
v -0.00000006 47.23524475 -2.27921987
v -0.00000006 47.23524475 -2.27921987
v 0.87221974 47.23524475 -2.10572481
v 1.61165190 47.23524475 -1.61165190
v 2.10572481 47.23524475 -0.87221974
v 2.27921987 47.23524475 -0.00000004
v 2.10572481 47.23524475 0.87221974
v 1.61165190 47.23524475 1.61165190
v 0.87221974 47.23524475 2.10572481
v -0.00000006 47.23524475 2.27921987
v -0.87221974 47.23524475 2.10572481
v -1.61165190 47.23524475 1.61165190
v -2.10572481 47.23524475 0.87221974
v -2.27921987 47.23524475 -0.00000004
v -2.10572481 47.23524475 -0.87221974
v -1.61165190 47.23524475 -1.61165190
v -0.00000011 0.68011296 0.00000000
v 3.05148125 0.54260975 -0.00000008
v 2.80818892 0.43975887 1.16319001
v 2.15772295 0.54260975 2.15772271
v 1.16318989 0.43975887 2.80818892
v -0.00000012 0.54260975 3.05148125
v -2.15772295 0.54260975 2.15772271
v -2.80818892 0.43975887 1.16319001
v -3.05148125 0.54260975 -0.00000008
v -2.80818892 0.43975887 -1.16319025
v -2.15772295 0.54260975 -2.15772295
v -1.16319025 0.43975887 -2.80818892
v -0.00000012 0.54260975 -3.05148125
v 1.16319001 0.43975887 -2.80818892
v 2.15772295 0.54260975 -2.15772295
v 2.80818892 0.43975887 -1.16319025
v -1.16319013 0.43975887 2.80818892
v -1.87745893 0.11975890 -4.53258514
v -2.01444077 0.11975890 -4.86328888
v -0.00000014 0.11975890 -5.26398706
v -0.00000013 0.11975890 -4.90603590
v -0.00000011 0.19975892 -4.36910963
v -1.67198586 0.19975892 -4.03652954
v -3.46909118 0.11975890 -3.46909118
v -3.72220087 0.11975890 -3.72220087
v -3.08942676 0.19975892 -3.08942676
v -4.90603590 0.11975890 -0.00000009
v -5.26398706 0.11975890 -0.00000009
v -4.86328888 0.11975890 -2.01444077
v -4.53258514 0.11975890 -1.87745893
v -4.03652954 0.19975892 -1.67198586
v -4.36910963 0.19975892 -0.00000008
v -3.46909118 0.11975890 3.46909094
v -3.72220087 0.11975890 3.72220063
v -4.86328888 0.11975890 2.01444077
v -4.53258514 0.11975890 1.87745881
v -4.03652954 0.19975892 1.67198575
v -3.08942676 0.19975892 3.08942652
v -0.00000013 0.11975890 4.90603590
v -0.00000014 0.11975890 5.26398706
v -2.01444077 0.11975890 4.86328888
v -1.87745893 0.11975890 4.53258514
v -1.67198586 0.19975892 4.03652954
v -0.00000011 0.19975892 4.36910963
v 4.53258514 0.11975890 1.87745881
v 4.86328888 0.11975890 2.01444077
v 3.72220087 0.11975890 3.72220063
v 3.46909118 0.11975890 3.46909094
v 3.08942676 0.19975892 3.08942652
v 4.03652954 0.19975892 1.67198575
v 4.53258514 0.11975890 -1.87745893
v 4.86328888 0.11975890 -2.01444077
v 5.26398706 0.11975890 -0.00000009
v 4.90603590 0.11975890 -0.00000009
v 4.36910963 0.19975892 -0.00000008
v 4.03652954 0.19975892 -1.67198586
v 1.87745857 0.11975890 -4.53258514
v 2.01444054 0.11975890 -4.86328888
v 3.72220087 0.11975890 -3.72220087
v 3.46909118 0.11975890 -3.46909118
v 3.08942676 0.19975892 -3.08942676
v 1.67198551 0.19975892 -4.03652954
v 1.87745857 0.11975890 4.53258514
v 2.01444054 0.11975890 4.86328888
v 1.67198551 0.19975892 4.03652954
v 3.03974247 35.08699417 1.84414649
v 3.03421950 33.42611313 2.17011571
v -3.03974247 35.08699417 1.84414649
v -3.03421950 33.42611313 2.17011571
v 2.60536242 31.76523972 2.88036203
v -2.60536242 31.76523972 2.88036203
v 1.48461211 29.96622849 3.97044539
v -1.48461211 29.96622849 3.97044539
v -0.00000012 29.48603630 4.46114016
v -0.00000012 29.58588982 4.43290997
v 2.68810821 33.42611313 2.53715658
v -2.68810821 33.42611313 2.53715658
v -2.19040394 31.76523972 2.96303725
v -1.52366304 31.76523972 3.48046017
v 1.52366304 31.76523972 3.48046017
v 2.19040394 31.76523972 2.96303725
v -0.00000010 31.76523972 3.78301072
v -1.29477477 30.37113571 3.75522494
v -1.14134300 30.92296219 3.59170842
v 1.29477477 30.37113571 3.75522494
v 1.14134288 30.92296219 3.59170842
v -0.00000011 30.74770546 3.88425398
v -0.00000011 30.01086998 4.06321526
v 2.45805216 31.76523972 2.94417906
v 2.91135001 33.42611313 2.32560277
v -2.91135001 33.42611313 2.32560277
v -2.45805216 31.76523972 2.94417906
v 1.41721988 30.10997200 3.93656635
v -1.41721988 30.10997200 3.93656635
v -0.00000011 29.73675728 4.34426832
vt 0.37955412 0.19302219
vt 0.39480475 0.19302219
vt 0.39480475 0.08919281
vt -0.05919619 0.19302219
vt -0.07444688 0.08919281
vt -0.07444688 0.19302219
vt -0.46548977 1.37193730
vt -0.46548977 1.42930466
vt -0.38728121 1.42930466
vt -0.38728121 1.37193730
vt -0.30907258 1.42930466
vt -0.30907258 1.37193730
vt -0.23086409 1.42930466
vt -0.23086406 1.37193730
vt -0.15265545 1.42930466
vt -0.15265545 1.37193730
vt -0.07444688 1.42930466
vt -0.07444688 1.37193730
vt 0.00376176 1.42930466
vt 0.00376176 1.37193730
vt 0.08197029 1.42930466
vt 0.08197029 1.37193730
vt 0.16017891 1.42930466
vt 0.16017891 1.37193730
vt 0.23838748 1.42930466
vt 0.23838748 1.37193730
vt 0.31659615 1.42930466
vt 0.31659615 1.37193730
vt 0.39480475 1.42930466
vt 0.39480475 1.37193730
vt 0.47301319 1.42930466
vt 0.47301319 1.37193730
vt 0.55122185 1.42930466
vt 0.55122185 1.37193730
vt 0.62943047 1.42930466
vt 0.62943047 1.37193730
vt 0.70763904 1.42930466
vt 0.70763904 1.37193730
vt 0.78584766 1.42930466
vt 0.78584766 1.37193730
vt -0.46548977 1.46542478
vt -0.38728121 1.46542478
vt -0.30907258 1.46542478
vt -0.23086406 1.46542478
vt -0.15265545 1.46542478
vt -0.07444688 1.46542478
vt 0.00376176 1.46542478
vt 0.08197029 1.46542478
vt 0.16017891 1.46542478
vt 0.23838748 1.46542478
vt 0.31659615 1.46542478
vt 0.39480475 1.46542478
vt 0.47301319 1.46542478
vt 0.55122185 1.46542478
vt 0.62943047 1.46542478
vt 0.70763904 1.46542478
vt 0.78584766 1.46542478
vt -0.46548977 1.49092135
vt -0.38728121 1.49092135
vt -0.30907258 1.49092135
vt -0.23086409 1.49092135
vt -0.15265545 1.49092135
vt -0.07444688 1.49092135
vt 0.00376176 1.49092135
vt 0.08197029 1.49092135
vt 0.16017891 1.49092135
vt 0.23838748 1.49092135
vt 0.31659615 1.49092135
vt 0.39480475 1.49092135
vt 0.47301319 1.49092135
vt 0.55122185 1.49092135
vt 0.62943047 1.49092135
vt 0.70763904 1.49092135
vt 0.78584766 1.49092135
vt -0.46548977 1.50287294
vt -0.38728121 1.50287294
vt -0.30907258 1.50287294
vt -0.23086409 1.50287294
vt -0.15265545 1.50287294
vt -0.07444688 1.50287294
vt 0.00376176 1.50287294
vt 0.08197029 1.50287294
vt 0.16017891 1.50287294
vt 0.23838748 1.50287294
vt 0.31659615 1.50287294
vt 0.39480475 1.50287294
vt 0.47301319 1.50287294
vt 0.55122185 1.50287294
vt 0.62943047 1.50287294
vt 0.70763904 1.50287294
vt 0.78584766 1.50287294
vt -0.46548977 1.50579441
vt -0.38728121 1.50579441
vt -0.30907258 1.50579441
vt -0.23086409 1.50579441
vt -0.15265545 1.50579441
vt -0.07444688 1.50579441
vt 0.00376176 1.50579441
vt 0.08197029 1.50579441
vt 0.16017891 1.50579441
vt 0.23838748 1.50579441
vt 0.31659615 1.50579441
vt 0.39480475 1.50579441
vt 0.47301319 1.50579441
vt 0.55122185 1.50579441
vt 0.62943047 1.50579441
vt 0.70763904 1.50579441
vt 0.78584766 1.50579441
vt -0.38728121 0.94299750
vt -0.38728121 0.88028933
vt -0.46548977 0.88028933
vt -0.46548977 0.94299750
vt -0.30907258 0.94299750
vt -0.30907258 0.88028933
vt -0.23086406 0.94299750
vt -0.23086406 0.88028933
vt -0.15265545 0.94299750
vt -0.15265545 0.88028933
vt -0.07444688 0.94299750
vt -0.07444688 0.88028933
vt 0.00376176 0.94299750
vt 0.00376176 0.88028933
vt 0.08197029 0.94299750
vt 0.08197029 0.88028933
vt 0.16017891 0.94299750
vt 0.16017891 0.88028933
vt 0.23838748 0.94299750
vt 0.23838748 0.88028933
vt 0.31659615 0.94299750
vt 0.31659615 0.88028933
vt 0.39480475 0.94299750
vt 0.39480475 0.88028933
vt 0.47301319 0.94299750
vt 0.47301319 0.88028933
vt 0.55122185 0.94299750
vt 0.55122185 0.88028933
vt 0.62943047 0.94299750
vt 0.62943047 0.88028933
vt 0.70763904 0.94299750
vt 0.70763904 0.88028933
vt 0.78584766 0.94299750
vt 0.78584766 0.88028933
vt -0.38728121 0.82091685
vt -0.46548977 0.82091685
vt 0.78584766 0.82091685
vt 0.70763904 0.82091685
vt 0.62943047 0.82091685
vt 0.55122185 0.82091685
vt 0.47301319 0.82091685
vt 0.39480475 0.82091685
vt 0.31659615 0.82091685
vt 0.23838748 0.82091685
vt 0.16017891 0.82091685
vt 0.08197029 0.82091685
vt 0.00376176 0.82091685
vt -0.07444688 0.82091685
vt -0.15265545 0.82091685
vt -0.23086406 0.82091685
vt -0.30907258 0.82091685
vt -0.38728121 0.77394639
vt -0.46548977 0.77394639
vt 0.78584766 0.77394639
vt 0.70763904 0.77394639
vt 0.62943047 0.77394639
vt 0.55122185 0.77394639
vt 0.47301319 0.77394639
vt 0.39480475 0.77394639
vt 0.31659615 0.77394639
vt 0.23838748 0.77394639
vt 0.16017891 0.77394639
vt 0.08197029 0.77394639
vt 0.00376176 0.77394639
vt -0.07444688 0.77394639
vt -0.15265545 0.77394639
vt -0.23086406 0.77394639
vt -0.30907258 0.77394639
vt -0.38728127 0.70130092
vt -0.46548977 0.70130092
vt 0.78584766 0.70130092
vt 0.70763904 0.70130092
vt 0.62943047 0.70130092
vt 0.55122185 0.70130092
vt 0.47301319 0.70130092
vt 0.39480475 0.70130092
vt 0.31659615 0.70130092
vt 0.23838748 0.70130092
vt 0.16017891 0.70130092
vt 0.08197029 0.70130092
vt 0.00376176 0.70130092
vt -0.07444688 0.70130092
vt -0.15265545 0.70130092
vt -0.23086406 0.70130092
vt -0.30907258 0.70130092
vt -0.38728127 0.64199817
vt -0.46548977 0.64199817
vt 0.78584766 0.64199817
vt 0.70763904 0.64199817
vt 0.62943047 0.64199817
vt 0.55122185 0.64199817
vt 0.47301319 0.64199817
vt 0.39480475 0.64199817
vt 0.31659615 0.64199817
vt 0.23838748 0.64199817
vt 0.16017891 0.64199817
vt 0.08197029 0.64199817
vt 0.00376176 0.64199817
vt -0.07444688 0.64199817
vt -0.15265545 0.64199817
vt -0.23086406 0.64199817
vt -0.30907258 0.64199817
vt -0.38728127 0.63079059
vt -0.46548977 0.63079059
vt 0.78584766 0.63079059
vt 0.70763904 0.63079059
vt 0.62943047 0.63079059
vt 0.55122185 0.63079059
vt 0.47301319 0.63079059
vt 0.39480475 0.63079059
vt 0.31659615 0.63079059
vt 0.23838748 0.63079059
vt 0.08197029 0.63079059
vt 0.00376176 0.63079059
vt -0.07444688 0.63079059
vt -0.15265545 0.63079059
vt -0.23086406 0.63079059
vt -0.30907258 0.63079059
vt -0.38728127 0.50451067
vt -0.46548977 0.50451067
vt 0.78584766 0.50451067
vt 0.70763904 0.50451067
vt 0.62943047 0.50451067
vt 0.55122185 0.50451067
vt 0.47301319 0.50451067
vt 0.39480475 0.50451067
vt -0.07444688 0.50451067
vt -0.15265545 0.50451067
vt -0.23086406 0.50451067
vt -0.30907258 0.50451067
vt -0.38728127 0.19302219
vt -0.38728127 0.08919281
vt -0.46548977 0.08919281
vt -0.46548977 0.19302219
vt -0.46548977 0.29685146
vt -0.38728127 0.29685146
vt -0.46548977 0.40068150
vt -0.38728127 0.40068150
vt 0.78584766 0.19302219
vt 0.78584766 0.08919281
vt 0.70763904 0.08919281
vt 0.70763904 0.19302219
vt 0.70763904 0.29685146
vt 0.78584766 0.29685146
vt 0.70763904 0.40068150
vt 0.78584766 0.40068150
vt 0.62943047 0.08919281
vt 0.62943047 0.19302219
vt 0.62943047 0.29685146
vt 0.62943047 0.40068150
vt 0.55122185 0.08919281
vt 0.55122185 0.19302219
vt 0.55122185 0.29685146
vt 0.55122185 0.40068150
vt 0.47301319 0.08919281
vt 0.47301319 0.19302219
vt 0.47301319 0.29685146
vt 0.47301319 0.40068150
vt 0.39480475 0.29685146
vt 0.39480475 0.40068150
vt 0.31659615 0.19302219
vt 0.31659615 0.08919281
vt 0.23838748 0.08919281
vt 0.23838748 0.19302219
vt 0.23838748 0.29685146
vt 0.31659615 0.29685146
vt 0.16017891 0.08919281
vt 0.16017891 0.19302219
vt 0.16017891 0.29685146
vt 0.16017891 0.40068150
vt 0.23838748 0.40068150
vt 0.08197029 0.08919281
vt 0.08197029 0.19302219
vt 0.08197029 0.29685146
vt 0.08197029 0.40068150
vt 0.00376176 0.08919281
vt 0.00376176 0.19302219
vt 0.00376176 0.29685146
vt -0.15265545 0.08919281
vt -0.15265545 0.19302219
vt -0.15265545 0.29685146
vt -0.07444688 0.29685146
vt -0.15265545 0.40068150
vt -0.07444688 0.40068150
vt -0.23086406 0.08919281
vt -0.23086406 0.19302219
vt -0.23086406 0.29685146
vt -0.23086406 0.40068150
vt -0.30907258 0.08919281
vt -0.30907258 0.19302219
vt -0.30907258 0.29685146
vt -0.30907258 0.40068150
vt -0.46548977 -0.20415080
vt -0.46548977 -0.10636914
vt -0.38728127 -0.10636914
vt -0.38728127 -0.20415080
vt -0.46548977 -0.00858819
vt -0.38728127 -0.00858819
vt 0.70763904 -0.20415080
vt 0.70763904 -0.10636914
vt 0.78584766 -0.10636914
vt 0.78584766 -0.20415080
vt 0.70763904 -0.00858819
vt 0.78584766 -0.00858819
vt 0.62943047 -0.20415080
vt 0.62943047 -0.10636914
vt 0.62943047 -0.00858819
vt 0.55122185 -0.20415080
vt 0.55122185 -0.10636914
vt 0.55122185 -0.00858819
vt 0.47301319 -0.20415080
vt 0.47301319 -0.10636914
vt 0.47301319 -0.00858819
vt 0.39480475 -0.20415080
vt 0.39480475 -0.10636914
vt 0.39480475 -0.00858819
vt 0.31659615 -0.20415080
vt 0.31659615 -0.10636914
vt 0.31659615 -0.00858819
vt 0.23838748 -0.20415080
vt 0.23838748 -0.10636914
vt 0.23838748 -0.00858819
vt 0.16017891 -0.20415080
vt 0.16017891 -0.10636914
vt 0.16017891 -0.00858819
vt 0.08197029 -0.20415080
vt 0.08197029 -0.10636914
vt 0.08197029 -0.00858819
vt 0.00376176 -0.20415080
vt 0.00376176 -0.10636914
vt 0.00376176 -0.00858819
vt -0.07444688 -0.20415080
vt -0.07444688 -0.10636914
vt -0.07444688 -0.00858819
vt -0.15265545 -0.20415080
vt -0.15265545 -0.10636914
vt -0.15265545 -0.00858819
vt -0.23086406 -0.20415080
vt -0.23086406 -0.10636914
vt -0.23086406 -0.00858819
vt -0.30907258 -0.20415080
vt -0.30907258 -0.10636914
vt -0.30907258 -0.00858819
vt -0.46548977 1.21258147
vt -0.46548977 1.26649827
vt -0.38728121 1.26649827
vt -0.38728121 1.21258147
vt -0.38728121 1.15866467
vt -0.46548977 1.15866467
vt -0.38728121 1.10474784
vt -0.46548977 1.10474784
vt -0.38728121 1.05083113
vt -0.46548977 1.05083113
vt -0.38728121 0.99691424
vt -0.46548977 0.99691424
vt -0.30907258 1.26649827
vt -0.30907258 1.21258147
vt -0.30907258 1.15866467
vt -0.30907258 1.10474784
vt -0.30907258 1.05083113
vt -0.30907258 0.99691424
vt -0.23086406 1.26649827
vt -0.23086406 1.21258147
vt -0.23086406 1.15866467
vt -0.23086406 1.10474784
vt -0.23086406 1.05083113
vt -0.23086406 0.99691424
vt -0.15265545 1.26649827
vt -0.15265545 1.21258147
vt -0.15265545 1.15866467
vt -0.15265545 1.10474784
vt -0.15265545 1.05083113
vt -0.15265545 0.99691424
vt -0.07444688 1.26649827
vt -0.07444688 1.21258147
vt -0.07444688 1.15866467
vt -0.07444688 1.10474784
vt -0.07444688 1.05083113
vt -0.07444688 0.99691424
vt 0.00376176 1.26649827
vt 0.00376176 1.21258147
vt 0.00376176 1.15866467
vt 0.00376176 1.10474784
vt 0.00376176 1.05083113
vt 0.00376176 0.99691424
vt 0.08197029 1.26649827
vt 0.08197029 1.21258147
vt 0.08197029 1.15866467
vt 0.08197029 1.10474784
vt 0.08197029 1.05083113
vt 0.08197029 0.99691424
vt 0.16017891 1.26649827
vt 0.16017891 1.21258147
vt 0.16017891 1.15866467
vt 0.16017891 1.10474784
vt 0.16017891 1.05083113
vt 0.16017891 0.99691424
vt 0.23838748 1.26649827
vt 0.23838748 1.21258147
vt 0.23838748 1.15866467
vt 0.23838748 1.10474784
vt 0.23838748 1.05083113
vt 0.23838748 0.99691424
vt 0.31659615 1.26649827
vt 0.31659615 1.21258147
vt 0.31659615 1.15866467
vt 0.31659615 1.10474784
vt 0.31659615 1.05083113
vt 0.31659615 0.99691424
vt 0.39480475 1.26649827
vt 0.39480475 1.21258147
vt 0.39480475 1.15866467
vt 0.39480475 1.10474784
vt 0.39480475 1.05083113
vt 0.39480475 0.99691424
vt 0.47301319 1.26649827
vt 0.47301319 1.21258147
vt 0.47301319 1.15866467
vt 0.47301319 1.10474784
vt 0.47301319 1.05083113
vt 0.47301319 0.99691424
vt 0.55122185 1.26649827
vt 0.55122185 1.21258147
vt 0.55122185 1.15866467
vt 0.55122185 1.10474784
vt 0.55122185 1.05083113
vt 0.55122185 0.99691424
vt 0.62943047 1.26649827
vt 0.62943047 1.21258147
vt 0.62943047 1.15866467
vt 0.62943047 1.10474784
vt 0.62943047 1.05083113
vt 0.62943047 0.99691424
vt 0.70763904 1.26649827
vt 0.70763904 1.21258147
vt 0.70763904 1.15866467
vt 0.70763904 1.10474784
vt 0.70763904 1.05083113
vt 0.70763904 0.99691424
vt 0.78584766 1.26649827
vt 0.78584766 1.21258147
vt 0.78584766 1.15866467
vt 0.78584766 1.10474784
vt 0.78584766 1.05083113
vt 0.78584766 0.99691424
vt -0.38728121 1.31921798
vt -0.46548977 1.31921798
vt 0.78584766 1.31921798
vt 0.70763904 1.31921798
vt 0.62943047 1.31921798
vt 0.55122185 1.31921798
vt 0.47301319 1.31921798
vt 0.39480475 1.31921798
vt 0.31659615 1.31921798
vt 0.23838748 1.31921798
vt 0.16017891 1.31921798
vt 0.08197029 1.31921798
vt 0.00376176 1.31921798
vt -0.07444688 1.31921798
vt -0.15265545 1.31921798
vt -0.23086406 1.31921798
vt -0.30907258 1.31921798
vt -0.38728127 -0.30193162
vt -0.38728127 -0.30818295
vt -0.46548977 -0.30818295
vt -0.46548977 -0.30193162
vt 0.78584766 -0.30193162
vt 0.78584766 -0.30818295
vt 0.70763904 -0.30818295
vt 0.70763904 -0.30193162
vt 0.62943047 -0.30818295
vt 0.62943047 -0.30193162
vt 0.55122185 -0.30818295
vt 0.55122185 -0.30193162
vt 0.47301319 -0.30818295
vt 0.47301319 -0.30193162
vt 0.39480475 -0.30818295
vt 0.39480475 -0.30193162
vt 0.31659615 -0.30818295
vt 0.31659615 -0.30193162
vt 0.23838748 -0.30818295
vt 0.23838748 -0.30193162
vt 0.16017891 -0.30818295
vt 0.16017891 -0.30193162
vt 0.08197029 -0.30818295
vt 0.08197029 -0.30193162
vt 0.00376176 -0.30818295
vt 0.00376176 -0.30193162
vt -0.07444688 -0.30818295
vt -0.07444688 -0.30193162
vt -0.15265545 -0.30818295
vt -0.15265545 -0.30193162
vt -0.23086406 -0.30818295
vt -0.23086406 -0.30193162
vt -0.30907258 -0.30818295
vt -0.30907258 -0.30193162
vt -0.38728127 -0.29215360
vt -0.46548977 -0.29215360
vt 0.78584766 -0.29215360
vt 0.70763904 -0.29215360
vt 0.62943047 -0.29215360
vt 0.55122185 -0.29215360
vt 0.47301319 -0.29215360
vt 0.39480475 -0.29215360
vt 0.31659615 -0.29215360
vt 0.23838748 -0.29215360
vt 0.16017891 -0.29215360
vt 0.08197029 -0.29215360
vt 0.00376176 -0.29215360
vt -0.07444688 -0.29215360
vt -0.15265545 -0.29215360
vt -0.23086406 -0.29215360
vt -0.30907258 -0.29215360
vt -0.38728127 -0.31443465
vt -0.46548977 -0.31443465
vt 0.78584766 -0.31443465
vt 0.70763904 -0.31443465
vt 0.62943047 -0.31443465
vt 0.55122185 -0.31443465
vt 0.47301319 -0.31443465
vt 0.39480475 -0.31443465
vt 0.31659615 -0.31443465
vt 0.23838748 -0.31443465
vt 0.16017891 -0.31443465
vt 0.08197029 -0.31443465
vt 0.00376176 -0.31443465
vt -0.07444688 -0.31443465
vt -0.15265545 -0.31443465
vt -0.23086406 -0.31443465
vt -0.30907258 -0.31443465
vt -0.38728127 -0.33131373
vt -0.46548977 -0.33131373
vt 0.78584766 -0.33131373
vt 0.70763904 -0.33131373
vt 0.62943047 -0.33131373
vt 0.55122185 -0.33131373
vt 0.47301319 -0.33131373
vt 0.39480475 -0.33131373
vt 0.31659615 -0.33131373
vt 0.23838748 -0.33131373
vt 0.16017891 -0.33131373
vt 0.08197029 -0.33131373
vt 0.00376176 -0.33131373
vt -0.07444688 -0.33131373
vt -0.15265545 -0.33131373
vt -0.23086406 -0.33131373
vt -0.30907258 -0.33131373
vt -0.38728127 -0.33881521
vt -0.46548977 -0.33881521
vt 0.78584766 -0.33881521
vt 0.70763904 -0.33881521
vt 0.62943047 -0.33881521
vt 0.55122185 -0.33881521
vt 0.47301319 -0.33881521
vt 0.39480475 -0.33881521
vt 0.31659615 -0.33881521
vt 0.23838748 -0.33881521
vt 0.16017891 -0.33881521
vt 0.08197029 -0.33881521
vt 0.00376176 -0.33881521
vt -0.07444688 -0.33881521
vt -0.15265545 -0.33881521
vt -0.23086406 -0.33881521
vt -0.30907258 -0.33881521
vt -0.38728127 -0.34944284
vt -0.46548977 -0.34944284
vt 0.78584766 -0.34944284
vt 0.70763904 -0.34944284
vt 0.62943047 -0.34944284
vt 0.55122185 -0.34944284
vt 0.47301319 -0.34944284
vt 0.39480475 -0.34944284
vt 0.31659615 -0.34944284
vt 0.23838748 -0.34944284
vt 0.16017891 -0.34944284
vt 0.08197029 -0.34944284
vt 0.00376176 -0.34944284
vt -0.07444688 -0.34944284
vt -0.15265545 -0.34944284
vt -0.23086406 -0.34944284
vt -0.30907258 -0.34944284
vt -0.38728127 -0.35444438
vt -0.46548977 -0.35444438
vt 0.78584766 -0.35444438
vt 0.70763904 -0.35444438
vt 0.62943047 -0.35444438
vt 0.55122185 -0.35444438
vt 0.47301319 -0.35444438
vt 0.39480475 -0.35444438
vt 0.31659615 -0.35444438
vt 0.23838748 -0.35444438
vt 0.16017891 -0.35444438
vt 0.08197029 -0.35444438
vt 0.00376176 -0.35444438
vt -0.07444688 -0.35444438
vt -0.15265545 -0.35444438
vt -0.23086406 -0.35444438
vt -0.30907258 -0.35444438
vt -0.38728127 -0.37694979
vt -0.46548977 -0.37694979
vt 0.78584766 -0.37694979
vt 0.70763904 -0.37694979
vt 0.62943047 -0.37694979
vt 0.55122185 -0.37694979
vt 0.47301319 -0.37694979
vt 0.39480475 -0.37694979
vt 0.31659615 -0.37694979
vt 0.23838748 -0.37694979
vt 0.16017891 -0.37694979
vt 0.08197029 -0.37694979
vt 0.00376176 -0.37694979
vt -0.07444688 -0.37694979
vt -0.15265545 -0.37694979
vt -0.23086406 -0.37694979
vt -0.30907258 -0.37694979
vt -0.38728127 -0.37945020
vt -0.46548977 -0.37945020
vt 0.78584766 -0.37945020
vt 0.70763904 -0.37945020
vt 0.62943047 -0.37945020
vt 0.55122185 -0.37945020
vt 0.47301319 -0.37945020
vt 0.39480475 -0.37945020
vt 0.31659615 -0.37945020
vt 0.23838748 -0.37945020
vt 0.16017891 -0.37945020
vt 0.08197029 -0.37945020
vt 0.00376176 -0.37945020
vt -0.07444688 -0.37945020
vt -0.15265545 -0.37945020
vt -0.23086406 -0.37945020
vt -0.30907258 -0.37945020
vt -0.38728127 -0.38695240
vt -0.46548977 -0.38695240
vt 0.78584766 -0.38695240
vt 0.70763904 -0.38695240
vt 0.62943047 -0.38695240
vt 0.55122185 -0.38695240
vt 0.47301319 -0.38695240
vt 0.39480475 -0.38695240
vt 0.31659615 -0.38695240
vt 0.23838748 -0.38695240
vt 0.16017891 -0.38695240
vt 0.08197029 -0.38695240
vt 0.00376176 -0.38695240
vt -0.07444688 -0.38695240
vt -0.15265545 -0.38695240
vt -0.23086406 -0.38695240
vt -0.30907258 -0.38695240
vt -0.38728127 -0.39757955
vt -0.46548977 -0.39757955
vt 0.78584766 -0.39757955
vt 0.70763904 -0.39757955
vt 0.62943047 -0.39757955
vt 0.55122185 -0.39757955
vt 0.47301319 -0.39757955
vt 0.39480475 -0.39757955
vt 0.31659615 -0.39757955
vt 0.23838748 -0.39757955
vt 0.16017891 -0.39757955
vt 0.08197029 -0.39757955
vt 0.00376176 -0.39757955
vt -0.07444688 -0.39757955
vt -0.15265545 -0.39757955
vt -0.23086406 -0.39757955
vt -0.30907258 -0.39757955
vt -0.38728127 -0.43633902
vt -0.38728127 -0.45509350
vt -0.46548977 -0.45509350
vt -0.46548977 -0.43633902
vt 0.78584766 -0.43633902
vt 0.78584766 -0.45509350
vt 0.70763904 -0.45509350
vt 0.70763904 -0.43633902
vt 0.62943047 -0.45509350
vt 0.62943047 -0.43633902
vt 0.55122185 -0.45509350
vt 0.55122185 -0.43633902
vt 0.47301319 -0.45509350
vt 0.47301319 -0.43633902
vt 0.39480475 -0.45509350
vt 0.39480475 -0.43633902
vt 0.31659615 -0.45509350
vt 0.31659615 -0.43633902
vt 0.23838748 -0.45509350
vt 0.23838748 -0.43633902
vt 0.16017891 -0.45509350
vt 0.16017891 -0.43633902
vt 0.08197029 -0.45509350
vt 0.08197029 -0.43633902
vt 0.00376176 -0.45509350
vt 0.00376176 -0.43633902
vt -0.07444688 -0.45509350
vt -0.07444688 -0.43633902
vt -0.15265545 -0.45509350
vt -0.15265545 -0.43633902
vt -0.23086406 -0.45509350
vt -0.23086406 -0.43633902
vt -0.30907258 -0.45509350
vt -0.30907258 -0.43633902
vt -0.38728127 -0.46259546
vt -0.46548977 -0.46259546
vt 0.78584766 -0.46259546
vt 0.70763904 -0.46259546
vt 0.62943047 -0.46259546
vt 0.55122185 -0.46259546
vt 0.47301319 -0.46259546
vt 0.39480475 -0.46259546
vt 0.31659615 -0.46259546
vt 0.23838748 -0.46259546
vt 0.16017891 -0.46259546
vt 0.08197029 -0.46259546
vt 0.00376176 -0.46259546
vt -0.07444688 -0.46259546
vt -0.15265545 -0.46259546
vt -0.23086406 -0.46259546
vt -0.30907258 -0.46259546
vt 0.88699967 0.31299984
vt 0.88702297 0.34935474
vt 0.90099132 0.34669936
vt 0.91272241 0.33868945
vt 0.92072129 0.32693517
vt 0.92335296 0.31297654
vt 0.91268945 0.28727746
vt 0.90093535 0.27927732
vt 0.88697642 0.27664512
vt 0.87300813 0.27930057
vt 0.86127698 0.28731042
vt 0.85327816 0.29906470
vt 0.85064650 0.31302315
vt 0.85330117 0.32699066
vt 0.86131001 0.33872211
vt 0.87306404 0.34672230
vt 0.92069823 0.29900891
vt 0.83227819 0.29034036
vt 0.82828635 0.28868711
vt 0.82345861 0.31299925
vt 0.82777965 0.31299901
vt 0.83432943 0.31299776
vt 0.83832711 0.29284650
vt 0.84512275 0.27112448
vt 0.84206659 0.26806945
vt 0.84975582 0.27575475
vt 0.88700020 0.25377327
vt 0.88699979 0.24945062
vt 0.86267203 0.25428820
vt 0.86432624 0.25828046
vt 0.86683208 0.26433045
vt 0.88700169 0.26032501
vt 0.92887771 0.27112502
vt 0.93193340 0.26806939
vt 0.91131705 0.25428367
vt 0.90966284 0.25827587
vt 0.90715551 0.26432520
vt 0.92424655 0.27575743
vt 0.94622022 0.31300074
vt 0.95054138 0.31300026
vt 0.94570929 0.28867680
vt 0.94171733 0.29033011
vt 0.93566769 0.29283482
vt 0.93967026 0.31300199
vt 0.90967309 0.36771953
vt 0.91132736 0.37171173
vt 0.93193287 0.35793048
vt 0.92887670 0.35487545
vt 0.92424363 0.35024518
vt 0.90716732 0.36166960
vt 0.86433619 0.36772400
vt 0.86268181 0.37171614
vt 0.88699979 0.37654942
vt 0.88699937 0.37222677
vt 0.88699776 0.36567503
vt 0.86684364 0.36167455
vt 0.83228207 0.33566898
vt 0.82829016 0.33732229
vt 0.84206557 0.35792971
vt 0.84512138 0.35487425
vt 0.84975266 0.35024202
vt 0.83833164 0.33316457
vt 0.94172138 0.33565962
vt 0.94571322 0.33731282
vt 0.93567246 0.33315349
vt 0.36430332 0.29685146
vt 0.34944370 0.40068150
vt -0.04394551 0.29685146
vt -0.02908584 0.40068150
vt 0.31659615 0.50451067
vt 0.00376176 0.50451067
vt 0.23838748 0.61978844
vt 0.08197029 0.61978844
vt 0.16017891 0.64031526
vt 0.16017891 0.63829955
vt 0.31659615 0.40068150
vt 0.00376176 0.40068150
vt 0.02888629 0.50451067
vt 0.08197029 0.50451067
vt 0.23838748 0.50451067
vt 0.29147154 0.50451067
vt 0.16017891 0.50451067
vt 0.08197029 0.59135023
vt 0.11442693 0.53090924
vt 0.23838748 0.59135023
vt 0.20593090 0.53090924
vt 0.16017891 0.56812191
vt 0.16017891 0.61418477
vt 0.30767694 0.50451067
vt 0.33778283 0.40068150
vt -0.01742495 0.40068150
vt 0.01268098 0.50451067
vt 0.23838748 0.60969308
vt 0.08197029 0.60969308
vt 0.16017891 0.62973872
vn 0.82386363 0.10641710 0.55670851
vn 0.91850328 0.10772476 0.38045648
vn 0.90305644 0.10361970 0.41683570
vn -0.82386363 0.10641710 0.55670851
vn -0.90305644 0.10361970 0.41683570
vn -0.91850328 0.10772476 0.38045648
vn 0.00000000 0.05054318 -0.99872190
vn 0.00000000 0.00823577 -0.99996608
vn -0.38267052 0.00823571 -0.92384815
vn -0.38219440 0.05054326 -0.92269868
vn -0.70708281 0.00823587 -0.70708281
vn -0.70620304 0.05054335 -0.70620304
vn -0.92384827 0.00823571 -0.38267055
vn -0.92269868 0.05054326 -0.38219440
vn -0.99996608 0.00823577 -0.00000000
vn -0.99872190 0.05054318 -0.00000000
vn -0.92384815 0.00823571 0.38267052
vn -0.92269868 0.05054326 0.38219443
vn -0.70708287 0.00823587 0.70708281
vn -0.70620304 0.05054334 0.70620298
vn -0.38267055 0.00823571 0.92384815
vn -0.38219452 0.05054326 0.92269874
vn 0.00000000 0.00823577 0.99996608
vn 0.00000000 0.05054318 0.99872190
vn 0.38267052 0.00823571 0.92384815
vn 0.38219443 0.05054326 0.92269868
vn 0.70708281 0.00823587 0.70708281
vn 0.70620304 0.05054335 0.70620304
vn 0.92384815 0.00823571 0.38267052
vn 0.92269868 0.05054326 0.38219443
vn 0.99996608 0.00823577 -0.00000000
vn 0.99872190 0.05054318 -0.00000000
vn 0.92384827 0.00823571 -0.38267055
vn 0.92269868 0.05054326 -0.38219440
vn 0.70708281 0.00823587 -0.70708287
vn 0.70620298 0.05054334 -0.70620304
vn 0.38267046 0.00823571 -0.92384821
vn 0.38219437 0.05054326 -0.92269868
vn 0.00000000 0.00823577 -0.99996608
vn 0.00000000 0.05054318 -0.99872190
vn 0.00000000 -0.11741884 -0.99308246
vn -0.38003623 -0.11741889 -0.91748857
vn -0.70221537 -0.11741864 -0.70221537
vn -0.91748857 -0.11741889 -0.38003623
vn -0.99308246 -0.11741884 -0.00000000
vn -0.91748857 -0.11741889 0.38003626
vn -0.70221543 -0.11741864 0.70221537
vn -0.38003629 -0.11741889 0.91748852
vn 0.00000000 -0.11741884 0.99308246
vn 0.38003626 -0.11741889 0.91748857
vn 0.70221537 -0.11741864 0.70221537
vn 0.91748857 -0.11741889 0.38003626
vn 0.99308246 -0.11741884 -0.00000000
vn 0.91748857 -0.11741889 -0.38003623
vn 0.70221537 -0.11741864 -0.70221543
vn 0.38003621 -0.11741889 -0.91748857
vn 0.00000000 -0.11741884 -0.99308246
vn 0.00000000 -0.33840442 -0.94100088
vn -0.36010540 -0.33840439 -0.86937135
vn -0.66538805 -0.33840442 -0.66538805
vn -0.86937135 -0.33840439 -0.36010540
vn -0.94100088 -0.33840442 -0.00000000
vn -0.86937135 -0.33840439 0.36010543
vn -0.66538805 -0.33840442 0.66538799
vn -0.36010545 -0.33840439 0.86937135
vn 0.00000000 -0.33840442 0.94100088
vn 0.36010543 -0.33840439 0.86937135
vn 0.66538805 -0.33840442 0.66538805
vn 0.86937135 -0.33840439 0.36010543
vn 0.94100088 -0.33840442 -0.00000000
vn 0.86937135 -0.33840439 -0.36010540
vn 0.66538799 -0.33840442 -0.66538805
vn 0.36010537 -0.33840439 -0.86937135
vn 0.00000000 -0.33840442 -0.94100088
vn 0.00000000 -0.81803626 -0.57516670
vn -0.22010675 -0.81803632 -0.53138465
vn -0.40670413 -0.81803638 -0.40670413
vn -0.53138465 -0.81803632 -0.22010675
vn -0.57516670 -0.81803626 -0.00000000
vn -0.53138465 -0.81803632 0.22010677
vn -0.40670416 -0.81803638 0.40670410
vn -0.22010678 -0.81803632 0.53138465
vn 0.00000000 -0.81803626 0.57516670
vn 0.22010677 -0.81803632 0.53138465
vn 0.40670413 -0.81803638 0.40670413
vn 0.53138465 -0.81803632 0.22010677
vn 0.57516670 -0.81803626 -0.00000000
vn 0.53138465 -0.81803632 -0.22010675
vn 0.40670410 -0.81803638 -0.40670413
vn 0.22010674 -0.81803632 -0.53138465
vn 0.00000000 -0.81803626 -0.57516670
vn 0.00000000 -0.99573404 -0.09227093
vn -0.03531056 -0.99573404 -0.08524720
vn -0.06524538 -0.99573404 -0.06524538
vn -0.08524720 -0.99573404 -0.03531056
vn -0.09227093 -0.99573404 0.00000000
vn -0.08524720 -0.99573404 0.03531056
vn -0.06524538 -0.99573404 0.06524538
vn -0.03531056 -0.99573404 0.08524720
vn 0.00000000 -0.99573404 0.09227093
vn 0.03531056 -0.99573404 0.08524720
vn 0.06524538 -0.99573404 0.06524538
vn 0.08524720 -0.99573404 0.03531056
vn 0.09227093 -0.99573404 0.00000000
vn 0.08524720 -0.99573404 -0.03531056
vn 0.06524538 -0.99573404 -0.06524538
vn 0.03531055 -0.99573404 -0.08524720
vn 0.00000000 -0.99573404 -0.09227093
vn -0.38265115 -0.01301010 -0.92380130
vn -0.38265106 -0.01305491 -0.92380083
vn 0.00000000 -0.01305496 -0.99991488
vn 0.00000000 -0.01301015 -0.99991536
vn -0.70704693 -0.01301007 -0.70704693
vn -0.70704657 -0.01305485 -0.70704657
vn -0.92380130 -0.01301010 -0.38265115
vn -0.92380083 -0.01305491 -0.38265106
vn -0.99991536 -0.01301015 -0.00000000
vn -0.99991488 -0.01305496 -0.00000000
vn -0.92380130 -0.01301010 0.38265118
vn -0.92380083 -0.01305491 0.38265106
vn -0.70704699 -0.01301007 0.70704693
vn -0.70704657 -0.01305485 0.70704651
vn -0.38265121 -0.01301010 0.92380124
vn -0.38265106 -0.01305490 0.92380071
vn 0.00000000 -0.01301015 0.99991536
vn 0.00000000 -0.01305496 0.99991488
vn 0.38265118 -0.01301010 0.92380130
vn 0.38265103 -0.01305490 0.92380071
vn 0.70704693 -0.01301007 0.70704693
vn 0.70704657 -0.01305485 0.70704657
vn 0.92380130 -0.01301010 0.38265118
vn 0.92380083 -0.01305491 0.38265106
vn 0.99991536 -0.01301015 -0.00000000
vn 0.99991488 -0.01305496 -0.00000000
vn 0.92380130 -0.01301010 -0.38265115
vn 0.92380083 -0.01305491 -0.38265106
vn 0.70704693 -0.01301007 -0.70704699
vn 0.70704651 -0.01305485 -0.70704657
vn 0.38265112 -0.01301010 -0.92380130
vn 0.38265097 -0.01305490 -0.92380077
vn 0.00000000 -0.01301015 -0.99991536
vn 0.00000000 -0.01305496 -0.99991488
vn -0.38265571 0.01207541 -0.92381209
vn 0.00000000 0.01207552 -0.99992710
vn 0.00000000 0.01207552 -0.99992710
vn 0.38265574 0.01207538 -0.92381221
vn 0.70705521 0.01207540 -0.70705527
vn 0.92381209 0.01207541 -0.38265571
vn 0.99992710 0.01207552 -0.00000000
vn 0.92381209 0.01207538 0.38265574
vn 0.70705521 0.01207540 0.70705521
vn 0.38265574 0.01207538 0.92381209
vn 0.00000000 0.01207552 0.99992710
vn -0.38265577 0.01207541 0.92381209
vn -0.70705527 0.01207540 0.70705521
vn -0.92381209 0.01207538 0.38265574
vn -0.99992710 0.01207552 -0.00000000
vn -0.92381209 0.01207541 -0.38265571
vn -0.70705521 0.01207540 -0.70705521
vn -0.37492734 0.20031214 -0.90515441
vn -0.00000001 0.20031233 -0.97973210
vn -0.00000001 0.20031233 -0.97973210
vn 0.37492731 0.20031212 -0.90515447
vn 0.69277525 0.20031206 -0.69277525
vn 0.90515441 0.20031214 -0.37492734
vn 0.97973210 0.20031233 -0.00000001
vn 0.90515441 0.20031212 0.37492737
vn 0.69277525 0.20031206 0.69277525
vn 0.37492737 0.20031212 0.90515441
vn -0.00000001 0.20031233 0.97973210
vn -0.37492740 0.20031214 0.90515441
vn -0.69277525 0.20031206 0.69277525
vn -0.90515441 0.20031212 0.37492737
vn -0.97973210 0.20031233 -0.00000001
vn -0.90515441 0.20031214 -0.37492734
vn -0.69277525 0.20031206 -0.69277525
vn -0.32652792 0.52148801 -0.78830814
vn -0.00000000 0.52148807 -0.85325855
vn -0.00000000 0.52148807 -0.85325855
vn 0.32652792 0.52148801 -0.78830820
vn 0.60334492 0.52148801 -0.60334498
vn 0.78830826 0.52148807 -0.32652795
vn 0.85325855 0.52148807 -0.00000001
vn 0.78830826 0.52148807 0.32652798
vn 0.60334498 0.52148801 0.60334498
vn 0.32652798 0.52148801 0.78830814
vn -0.00000000 0.52148807 0.85325855
vn -0.32652798 0.52148801 0.78830814
vn -0.60334498 0.52148801 0.60334492
vn -0.78830826 0.52148807 0.32652798
vn -0.85325855 0.52148807 -0.00000001
vn -0.78830826 0.52148807 -0.32652795
vn -0.60334498 0.52148801 -0.60334498
vn -0.31655574 0.56190765 -0.76423311
vn -0.00000001 0.56190753 -0.82720006
vn -0.00000001 0.56190753 -0.82720006
vn 0.31655577 0.56190765 -0.76423323
vn 0.58491874 0.56190771 -0.58491874
vn 0.76423311 0.56190765 -0.31655574
vn 0.82720006 0.56190753 -0.00000001
vn 0.76423311 0.56190765 0.31655580
vn 0.58491874 0.56190765 0.58491868
vn 0.31655580 0.56190759 0.76423311
vn -0.00000001 0.56190062 0.82720476
vn -0.31655583 0.56190765 0.76423311
vn -0.58491874 0.56190765 0.58491868
vn -0.76423311 0.56190765 0.31655580
vn -0.82720006 0.56190753 -0.00000001
vn -0.76423311 0.56190765 -0.31655574
vn -0.58491874 0.56190771 -0.58491874
vn -0.36292014 0.31720832 -0.87616658
vn -0.00000001 0.31720820 -0.94835591
vn -0.00000001 0.31720820 -0.94835591
vn 0.36292014 0.31720832 -0.87616658
vn 0.67058885 0.31720838 -0.67058885
vn 0.87616658 0.31720832 -0.36292014
vn 0.94835591 0.31720820 -0.00000001
vn 0.87616664 0.31720835 0.36292019
vn 0.66466200 0.34019274 0.66520172
vn 0.35025954 0.42236930 0.83601582
vn -0.35025954 0.42236933 0.83601582
vn -0.66466200 0.34019274 0.66520172
vn -0.87616664 0.31720835 0.36292019
vn -0.94835591 0.31720820 -0.00000001
vn -0.87616658 0.31720832 -0.36292014
vn -0.67058885 0.31720838 -0.67058885
vn -0.37900072 0.13839957 -0.91498852
vn -0.00000001 0.13839960 -0.99037647
vn -0.00000001 0.13839960 -0.99037647
vn 0.37900075 0.13839959 -0.91498864
vn 0.70030195 0.13839960 -0.70030195
vn 0.91498864 0.13839959 -0.37900078
vn 0.99037647 0.13839960 -0.00000001
vn 0.89906448 0.13829269 0.41540152
vn -0.89906448 0.13829269 0.41540152
vn -0.99037647 0.13839960 -0.00000001
vn -0.91498864 0.13839959 -0.37900078
vn -0.70030195 0.13839960 -0.70030195
vn -0.38045657 0.10772476 -0.91850322
vn -0.38066027 0.10269441 -0.91899502
vn -0.00000001 0.10269441 -0.99471295
vn -0.00000001 0.10772483 -0.99418074
vn -0.00000001 0.10772475 -0.99418086
vn -0.38045654 0.10772471 -0.91850322
vn -0.00000001 0.10772475 -0.99418086
vn -0.38045654 0.10772472 -0.91850322
vn -0.00000001 0.10772483 -0.99418074
vn -0.00000001 0.10269441 -0.99471295
vn 0.38066027 0.10269441 -0.91899502
vn 0.38045654 0.10772476 -0.91850322
vn 0.38045654 0.10772471 -0.91850322
vn -0.00000001 0.10772475 -0.99418086
vn 0.38045654 0.10772472 -0.91850322
vn -0.00000001 0.10772475 -0.99418086
vn 0.70336831 0.10269446 -0.70336831
vn 0.70299196 0.10772482 -0.70299196
vn 0.70299196 0.10772473 -0.70299196
vn 0.70299196 0.10772473 -0.70299196
vn 0.91899490 0.10269440 -0.38066021
vn 0.91850322 0.10772476 -0.38045657
vn 0.91850322 0.10772471 -0.38045654
vn 0.91850322 0.10772472 -0.38045654
vn 0.99471295 0.10269441 -0.00000001
vn 0.99418074 0.10772483 -0.00000001
vn 0.99418086 0.10772475 -0.00000001
vn 0.99418086 0.10772475 -0.00000001
vn 0.91850317 0.10772471 0.38045669
vn 0.91850322 0.10772472 0.38045663
vn 0.69074351 0.09799978 0.71642822
vn 0.70365572 0.09851769 0.70367813
vn 0.38125128 0.08588368 0.92047352
vn 0.36931765 0.07822007 0.92600542
vn 0.36426702 0.07696606 0.92810869
vn 0.68058288 0.07920044 0.72837782
vn -0.00000001 0.08435810 0.99643552
vn -0.00000001 0.07581801 0.99712169
vn -0.00000001 0.07467788 0.99720770
vn -0.00000001 0.08063590 0.99674362
vn 0.37562132 0.08265201 0.92308033
vn -0.38125131 0.08588368 0.92047352
vn -0.36931768 0.07822007 0.92600542
vn -0.36426702 0.07696606 0.92810869
vn -0.37562132 0.08265201 0.92308033
vn -0.70365572 0.09851769 0.70367813
vn -0.69074351 0.09799978 0.71642822
vn -0.68058288 0.07920044 0.72837782
vn -0.99471295 0.10269441 -0.00000001
vn -0.99418074 0.10772483 -0.00000001
vn -0.99418086 0.10772475 -0.00000001
vn -0.91850317 0.10772471 0.38045669
vn -0.99418086 0.10772475 -0.00000001
vn -0.91850322 0.10772472 0.38045663
vn -0.91899490 0.10269440 -0.38066021
vn -0.91850322 0.10772476 -0.38045657
vn -0.91850322 0.10772471 -0.38045654
vn -0.91850322 0.10772472 -0.38045654
vn -0.70336831 0.10269446 -0.70336831
vn -0.70299196 0.10772482 -0.70299196
vn -0.70299196 0.10772473 -0.70299196
vn -0.70299196 0.10772473 -0.70299196
vn -0.00000001 0.09766114 -0.99521983
vn -0.00000001 0.09766115 -0.99521983
vn -0.38085425 0.09766109 -0.91946310
vn -0.38085410 0.09766111 -0.91946316
vn -0.00000001 0.09766119 -0.99521983
vn -0.38085419 0.09766119 -0.91946310
vn 0.38085410 0.09766111 -0.91946316
vn 0.38085422 0.09766109 -0.91946310
vn -0.00000001 0.09766115 -0.99521983
vn -0.00000001 0.09766114 -0.99521983
vn 0.38085416 0.09766119 -0.91946310
vn -0.00000001 0.09766119 -0.99521983
vn 0.70372665 0.09766102 -0.70372665
vn 0.70372665 0.09766106 -0.70372665
vn 0.70372659 0.09766123 -0.70372659
vn 0.91946316 0.09766111 -0.38085410
vn 0.91946310 0.09766109 -0.38085422
vn 0.91946310 0.09766119 -0.38085419
vn 0.99521983 0.09766114 -0.00000001
vn 0.99521983 0.09766115 -0.00000001
vn 0.99521983 0.09766119 -0.00000001
vn 0.91946322 0.09766112 0.38085419
vn 0.91946310 0.09766109 0.38085422
vn 0.91946310 0.09766119 0.38085422
vn 0.70372665 0.09766106 0.70372659
vn 0.70372665 0.09766106 0.70372665
vn 0.70372665 0.09766120 0.70372659
vn 0.38085422 0.09766112 0.91946322
vn 0.38085422 0.09766109 0.91946310
vn 0.38085422 0.09766119 0.91946310
vn -0.00000001 0.09766114 0.99521983
vn -0.00000001 0.09766115 0.99521983
vn -0.00000001 0.09766119 0.99521983
vn -0.38085422 0.09766112 0.91946322
vn -0.38085425 0.09766109 0.91946310
vn -0.38085425 0.09766119 0.91946310
vn -0.70372665 0.09766106 0.70372659
vn -0.70372665 0.09766106 0.70372665
vn -0.70372665 0.09766120 0.70372659
vn -0.91946322 0.09766112 0.38085419
vn -0.91946310 0.09766109 0.38085422
vn -0.91946310 0.09766119 0.38085422
vn -0.99521983 0.09766114 -0.00000001
vn -0.99521983 0.09766115 -0.00000001
vn -0.99521983 0.09766119 -0.00000001
vn -0.91946316 0.09766111 -0.38085410
vn -0.91946310 0.09766109 -0.38085422
vn -0.91946310 0.09766119 -0.38085419
vn -0.70372665 0.09766102 -0.70372665
vn -0.70372665 0.09766106 -0.70372665
vn -0.70372659 0.09766123 -0.70372659
vn 0.00000000 0.00749940 -0.99997187
vn 0.00000000 0.01516861 -0.99988496
vn -0.38263953 0.01516856 -0.92377317
vn -0.38267279 0.00749941 -0.92385352
vn -0.38268355 0.00000000 -0.92387950
vn 0.00000000 0.00000000 -1.00000000
vn -0.38268355 0.00000000 -0.92387950
vn 0.00000000 0.00000000 -1.00000000
vn -0.38268355 0.00000000 -0.92387950
vn 0.00000000 0.00000000 -1.00000000
vn -0.38268355 0.00000000 -0.92387950
vn 0.00000000 0.00000000 -1.00000000
vn -0.70702541 0.01516853 -0.70702541
vn -0.70708692 0.00749936 -0.70708692
vn -0.70710683 0.00000000 -0.70710683
vn -0.70710683 0.00000000 -0.70710683
vn -0.70710683 0.00000000 -0.70710683
vn -0.70710683 0.00000000 -0.70710683
vn -0.92377317 0.01516856 -0.38263953
vn -0.92385352 0.00749941 -0.38267279
vn -0.92387950 0.00000000 -0.38268355
vn -0.92387950 0.00000000 -0.38268355
vn -0.92387950 0.00000000 -0.38268355
vn -0.92387950 0.00000000 -0.38268355
vn -0.99988496 0.01516861 -0.00000000
vn -0.99997187 0.00749940 -0.00000000
vn -1.00000000 0.00000000 -0.00000000
vn -1.00000000 0.00000000 -0.00000000
vn -1.00000000 0.00000000 -0.00000000
vn -1.00000000 0.00000000 -0.00000000
vn -0.92377317 0.01516856 0.38263956
vn -0.92385352 0.00749941 0.38267279
vn -0.92387950 0.00000000 0.38268355
vn -0.92387950 0.00000000 0.38268355
vn -0.92387950 0.00000000 0.38268355
vn -0.92387950 0.00000000 0.38268355
vn -0.70702547 0.01516853 0.70702541
vn -0.70708692 0.00749936 0.70708686
vn -0.70710683 0.00000000 0.70710677
vn -0.70710683 0.00000000 0.70710677
vn -0.70710683 0.00000000 0.70710677
vn -0.70710683 0.00000000 0.70710677
vn -0.38263959 0.01516856 0.92377317
vn -0.38267291 0.00749941 0.92385358
vn -0.38268360 0.00000000 0.92387944
vn -0.38268360 0.00000000 0.92387944
vn -0.38268360 0.00000000 0.92387944
vn -0.38268360 0.00000000 0.92387944
vn 0.00000000 0.01516861 0.99988496
vn 0.00000000 0.00749940 0.99997187
vn 0.00000000 0.00000000 1.00000000
vn 0.00000000 0.00000000 1.00000000
vn 0.00000000 0.00000000 1.00000000
vn 0.00000000 0.00000000 1.00000000
vn 0.38263956 0.01516856 0.92377317
vn 0.38267282 0.00749941 0.92385352
vn 0.38268358 0.00000000 0.92387950
vn 0.38268358 0.00000000 0.92387950
vn 0.38268358 0.00000000 0.92387950
vn 0.38268358 0.00000000 0.92387950
vn 0.70702541 0.01516853 0.70702541
vn 0.70708692 0.00749936 0.70708692
vn 0.70710683 0.00000000 0.70710683
vn 0.70710683 0.00000000 0.70710683
vn 0.70710683 0.00000000 0.70710683
vn 0.70710683 0.00000000 0.70710683
vn 0.92377317 0.01516856 0.38263956
vn 0.92385352 0.00749941 0.38267279
vn 0.92387950 0.00000000 0.38268355
vn 0.92387950 0.00000000 0.38268355
vn 0.92387950 0.00000000 0.38268355
vn 0.92387950 0.00000000 0.38268355
vn 0.99988496 0.01516861 -0.00000000
vn 0.99997187 0.00749940 -0.00000000
vn 1.00000000 0.00000000 -0.00000000
vn 1.00000000 0.00000000 -0.00000000
vn 1.00000000 0.00000000 -0.00000000
vn 1.00000000 0.00000000 -0.00000000
vn 0.92377317 0.01516856 -0.38263953
vn 0.92385352 0.00749941 -0.38267279
vn 0.92387950 0.00000000 -0.38268355
vn 0.92387950 0.00000000 -0.38268355
vn 0.92387950 0.00000000 -0.38268355
vn 0.92387950 0.00000000 -0.38268355
vn 0.70702541 0.01516853 -0.70702547
vn 0.70708686 0.00749936 -0.70708692
vn 0.70710677 0.00000000 -0.70710683
vn 0.70710677 0.00000000 -0.70710683
vn 0.70710677 0.00000000 -0.70710683
vn 0.70710677 0.00000000 -0.70710683
vn 0.38263950 0.01516856 -0.92377323
vn 0.38267273 0.00749941 -0.92385352
vn 0.38268352 0.00000000 -0.92387950
vn 0.38268352 0.00000000 -0.92387950
vn 0.38268352 0.00000000 -0.92387950
vn 0.38268352 0.00000000 -0.92387950
vn 0.00000000 0.01516861 -0.99988496
vn 0.00000000 0.00749940 -0.99997187
vn 0.00000000 0.00000000 -1.00000000
vn 0.00000000 0.00000000 -1.00000000
vn 0.00000000 0.00000000 -1.00000000
vn 0.00000000 0.00000000 -1.00000000
vn -0.38263857 0.01533884 -0.92377079
vn 0.00000000 0.01533889 -0.99988246
vn 0.00000000 0.01533889 -0.99988246
vn 0.38263854 0.01533884 -0.92377079
vn 0.70702356 0.01533893 -0.70702362
vn 0.92377079 0.01533884 -0.38263857
vn 0.99988246 0.01533889 -0.00000000
vn 0.92377079 0.01533884 0.38263860
vn 0.70702362 0.01533893 0.70702362
vn 0.38263860 0.01533884 0.92377079
vn 0.00000000 0.01533889 0.99988246
vn -0.38263863 0.01533884 0.92377073
vn -0.70702362 0.01533893 0.70702356
vn -0.92377079 0.01533884 0.38263860
vn -0.99988246 0.01533889 -0.00000000
vn -0.92377079 0.01533884 -0.38263857
vn -0.70702362 0.01533893 -0.70702362
vn -0.36243787 -0.32095146 -0.87500226
vn -0.23674838 -0.78566420 -0.57156098
vn -0.00000001 -0.78566420 -0.61865336
vn -0.00000001 -0.32095167 -0.94709569
vn -0.00000001 -0.32095167 -0.94709569
vn -0.00000001 -0.78566420 -0.61865336
vn 0.23674837 -0.78566420 -0.57156098
vn 0.36243784 -0.32095146 -0.87500226
vn 0.43745407 -0.78566396 -0.43745407
vn 0.66969782 -0.32095116 -0.66969782
vn 0.57156098 -0.78566420 -0.23674838
vn 0.87500226 -0.32095146 -0.36243787
vn 0.61865336 -0.78566420 -0.00000001
vn 0.94709569 -0.32095167 -0.00000001
vn 0.57156098 -0.78566420 0.23674840
vn 0.87500226 -0.32095146 0.36243790
vn 0.43745410 -0.78566396 0.43745407
vn 0.66969782 -0.32095116 0.66969782
vn 0.23674841 -0.78566420 0.57156098
vn 0.36243790 -0.32095146 0.87500226
vn -0.00000001 -0.78566420 0.61865336
vn -0.00000001 -0.32095167 0.94709569
vn -0.23674843 -0.78566420 0.57156098
vn -0.36243793 -0.32095146 0.87500221
vn -0.43745410 -0.78566396 0.43745407
vn -0.66969782 -0.32095116 0.66969782
vn -0.57156098 -0.78566420 0.23674840
vn -0.87500226 -0.32095146 0.36243790
vn -0.61865336 -0.78566420 -0.00000001
vn -0.94709569 -0.32095167 -0.00000001
vn -0.57156098 -0.78566420 -0.23674838
vn -0.87500226 -0.32095146 -0.36243787
vn -0.43745407 -0.78566396 -0.43745407
vn -0.66969782 -0.32095116 -0.66969782
vn -0.38085410 0.09766167 -0.91946310
vn -0.00000001 0.09766132 -0.99521971
vn -0.00000001 0.09766132 -0.99521971
vn 0.38085410 0.09766167 -0.91946310
vn 0.70372659 0.09766155 -0.70372659
vn 0.91946310 0.09766167 -0.38085410
vn 0.99521971 0.09766132 -0.00000001
vn 0.91946316 0.09766169 0.38085419
vn 0.70372659 0.09766155 0.70372659
vn 0.38085422 0.09766169 0.91946316
vn -0.00000001 0.09766132 0.99521971
vn -0.38085422 0.09766169 0.91946316
vn -0.70372659 0.09766155 0.70372659
vn -0.91946316 0.09766169 0.38085419
vn -0.99521971 0.09766132 -0.00000001
vn -0.91946310 0.09766167 -0.38085410
vn -0.70372659 0.09766155 -0.70372659
vn -0.32942104 -0.50891215 -0.79529256
vn -0.00000001 -0.50891209 -0.86081851
vn -0.00000001 -0.50891209 -0.86081851
vn 0.32942101 -0.50891215 -0.79529256
vn 0.60869062 -0.50891221 -0.60869062
vn 0.79529256 -0.50891215 -0.32942104
vn 0.86081851 -0.50891209 -0.00000001
vn 0.79529256 -0.50891215 0.32942107
vn 0.60869062 -0.50891215 0.60869056
vn 0.32942107 -0.50891215 0.79529250
vn -0.00000001 -0.50891209 0.86081851
vn -0.32942107 -0.50891215 0.79529250
vn -0.60869062 -0.50891215 0.60869056
vn -0.79529256 -0.50891215 0.32942107
vn -0.86081851 -0.50891209 -0.00000001
vn -0.79529256 -0.50891215 -0.32942104
vn -0.60869062 -0.50891221 -0.60869062
vn -0.34980667 0.40551436 -0.84450781
vn -0.00000001 0.40551445 -0.91408861
vn -0.00000001 0.40551445 -0.91408861
vn 0.34980664 0.40551436 -0.84450781
vn 0.64635837 0.40551421 -0.64635837
vn 0.84450781 0.40551436 -0.34980667
vn 0.91408861 0.40551445 -0.00000001
vn 0.84450787 0.40551442 0.34980673
vn 0.64635837 0.40551421 0.64635831
vn 0.34980670 0.40551436 0.84450775
vn -0.00000001 0.40551445 0.91408861
vn -0.34980673 0.40551436 0.84450775
vn -0.64635837 0.40551421 0.64635831
vn -0.84450787 0.40551442 0.34980673
vn -0.91408861 0.40551445 -0.00000001
vn -0.84450781 0.40551436 -0.34980667
vn -0.64635837 0.40551421 -0.64635837
vn -0.23700264 0.78514045 -0.57217497
vn -0.00000001 0.78514057 -0.61931759
vn -0.00000001 0.78514057 -0.61931759
vn 0.23700263 0.78514045 -0.57217497
vn 0.43792388 0.78514034 -0.43792388
vn 0.57217497 0.78514045 -0.23700264
vn 0.61931759 0.78514057 -0.00000001
vn 0.57217497 0.78514045 0.23700266
vn 0.43792394 0.78514045 0.43792391
vn 0.23700267 0.78514045 0.57217497
vn -0.00000001 0.78514057 0.61931759
vn -0.23700269 0.78514045 0.57217497
vn -0.43792394 0.78514045 0.43792391
vn -0.57217497 0.78514045 0.23700266
vn -0.61931759 0.78514057 -0.00000001
vn -0.57217497 0.78514045 -0.23700264
vn -0.43792388 0.78514034 -0.43792388
vn -0.33745652 0.47159281 -0.81469214
vn -0.00000001 0.47159284 -0.88181645
vn -0.00000001 0.47159284 -0.88181645
vn 0.33745649 0.47159281 -0.81469220
vn 0.62353843 0.47159272 -0.62353843
vn 0.81469214 0.47159281 -0.33745652
vn 0.88181645 0.47159284 -0.00000001
vn 0.81469214 0.47159281 0.33745655
vn 0.62353843 0.47159272 0.62353837
vn 0.33745655 0.47159281 0.81469214
vn -0.00000001 0.47159284 0.88181645
vn -0.33745658 0.47159281 0.81469214
vn -0.62353843 0.47159272 0.62353837
vn -0.81469214 0.47159281 0.33745655
vn -0.88181645 0.47159284 -0.00000001
vn -0.81469214 0.47159281 -0.33745652
vn -0.62353843 0.47159272 -0.62353843
vn -0.38268340 0.00000000 -0.92387956
vn -0.00000001 0.00000000 -1.00000000
vn -0.00000001 0.00000000 -1.00000000
vn 0.38268340 0.00000000 -0.92387956
vn 0.70710683 0.00000000 -0.70710683
vn 0.92387956 0.00000000 -0.38268340
vn 1.00000000 0.00000000 -0.00000001
vn 0.92387962 0.00000000 0.38268349
vn 0.70710683 0.00000000 0.70710677
vn 0.38268346 0.00000000 0.92387950
vn -0.00000001 0.00000000 1.00000000
vn -0.38268349 0.00000000 0.92387950
vn -0.70710683 0.00000000 0.70710677
vn -0.92387962 0.00000000 0.38268349
vn -1.00000000 0.00000000 -0.00000001
vn -0.92387956 0.00000000 -0.38268340
vn -0.70710683 0.00000000 -0.70710683
vn -0.32032791 -0.54711533 -0.77334005
vn -0.00000001 -0.54711562 -0.83705705
vn -0.00000001 -0.54711562 -0.83705705
vn 0.32032791 -0.54711539 -0.77334017
vn 0.59188884 -0.54711550 -0.59188884
vn 0.77334005 -0.54711533 -0.32032791
vn 0.83705705 -0.54711562 -0.00000001
vn 0.77334005 -0.54711533 0.32032794
vn 0.59188884 -0.54711550 0.59188884
vn 0.32032794 -0.54711533 0.77334005
vn -0.00000001 -0.54711562 0.83705705
vn -0.32032797 -0.54711533 0.77334005
vn -0.59188884 -0.54711550 0.59188884
vn -0.77334005 -0.54711533 0.32032794
vn -0.83705705 -0.54711562 -0.00000001
vn -0.77334005 -0.54711533 -0.32032791
vn -0.59188884 -0.54711550 -0.59188884
vn -0.21021378 -0.83561546 -0.50750095
vn -0.00000001 -0.83561558 -0.54931468
vn -0.00000001 -0.83561558 -0.54931468
vn 0.21021378 -0.83561546 -0.50750095
vn 0.38842422 -0.83561552 -0.38842422
vn 0.50750095 -0.83561546 -0.21021378
vn 0.54931468 -0.83561558 -0.00000000
vn 0.50750095 -0.83561546 0.21021381
vn 0.38842422 -0.83561552 0.38842419
vn 0.21021381 -0.83561546 0.50750095
vn -0.00000001 -0.83561558 0.54931468
vn -0.21021380 -0.83561534 0.50750089
vn -0.38842422 -0.83561552 0.38842419
vn -0.50750095 -0.83561546 0.21021381
vn -0.54931468 -0.83561558 -0.00000000
vn -0.50750095 -0.83561546 -0.21021378
vn -0.38842422 -0.83561552 -0.38842422
vn -0.34982985 -0.40537748 -0.84456402
vn -0.00000001 -0.40537748 -0.91414940
vn -0.00000001 -0.40537748 -0.91414940
vn 0.34982982 -0.40537742 -0.84456396
vn 0.64640123 -0.40537751 -0.64640123
vn 0.84456402 -0.40537748 -0.34982985
vn 0.91414940 -0.40537748 -0.00000001
vn 0.84456390 -0.40537742 0.34982988
vn 0.64640123 -0.40537751 0.64640123
vn 0.34982988 -0.40537742 0.84456390
vn -0.00000001 -0.40537748 0.91414940
vn -0.34982991 -0.40537742 0.84456390
vn -0.64640123 -0.40537751 0.64640123
vn -0.84456390 -0.40537742 0.34982988
vn -0.91414940 -0.40537748 -0.00000001
vn -0.84456402 -0.40537748 -0.34982985
vn -0.64640123 -0.40537751 -0.64640123
vn -0.38268349 0.00000000 -0.92387962
vn -0.00000001 0.00000000 -1.00000000
vn -0.00000001 0.00000000 -1.00000000
vn 0.38268343 0.00000000 -0.92387956
vn 0.70710683 0.00000000 -0.70710683
vn 0.92387962 0.00000000 -0.38268349
vn 1.00000000 0.00000000 -0.00000001
vn 0.92387950 0.00000000 0.38268346
vn 0.70710683 0.00000000 0.70710683
vn 0.38268349 0.00000000 0.92387950
vn -0.00000001 0.00000000 1.00000000
vn -0.38268352 0.00000000 0.92387950
vn -0.70710683 0.00000000 0.70710683
vn -0.92387950 0.00000000 0.38268346
vn -1.00000000 0.00000000 -0.00000001
vn -0.92387962 0.00000000 -0.38268349
vn -0.70710683 0.00000000 -0.70710683
vn -0.38171402 0.07113400 -0.92153913
vn -0.28580287 0.66500521 -0.68998903
vn -0.00000001 0.66500533 -0.74683863
vn -0.00000001 0.07113422 -0.99746674
vn -0.00000001 0.07113422 -0.99746674
vn -0.00000001 0.66500533 -0.74683863
vn 0.28580284 0.66500521 -0.68998903
vn 0.38171405 0.07113401 -0.92153925
vn 0.52809459 0.66500545 -0.52809459
vn 0.70531553 0.07113440 -0.70531553
vn 0.68998903 0.66500521 -0.28580284
vn 0.92153925 0.07113401 -0.38171408
vn 0.74683863 0.66500533 -0.00000001
vn 0.99746674 0.07113422 -0.00000001
vn 0.68998903 0.66500521 0.28580284
vn 0.92153913 0.07113400 0.38171405
vn 0.52809471 0.66500527 0.52809471
vn 0.70531559 0.07113419 0.70531553
vn 0.28580284 0.66500521 0.68998903
vn 0.38171408 0.07113400 0.92153913
vn -0.00000001 0.66500533 0.74683863
vn -0.00000001 0.07113422 0.99746674
vn -0.28580287 0.66500521 0.68998903
vn -0.38171408 0.07113400 0.92153913
vn -0.52809471 0.66500527 0.52809471
vn -0.70531559 0.07113419 0.70531553
vn -0.68998903 0.66500521 0.28580284
vn -0.92153913 0.07113400 0.38171405
vn -0.74683863 0.66500533 -0.00000001
vn -0.99746674 0.07113422 -0.00000001
vn -0.68998903 0.66500521 -0.28580284
vn -0.92153925 0.07113401 -0.38171408
vn -0.52809459 0.66500545 -0.52809459
vn -0.70531553 0.07113440 -0.70531553
vn 0.01791553 0.99890357 0.04325193
vn 0.00000000 0.99890357 0.04681547
vn 0.00000000 0.99890357 0.04681547
vn -0.01791553 0.99890357 0.04325193
vn -0.03310354 0.99890357 0.03310354
vn -0.04325193 0.99890357 0.01791553
vn -0.04681547 0.99890357 0.00000000
vn -0.04325193 0.99890357 -0.01791553
vn -0.03310354 0.99890357 -0.03310354
vn -0.01791553 0.99890357 -0.04325193
vn 0.00000000 0.99890357 -0.04681547
vn 0.01791553 0.99890357 -0.04325193
vn 0.03310354 0.99890357 -0.03310354
vn 0.04325193 0.99890357 -0.01791553
vn 0.04681547 0.99890357 0.00000000
vn 0.04325193 0.99890357 0.01791553
vn 0.03310354 0.99890357 0.03310354
vn 0.00000000 -1.00000000 -0.00000000
vn -0.14898999 -0.98883873 -0.00000000
vn -0.24151735 -0.96522611 -0.10003978
vn -0.10535185 -0.98883873 -0.10535182
vn -0.10003980 -0.96522611 -0.24151732
vn -0.00000000 -0.98883873 -0.14898999
vn 0.10535187 -0.98883879 -0.10535185
vn 0.24151736 -0.96522611 -0.10003978
vn 0.14898999 -0.98883873 -0.00000000
vn 0.24151736 -0.96522611 0.10003978
vn 0.10535184 -0.98883873 0.10535184
vn 0.10003978 -0.96522611 0.24151738
vn -0.00000000 -0.98883873 0.14898999
vn -0.10003980 -0.96522617 0.24151744
vn -0.10535183 -0.98883873 0.10535184
vn -0.24151736 -0.96522611 0.10003978
vn 0.10003980 -0.96522611 -0.24151734
vn 0.02826912 -0.99726784 0.06824768
vn -0.03531056 -0.99573404 -0.08524720
vn 0.00000000 -0.99573404 -0.09227093
vn -0.00000000 -0.99726784 0.07387080
vn -0.00000000 -0.97982526 0.19985622
vn 0.06219493 -0.98670471 0.15015179
vn 0.05223453 -0.99726784 0.05223453
vn -0.06524538 -0.99573404 -0.06524538
vn 0.14131968 -0.97982526 0.14131968
vn 0.07387080 -0.99726784 -0.00000000
vn -0.09227093 -0.99573404 0.00000000
vn -0.08524720 -0.99573404 -0.03531056
vn 0.06824768 -0.99726784 0.02826912
vn 0.15015179 -0.98670471 0.06219493
vn 0.19985622 -0.97982526 -0.00000000
vn 0.05223453 -0.99726784 -0.05223453
vn -0.06524538 -0.99573404 0.06524538
vn -0.08524720 -0.99573404 0.03531056
vn 0.06824768 -0.99726784 -0.02826913
vn 0.15015179 -0.98670471 -0.06219493
vn 0.14131971 -0.97982526 -0.14131968
vn -0.00000000 -0.99726784 -0.07387080
vn 0.00000000 -0.99573404 0.09227093
vn -0.03531056 -0.99573404 0.08524720
vn 0.02826913 -0.99726784 -0.06824768
vn 0.06219494 -0.98670471 -0.15015179
vn -0.00000000 -0.97982526 -0.19985622
vn -0.06824768 -0.99726784 -0.02826913
vn 0.08524720 -0.99573404 0.03531056
vn 0.06524538 -0.99573404 0.06524538
vn -0.05223453 -0.99726784 -0.05223453
vn -0.14131968 -0.97982526 -0.14131968
vn -0.15015179 -0.98670471 -0.06219493
vn -0.06824768 -0.99726784 0.02826912
vn 0.08524720 -0.99573404 -0.03531056
vn 0.09227093 -0.99573404 0.00000000
vn -0.07387080 -0.99726784 -0.00000000
vn -0.19985622 -0.97982526 -0.00000000
vn -0.15015179 -0.98670471 0.06219493
vn -0.02826912 -0.99726784 0.06824769
vn 0.03531055 -0.99573404 -0.08524720
vn 0.06524538 -0.99573404 -0.06524538
vn -0.05223453 -0.99726784 0.05223453
vn -0.14131968 -0.97982526 0.14131969
vn -0.06219492 -0.98670471 0.15015179
vn -0.02826913 -0.99726784 -0.06824768
vn 0.03531056 -0.99573404 0.08524720
vn -0.06219493 -0.98670471 -0.15015179
vn 0.81803584 0.10806216 0.56492472
vn 0.80626601 0.07742119 0.58646494
vn -0.81803584 0.10806216 0.56492472
vn -0.80626601 0.07742119 0.58646494
vn 0.57980239 0.21615368 0.78556144
vn -0.57980239 0.21615368 0.78556144
vn 0.25787023 0.32550457 0.90969759
vn -0.25787026 0.32550457 0.90969759
vn -0.00000001 0.36709172 0.93018478
vn -0.00000001 0.39347881 0.91933382
vn 0.61880732 0.03672839 0.78468370
vn -0.61880732 0.03672839 0.78468370
vn -0.35959306 0.20284647 0.91079426
vn -0.41424626 0.01354175 0.91006422
vn 0.41424626 0.01354173 0.91006422
vn 0.35959306 0.20284647 0.91079426
vn -0.00000001 0.09575639 0.99540490
vn -0.08617277 0.45131314 0.88819522
vn -0.07549591 0.19428414 0.97803581
vn 0.08617274 0.45131314 0.88819522
vn 0.07549592 0.19428414 0.97803581
vn -0.00000001 0.16811894 0.98576671
vn -0.00000001 0.49683139 0.86784708
vn 0.22797781 0.33891904 0.91277599
vn 0.64629352 0.48322412 0.59059215
vn -0.64629352 0.48322412 0.59059215
vn -0.22797781 0.33891904 0.91277599
vn 0.12350740 0.45674461 0.88098258
vn -0.12350741 0.45674461 0.88098258
vn -0.00000000 0.61704838 0.78692520
f 1/1/1 2/2/2 3/3/3
f 4/4/4 5/5/5 6/6/6
f 7/7/7 8/8/8 9/9/9
f 7/7/7 9/9/9 10/10/10
f 10/10/10 9/9/9 11/11/11
f 10/10/10 11/11/11 12/12/12
f 12/12/12 11/11/11 13/13/13
f 12/12/12 13/13/13 14/14/14
f 14/14/14 13/13/13 15/15/15
f 14/14/14 15/15/15 16/16/16
f 16/16/16 15/15/15 17/17/17
f 16/16/16 17/17/17 18/18/18
f 18/18/18 17/17/17 19/19/19
f 18/18/18 19/19/19 20/20/20
f 20/20/20 19/19/19 21/21/21
f 20/20/20 21/21/21 22/22/22
f 22/22/22 21/21/21 23/23/23
f 22/22/22 23/23/23 24/24/24
f 24/24/24 23/23/23 25/25/25
f 24/24/24 25/25/25 26/26/26
f 26/26/26 25/25/25 27/27/27
f 26/26/26 27/27/27 28/28/28
f 28/28/28 27/27/27 29/29/29
f 28/28/28 29/29/29 30/30/30
f 30/30/30 29/29/29 31/31/31
f 30/30/30 31/31/31 32/32/32
f 32/32/32 31/31/31 33/33/33
f 32/32/32 33/33/33 34/34/34
f 34/34/34 33/33/33 35/35/35
f 34/34/34 35/35/35 36/36/36
f 36/36/36 35/35/35 37/37/37
f 36/36/36 37/37/37 38/38/38
f 38/38/38 37/37/37 39/39/39
f 38/38/38 39/39/39 40/40/40
f 8/8/8 41/41/41 42/42/42
f 8/8/8 42/42/42 9/9/9
f 9/9/9 42/42/42 43/43/43
f 9/9/9 43/43/43 11/11/11
f 11/11/11 43/43/43 44/44/44
f 11/11/11 44/44/44 13/13/13
f 13/13/13 44/44/44 45/45/45
f 13/13/13 45/45/45 15/15/15
f 15/15/15 45/45/45 46/46/46
f 15/15/15 46/46/46 17/17/17
f 17/17/17 46/46/46 47/47/47
f 17/17/17 47/47/47 19/19/19
f 19/19/19 47/47/47 48/48/48
f 19/19/19 48/48/48 21/21/21
f 21/21/21 48/48/48 49/49/49
f 21/21/21 49/49/49 23/23/23
f 23/23/23 49/49/49 50/50/50
f 23/23/23 50/50/50 25/25/25
f 25/25/25 50/50/50 51/51/51
f 25/25/25 51/51/51 27/27/27
f 27/27/27 51/51/51 52/52/52
f 27/27/27 52/52/52 29/29/29
f 29/29/29 52/52/52 53/53/53
f 29/29/29 53/53/53 31/31/31
f 31/31/31 53/53/53 54/54/54
f 31/31/31 54/54/54 33/33/33
f 33/33/33 54/54/54 55/55/55
f 33/33/33 55/55/55 35/35/35
f 35/35/35 55/55/55 56/56/56
f 35/35/35 56/56/56 37/37/37
f 37/37/37 56/56/56 57/57/57
f 37/37/37 57/57/57 39/39/39
f 41/41/41 58/58/58 59/59/59
f 41/41/41 59/59/59 42/42/42
f 42/42/42 59/59/59 60/60/60
f 42/42/42 60/60/60 43/43/43
f 43/43/43 60/60/60 61/61/61
f 43/43/43 61/61/61 44/44/44
f 44/44/44 61/61/61 62/62/62
f 44/44/44 62/62/62 45/45/45
f 45/45/45 62/62/62 63/63/63
f 45/45/45 63/63/63 46/46/46
f 46/46/46 63/63/63 64/64/64
f 46/46/46 64/64/64 47/47/47
f 47/47/47 64/64/64 65/65/65
f 47/47/47 65/65/65 48/48/48
f 48/48/48 65/65/65 66/66/66
f 48/48/48 66/66/66 49/49/49
f 49/49/49 66/66/66 67/67/67
f 49/49/49 67/67/67 50/50/50
f 50/50/50 67/67/67 68/68/68
f 50/50/50 68/68/68 51/51/51
f 51/51/51 68/68/68 69/69/69
f 51/51/51 69/69/69 52/52/52
f 52/52/52 69/69/69 70/70/70
f 52/52/52 70/70/70 53/53/53
f 53/53/53 70/70/70 71/71/71
f 53/53/53 71/71/71 54/54/54
f 54/54/54 71/71/71 72/72/72
f 54/54/54 72/72/72 55/55/55
f 55/55/55 72/72/72 73/73/73
f 55/55/55 73/73/73 56/56/56
f 56/56/56 73/73/73 74/74/74
f 56/56/56 74/74/74 57/57/57
f 58/58/58 75/75/75 76/76/76
f 58/58/58 76/76/76 59/59/59
f 59/59/59 76/76/76 77/77/77
f 59/59/59 77/77/77 60/60/60
f 60/60/60 77/77/77 78/78/78
f 60/60/60 78/78/78 61/61/61
f 61/61/61 78/78/78 79/79/79
f 61/61/61 79/79/79 62/62/62
f 62/62/62 79/79/79 80/80/80
f 62/62/62 80/80/80 63/63/63
f 63/63/63 80/80/80 81/81/81
f 63/63/63 81/81/81 64/64/64
f 64/64/64 81/81/81 82/82/82
f 64/64/64 82/82/82 65/65/65
f 65/65/65 82/82/82 83/83/83
f 65/65/65 83/83/83 66/66/66
f 66/66/66 83/83/83 84/84/84
f 66/66/66 84/84/84 67/67/67
f 67/67/67 84/84/84 85/85/85
f 67/67/67 85/85/85 68/68/68
f 68/68/68 85/85/85 86/86/86
f 68/68/68 86/86/86 69/69/69
f 69/69/69 86/86/86 87/87/87
f 69/69/69 87/87/87 70/70/70
f 70/70/70 87/87/87 88/88/88
f 70/70/70 88/88/88 71/71/71
f 71/71/71 88/88/88 89/89/89
f 71/71/71 89/89/89 72/72/72
f 72/72/72 89/89/89 90/90/90
f 72/72/72 90/90/90 73/73/73
f 73/73/73 90/90/90 91/91/91
f 73/73/73 91/91/91 74/74/74
f 75/75/75 92/92/92 93/93/93
f 75/75/75 93/93/93 76/76/76
f 76/76/76 93/93/93 94/94/94
f 76/76/76 94/94/94 77/77/77
f 77/77/77 94/94/94 95/95/95
f 77/77/77 95/95/95 78/78/78
f 78/78/78 95/95/95 96/96/96
f 78/78/78 96/96/96 79/79/79
f 79/79/79 96/96/96 97/97/97
f 79/79/79 97/97/97 80/80/80
f 80/80/80 97/97/97 98/98/98
f 80/80/80 98/98/98 81/81/81
f 81/81/81 98/98/98 99/99/99
f 81/81/81 99/99/99 82/82/82
f 82/82/82 99/99/99 100/100/100
f 82/82/82 100/100/100 83/83/83
f 83/83/83 100/100/100 101/101/101
f 83/83/83 101/101/101 84/84/84
f 84/84/84 101/101/101 102/102/102
f 84/84/84 102/102/102 85/85/85
f 85/85/85 102/102/102 103/103/103
f 85/85/85 103/103/103 86/86/86
f 86/86/86 103/103/103 104/104/104
f 86/86/86 104/104/104 87/87/87
f 87/87/87 104/104/104 105/105/105
f 87/87/87 105/105/105 88/88/88
f 88/88/88 105/105/105 106/106/106
f 88/88/88 106/106/106 89/89/89
f 89/89/89 106/106/106 107/107/107
f 89/89/89 107/107/107 90/90/90
f 90/90/90 107/107/107 108/108/108
f 90/90/90 108/108/108 91/91/91
f 109/109/109 110/110/110 111/111/111
f 109/109/109 111/111/111 112/112/112
f 113/113/113 114/114/114 110/110/110
f 113/113/113 110/110/110 109/109/109
f 115/115/115 116/116/116 114/114/114
f 115/115/115 114/114/114 113/113/113
f 117/117/117 118/118/118 116/116/116
f 117/117/117 116/116/116 115/115/115
f 119/119/119 120/120/120 118/118/118
f 119/119/119 118/118/118 117/117/117
f 121/121/121 122/122/122 120/120/120
f 121/121/121 120/120/120 119/119/119
f 123/123/123 124/124/124 122/122/122
f 123/123/123 122/122/122 121/121/121
f 125/125/125 126/126/126 124/124/124
f 125/125/125 124/124/124 123/123/123
f 127/127/127 128/128/128 126/126/126
f 127/127/127 126/126/126 125/125/125
f 129/129/129 130/130/130 128/128/128
f 129/129/129 128/128/128 127/127/127
f 131/131/131 132/132/132 130/130/130
f 131/131/131 130/130/130 129/129/129
f 133/133/133 134/134/134 132/132/132
f 133/133/133 132/132/132 131/131/131
f 135/135/135 136/136/136 134/134/134
f 135/135/135 134/134/134 133/133/133
f 137/137/137 138/138/138 136/136/136
f 137/137/137 136/136/136 135/135/135
f 139/139/139 140/140/140 138/138/138
f 139/139/139 138/138/138 137/137/137
f 141/141/141 142/142/142 140/140/140
f 141/141/141 140/140/140 139/139/139
f 110/110/110 143/143/143 144/144/144
f 110/110/110 144/144/144 111/111/111
f 142/142/142 145/145/145 146/146/146
f 142/142/142 146/146/146 140/140/140
f 140/140/140 146/146/146 147/147/147
f 140/140/140 147/147/147 138/138/138
f 138/138/138 147/147/147 148/148/148
f 138/138/138 148/148/148 136/136/136
f 136/136/136 148/148/148 149/149/149
f 136/136/136 149/149/149 134/134/134
f 134/134/134 149/149/149 150/150/150
f 134/134/134 150/150/150 132/132/132
f 132/132/132 150/150/150 151/151/151
f 132/132/132 151/151/151 130/130/130
f 130/130/130 151/151/151 152/152/152
f 130/130/130 152/152/152 128/128/128
f 128/128/128 152/152/152 153/153/153
f 128/128/128 153/153/153 126/126/126
f 126/126/126 153/153/153 154/154/154
f 126/126/126 154/154/154 124/124/124
f 124/124/124 154/154/154 155/155/155
f 124/124/124 155/155/155 122/122/122
f 122/122/122 155/155/155 156/156/156
f 122/122/122 156/156/156 120/120/120
f 120/120/120 156/156/156 157/157/157
f 120/120/120 157/157/157 118/118/118
f 118/118/118 157/157/157 158/158/158
f 118/118/118 158/158/158 116/116/116
f 116/116/116 158/158/158 159/159/159
f 116/116/116 159/159/159 114/114/114
f 114/114/114 159/159/159 143/143/143
f 114/114/114 143/143/143 110/110/110
f 143/143/143 160/160/160 161/161/161
f 143/143/143 161/161/161 144/144/144
f 145/145/145 162/162/162 163/163/163
f 145/145/145 163/163/163 146/146/146
f 146/146/146 163/163/163 164/164/164
f 146/146/146 164/164/164 147/147/147
f 147/147/147 164/164/164 165/165/165
f 147/147/147 165/165/165 148/148/148
f 148/148/148 165/165/165 166/166/166
f 148/148/148 166/166/166 149/149/149
f 149/149/149 166/166/166 167/167/167
f 149/149/149 167/167/167 150/150/150
f 150/150/150 167/167/167 168/168/168
f 150/150/150 168/168/168 151/151/151
f 151/151/151 168/168/168 169/169/169
f 151/151/151 169/169/169 152/152/152
f 152/152/152 169/169/169 170/170/170
f 152/152/152 170/170/170 153/153/153
f 153/153/153 170/170/170 171/171/171
f 153/153/153 171/171/171 154/154/154
f 154/154/154 171/171/171 172/172/172
f 154/154/154 172/172/172 155/155/155
f 155/155/155 172/172/172 173/173/173
f 155/155/155 173/173/173 156/156/156
f 156/156/156 173/173/173 174/174/174
f 156/156/156 174/174/174 157/157/157
f 157/157/157 174/174/174 175/175/175
f 157/157/157 175/175/175 158/158/158
f 158/158/158 175/175/175 176/176/176
f 158/158/158 176/176/176 159/159/159
f 159/159/159 176/176/176 160/160/160
f 159/159/159 160/160/160 143/143/143
f 160/160/160 177/177/177 178/178/178
f 160/160/160 178/178/178 161/161/161
f 162/162/162 179/179/179 180/180/180
f 162/162/162 180/180/180 163/163/163
f 163/163/163 180/180/180 181/181/181
f 163/163/163 181/181/181 164/164/164
f 164/164/164 181/181/181 182/182/182
f 164/164/164 182/182/182 165/165/165
f 165/165/165 182/182/182 183/183/183
f 165/165/165 183/183/183 166/166/166
f 166/166/166 183/183/183 184/184/184
f 166/166/166 184/184/184 167/167/167
f 167/167/167 184/184/184 185/185/185
f 167/167/167 185/185/185 168/168/168
f 168/168/168 185/185/185 186/186/186
f 168/168/168 186/186/186 169/169/169
f 169/169/169 186/186/186 187/187/187
f 169/169/169 187/187/187 170/170/170
f 170/170/170 187/187/187 188/188/188
f 170/170/170 188/188/188 171/171/171
f 171/171/171 188/188/188 189/189/189
f 171/171/171 189/189/189 172/172/172
f 172/172/172 189/189/189 190/190/190
f 172/172/172 190/190/190 173/173/173
f 173/173/173 190/190/190 191/191/191
f 173/173/173 191/191/191 174/174/174
f 174/174/174 191/191/191 192/192/192
f 174/174/174 192/192/192 175/175/175
f 175/175/175 192/192/192 193/193/193
f 175/175/175 193/193/193 176/176/176
f 176/176/176 193/193/193 177/177/177
f 176/176/176 177/177/177 160/160/160
f 177/177/177 194/194/194 195/195/195
f 177/177/177 195/195/195 178/178/178
f 179/179/179 196/196/196 197/197/197
f 179/179/179 197/197/197 180/180/180
f 180/180/180 197/197/197 198/198/198
f 180/180/180 198/198/198 181/181/181
f 181/181/181 198/198/198 199/199/199
f 181/181/181 199/199/199 182/182/182
f 182/182/182 199/199/199 200/200/200
f 182/182/182 200/200/200 183/183/183
f 183/183/183 200/200/200 201/201/201
f 183/183/183 201/201/201 184/184/184
f 184/184/184 201/201/201 202/202/202
f 184/184/184 202/202/202 185/185/185
f 185/185/185 202/202/202 203/203/203
f 185/185/185 203/203/203 186/186/186
f 186/186/186 203/203/203 204/204/204
f 186/186/186 204/204/204 187/187/187
f 187/187/187 204/204/204 205/205/205
f 187/187/187 205/205/205 188/188/188
f 188/188/188 205/205/205 206/206/206
f 188/188/188 206/206/206 189/189/189
f 189/189/189 206/206/206 207/207/207
f 189/189/189 207/207/207 190/190/190
f 190/190/190 207/207/207 208/208/208
f 190/190/190 208/208/208 191/191/191
f 191/191/191 208/208/208 209/209/209
f 191/191/191 209/209/209 192/192/192
f 192/192/192 209/209/209 210/210/210
f 192/192/192 210/210/210 193/193/193
f 193/193/193 210/210/210 194/194/194
f 193/193/193 194/194/194 177/177/177
f 194/194/194 211/211/211 212/212/212
f 194/194/194 212/212/212 195/195/195
f 196/196/196 213/213/213 214/214/214
f 196/196/196 214/214/214 197/197/197
f 197/197/197 214/214/214 215/215/215
f 197/197/197 215/215/215 198/198/198
f 198/198/198 215/215/215 216/216/216
f 198/198/198 216/216/216 199/199/199
f 199/199/199 216/216/216 217/217/217
f 199/199/199 217/217/217 200/200/200
f 200/200/200 217/217/217 218/218/218
f 200/200/200 218/218/218 201/201/201
f 201/201/201 218/218/218 219/219/219
f 201/201/201 219/219/219 202/202/202
f 202/202/202 219/219/219 220/220/220
f 202/202/202 220/220/220 203/203/203
f 205/205/205 221/221/221 222/222/222
f 205/205/205 222/222/222 206/206/206
f 206/206/206 222/222/222 223/223/223
f 206/206/206 223/223/223 207/207/207
f 207/207/207 223/223/223 224/224/224
f 207/207/207 224/224/224 208/208/208
f 208/208/208 224/224/224 225/225/225
f 208/208/208 225/225/225 209/209/209
f 209/209/209 225/225/225 226/226/226
f 209/209/209 226/226/226 210/210/210
f 210/210/210 226/226/226 211/211/211
f 210/210/210 211/211/211 194/194/194
f 211/211/211 227/227/227 228/228/228
f 211/211/211 228/228/228 212/212/212
f 213/213/213 229/229/229 230/230/230
f 213/213/213 230/230/230 214/214/214
f 214/214/214 230/230/230 231/231/231
f 214/214/214 231/231/231 215/215/215
f 215/215/215 231/231/231 232/232/232
f 215/215/215 232/232/232 216/216/216
f 216/216/216 232/232/232 233/233/233
f 216/216/216 233/233/233 217/217/217
f 217/217/217 233/233/233 234/234/234
f 217/217/217 234/234/234 218/218/218
f 223/223/223 235/235/235 236/236/236
f 223/223/223 236/236/236 224/224/224
f 224/224/224 236/236/236 237/237/237
f 224/224/224 237/237/237 225/225/225
f 225/225/225 237/237/237 238/238/238
f 225/225/225 238/238/238 226/226/226
f 226/226/226 238/238/238 227/227/227
f 226/226/226 227/227/227 211/211/211
f 239/239/239 240/240/240 241/241/241
f 239/239/239 241/241/241 242/242/242
f 242/242/242 243/243/243 244/244/244
f 242/242/242 244/244/244 239/239/239
f 243/243/243 245/245/245 246/246/246
f 243/243/243 246/246/246 244/244/244
f 245/245/245 228/228/228 227/227/227
f 245/245/245 227/227/227 246/246/246
f 247/247/247 248/248/248 249/249/249
f 247/247/247 249/249/249 250/250/250
f 250/250/250 251/251/251 252/252/252
f 250/250/250 252/252/252 247/247/247
f 251/251/251 253/253/253 254/254/254
f 251/251/251 254/254/254 252/252/252
f 253/253/253 230/230/230 229/229/229
f 253/253/253 229/229/229 254/254/254
f 250/250/250 249/249/249 255/255/255
f 250/250/250 255/255/255 256/256/256
f 256/256/256 257/257/257 251/251/251
f 256/256/256 251/251/251 250/250/250
f 257/257/257 258/258/258 253/253/253
f 257/257/257 253/253/253 251/251/251
f 258/258/258 231/231/231 230/230/230
f 258/258/258 230/230/230 253/253/253
f 256/256/256 255/255/255 259/259/259
f 256/256/256 259/259/259 260/260/260
f 260/260/260 261/261/261 257/257/257
f 260/260/260 257/257/257 256/256/256
f 261/261/261 262/262/262 258/258/258
f 261/261/261 258/258/258 257/257/257
f 262/262/262 232/232/232 231/231/231
f 262/262/262 231/231/231 258/258/258
f 260/260/260 259/259/259 263/263/263
f 260/260/260 263/263/263 264/264/264
f 264/264/264 265/265/265 261/261/261
f 264/264/264 261/261/261 260/260/260
f 265/265/265 266/266/266 262/262/262
f 265/265/265 262/262/262 261/261/261
f 266/266/266 233/233/233 232/232/232
f 266/266/266 232/232/232 262/262/262
f 264/264/264 263/263/263 3/3/3
f 264/264/264 3/3/3 2/2/2
f 2/2/2 267/267/267 265/265/265
f 2/2/2 265/265/265 264/264/264
f 267/267/267 268/268/268 266/266/266
f 267/267/267 266/266/266 265/265/265
f 268/268/268 234/234/234 233/233/233
f 268/268/268 233/233/233 266/266/266
f 269/269/269 270/270/270 271/271/271
f 269/269/269 271/271/271 272/272/272
f 272/272/272 273/273/273 274/274/274
f 272/272/272 274/274/274 269/269/269
f 272/272/272 271/271/271 275/275/275
f 272/272/272 275/275/275 276/276/276
f 276/276/276 277/277/277 273/273/273
f 276/276/276 273/273/273 272/272/272
f 277/277/277 278/278/278 279/279/279
f 277/277/277 279/279/279 273/273/273
f 276/276/276 275/275/275 280/280/280
f 276/276/276 280/280/280 281/281/281
f 281/281/281 282/282/282 277/277/277
f 281/281/281 277/277/277 276/276/276
f 282/282/282 283/283/283 278/278/278
f 282/282/282 278/278/278 277/277/277
f 281/281/281 280/280/280 284/284/284
f 281/281/281 284/284/284 285/285/285
f 285/285/285 286/286/286 282/282/282
f 285/285/285 282/282/282 281/281/281
f 6/6/6 5/5/5 287/287/287
f 6/6/6 287/287/287 288/288/288
f 288/288/288 289/289/289 290/290/290
f 288/288/288 290/290/290 6/6/6
f 289/289/289 291/291/291 292/292/292
f 289/289/289 292/292/292 290/290/290
f 291/291/291 236/236/236 235/235/235
f 291/291/291 235/235/235 292/292/292
f 288/288/288 287/287/287 293/293/293
f 288/288/288 293/293/293 294/294/294
f 294/294/294 295/295/295 289/289/289
f 294/294/294 289/289/289 288/288/288
f 295/295/295 296/296/296 291/291/291
f 295/295/295 291/291/291 289/289/289
f 296/296/296 237/237/237 236/236/236
f 296/296/296 236/236/236 291/291/291
f 294/294/294 293/293/293 297/297/297
f 294/294/294 297/297/297 298/298/298
f 298/298/298 299/299/299 295/295/295
f 298/298/298 295/295/295 294/294/294
f 299/299/299 300/300/300 296/296/296
f 299/299/299 296/296/296 295/295/295
f 300/300/300 238/238/238 237/237/237
f 300/300/300 237/237/237 296/296/296
f 298/298/298 297/297/297 240/240/240
f 298/298/298 240/240/240 239/239/239
f 239/239/239 244/244/244 299/299/299
f 239/239/239 299/299/299 298/298/298
f 244/244/244 246/246/246 300/300/300
f 244/244/244 300/300/300 299/299/299
f 246/246/246 227/227/227 238/238/238
f 246/246/246 238/238/238 300/300/300
f 301/301/301 302/302/302 303/303/303
f 301/301/301 303/303/303 304/304/304
f 302/302/302 305/305/305 306/306/306
f 302/302/302 306/306/306 303/303/303
f 305/305/305 241/241/241 240/240/240
f 305/305/305 240/240/240 306/306/306
f 307/307/307 308/308/308 309/309/309
f 307/307/307 309/309/309 310/310/310
f 308/308/308 311/311/311 312/312/312
f 308/308/308 312/312/312 309/309/309
f 311/311/311 249/249/249 248/248/248
f 311/311/311 248/248/248 312/312/312
f 313/313/313 314/314/314 308/308/308
f 313/313/313 308/308/308 307/307/307
f 314/314/314 315/315/315 311/311/311
f 314/314/314 311/311/311 308/308/308
f 315/315/315 255/255/255 249/249/249
f 315/315/315 249/249/249 311/311/311
f 316/316/316 317/317/317 314/314/314
f 316/316/316 314/314/314 313/313/313
f 317/317/317 318/318/318 315/315/315
f 317/317/317 315/315/315 314/314/314
f 318/318/318 259/259/259 255/255/255
f 318/318/318 255/255/255 315/315/315
f 319/319/319 320/320/320 317/317/317
f 319/319/319 317/317/317 316/316/316
f 320/320/320 321/321/321 318/318/318
f 320/320/320 318/318/318 317/317/317
f 321/321/321 263/263/263 259/259/259
f 321/321/321 259/259/259 318/318/318
f 322/322/322 323/323/323 320/320/320
f 322/322/322 320/320/320 319/319/319
f 323/323/323 324/324/324 321/321/321
f 323/323/323 321/321/321 320/320/320
f 324/324/324 3/3/3 263/263/263
f 324/324/324 263/263/263 321/321/321
f 325/325/325 326/326/326 323/323/323
f 325/325/325 323/323/323 322/322/322
f 326/326/326 327/327/327 324/324/324
f 326/326/326 324/324/324 323/323/323
f 328/328/328 329/329/329 326/326/326
f 328/328/328 326/326/326 325/325/325
f 329/329/329 330/330/330 327/327/327
f 329/329/329 327/327/327 326/326/326
f 330/330/330 271/271/271 270/270/270
f 330/330/330 270/270/270 327/327/327
f 331/331/331 332/332/332 329/329/329
f 331/331/331 329/329/329 328/328/328
f 332/332/332 333/333/333 330/330/330
f 332/332/332 330/330/330 329/329/329
f 333/333/333 275/275/275 271/271/271
f 333/333/333 271/271/271 330/330/330
f 334/334/334 335/335/335 332/332/332
f 334/334/334 332/332/332 331/331/331
f 335/335/335 336/336/336 333/333/333
f 335/335/335 333/333/333 332/332/332
f 336/336/336 280/280/280 275/275/275
f 336/336/336 275/275/275 333/333/333
f 337/337/337 338/338/338 335/335/335
f 337/337/337 335/335/335 334/334/334
f 338/338/338 339/339/339 336/336/336
f 338/338/338 336/336/336 335/335/335
f 339/339/339 284/284/284 280/280/280
f 339/339/339 280/280/280 336/336/336
f 340/340/340 341/341/341 338/338/338
f 340/340/340 338/338/338 337/337/337
f 341/341/341 342/342/342 339/339/339
f 341/341/341 339/339/339 338/338/338
f 343/343/343 344/344/344 341/341/341
f 343/343/343 341/341/341 340/340/340
f 344/344/344 345/345/345 342/342/342
f 344/344/344 342/342/342 341/341/341
f 345/345/345 287/287/287 5/5/5
f 345/345/345 5/5/5 342/342/342
f 346/346/346 347/347/347 344/344/344
f 346/346/346 344/344/344 343/343/343
f 347/347/347 348/348/348 345/345/345
f 347/347/347 345/345/345 344/344/344
f 348/348/348 293/293/293 287/287/287
f 348/348/348 287/287/287 345/345/345
f 349/349/349 350/350/350 347/347/347
f 349/349/349 347/347/347 346/346/346
f 350/350/350 351/351/351 348/348/348
f 350/350/350 348/348/348 347/347/347
f 351/351/351 297/297/297 293/293/293
f 351/351/351 293/293/293 348/348/348
f 304/304/304 303/303/303 350/350/350
f 304/304/304 350/350/350 349/349/349
f 303/303/303 306/306/306 351/351/351
f 303/303/303 351/351/351 350/350/350
f 306/306/306 240/240/240 297/297/297
f 306/306/306 297/297/297 351/351/351
f 352/352/352 353/353/353 354/354/354
f 352/352/352 354/354/354 355/355/355
f 355/355/355 356/356/356 357/357/357
f 355/355/355 357/357/357 352/352/352
f 356/356/356 358/358/358 359/359/359
f 356/356/356 359/359/359 357/357/357
f 358/358/358 360/360/360 361/361/361
f 358/358/358 361/361/361 359/359/359
f 360/360/360 362/362/362 363/363/363
f 360/360/360 363/363/363 361/361/361
f 362/362/362 109/109/109 112/112/112
f 362/362/362 112/112/112 363/363/363
f 355/355/355 354/354/354 364/364/364
f 355/355/355 364/364/364 365/365/365
f 365/365/365 366/366/366 356/356/356
f 365/365/365 356/356/356 355/355/355
f 366/366/366 367/367/367 358/358/358
f 366/366/366 358/358/358 356/356/356
f 367/367/367 368/368/368 360/360/360
f 367/367/367 360/360/360 358/358/358
f 368/368/368 369/369/369 362/362/362
f 368/368/368 362/362/362 360/360/360
f 369/369/369 113/113/113 109/109/109
f 369/369/369 109/109/109 362/362/362
f 365/365/365 364/364/364 370/370/370
f 365/365/365 370/370/370 371/371/371
f 371/371/371 372/372/372 366/366/366
f 371/371/371 366/366/366 365/365/365
f 372/372/372 373/373/373 367/367/367
f 372/372/372 367/367/367 366/366/366
f 373/373/373 374/374/374 368/368/368
f 373/373/373 368/368/368 367/367/367
f 374/374/374 375/375/375 369/369/369
f 374/374/374 369/369/369 368/368/368
f 375/375/375 115/115/115 113/113/113
f 375/375/375 113/113/113 369/369/369
f 371/371/371 370/370/370 376/376/376
f 371/371/371 376/376/376 377/377/377
f 377/377/377 378/378/378 372/372/372
f 377/377/377 372/372/372 371/371/371
f 378/378/378 379/379/379 373/373/373
f 378/378/378 373/373/373 372/372/372
f 379/379/379 380/380/380 374/374/374
f 379/379/379 374/374/374 373/373/373
f 380/380/380 381/381/381 375/375/375
f 380/380/380 375/375/375 374/374/374
f 381/381/381 117/117/117 115/115/115
f 381/381/381 115/115/115 375/375/375
f 377/377/377 376/376/376 382/382/382
f 377/377/377 382/382/382 383/383/383
f 383/383/383 384/384/384 378/378/378
f 383/383/383 378/378/378 377/377/377
f 384/384/384 385/385/385 379/379/379
f 384/384/384 379/379/379 378/378/378
f 385/385/385 386/386/386 380/380/380
f 385/385/385 380/380/380 379/379/379
f 386/386/386 387/387/387 381/381/381
f 386/386/386 381/381/381 380/380/380
f 387/387/387 119/119/119 117/117/117
f 387/387/387 117/117/117 381/381/381
f 383/383/383 382/382/382 388/388/388
f 383/383/383 388/388/388 389/389/389
f 389/389/389 390/390/390 384/384/384
f 389/389/389 384/384/384 383/383/383
f 390/390/390 391/391/391 385/385/385
f 390/390/390 385/385/385 384/384/384
f 391/391/391 392/392/392 386/386/386
f 391/391/391 386/386/386 385/385/385
f 392/392/392 393/393/393 387/387/387
f 392/392/392 387/387/387 386/386/386
f 393/393/393 121/121/121 119/119/119
f 393/393/393 119/119/119 387/387/387
f 389/389/389 388/388/388 394/394/394
f 389/389/389 394/394/394 395/395/395
f 395/395/395 396/396/396 390/390/390
f 395/395/395 390/390/390 389/389/389
f 396/396/396 397/397/397 391/391/391
f 396/396/396 391/391/391 390/390/390
f 397/397/397 398/398/398 392/392/392
f 397/397/397 392/392/392 391/391/391
f 398/398/398 399/399/399 393/393/393
f 398/398/398 393/393/393 392/392/392
f 399/399/399 123/123/123 121/121/121
f 399/399/399 121/121/121 393/393/393
f 395/395/395 394/394/394 400/400/400
f 395/395/395 400/400/400 401/401/401
f 401/401/401 402/402/402 396/396/396
f 401/401/401 396/396/396 395/395/395
f 402/402/402 403/403/403 397/397/397
f 402/402/402 397/397/397 396/396/396
f 403/403/403 404/404/404 398/398/398
f 403/403/403 398/398/398 397/397/397
f 404/404/404 405/405/405 399/399/399
f 404/404/404 399/399/399 398/398/398
f 405/405/405 125/125/125 123/123/123
f 405/405/405 123/123/123 399/399/399
f 401/401/401 400/400/400 406/406/406
f 401/401/401 406/406/406 407/407/407
f 407/407/407 408/408/408 402/402/402
f 407/407/407 402/402/402 401/401/401
f 408/408/408 409/409/409 403/403/403
f 408/408/408 403/403/403 402/402/402
f 409/409/409 410/410/410 404/404/404
f 409/409/409 404/404/404 403/403/403
f 410/410/410 411/411/411 405/405/405
f 410/410/410 405/405/405 404/404/404
f 411/411/411 127/127/127 125/125/125
f 411/411/411 125/125/125 405/405/405
f 407/407/407 406/406/406 412/412/412
f 407/407/407 412/412/412 413/413/413
f 413/413/413 414/414/414 408/408/408
f 413/413/413 408/408/408 407/407/407
f 414/414/414 415/415/415 409/409/409
f 414/414/414 409/409/409 408/408/408
f 415/415/415 416/416/416 410/410/410
f 415/415/415 410/410/410 409/409/409
f 416/416/416 417/417/417 411/411/411
f 416/416/416 411/411/411 410/410/410
f 417/417/417 129/129/129 127/127/127
f 417/417/417 127/127/127 411/411/411
f 413/413/413 412/412/412 418/418/418
f 413/413/413 418/418/418 419/419/419
f 419/419/419 420/420/420 414/414/414
f 419/419/419 414/414/414 413/413/413
f 420/420/420 421/421/421 415/415/415
f 420/420/420 415/415/415 414/414/414
f 421/421/421 422/422/422 416/416/416
f 421/421/421 416/416/416 415/415/415
f 422/422/422 423/423/423 417/417/417
f 422/422/422 417/417/417 416/416/416
f 423/423/423 131/131/131 129/129/129
f 423/423/423 129/129/129 417/417/417
f 419/419/419 418/418/418 424/424/424
f 419/419/419 424/424/424 425/425/425
f 425/425/425 426/426/426 420/420/420
f 425/425/425 420/420/420 419/419/419
f 426/426/426 427/427/427 421/421/421
f 426/426/426 421/421/421 420/420/420
f 427/427/427 428/428/428 422/422/422
f 427/427/427 422/422/422 421/421/421
f 428/428/428 429/429/429 423/423/423
f 428/428/428 423/423/423 422/422/422
f 429/429/429 133/133/133 131/131/131
f 429/429/429 131/131/131 423/423/423
f 425/425/425 424/424/424 430/430/430
f 425/425/425 430/430/430 431/431/431
f 431/431/431 432/432/432 426/426/426
f 431/431/431 426/426/426 425/425/425
f 432/432/432 433/433/433 427/427/427
f 432/432/432 427/427/427 426/426/426
f 433/433/433 434/434/434 428/428/428
f 433/433/433 428/428/428 427/427/427
f 434/434/434 435/435/435 429/429/429
f 434/434/434 429/429/429 428/428/428
f 435/435/435 135/135/135 133/133/133
f 435/435/435 133/133/133 429/429/429
f 431/431/431 430/430/430 436/436/436
f 431/431/431 436/436/436 437/437/437
f 437/437/437 438/438/438 432/432/432
f 437/437/437 432/432/432 431/431/431
f 438/438/438 439/439/439 433/433/433
f 438/438/438 433/433/433 432/432/432
f 439/439/439 440/440/440 434/434/434
f 439/439/439 434/434/434 433/433/433
f 440/440/440 441/441/441 435/435/435
f 440/440/440 435/435/435 434/434/434
f 441/441/441 137/137/137 135/135/135
f 441/441/441 135/135/135 435/435/435
f 437/437/437 436/436/436 442/442/442
f 437/437/437 442/442/442 443/443/443
f 443/443/443 444/444/444 438/438/438
f 443/443/443 438/438/438 437/437/437
f 444/444/444 445/445/445 439/439/439
f 444/444/444 439/439/439 438/438/438
f 445/445/445 446/446/446 440/440/440
f 445/445/445 440/440/440 439/439/439
f 446/446/446 447/447/447 441/441/441
f 446/446/446 441/441/441 440/440/440
f 447/447/447 139/139/139 137/137/137
f 447/447/447 137/137/137 441/441/441
f 443/443/443 442/442/442 448/448/448
f 443/443/443 448/448/448 449/449/449
f 449/449/449 450/450/450 444/444/444
f 449/449/449 444/444/444 443/443/443
f 450/450/450 451/451/451 445/445/445
f 450/450/450 445/445/445 444/444/444
f 451/451/451 452/452/452 446/446/446
f 451/451/451 446/446/446 445/445/445
f 452/452/452 453/453/453 447/447/447
f 452/452/452 447/447/447 446/446/446
f 453/453/453 141/141/141 139/139/139
f 453/453/453 139/139/139 447/447/447
f 454/454/454 354/354/354 353/353/353
f 454/454/454 353/353/353 455/455/455
f 455/455/455 7/7/7 10/10/10
f 455/455/455 10/10/10 454/454/454
f 456/456/456 448/448/448 442/442/442
f 456/456/456 442/442/442 457/457/457
f 457/457/457 38/38/38 40/40/40
f 457/457/457 40/40/40 456/456/456
f 457/457/457 442/442/442 436/436/436
f 457/457/457 436/436/436 458/458/458
f 458/458/458 36/36/36 38/38/38
f 458/458/458 38/38/38 457/457/457
f 458/458/458 436/436/436 430/430/430
f 458/458/458 430/430/430 459/459/459
f 459/459/459 34/34/34 36/36/36
f 459/459/459 36/36/36 458/458/458
f 459/459/459 430/430/430 424/424/424
f 459/459/459 424/424/424 460/460/460
f 460/460/460 32/32/32 34/34/34
f 460/460/460 34/34/34 459/459/459
f 460/460/460 424/424/424 418/418/418
f 460/460/460 418/418/418 461/461/461
f 461/461/461 30/30/30 32/32/32
f 461/461/461 32/32/32 460/460/460
f 461/461/461 418/418/418 412/412/412
f 461/461/461 412/412/412 462/462/462
f 462/462/462 28/28/28 30/30/30
f 462/462/462 30/30/30 461/461/461
f 462/462/462 412/412/412 406/406/406
f 462/462/462 406/406/406 463/463/463
f 463/463/463 26/26/26 28/28/28
f 463/463/463 28/28/28 462/462/462
f 463/463/463 406/406/406 400/400/400
f 463/463/463 400/400/400 464/464/464
f 464/464/464 24/24/24 26/26/26
f 464/464/464 26/26/26 463/463/463
f 464/464/464 400/400/400 394/394/394
f 464/464/464 394/394/394 465/465/465
f 465/465/465 22/22/22 24/24/24
f 465/465/465 24/24/24 464/464/464
f 465/465/465 394/394/394 388/388/388
f 465/465/465 388/388/388 466/466/466
f 466/466/466 20/20/20 22/22/22
f 466/466/466 22/22/22 465/465/465
f 466/466/466 388/388/388 382/382/382
f 466/466/466 382/382/382 467/467/467
f 467/467/467 18/18/18 20/20/20
f 467/467/467 20/20/20 466/466/466
f 467/467/467 382/382/382 376/376/376
f 467/467/467 376/376/376 468/468/468
f 468/468/468 16/16/16 18/18/18
f 468/468/468 18/18/18 467/467/467
f 468/468/468 376/376/376 370/370/370
f 468/468/468 370/370/370 469/469/469
f 469/469/469 14/14/14 16/16/16
f 469/469/469 16/16/16 468/468/468
f 469/469/469 370/370/370 364/364/364
f 469/469/469 364/364/364 470/470/470
f 470/470/470 12/12/12 14/14/14
f 470/470/470 14/14/14 469/469/469
f 470/470/470 364/364/364 354/354/354
f 470/470/470 354/354/354 454/454/454
f 454/454/454 10/10/10 12/12/12
f 454/454/454 12/12/12 470/470/470
f 471/471/471 472/472/472 473/473/473
f 471/471/471 473/473/473 474/474/474
f 475/475/475 476/476/476 477/477/477
f 475/475/475 477/477/477 478/478/478
f 478/478/478 477/477/477 479/479/479
f 478/478/478 479/479/479 480/480/480
f 480/480/480 479/479/479 481/481/481
f 480/480/480 481/481/481 482/482/482
f 482/482/482 481/481/481 483/483/483
f 482/482/482 483/483/483 484/484/484
f 484/484/484 483/483/483 485/485/485
f 484/484/484 485/485/485 486/486/486
f 486/486/486 485/485/485 487/487/487
f 486/486/486 487/487/487 488/488/488
f 488/488/488 487/487/487 489/489/489
f 488/488/488 489/489/489 490/490/490
f 490/490/490 489/489/489 491/491/491
f 490/490/490 491/491/491 492/492/492
f 492/492/492 491/491/491 493/493/493
f 492/492/492 493/493/493 494/494/494
f 494/494/494 493/493/493 495/495/495
f 494/494/494 495/495/495 496/496/496
f 496/496/496 495/495/495 497/497/497
f 496/496/496 497/497/497 498/498/498
f 498/498/498 497/497/497 499/499/499
f 498/498/498 499/499/499 500/500/500
f 500/500/500 499/499/499 501/501/501
f 500/500/500 501/501/501 502/502/502
f 502/502/502 501/501/501 503/503/503
f 502/502/502 503/503/503 504/504/504
f 504/504/504 503/503/503 472/472/472
f 504/504/504 472/472/472 471/471/471
f 505/505/505 471/471/471 474/474/474
f 505/505/505 474/474/474 506/506/506
f 506/506/506 301/301/301 304/304/304
f 506/506/506 304/304/304 505/505/505
f 507/507/507 475/475/475 478/478/478
f 507/507/507 478/478/478 508/508/508
f 508/508/508 307/307/307 310/310/310
f 508/508/508 310/310/310 507/507/507
f 508/508/508 478/478/478 480/480/480
f 508/508/508 480/480/480 509/509/509
f 509/509/509 313/313/313 307/307/307
f 509/509/509 307/307/307 508/508/508
f 509/509/509 480/480/480 482/482/482
f 509/509/509 482/482/482 510/510/510
f 510/510/510 316/316/316 313/313/313
f 510/510/510 313/313/313 509/509/509
f 510/510/510 482/482/482 484/484/484
f 510/510/510 484/484/484 511/511/511
f 511/511/511 319/319/319 316/316/316
f 511/511/511 316/316/316 510/510/510
f 511/511/511 484/484/484 486/486/486
f 511/511/511 486/486/486 512/512/512
f 512/512/512 322/322/322 319/319/319
f 512/512/512 319/319/319 511/511/511
f 512/512/512 486/486/486 488/488/488
f 512/512/512 488/488/488 513/513/513
f 513/513/513 325/325/325 322/322/322
f 513/513/513 322/322/322 512/512/512
f 513/513/513 488/488/488 490/490/490
f 513/513/513 490/490/490 514/514/514
f 514/514/514 328/328/328 325/325/325
f 514/514/514 325/325/325 513/513/513
f 514/514/514 490/490/490 492/492/492
f 514/514/514 492/492/492 515/515/515
f 515/515/515 331/331/331 328/328/328
f 515/515/515 328/328/328 514/514/514
f 515/515/515 492/492/492 494/494/494
f 515/515/515 494/494/494 516/516/516
f 516/516/516 334/334/334 331/331/331
f 516/516/516 331/331/331 515/515/515
f 516/516/516 494/494/494 496/496/496
f 516/516/516 496/496/496 517/517/517
f 517/517/517 337/337/337 334/334/334
f 517/517/517 334/334/334 516/516/516
f 517/517/517 496/496/496 498/498/498
f 517/517/517 498/498/498 518/518/518
f 518/518/518 340/340/340 337/337/337
f 518/518/518 337/337/337 517/517/517
f 518/518/518 498/498/498 500/500/500
f 518/518/518 500/500/500 519/519/519
f 519/519/519 343/343/343 340/340/340
f 519/519/519 340/340/340 518/518/518
f 519/519/519 500/500/500 502/502/502
f 519/519/519 502/502/502 520/520/520
f 520/520/520 346/346/346 343/343/343
f 520/520/520 343/343/343 519/519/519
f 520/520/520 502/502/502 504/504/504
f 520/520/520 504/504/504 521/521/521
f 521/521/521 349/349/349 346/346/346
f 521/521/521 346/346/346 520/520/520
f 521/521/521 504/504/504 471/471/471
f 521/521/521 471/471/471 505/505/505
f 505/505/505 304/304/304 349/349/349
f 505/505/505 349/349/349 521/521/521
f 472/472/472 522/522/522 523/523/523
f 472/472/472 523/523/523 473/473/473
f 476/476/476 524/524/524 525/525/525
f 476/476/476 525/525/525 477/477/477
f 477/477/477 525/525/525 526/526/526
f 477/477/477 526/526/526 479/479/479
f 479/479/479 526/526/526 527/527/527
f 479/479/479 527/527/527 481/481/481
f 481/481/481 527/527/527 528/528/528
f 481/481/481 528/528/528 483/483/483
f 483/483/483 528/528/528 529/529/529
f 483/483/483 529/529/529 485/485/485
f 485/485/485 529/529/529 530/530/530
f 485/485/485 530/530/530 487/487/487
f 487/487/487 530/530/530 531/531/531
f 487/487/487 531/531/531 489/489/489
f 489/489/489 531/531/531 532/532/532
f 489/489/489 532/532/532 491/491/491
f 491/491/491 532/532/532 533/533/533
f 491/491/491 533/533/533 493/493/493
f 493/493/493 533/533/533 534/534/534
f 493/493/493 534/534/534 495/495/495
f 495/495/495 534/534/534 535/535/535
f 495/495/495 535/535/535 497/497/497
f 497/497/497 535/535/535 536/536/536
f 497/497/497 536/536/536 499/499/499
f 499/499/499 536/536/536 537/537/537
f 499/499/499 537/537/537 501/501/501
f 501/501/501 537/537/537 538/538/538
f 501/501/501 538/538/538 503/503/503
f 503/503/503 538/538/538 522/522/522
f 503/503/503 522/522/522 472/472/472
f 522/522/522 539/539/539 540/540/540
f 522/522/522 540/540/540 523/523/523
f 524/524/524 541/541/541 542/542/542
f 524/524/524 542/542/542 525/525/525
f 525/525/525 542/542/542 543/543/543
f 525/525/525 543/543/543 526/526/526
f 526/526/526 543/543/543 544/544/544
f 526/526/526 544/544/544 527/527/527
f 527/527/527 544/544/544 545/545/545
f 527/527/527 545/545/545 528/528/528
f 528/528/528 545/545/545 546/546/546
f 528/528/528 546/546/546 529/529/529
f 529/529/529 546/546/546 547/547/547
f 529/529/529 547/547/547 530/530/530
f 530/530/530 547/547/547 548/548/548
f 530/530/530 548/548/548 531/531/531
f 531/531/531 548/548/548 549/549/549
f 531/531/531 549/549/549 532/532/532
f 532/532/532 549/549/549 550/550/550
f 532/532/532 550/550/550 533/533/533
f 533/533/533 550/550/550 551/551/551
f 533/533/533 551/551/551 534/534/534
f 534/534/534 551/551/551 552/552/552
f 534/534/534 552/552/552 535/535/535
f 535/535/535 552/552/552 553/553/553
f 535/535/535 553/553/553 536/536/536
f 536/536/536 553/553/553 554/554/554
f 536/536/536 554/554/554 537/537/537
f 537/537/537 554/554/554 555/555/555
f 537/537/537 555/555/555 538/538/538
f 538/538/538 555/555/555 539/539/539
f 538/538/538 539/539/539 522/522/522
f 539/539/539 556/556/556 557/557/557
f 539/539/539 557/557/557 540/540/540
f 541/541/541 558/558/558 559/559/559
f 541/541/541 559/559/559 542/542/542
f 542/542/542 559/559/559 560/560/560
f 542/542/542 560/560/560 543/543/543
f 543/543/543 560/560/560 561/561/561
f 543/543/543 561/561/561 544/544/544
f 544/544/544 561/561/561 562/562/562
f 544/544/544 562/562/562 545/545/545
f 545/545/545 562/562/562 563/563/563
f 545/545/545 563/563/563 546/546/546
f 546/546/546 563/563/563 564/564/564
f 546/546/546 564/564/564 547/547/547
f 547/547/547 564/564/564 565/565/565
f 547/547/547 565/565/565 548/548/548
f 548/548/548 565/565/565 566/566/566
f 548/548/548 566/566/566 549/549/549
f 549/549/549 566/566/566 567/567/567
f 549/549/549 567/567/567 550/550/550
f 550/550/550 567/567/567 568/568/568
f 550/550/550 568/568/568 551/551/551
f 551/551/551 568/568/568 569/569/569
f 551/551/551 569/569/569 552/552/552
f 552/552/552 569/569/569 570/570/570
f 552/552/552 570/570/570 553/553/553
f 553/553/553 570/570/570 571/571/571
f 553/553/553 571/571/571 554/554/554
f 554/554/554 571/571/571 572/572/572
f 554/554/554 572/572/572 555/555/555
f 555/555/555 572/572/572 556/556/556
f 555/555/555 556/556/556 539/539/539
f 556/556/556 573/573/573 574/574/574
f 556/556/556 574/574/574 557/557/557
f 558/558/558 575/575/575 576/576/576
f 558/558/558 576/576/576 559/559/559
f 559/559/559 576/576/576 577/577/577
f 559/559/559 577/577/577 560/560/560
f 560/560/560 577/577/577 578/578/578
f 560/560/560 578/578/578 561/561/561
f 561/561/561 578/578/578 579/579/579
f 561/561/561 579/579/579 562/562/562
f 562/562/562 579/579/579 580/580/580
f 562/562/562 580/580/580 563/563/563
f 563/563/563 580/580/580 581/581/581
f 563/563/563 581/581/581 564/564/564
f 564/564/564 581/581/581 582/582/582
f 564/564/564 582/582/582 565/565/565
f 565/565/565 582/582/582 583/583/583
f 565/565/565 583/583/583 566/566/566
f 566/566/566 583/583/583 584/584/584
f 566/566/566 584/584/584 567/567/567
f 567/567/567 584/584/584 585/585/585
f 567/567/567 585/585/585 568/568/568
f 568/568/568 585/585/585 586/586/586
f 568/568/568 586/586/586 569/569/569
f 569/569/569 586/586/586 587/587/587
f 569/569/569 587/587/587 570/570/570
f 570/570/570 587/587/587 588/588/588
f 570/570/570 588/588/588 571/571/571
f 571/571/571 588/588/588 589/589/589
f 571/571/571 589/589/589 572/572/572
f 572/572/572 589/589/589 573/573/573
f 572/572/572 573/573/573 556/556/556
f 573/573/573 590/590/590 591/591/591
f 573/573/573 591/591/591 574/574/574
f 575/575/575 592/592/592 593/593/593
f 575/575/575 593/593/593 576/576/576
f 576/576/576 593/593/593 594/594/594
f 576/576/576 594/594/594 577/577/577
f 577/577/577 594/594/594 595/595/595
f 577/577/577 595/595/595 578/578/578
f 578/578/578 595/595/595 596/596/596
f 578/578/578 596/596/596 579/579/579
f 579/579/579 596/596/596 597/597/597
f 579/579/579 597/597/597 580/580/580
f 580/580/580 597/597/597 598/598/598
f 580/580/580 598/598/598 581/581/581
f 581/581/581 598/598/598 599/599/599
f 581/581/581 599/599/599 582/582/582
f 582/582/582 599/599/599 600/600/600
f 582/582/582 600/600/600 583/583/583
f 583/583/583 600/600/600 601/601/601
f 583/583/583 601/601/601 584/584/584
f 584/584/584 601/601/601 602/602/602
f 584/584/584 602/602/602 585/585/585
f 585/585/585 602/602/602 603/603/603
f 585/585/585 603/603/603 586/586/586
f 586/586/586 603/603/603 604/604/604
f 586/586/586 604/604/604 587/587/587
f 587/587/587 604/604/604 605/605/605
f 587/587/587 605/605/605 588/588/588
f 588/588/588 605/605/605 606/606/606
f 588/588/588 606/606/606 589/589/589
f 589/589/589 606/606/606 590/590/590
f 589/589/589 590/590/590 573/573/573
f 590/590/590 607/607/607 608/608/608
f 590/590/590 608/608/608 591/591/591
f 592/592/592 609/609/609 610/610/610
f 592/592/592 610/610/610 593/593/593
f 593/593/593 610/610/610 611/611/611
f 593/593/593 611/611/611 594/594/594
f 594/594/594 611/611/611 612/612/612
f 594/594/594 612/612/612 595/595/595
f 595/595/595 612/612/612 613/613/613
f 595/595/595 613/613/613 596/596/596
f 596/596/596 613/613/613 614/614/614
f 596/596/596 614/614/614 597/597/597
f 597/597/597 614/614/614 615/615/615
f 597/597/597 615/615/615 598/598/598
f 598/598/598 615/615/615 616/616/616
f 598/598/598 616/616/616 599/599/599
f 599/599/599 616/616/616 617/617/617
f 599/599/599 617/617/617 600/600/600
f 600/600/600 617/617/617 618/618/618
f 600/600/600 618/618/618 601/601/601
f 601/601/601 618/618/618 619/619/619
f 601/601/601 619/619/619 602/602/602
f 602/602/602 619/619/619 620/620/620
f 602/602/602 620/620/620 603/603/603
f 603/603/603 620/620/620 621/621/621
f 603/603/603 621/621/621 604/604/604
f 604/604/604 621/621/621 622/622/622
f 604/604/604 622/622/622 605/605/605
f 605/605/605 622/622/622 623/623/623
f 605/605/605 623/623/623 606/606/606
f 606/606/606 623/623/623 607/607/607
f 606/606/606 607/607/607 590/590/590
f 607/607/607 624/624/624 625/625/625
f 607/607/607 625/625/625 608/608/608
f 609/609/609 626/626/626 627/627/627
f 609/609/609 627/627/627 610/610/610
f 610/610/610 627/627/627 628/628/628
f 610/610/610 628/628/628 611/611/611
f 611/611/611 628/628/628 629/629/629
f 611/611/611 629/629/629 612/612/612
f 612/612/612 629/629/629 630/630/630
f 612/612/612 630/630/630 613/613/613
f 613/613/613 630/630/630 631/631/631
f 613/613/613 631/631/631 614/614/614
f 614/614/614 631/631/631 632/632/632
f 614/614/614 632/632/632 615/615/615
f 615/615/615 632/632/632 633/633/633
f 615/615/615 633/633/633 616/616/616
f 616/616/616 633/633/633 634/634/634
f 616/616/616 634/634/634 617/617/617
f 617/617/617 634/634/634 635/635/635
f 617/617/617 635/635/635 618/618/618
f 618/618/618 635/635/635 636/636/636
f 618/618/618 636/636/636 619/619/619
f 619/619/619 636/636/636 637/637/637
f 619/619/619 637/637/637 620/620/620
f 620/620/620 637/637/637 638/638/638
f 620/620/620 638/638/638 621/621/621
f 621/621/621 638/638/638 639/639/639
f 621/621/621 639/639/639 622/622/622
f 622/622/622 639/639/639 640/640/640
f 622/622/622 640/640/640 623/623/623
f 623/623/623 640/640/640 624/624/624
f 623/623/623 624/624/624 607/607/607
f 624/624/624 641/641/641 642/642/642
f 624/624/624 642/642/642 625/625/625
f 626/626/626 643/643/643 644/644/644
f 626/626/626 644/644/644 627/627/627
f 627/627/627 644/644/644 645/645/645
f 627/627/627 645/645/645 628/628/628
f 628/628/628 645/645/645 646/646/646
f 628/628/628 646/646/646 629/629/629
f 629/629/629 646/646/646 647/647/647
f 629/629/629 647/647/647 630/630/630
f 630/630/630 647/647/647 648/648/648
f 630/630/630 648/648/648 631/631/631
f 631/631/631 648/648/648 649/649/649
f 631/631/631 649/649/649 632/632/632
f 632/632/632 649/649/649 650/650/650
f 632/632/632 650/650/650 633/633/633
f 633/633/633 650/650/650 651/651/651
f 633/633/633 651/651/651 634/634/634
f 634/634/634 651/651/651 652/652/652
f 634/634/634 652/652/652 635/635/635
f 635/635/635 652/652/652 653/653/653
f 635/635/635 653/653/653 636/636/636
f 636/636/636 653/653/653 654/654/654
f 636/636/636 654/654/654 637/637/637
f 637/637/637 654/654/654 655/655/655
f 637/637/637 655/655/655 638/638/638
f 638/638/638 655/655/655 656/656/656
f 638/638/638 656/656/656 639/639/639
f 639/639/639 656/656/656 657/657/657
f 639/639/639 657/657/657 640/640/640
f 640/640/640 657/657/657 641/641/641
f 640/640/640 641/641/641 624/624/624
f 641/641/641 658/658/658 659/659/659
f 641/641/641 659/659/659 642/642/642
f 643/643/643 660/660/660 661/661/661
f 643/643/643 661/661/661 644/644/644
f 644/644/644 661/661/661 662/662/662
f 644/644/644 662/662/662 645/645/645
f 645/645/645 662/662/662 663/663/663
f 645/645/645 663/663/663 646/646/646
f 646/646/646 663/663/663 664/664/664
f 646/646/646 664/664/664 647/647/647
f 647/647/647 664/664/664 665/665/665
f 647/647/647 665/665/665 648/648/648
f 648/648/648 665/665/665 666/666/666
f 648/648/648 666/666/666 649/649/649
f 649/649/649 666/666/666 667/667/667
f 649/649/649 667/667/667 650/650/650
f 650/650/650 667/667/667 668/668/668
f 650/650/650 668/668/668 651/651/651
f 651/651/651 668/668/668 669/669/669
f 651/651/651 669/669/669 652/652/652
f 652/652/652 669/669/669 670/670/670
f 652/652/652 670/670/670 653/653/653
f 653/653/653 670/670/670 671/671/671
f 653/653/653 671/671/671 654/654/654
f 654/654/654 671/671/671 672/672/672
f 654/654/654 672/672/672 655/655/655
f 655/655/655 672/672/672 673/673/673
f 655/655/655 673/673/673 656/656/656
f 656/656/656 673/673/673 674/674/674
f 656/656/656 674/674/674 657/657/657
f 657/657/657 674/674/674 658/658/658
f 657/657/657 658/658/658 641/641/641
f 675/675/675 676/676/676 677/677/677
f 675/675/675 677/677/677 678/678/678
f 679/679/679 680/680/680 681/681/681
f 679/679/679 681/681/681 682/682/682
f 682/682/682 681/681/681 683/683/683
f 682/682/682 683/683/683 684/684/684
f 684/684/684 683/683/683 685/685/685
f 684/684/684 685/685/685 686/686/686
f 686/686/686 685/685/685 687/687/687
f 686/686/686 687/687/687 688/688/688
f 688/688/688 687/687/687 689/689/689
f 688/688/688 689/689/689 690/690/690
f 690/690/690 689/689/689 691/691/691
f 690/690/690 691/691/691 692/692/692
f 692/692/692 691/691/691 693/693/693
f 692/692/692 693/693/693 694/694/694
f 694/694/694 693/693/693 695/695/695
f 694/694/694 695/695/695 696/696/696
f 696/696/696 695/695/695 697/697/697
f 696/696/696 697/697/697 698/698/698
f 698/698/698 697/697/697 699/699/699
f 698/698/698 699/699/699 700/700/700
f 700/700/700 699/699/699 701/701/701
f 700/700/700 701/701/701 702/702/702
f 702/702/702 701/701/701 703/703/703
f 702/702/702 703/703/703 704/704/704
f 704/704/704 703/703/703 705/705/705
f 704/704/704 705/705/705 706/706/706
f 706/706/706 705/705/705 707/707/707
f 706/706/706 707/707/707 708/708/708
f 708/708/708 707/707/707 676/676/676
f 708/708/708 676/676/676 675/675/675
f 676/676/676 709/709/709 710/710/710
f 676/676/676 710/710/710 677/677/677
f 680/680/680 711/711/711 712/712/712
f 680/680/680 712/712/712 681/681/681
f 681/681/681 712/712/712 713/713/713
f 681/681/681 713/713/713 683/683/683
f 683/683/683 713/713/713 714/714/714
f 683/683/683 714/714/714 685/685/685
f 685/685/685 714/714/714 715/715/715
f 685/685/685 715/715/715 687/687/687
f 687/687/687 715/715/715 716/716/716
f 687/687/687 716/716/716 689/689/689
f 689/689/689 716/716/716 717/717/717
f 689/689/689 717/717/717 691/691/691
f 691/691/691 717/717/717 718/718/718
f 691/691/691 718/718/718 693/693/693
f 693/693/693 718/718/718 719/719/719
f 693/693/693 719/719/719 695/695/695
f 695/695/695 719/719/719 720/720/720
f 695/695/695 720/720/720 697/697/697
f 697/697/697 720/720/720 721/721/721
f 697/697/697 721/721/721 699/699/699
f 699/699/699 721/721/721 722/722/722
f 699/699/699 722/722/722 701/701/701
f 701/701/701 722/722/722 723/723/723
f 701/701/701 723/723/723 703/703/703
f 703/703/703 723/723/723 724/724/724
f 703/703/703 724/724/724 705/705/705
f 705/705/705 724/724/724 725/725/725
f 705/705/705 725/725/725 707/707/707
f 707/707/707 725/725/725 709/709/709
f 707/707/707 709/709/709 676/676/676
f 675/675/675 658/658/658 674/674/674
f 675/675/675 674/674/674 708/708/708
f 708/708/708 674/674/674 673/673/673
f 708/708/708 673/673/673 706/706/706
f 704/704/704 706/706/706 673/673/673
f 704/704/704 673/673/673 672/672/672
f 702/702/702 704/704/704 672/672/672
f 702/702/702 672/672/672 671/671/671
f 702/702/702 671/671/671 670/670/670
f 702/702/702 670/670/670 700/700/700
f 698/698/698 700/700/700 670/670/670
f 698/698/698 670/670/670 669/669/669
f 698/698/698 669/669/669 668/668/668
f 698/698/698 668/668/668 696/696/696
f 696/696/696 668/668/668 667/667/667
f 696/696/696 667/667/667 694/694/694
f 694/694/694 667/667/667 666/666/666
f 694/694/694 666/666/666 692/692/692
f 690/690/690 692/692/692 666/666/666
f 690/690/690 666/666/666 665/665/665
f 690/690/690 665/665/665 664/664/664
f 690/690/690 664/664/664 688/688/688
f 688/688/688 664/664/664 663/663/663
f 688/688/688 663/663/663 686/686/686
f 686/686/686 663/663/663 662/662/662
f 686/686/686 662/662/662 684/684/684
f 684/684/684 662/662/662 661/661/661
f 684/684/684 661/661/661 682/682/682
f 679/679/679 682/682/682 661/661/661
f 679/679/679 661/661/661 660/660/660
f 675/675/675 678/678/678 659/659/659
f 675/675/675 659/659/659 658/658/658
f 726/726/726 727/727/727 728/728/728
f 726/726/726 728/728/728 729/729/729
f 726/726/726 729/729/729 730/730/730
f 726/726/726 730/730/730 731/731/731
f 726/726/726 732/732/732 733/733/733
f 726/726/726 733/733/733 734/734/734
f 726/726/726 734/734/734 735/735/735
f 726/726/726 735/735/735 736/736/736
f 726/726/726 736/736/736 737/737/737
f 726/726/726 737/737/737 738/738/738
f 726/726/726 738/738/738 739/739/739
f 726/726/726 739/739/739 740/740/740
f 726/726/726 740/740/740 741/741/741
f 726/726/726 741/741/741 727/727/727
f 726/726/726 731/731/731 742/742/742
f 726/726/726 742/742/742 732/732/732
f 743/743/743 744/744/744 745/745/745
f 743/743/743 745/745/745 746/746/746
f 746/746/746 747/747/747 748/748/748
f 746/746/746 748/748/748 743/743/743
f 749/749/749 750/750/750 744/744/744
f 749/749/749 744/744/744 743/743/743
f 743/743/743 748/748/748 751/751/751
f 743/743/743 751/751/751 749/749/749
f 752/752/752 753/753/753 754/754/754
f 752/752/752 754/754/754 755/755/755
f 755/755/755 756/756/756 757/757/757
f 755/755/755 757/757/757 752/752/752
f 758/758/758 759/759/759 760/760/760
f 758/758/758 760/760/760 761/761/761
f 761/761/761 762/762/762 763/763/763
f 761/761/761 763/763/763 758/758/758
f 764/764/764 765/765/765 766/766/766
f 764/764/764 766/766/766 767/767/767
f 767/767/767 768/768/768 769/769/769
f 767/767/767 769/769/769 764/764/764
f 770/770/770 771/771/771 772/772/772
f 770/770/770 772/772/772 773/773/773
f 773/773/773 774/774/774 775/775/775
f 773/773/773 775/775/775 770/770/770
f 776/776/776 777/777/777 778/778/778
f 776/776/776 778/778/778 779/779/779
f 779/779/779 780/780/780 781/781/781
f 779/779/779 781/781/781 776/776/776
f 782/782/782 783/783/783 784/784/784
f 782/782/782 784/784/784 785/785/785
f 785/785/785 786/786/786 787/787/787
f 785/785/785 787/787/787 782/782/782
f 788/788/788 789/789/789 765/765/765
f 788/788/788 765/765/765 764/764/764
f 764/764/764 769/769/769 790/790/790
f 764/764/764 790/790/790 788/788/788
f 746/746/746 745/745/745 783/783/783
f 746/746/746 783/783/783 782/782/782
f 782/782/782 787/787/787 747/747/747
f 782/782/782 747/747/747 746/746/746
f 761/761/761 760/760/760 753/753/753
f 761/761/761 753/753/753 752/752/752
f 752/752/752 757/757/757 762/762/762
f 752/752/752 762/762/762 761/761/761
f 779/779/779 778/778/778 771/771/771
f 779/779/779 771/771/771 770/770/770
f 770/770/770 775/775/775 780/780/780
f 770/770/770 780/780/780 779/779/779
f 767/767/767 766/766/766 759/759/759
f 767/767/767 759/759/759 758/758/758
f 758/758/758 763/763/763 768/768/768
f 758/758/758 768/768/768 767/767/767
f 785/785/785 784/784/784 777/777/777
f 785/785/785 777/777/777 776/776/776
f 776/776/776 781/781/781 786/786/786
f 776/776/776 786/786/786 785/785/785
f 755/755/755 754/754/754 750/750/750
f 755/755/755 750/750/750 749/749/749
f 749/749/749 751/751/751 756/756/756
f 749/749/749 756/756/756 755/755/755
f 773/773/773 772/772/772 789/789/789
f 773/773/773 789/789/789 788/788/788
f 788/788/788 790/790/790 774/774/774
f 788/788/788 774/774/774 773/773/773
f 769/769/769 768/768/768 742/742/742
f 769/769/769 742/742/742 731/731/731
f 768/768/768 763/763/763 732/732/732
f 768/768/768 732/732/732 742/742/742
f 763/763/763 762/762/762 733/733/733
f 763/763/763 733/733/733 732/732/732
f 762/762/762 757/757/757 734/734/734
f 762/762/762 734/734/734 733/733/733
f 757/757/757 756/756/756 735/735/735
f 757/757/757 735/735/735 734/734/734
f 756/756/756 751/751/751 736/736/736
f 756/756/756 736/736/736 735/735/735
f 751/751/751 748/748/748 737/737/737
f 751/751/751 737/737/737 736/736/736
f 748/748/748 747/747/747 738/738/738
f 748/748/748 738/738/738 737/737/737
f 747/747/747 787/787/787 739/739/739
f 747/747/747 739/739/739 738/738/738
f 787/787/787 786/786/786 740/740/740
f 787/787/787 740/740/740 739/739/739
f 786/786/786 781/781/781 741/741/741
f 786/786/786 741/741/741 740/740/740
f 781/781/781 780/780/780 727/727/727
f 781/781/781 727/727/727 741/741/741
f 780/780/780 775/775/775 728/728/728
f 780/780/780 728/728/728 727/727/727
f 775/775/775 774/774/774 729/729/729
f 775/775/775 729/729/729 728/728/728
f 774/774/774 790/790/790 730/730/730
f 774/774/774 730/730/730 729/729/729
f 790/790/790 769/769/769 731/731/731
f 790/790/790 731/731/731 730/730/730
f 3/3/3 270/270/270 269/269/269
f 3/3/3 269/269/269 1/1/1
f 791/791/791 267/267/267 2/2/2
f 791/791/791 2/2/2 1/1/1
f 1/1/1 269/269/269 274/274/274
f 1/1/1 274/274/274 791/791/791
f 268/268/268 267/267/267 791/791/791
f 268/268/268 791/791/791 792/792/792
f 284/284/284 5/5/5 4/4/4
f 284/284/284 4/4/4 285/285/285
f 4/4/4 793/793/793 286/286/286
f 4/4/4 286/286/286 285/285/285
f 290/290/290 793/793/793 4/4/4
f 290/290/290 4/4/4 6/6/6
f 292/292/292 794/794/794 793/793/793
f 292/292/292 793/793/793 290/290/290
f 270/270/270 3/3/3 324/324/324
f 270/270/270 324/324/324 327/327/327
f 284/284/284 339/339/339 342/342/342
f 284/284/284 342/342/342 5/5/5
f 219/219/219 218/218/218 234/234/234
f 219/219/219 234/234/234 795/795/795
f 223/223/223 222/222/222 796/796/796
f 223/223/223 796/796/796 235/235/235
f 219/219/219 795/795/795 797/797/797
f 219/219/219 797/797/797 220/220/220
f 222/222/222 221/221/221 798/798/798
f 222/222/222 798/798/798 796/796/796
f 234/234/234 268/268/268 792/792/792
f 234/234/234 792/792/792 795/795/795
f 796/796/796 794/794/794 292/292/292
f 796/796/796 292/292/292 235/235/235
f 203/203/203 220/220/220 799/799/799
f 203/203/203 799/799/799 204/204/204
f 221/221/221 799/799/799 800/800/800
f 221/221/221 800/800/800 798/798/798
f 220/220/220 797/797/797 800/800/800
f 220/220/220 800/800/800 799/799/799
f 205/205/205 204/204/204 799/799/799
f 205/205/205 799/799/799 221/221/221
f 279/279/279 801/801/801 274/274/274
f 279/279/279 274/274/274 273/273/273
f 283/283/283 282/282/282 286/286/286
f 283/283/283 286/286/286 802/802/802
f 283/283/283 802/802/802 803/803/803
f 283/283/283 803/803/803 804/804/804
f 279/279/279 805/805/805 806/806/806
f 279/279/279 806/806/806 801/801/801
f 807/807/807 805/805/805 279/279/279
f 807/807/807 279/279/279 278/278/278
f 807/807/807 278/278/278 283/283/283
f 807/807/807 283/283/283 804/804/804
f 808/808/808 809/809/809 804/804/804
f 808/808/808 804/804/804 803/803/803
f 810/810/810 806/806/806 805/805/805
f 810/810/810 805/805/805 811/811/811
f 810/810/810 811/811/811 812/812/812
f 810/810/810 812/812/812 813/813/813
f 807/807/807 812/812/812 811/811/811
f 807/807/807 811/811/811 805/805/805
f 807/807/807 804/804/804 809/809/809
f 807/807/807 809/809/809 812/812/812
f 808/808/808 813/813/813 812/812/812
f 808/808/808 812/812/812 809/809/809
f 814/814/814 795/795/795 792/792/792
f 814/814/814 792/792/792 815/815/815
f 815/815/815 801/801/801 806/806/806
f 815/815/815 806/806/806 814/814/814
f 816/816/816 794/794/794 796/796/796
f 816/816/816 796/796/796 817/817/817
f 817/817/817 803/803/803 802/802/802
f 817/817/817 802/802/802 816/816/816
f 818/818/818 797/797/797 795/795/795
f 818/818/818 795/795/795 814/814/814
f 814/814/814 806/806/806 810/810/810
f 814/814/814 810/810/810 818/818/818
f 817/817/817 796/796/796 798/798/798
f 817/817/817 798/798/798 819/819/819
f 819/819/819 808/808/808 803/803/803
f 819/819/819 803/803/803 817/817/817
f 819/819/819 798/798/798 800/800/800
f 819/819/819 800/800/800 820/820/820
f 820/820/820 813/813/813 808/808/808
f 820/820/820 808/808/808 819/819/819
f 820/820/820 800/800/800 797/797/797
f 820/820/820 797/797/797 818/818/818
f 818/818/818 810/810/810 813/813/813
f 818/818/818 813/813/813 820/820/820
f 286/286/286 816/816/816 802/802/802
f 816/816/816 286/286/286 794/794/794
f 794/794/794 286/286/286 793/793/793
f 791/791/791 815/815/815 792/792/792
f 815/815/815 791/791/791 801/801/801
f 801/801/801 791/791/791 274/274/274

o GARRAFA_VIDRO_DENTRO_0
usemtl VIDRO_DENTRO
v -0.87221974 47.23524475 -2.10572481
v -0.78676397 47.15024567 -1.89941657
v -0.00000005 47.15024567 -2.05591345
v -0.00000006 47.23524475 -2.27921987
v -0.00000006 47.23524475 -2.27921987
v -0.00000005 47.15024567 -2.05591345
v 0.78676397 47.15024567 -1.89941657
v 0.87221974 47.23524475 -2.10572481
v 1.45375025 47.15024567 -1.45375025
v 1.61165190 47.23524475 -1.61165190
v 1.89941657 47.15024567 -0.78676397
v 2.10572481 47.23524475 -0.87221974
v 2.05591345 47.15024567 -0.00000004
v 2.27921987 47.23524475 -0.00000004
v 1.89941657 47.15024567 0.78676397
v 2.10572481 47.23524475 0.87221974
v 1.45375025 47.15024567 1.45375025
v 1.61165190 47.23524475 1.61165190
v 0.78676397 47.15024567 1.89941657
v 0.87221974 47.23524475 2.10572481
v -0.00000005 47.15024567 2.05591345
v -0.00000006 47.23524475 2.27921987
v -0.78676397 47.15024567 1.89941657
v -0.87221974 47.23524475 2.10572481
v -1.45375025 47.15024567 1.45375025
v -1.61165190 47.23524475 1.61165190
v -1.89941657 47.15024567 0.78676397
v -2.10572481 47.23524475 0.87221974
v -2.05591345 47.15024567 -0.00000004
v -2.27921987 47.23524475 -0.00000004
v -1.89941657 47.15024567 -0.78676397
v -2.10572481 47.23524475 -0.87221974
v -1.45375025 47.15024567 -1.45375025
v -1.61165190 47.23524475 -1.61165190
v -0.37240168 0.12303140 -4.93877268
v -0.22636850 0.15645641 -4.60840607
v -0.45219833 0.15645641 -4.59162855
v -0.61426103 -0.04101859 -4.91442299
v -0.67695129 0.15645641 -4.56380653
v -0.85465443 0.12303140 -4.87825346
v -0.90008861 0.15645641 -4.52505064
v -1.09300709 -0.04101859 -4.83039522
v -1.12107229 0.15645641 -4.47546577
v -1.32874417 0.12303140 -4.77097797
v -1.33936346 0.15645641 -4.41515875
v -1.56129098 -0.04101859 -4.70013142
v -1.55442381 0.15645641 -4.34423923
v -1.79007244 0.12303140 -4.61798620
v -1.76571500 0.15645641 -4.26281166
v -2.01451397 -0.04101859 -4.52467203
v -1.97269773 0.15645641 -4.17098427
v -2.23404074 0.12303140 -4.42031860
v -2.17491651 0.15645641 -4.06906176
v -2.44817114 -0.04101859 -4.30526638
v -2.37191463 0.15645641 -3.95734978
v -2.65642452 0.12303140 -4.17985678
v -2.56323528 0.15645641 -3.83615279
v -2.85831904 -0.04101859 -4.04442787
v -2.74842238 0.15645641 -3.70577526
v -3.05337358 0.12303140 -3.89932060
v -2.92701864 0.15645641 -3.56652355
v -3.24110699 -0.04101859 -3.74487567
v -3.09856868 0.15645641 -3.41870141
v -3.42103791 0.12303140 -3.58143139
v -3.26261473 0.15645641 -3.26261473
v -3.59268475 -0.04101859 -3.40933084
v -3.41870141 0.15645641 -3.09856868
v -3.75556660 0.12303140 -3.22891188
v -3.56652331 0.15645641 -2.92701864
v -3.90936947 -0.04101859 -3.04067349
v -3.70577526 0.15645641 -2.74842238
v -4.05377769 0.12303140 -2.84511447
v -3.83615303 0.15645641 -2.56323528
v -4.18847847 -0.04101859 -2.64273286
v -3.95734978 0.15645641 -2.37191463
v -4.31315470 0.12303140 -2.43402743
v -4.06906223 0.15645641 -2.17491651
v -4.42749405 -0.04101859 -2.21949577
v -4.17098427 0.15645641 -1.97269773
v -4.53118134 0.12303140 -1.99963748
v -4.26281118 0.15645641 -1.76571500
v -4.62390232 -0.04101859 -1.77495015
v -4.34423923 0.15645641 -1.55442357
v -4.70534229 0.12303140 -1.54593229
v -4.41515875 0.15645641 -1.33936346
v -4.77540159 -0.04101859 -1.31316543
v -4.47546577 0.15645641 -1.12107217
v -4.83398056 0.12303140 -1.07722938
v -4.52505112 0.15645641 -0.90008861
v -4.88097906 -0.04101859 -0.83870572
v -4.56380653 0.15645641 -0.67695117
v -4.91629744 0.12303140 -0.59817505
v -4.59162855 0.15645641 -0.45219827
v -4.93983603 -0.04101859 -0.35621807
v -4.60840607 0.15645641 -0.22636843
v -4.95149422 0.12303140 -0.11341586
v -4.61403513 0.15645641 -0.00000007
v -4.95117283 -0.04101859 0.12965095
v -4.60840607 0.15645641 0.22636826
v -4.93877268 0.12303140 0.37240145
v -4.59162855 0.15645641 0.45219818
v -4.91442299 -0.04101859 0.61426085
v -4.56380653 0.15645641 0.67695111
v -4.87825346 0.12303140 0.85465425
v -4.52505064 0.15645641 0.90008861
v -4.83039522 -0.04101859 1.09300709
v -4.47546577 0.15645641 1.12107217
v -4.77097797 0.12303140 1.32874405
v -4.41515875 0.15645641 1.33936346
v -4.70013142 -0.04101859 1.56129086
v -4.34423923 0.15645641 1.55442357
v -4.61798620 0.12303140 1.79007220
v -4.26281166 0.15645641 1.76571476
v -4.52467203 -0.04101859 2.01451373
v -4.17098427 0.15645641 1.97269773
v -4.42031860 0.12303140 2.23404050
v -4.06906176 0.15645641 2.17491651
v -4.30526638 -0.04101859 2.44817114
v -3.95734978 0.15645641 2.37191439
v -4.17985678 0.12303140 2.65642452
v -3.83615279 0.15645641 2.56323528
v -4.04442787 -0.04101859 2.85831904
v -3.70577526 0.15645641 2.74842215
v -3.89932060 0.12303140 3.05337358
v -3.56652355 0.15645641 2.92701864
v -3.74487567 -0.04101859 3.24110699
v -3.41870141 0.15645641 3.09856844
v -3.58143139 0.12303140 3.42103767
v -3.26261473 0.15645641 3.26261473
v -3.40933084 -0.04101859 3.59268451
v -3.09856868 0.15645641 3.41870141
v -3.22891188 0.12303140 3.75556660
v -2.92701864 0.15645641 3.56652331
v -3.04067349 -0.04101859 3.90936947
v -2.74842238 0.15645641 3.70577502
v -2.84511447 0.12303140 4.05377769
v -2.56323528 0.15645641 3.83615232
v -2.64273286 -0.04101859 4.18847752
v -2.37191463 0.15645641 3.95734978
v -2.43402743 0.12303140 4.31315470
v -2.17491651 0.15645641 4.06906176
v -2.21949577 -0.04101859 4.42749357
v -1.97269773 0.15645641 4.17098427
v -1.99963748 0.12303140 4.53118134
v -1.76571500 0.15645641 4.26281118
v -1.77495015 -0.04101859 4.62390232
v -1.55442381 0.15645641 4.34423923
v -1.54593253 0.12303140 4.70534229
v -1.33936346 0.15645641 4.41515875
v -1.31316543 -0.04101859 4.77540159
v -1.12107229 0.15645641 4.47546577
v -1.07722950 0.12303140 4.83398056
v -0.90008861 0.15645641 4.52505112
v -0.83870572 -0.04101859 4.88097906
v -0.67695129 0.15645641 4.56380653
v -0.59817511 0.12303140 4.91629744
v -0.45219836 0.15645641 4.59162855
v -0.35621822 -0.04101859 4.93983603
v -0.22636850 0.15645641 4.60840607
v -0.11341593 0.12303140 4.95149422
v -0.00000015 0.15645641 4.61403513
v 0.12965088 -0.04101859 4.95117283
v 0.22636819 0.15645641 4.60840607
v 0.37240136 0.12303140 4.93877268
v 0.45219809 0.15645641 4.59162855
v 0.61426073 -0.04101859 4.91442299
v 0.67695099 0.15645641 4.56380653
v 0.85465413 0.12303140 4.87825346
v 0.90008843 0.15645641 4.52505064
v 1.09300685 -0.04101859 4.83039522
v 1.12107205 0.15645641 4.47546577
v 1.32874393 0.12303140 4.77097797
v 1.33936334 0.15645641 4.41515875
v 1.56129074 -0.04101859 4.70013142
v 1.55442357 0.15645641 4.34423923
v 1.79007220 0.12303140 4.61798620
v 1.76571500 0.15645641 4.26281166
v 2.01451397 -0.04101859 4.52467203
v 1.97269773 0.15645641 4.17098427
v 2.23404074 0.12303140 4.42031860
v 2.17491651 0.15645641 4.06906176
v 2.44817114 -0.04101859 4.30526638
v 2.37191463 0.15645641 3.95734978
v 2.65642452 0.12303140 4.17985678
v 2.56323528 0.15645641 3.83615279
v 2.85831904 -0.04101859 4.04442787
v 2.74842238 0.15645641 3.70577502
v 3.05337358 0.12303140 3.89932013
v 2.92701864 0.15645641 3.56652331
v 3.24110699 -0.04101859 3.74487519
v 3.09856868 0.15645641 3.41870141
v 3.42103791 0.12303140 3.58143139
v 3.26261473 0.15645641 3.26261473
v 3.59268475 -0.04101859 3.40933084
v 3.41870141 0.15645641 3.09856868
v 3.75556660 0.12303140 3.22891188
v 3.56652331 0.15645641 2.92701864
v 3.90936947 -0.04101859 3.04067349
v 3.70577526 0.15645641 2.74842215
v 4.05377769 0.12303140 2.84511423
v 3.83615303 0.15645641 2.56323528
v 4.18847847 -0.04101859 2.64273262
v 3.95734978 0.15645641 2.37191439
v 4.31315470 0.12303140 2.43402719
v 4.06906223 0.15645641 2.17491651
v 4.42749405 -0.04101859 2.21949577
v 4.17098427 0.15645641 1.97269773
v 4.53118134 0.12303140 1.99963725
v 4.26281118 0.15645641 1.76571476
v 4.62390232 -0.04101859 1.77494991
v 4.34423923 0.15645641 1.55442357
v 4.70534229 0.12303140 1.54593229
v 4.41515875 0.15645641 1.33936346
v 4.77540159 -0.04101859 1.31316531
v 4.47546577 0.15645641 1.12107217
v 4.83398056 0.12303140 1.07722938
v 4.52505112 0.15645641 0.90008861
v 4.88097906 -0.04101859 0.83870572
v 4.56380653 0.15645641 0.67695111
v 4.91629744 0.12303140 0.59817493
v 4.59162855 0.15645641 0.45219818
v 4.93983603 -0.04101859 0.35621798
v 4.60840607 0.15645641 0.22636826
v 4.95149422 0.12303140 0.11341570
v 4.61403513 0.15645641 -0.00000007
v 4.95117283 -0.04101859 -0.12965110
v 4.60840607 0.15645641 -0.22636843
v 4.93877268 0.12303140 -0.37240160
v 4.59162855 0.15645641 -0.45219827
v 4.91442299 -0.04101859 -0.61426091
v 4.56380653 0.15645641 -0.67695117
v 4.87825346 0.12303140 -0.85465431
v 4.52505064 0.15645641 -0.90008861
v 4.83039522 -0.04101859 -1.09300709
v 4.47546577 0.15645641 -1.12107217
v 4.77097797 0.12303140 -1.32874405
v 4.41515875 0.15645641 -1.33936346
v 4.70013142 -0.04101859 -1.56129098
v 4.34423923 0.15645641 -1.55442357
v 4.61798620 0.12303140 -1.79007220
v 4.26281166 0.15645641 -1.76571500
v 4.52467203 -0.04101859 -2.01451397
v 4.17098427 0.15645641 -1.97269773
v 4.42031860 0.12303140 -2.23404074
v 4.06906176 0.15645641 -2.17491651
v 4.30526638 -0.04101859 -2.44817114
v 3.95734978 0.15645641 -2.37191463
v 4.17985678 0.12303140 -2.65642452
v 3.83615279 0.15645641 -2.56323528
v 4.04442787 -0.04101859 -2.85831904
v 3.70577526 0.15645641 -2.74842238
v 3.89932060 0.12303140 -3.05337358
v 3.56652355 0.15645641 -2.92701864
v 3.74487567 -0.04101859 -3.24110699
v 3.41870141 0.15645641 -3.09856868
v 3.58143139 0.12303140 -3.42103791
v 3.26261473 0.15645641 -3.26261473
v 3.40933084 -0.04101859 -3.59268475
v 3.09856868 0.15645641 -3.41870141
v 3.22891188 0.12303140 -3.75556660
v 2.92701864 0.15645641 -3.56652331
v 3.04067349 -0.04101859 -3.90936947
v 2.74842238 0.15645641 -3.70577526
v 2.84511447 0.12303140 -4.05377769
v 2.56323528 0.15645641 -3.83615303
v 2.64273286 -0.04101859 -4.18847847
v 2.37191463 0.15645641 -3.95734978
v 2.43402743 0.12303140 -4.31315470
v 2.17491651 0.15645641 -4.06906223
v 2.21949577 -0.04101859 -4.42749405
v 1.97269773 0.15645641 -4.17098427
v 1.99963748 0.12303140 -4.53118134
v 1.76571500 0.15645641 -4.26281118
v 1.77495015 -0.04101859 -4.62390232
v 1.55442357 0.15645641 -4.34423923
v 1.54593229 0.12303140 -4.70534229
v 1.33936322 0.15645641 -4.41515875
v 1.31316507 -0.04101859 -4.77540159
v 1.12107205 0.15645641 -4.47546577
v 1.07722926 0.12303140 -4.83398056
v 0.90008843 0.15645641 -4.52505112
v 0.83870554 -0.04101859 -4.88097906
v 0.67695099 0.15645641 -4.56380653
v 0.59817481 0.12303140 -4.91629744
v 0.45219803 0.15645641 -4.59162855
v 0.35621786 -0.04101859 -4.93983603
v 0.22636819 0.15645641 -4.60840607
v 0.11341560 0.12303140 -4.95149422
v -0.00000015 0.15645641 -4.61403513
v -0.12965119 -0.04101859 -4.95117283
v -0.54504460 0.20778139 -5.53439045
v -0.55044109 0.28753644 -5.58918619
v -0.27554840 0.28753644 -5.60960960
v -0.27284691 0.20778139 -5.55461359
v -0.00000018 0.28753644 -5.61646080
v -0.00000018 0.20778139 -5.56139755
v 0.27554798 0.28753644 -5.60960960
v 0.27284655 0.20778139 -5.55461359
v 0.55044073 0.28753644 -5.58918619
v 0.54504424 0.20778139 -5.53439045
v 0.82402259 0.28753644 -5.55532074
v 0.81594390 0.20778139 -5.50085688
v 1.09563792 0.28753644 -5.50814438
v 1.08489633 0.20778139 -5.45414305
v 1.36463153 0.28753644 -5.44778728
v 1.35125268 0.20778139 -5.39437771
v 1.63034773 0.28753644 -5.37437868
v 1.61436391 0.20778139 -5.32168913
v 1.89213121 0.28753644 -5.28805065
v 1.87358069 0.20778139 -5.23620749
v 2.14932609 0.28753644 -5.18893290
v 2.12825418 0.20778139 -5.13806105
v 2.40127778 0.28753644 -5.07715511
v 2.37773585 0.20778139 -5.02737951
v 2.64742994 0.28753644 -4.95308924
v 2.62147474 0.20778139 -4.90453005
v 2.88722682 0.28753644 -4.81710720
v 2.85892081 0.20778139 -4.76988077
v 3.12011337 0.28753644 -4.66957951
v 3.08952379 0.20778139 -4.62379885
v 3.34553337 0.28753644 -4.51087713
v 3.31273413 0.20778139 -4.46665287
v 3.56293058 0.28753644 -4.34137154
v 3.52800012 0.20778139 -4.29880953
v 3.77175069 0.28753644 -4.16143513
v 3.73477292 0.20778139 -4.12063694
v 3.97143769 0.28753644 -3.97143769
v 3.93250179 0.20778139 -3.93250179
v 4.16143513 0.28753644 -3.77175093
v 4.12063694 0.20778139 -3.73477340
v 4.34137154 0.28753644 -3.56293106
v 4.29880953 0.20778139 -3.52800035
v 4.51087713 0.28753644 -3.34553337
v 4.46665287 0.20778139 -3.31273413
v 4.66957951 0.28753644 -3.12011361
v 4.62379885 0.20778139 -3.08952427
v 4.81710720 0.28753644 -2.88722730
v 4.76988077 0.20778139 -2.85892105
v 4.95308924 0.28753644 -2.64743018
v 4.90453005 0.20778139 -2.62147498
v 5.07715511 0.28753644 -2.40127826
v 5.02737951 0.20778139 -2.37773609
v 5.18893290 0.28753644 -2.14932656
v 5.13806105 0.20778139 -2.12825489
v 5.28805065 0.28753644 -1.89213157
v 5.23620749 0.20778139 -1.87358117
v 5.37437868 0.28753644 -1.63034821
v 5.32168913 0.20778139 -1.61436403
v 5.44778728 0.28753644 -1.36463189
v 5.39437771 0.20778139 -1.35125303
v 5.50814486 0.28753644 -1.09563816
v 5.45414352 0.20778139 -1.08489668
v 5.55532074 0.28753644 -0.82402283
v 5.50085688 0.20778139 -0.81594419
v 5.58918619 0.28753644 -0.55044097
v 5.53439045 0.20778139 -0.54504454
v 5.60960960 0.28753644 -0.27554831
v 5.55461359 0.20778139 -0.27284685
v 5.61646080 0.28753644 -0.00000011
v 5.56139755 0.20778139 -0.00000011
v 5.60960960 0.28753644 0.27554807
v 5.55461359 0.20778139 0.27284664
v 5.58918619 0.28753644 0.55044079
v 5.53439045 0.20778139 0.54504430
v 5.55532074 0.28753644 0.82402265
v 5.50085688 0.20778139 0.81594402
v 5.50814438 0.28753644 1.09563792
v 5.45414305 0.20778139 1.08489633
v 5.44778728 0.28753644 1.36463153
v 5.39437771 0.20778139 1.35125279
v 5.37437868 0.28753644 1.63034773
v 5.32168913 0.20778139 1.61436391
v 5.28805065 0.28753644 1.89213133
v 5.23620749 0.20778139 1.87358093
v 5.18893290 0.28753644 2.14932632
v 5.13806105 0.20778139 2.12825465
v 5.07715511 0.28753644 2.40127802
v 5.02737951 0.20778139 2.37773609
v 4.95308924 0.28753644 2.64742994
v 4.90453005 0.20778139 2.62147474
v 4.81710720 0.28753644 2.88722682
v 4.76988077 0.20778139 2.85892081
v 4.66957951 0.28753644 3.12011337
v 4.62379885 0.20778139 3.08952379
v 4.51087713 0.28753644 3.34553313
v 4.46665287 0.20778139 3.31273365
v 4.34137154 0.28753644 3.56293058
v 4.29880953 0.20778139 3.52800012
v 4.16143513 0.28753644 3.77175069
v 4.12063694 0.20778139 3.73477292
v 3.97143769 0.28753644 3.97143769
v 3.93250179 0.20778139 3.93250179
v 3.77175069 0.28753644 4.16143513
v 3.73477292 0.20778139 4.12063646
v 3.56293058 0.28753644 4.34137154
v 3.52800012 0.20778139 4.29880905
v 3.34553337 0.28753644 4.51087713
v 3.31273413 0.20778139 4.46665239
v 3.12011337 0.28753644 4.66957951
v 3.08952379 0.20778139 4.62379885
v 2.88722682 0.28753644 4.81710672
v 2.85892081 0.20778139 4.76988029
v 2.64742994 0.28753644 4.95308876
v 2.62147474 0.20778139 4.90452957
v 2.40127778 0.28753644 5.07715511
v 2.37773585 0.20778139 5.02737951
v 2.14932609 0.28753644 5.18893290
v 2.12825418 0.20778139 5.13806105
v 1.89213121 0.28753644 5.28805065
v 1.87358069 0.20778139 5.23620749
v 1.63034773 0.28753644 5.37437868
v 1.61436391 0.20778139 5.32168913
v 1.36463153 0.28753644 5.44778728
v 1.35125268 0.20778139 5.39437771
v 1.09563792 0.28753644 5.50814486
v 1.08489633 0.20778139 5.45414352
v 0.82402259 0.28753644 5.55532074
v 0.81594390 0.20778139 5.50085688
v 0.55044073 0.28753644 5.58918619
v 0.54504424 0.20778139 5.53439045
v 0.27554798 0.28753644 5.60960960
v 0.27284655 0.20778139 5.55461359
v -0.00000018 0.28753644 5.61646080
v -0.00000018 0.20778139 5.56139755
v -0.27554840 0.28753644 5.60960960
v -0.27284691 0.20778139 5.55461359
v -0.55044109 0.28753644 5.58918619
v -0.54504460 0.20778139 5.53439045
v -0.82402283 0.28753644 5.55532074
v -0.81594419 0.20778139 5.50085688
v -1.09563828 0.28753644 5.50814438
v -1.08489668 0.20778139 5.45414305
v -1.36463189 0.28753644 5.44778728
v -1.35125303 0.20778139 5.39437771
v -1.63034821 0.28753644 5.37437868
v -1.61436403 0.20778139 5.32168913
v -1.89213157 0.28753644 5.28805065
v -1.87358117 0.20778139 5.23620749
v -2.14932656 0.28753644 5.18893242
v -2.12825489 0.20778139 5.13806105
v -2.40127826 0.28753644 5.07715511
v -2.37773609 0.20778139 5.02737951
v -2.64743018 0.28753644 4.95308876
v -2.62147498 0.20778139 4.90452957
v -2.88722730 0.28753644 4.81710672
v -2.85892105 0.20778139 4.76988029
v -3.12011361 0.28753644 4.66957951
v -3.08952427 0.20778139 4.62379885
v -3.34553337 0.28753644 4.51087713
v -3.31273413 0.20778139 4.46665239
v -3.56293106 0.28753644 4.34137154
v -3.52800035 0.20778139 4.29880905
v -3.77175140 0.28753644 4.16143513
v -3.73477387 0.20778139 4.12063646
v -3.97143769 0.28753644 3.97143769
v -3.93250179 0.20778139 3.93250179
v -4.16143513 0.28753644 3.77175069
v -4.12063694 0.20778139 3.73477292
v -4.34137154 0.28753644 3.56293058
v -4.29880953 0.20778139 3.52800012
v -4.51087713 0.28753644 3.34553313
v -4.46665287 0.20778139 3.31273365
v -4.66957951 0.28753644 3.12011313
v -4.62379885 0.20778139 3.08952355
v -4.81710720 0.28753644 2.88722682
v -4.76988077 0.20778139 2.85892081
v -4.95308924 0.28753644 2.64742994
v -4.90453005 0.20778139 2.62147474
v -5.07715511 0.28753644 2.40127802
v -5.02737951 0.20778139 2.37773609
v -5.18893290 0.28753644 2.14932632
v -5.13806105 0.20778139 2.12825465
v -5.28805065 0.28753644 1.89213133
v -5.23620749 0.20778139 1.87358093
v -5.37437868 0.28753644 1.63034773
v -5.32168913 0.20778139 1.61436391
v -5.44778728 0.28753644 1.36463153
v -5.39437771 0.20778139 1.35125279
v -5.50814486 0.28753644 1.09563792
v -5.45414352 0.20778139 1.08489633
v -5.55532074 0.28753644 0.82402265
v -5.50085688 0.20778139 0.81594402
v -5.58918619 0.28753644 0.55044079
v -5.53439045 0.20778139 0.54504430
v -5.60960960 0.28753644 0.27554807
v -5.55461359 0.20778139 0.27284664
v -5.61646080 0.28753644 -0.00000010
v -5.56139755 0.20778139 -0.00000010
v -5.60960960 0.28753644 -0.27554831
v -5.55461359 0.20778139 -0.27284685
v -5.58918619 0.28753644 -0.55044097
v -5.53439045 0.20778139 -0.54504454
v -5.55532074 0.28753644 -0.82402283
v -5.50085688 0.20778139 -0.81594419
v -5.50814438 0.28753644 -1.09563828
v -5.45414305 0.20778139 -1.08489668
v -5.44778728 0.28753644 -1.36463189
v -5.39437771 0.20778139 -1.35125303
v -5.37437868 0.28753644 -1.63034821
v -5.32168913 0.20778139 -1.61436403
v -5.28805065 0.28753644 -1.89213157
v -5.23620749 0.20778139 -1.87358117
v -5.18893290 0.28753644 -2.14932656
v -5.13806105 0.20778139 -2.12825489
v -5.07715511 0.28753644 -2.40127826
v -5.02737951 0.20778139 -2.37773609
v -4.95308924 0.28753644 -2.64743018
v -4.90453005 0.20778139 -2.62147498
v -4.81710720 0.28753644 -2.88722730
v -4.76988077 0.20778139 -2.85892105
v -4.66957951 0.28753644 -3.12011361
v -4.62379885 0.20778139 -3.08952427
v -4.51087713 0.28753644 -3.34553337
v -4.46665287 0.20778139 -3.31273413
v -4.34137154 0.28753644 -3.56293106
v -4.29880953 0.20778139 -3.52800035
v -4.16143513 0.28753644 -3.77175140
v -4.12063694 0.20778139 -3.73477387
v -3.97143769 0.28753644 -3.97143769
v -3.93250179 0.20778139 -3.93250179
v -3.77175093 0.28753644 -4.16143513
v -3.73477340 0.20778139 -4.12063694
v -3.56293106 0.28753644 -4.34137154
v -3.52800035 0.20778139 -4.29880953
v -3.34553337 0.28753644 -4.51087713
v -3.31273413 0.20778139 -4.46665287
v -3.12011361 0.28753644 -4.66957951
v -3.08952427 0.20778139 -4.62379885
v -2.88722730 0.28753644 -4.81710720
v -2.85892105 0.20778139 -4.76988077
v -2.64743018 0.28753644 -4.95308924
v -2.62147498 0.20778139 -4.90453005
v -2.40127826 0.28753644 -5.07715511
v -2.37773609 0.20778139 -5.02737951
v -2.14932656 0.28753644 -5.18893290
v -2.12825489 0.20778139 -5.13806105
v -1.89213157 0.28753644 -5.28805065
v -1.87358117 0.20778139 -5.23620749
v -1.63034821 0.28753644 -5.37437868
v -1.61436403 0.20778139 -5.32168913
v -1.36463189 0.28753644 -5.44778728
v -1.35125303 0.20778139 -5.39437771
v -1.09563816 0.28753644 -5.50814486
v -1.08489668 0.20778139 -5.45414352
v -0.82402283 0.28753644 -5.55532074
v -0.81594419 0.20778139 -5.50085688
v -0.25656876 0.17610641 -5.22322321
v -0.51252705 0.01205641 -5.20420599
v -0.00000017 0.01205641 -5.22960234
v -0.76726466 0.17610641 -5.17267370
v -1.02017117 0.01205641 -5.12874699
v -1.27063680 0.17610641 -5.07254696
v -1.51805055 0.01205641 -5.00419521
v -1.76180267 0.17610641 -4.92381287
v -2.00128222 0.01205641 -4.83152246
v -2.23587966 0.17610641 -4.72744370
v -2.46507668 0.01205641 -4.61192369
v -2.68835664 0.17610641 -4.48530769
v -2.90520191 0.01205641 -4.34794140
v -3.11509490 0.17610641 -4.20017052
v -3.31751823 0.01205641 -4.04234076
v -3.51195478 0.17610641 -3.87479782
v -3.69788694 0.01205641 -3.69788694
v -3.87479782 0.17610641 -3.51195526
v -4.04234076 0.01205641 -3.31751823
v -4.20017052 0.17610641 -3.11509490
v -4.34794140 0.01205641 -2.90520191
v -4.48530769 0.17610641 -2.68835664
v -4.61192369 0.01205641 -2.46507668
v -4.72744370 0.17610641 -2.23587966
v -4.83152246 0.01205641 -2.00128222
v -4.92381287 0.17610641 -1.76180267
v -5.00419521 0.01205641 -1.51805055
v -5.07254696 0.17610641 -1.27063668
v -5.12874699 0.01205641 -1.02017128
v -5.17267370 0.17610641 -0.76726454
v -5.20420599 0.01205641 -0.51252699
v -5.22322321 0.17610641 -0.25656870
v -5.22960234 0.01205641 -0.00000009
v -5.22322321 0.17610641 0.25656852
v -5.20420599 0.01205641 0.51252681
v -5.17267370 0.17610641 0.76726449
v -5.12874699 0.01205641 1.02017117
v -5.07254696 0.17610641 1.27063668
v -5.00419521 0.01205641 1.51805043
v -4.92381287 0.17610641 1.76180243
v -4.83152246 0.01205641 2.00128198
v -4.72744370 0.17610641 2.23587942
v -4.61192369 0.01205641 2.46507645
v -4.48530769 0.17610641 2.68835640
v -4.34794140 0.01205641 2.90520144
v -4.20017052 0.17610641 3.11509466
v -4.04234076 0.01205641 3.31751776
v -3.87479782 0.17610641 3.51195478
v -3.69788694 0.01205641 3.69788694
v -3.51195526 0.17610641 3.87479734
v -3.31751823 0.01205641 4.04234028
v -3.11509490 0.17610641 4.20017004
v -2.90520191 0.01205641 4.34794140
v -2.68835664 0.17610641 4.48530769
v -2.46507668 0.01205641 4.61192322
v -2.23587966 0.17610641 4.72744322
v -2.00128222 0.01205641 4.83152199
v -1.76180267 0.17610641 4.92381287
v -1.51805055 0.01205641 5.00419521
v -1.27063680 0.17610641 5.07254696
v -1.02017128 0.01205641 5.12874699
v -0.76726466 0.17610641 5.17267370
v -0.51252705 0.01205641 5.20420599
v -0.25656876 0.17610641 5.22322321
v -0.00000017 0.01205641 5.22960234
v 0.25656843 0.17610641 5.22322321
v 0.51252669 0.01205641 5.20420599
v 0.76726437 0.17610641 5.17267370
v 1.02017117 0.01205641 5.12874699
v 1.27063644 0.17610641 5.07254696
v 1.51805043 0.01205641 5.00419521
v 1.76180232 0.17610641 4.92381287
v 2.00128198 0.01205641 4.83152246
v 2.23587942 0.17610641 4.72744322
v 2.46507645 0.01205641 4.61192322
v 2.68835640 0.17610641 4.48530769
v 2.90520167 0.01205641 4.34794140
v 3.11509490 0.17610641 4.20017004
v 3.31751776 0.01205641 4.04234028
v 3.51195478 0.17610641 3.87479734
v 3.69788694 0.01205641 3.69788694
v 3.87479782 0.17610641 3.51195478
v 4.04234076 0.01205641 3.31751776
v 4.20017052 0.17610641 3.11509466
v 4.34794140 0.01205641 2.90520167
v 4.48530769 0.17610641 2.68835640
v 4.61192369 0.01205641 2.46507645
v 4.72744370 0.17610641 2.23587942
v 4.83152246 0.01205641 2.00128198
v 4.92381287 0.17610641 1.76180243
v 5.00419521 0.01205641 1.51805043
v 5.07254696 0.17610641 1.27063668
v 5.12874699 0.01205641 1.02017117
v 5.17267370 0.17610641 0.76726449
v 5.20420599 0.01205641 0.51252681
v 5.22322321 0.17610641 0.25656852
v 5.22960234 0.01205641 -0.00000009
v 5.22322321 0.17610641 -0.25656870
v 5.20420599 0.01205641 -0.51252699
v 5.17267370 0.17610641 -0.76726454
v 5.12874699 0.01205641 -1.02017117
v 5.07254696 0.17610641 -1.27063668
v 5.00419521 0.01205641 -1.51805055
v 4.92381287 0.17610641 -1.76180267
v 4.83152246 0.01205641 -2.00128222
v 4.72744370 0.17610641 -2.23587966
v 4.61192369 0.01205641 -2.46507668
v 4.48530769 0.17610641 -2.68835664
v 4.34794140 0.01205641 -2.90520191
v 4.20017052 0.17610641 -3.11509490
v 4.04234076 0.01205641 -3.31751823
v 3.87479782 0.17610641 -3.51195478
v 3.69788694 0.01205641 -3.69788694
v 3.51195478 0.17610641 -3.87479782
v 3.31751776 0.01205641 -4.04234076
v 3.11509490 0.17610641 -4.20017052
v 2.90520167 0.01205641 -4.34794140
v 2.68835640 0.17610641 -4.48530769
v 2.46507645 0.01205641 -4.61192369
v 2.23587942 0.17610641 -4.72744370
v 2.00128198 0.01205641 -4.83152246
v 1.76180232 0.17610641 -4.92381287
v 1.51805043 0.01205641 -5.00419521
v 1.27063644 0.17610641 -5.07254696
v 1.02017117 0.01205641 -5.12874699
v 0.76726437 0.17610641 -5.17267370
v 0.51252669 0.01205641 -5.20420599
v 0.25656843 0.17610641 -5.22322321
v -0.78676397 46.77024460 -1.89941657
v -0.00000005 46.77024460 -2.05591345
v -0.00000005 46.77024460 -2.05591345
v 0.78676397 46.77024460 -1.89941657
v 1.45375025 46.77024460 -1.45375025
v 1.89941657 46.77024460 -0.78676397
v 2.05591345 46.77024460 -0.00000004
v 1.89941657 46.77024460 0.78676397
v 1.45375025 46.77024460 1.45375025
v 0.78676397 46.77024460 1.89941657
v -0.00000005 46.77024460 2.05591345
v -0.78676397 46.77024460 1.89941657
v -1.45375025 46.77024460 1.45375025
v -1.89941657 46.77024460 0.78676397
v -2.05591345 46.77024460 -0.00000004
v -1.89941657 46.77024460 -0.78676397
v -1.45375025 46.77024460 -1.45375025
v -0.00000016 5.13600349 -5.71219635
v -2.18596244 5.13600349 -5.27738047
v -2.25682330 2.99588823 -5.44845295
v -0.00000017 2.99588823 -5.89736319
v -4.03913212 5.13600349 -4.03913212
v -4.17006540 2.99588799 -4.17006540
v -5.27738047 5.13600349 -2.18596244
v -5.44845295 2.99588823 -2.25682330
v -5.71219635 5.13600349 -0.00000011
v -5.89736319 2.99588823 -0.00000011
v -5.27738047 5.13600349 2.18596244
v -5.44845295 2.99588823 2.25682306
v -4.03913212 5.13600349 4.03913164
v -4.17006540 2.99588799 4.17006493
v -2.18596244 5.13600349 5.27738047
v -2.25682330 2.99588823 5.44845295
v -0.00000016 5.13600349 5.71219635
v -0.00000017 2.99588823 5.89736319
v 2.18596220 5.13600349 5.27738047
v 2.25682306 2.99588823 5.44845295
v 4.03913212 5.13600349 4.03913164
v 4.17006540 2.99588799 4.17006493
v 5.27738047 5.13600349 2.18596244
v 5.44845295 2.99588823 2.25682306
v 5.71219635 5.13600349 -0.00000011
v 5.89736319 2.99588823 -0.00000011
v 5.27738047 5.13600349 -2.18596244
v 5.44845295 2.99588823 -2.25682330
v 4.03913212 5.13600349 -4.03913212
v 4.17006540 2.99588799 -4.17006540
v 2.18596244 5.13600349 -5.27738047
v 2.25682306 2.99588823 -5.44845295
v -0.00000016 5.13600349 -5.71219635
v -0.00000017 2.99588823 -5.89736319
v -2.22192717 1.55966747 -5.36420631
v -0.00000016 1.55966747 -5.80617619
v -4.10558605 1.55966735 -4.10558605
v -5.36420631 1.55966747 -2.22192717
v -5.80617619 1.55966747 -0.00000011
v -5.36420631 1.55966747 2.22192717
v -4.10558605 1.55966735 4.10558605
v -2.22192717 1.55966747 5.36420631
v -0.00000016 1.55966747 5.80617619
v 2.22192693 1.55966747 5.36420631
v 4.10558605 1.55966735 4.10558605
v 5.36420631 1.55966747 2.22192717
v 5.80617619 1.55966747 -0.00000011
v 5.36420631 1.55966747 -2.22192717
v 4.10558605 1.55966735 -4.10558605
v 2.22192693 1.55966747 -5.36420631
v -0.00000016 1.55966747 -5.80617619
v -0.00000016 1.55966747 -5.80617619
v -2.22192717 1.55966747 -5.36420631
v -2.16972780 1.06738877 -5.23818588
v -0.00000016 1.06738877 -5.66977215
v -4.10558605 1.55966735 -4.10558605
v -4.00913429 1.06738877 -4.00913429
v -5.36420631 1.55966747 -2.22192717
v -5.23818588 1.06738877 -2.16972780
v -5.80617619 1.55966747 -0.00000011
v -5.66977215 1.06738877 -0.00000011
v -5.36420631 1.55966747 2.22192717
v -5.23818588 1.06738877 2.16972780
v -4.10558605 1.55966735 4.10558605
v -4.00913429 1.06738877 4.00913382
v -2.22192717 1.55966747 5.36420631
v -2.16972780 1.06738877 5.23818588
v -0.00000016 1.55966747 5.80617619
v -0.00000016 1.06738877 5.66977215
v 2.22192693 1.55966747 5.36420631
v 2.16972756 1.06738877 5.23818588
v 4.10558605 1.55966735 4.10558605
v 4.00913429 1.06738877 4.00913382
v 5.36420631 1.55966747 2.22192717
v 5.23818588 1.06738877 2.16972780
v 5.80617619 1.55966747 -0.00000011
v 5.66977215 1.06738877 -0.00000011
v 5.36420631 1.55966747 -2.22192717
v 5.23818588 1.06738877 -2.16972780
v 4.10558605 1.55966735 -4.10558605
v 4.00913429 1.06738877 -4.00913429
v 2.22192693 1.55966747 -5.36420631
v 2.16972780 1.06738877 -5.23818588
v -2.13609648 0.93825936 -5.15699148
v -0.00000015 0.93825936 -5.58188868
v -3.94699121 0.93825936 -3.94699121
v -5.15699148 0.93825936 -2.13609648
v -5.58188868 0.93825936 -0.00000010
v -5.15699148 0.93825936 2.13609624
v -3.94699121 0.93825936 3.94699097
v -2.13609648 0.93825936 5.15699148
v -0.00000015 0.93825936 5.58188868
v 2.13609600 0.93825936 5.15699148
v 3.94699121 0.93825936 3.94699097
v 5.15699148 0.93825936 2.13609624
v 5.58188868 0.93825936 -0.00000010
v 5.15699148 0.93825936 -2.13609648
v 3.94699121 0.93825936 -3.94699121
v 2.13609600 0.93825936 -5.15699148
v -1.99784493 0.83756828 -4.82322264
v -0.00000014 0.83756828 -5.22062016
v -3.69153547 0.83756828 -3.69153547
v -4.82322264 0.83756828 -1.99784493
v -5.22062016 0.83756828 -0.00000009
v -4.82322264 0.83756828 1.99784470
v -3.69153547 0.83756828 3.69153500
v -1.99784493 0.83756828 4.82322264
v -0.00000014 0.83756828 5.22062016
v 1.99784446 0.83756828 4.82322264
v 3.69153547 0.83756828 3.69153500
v 4.82322264 0.83756828 1.99784470
v 5.22062016 0.83756828 -0.00000009
v 4.82322264 0.83756828 -1.99784493
v 3.69153547 0.83756828 -3.69153547
v 1.99784446 0.83756828 -4.82322264
v -2.15078855 21.31635666 -5.19246244
v -0.00000016 21.31635666 -5.62028122
v -0.00000016 23.65637779 -5.68118429
v -2.17409492 23.65637779 -5.24872923
v -3.97413898 21.31635666 -3.97413898
v -4.01720333 23.65637779 -4.01720333
v -5.19246244 21.31635666 -2.15078855
v -5.24872923 23.65637779 -2.17409492
v -5.62028122 21.31635666 -0.00000011
v -5.68118429 23.65637779 -0.00000011
v -5.19246244 21.31635666 2.15078831
v -5.24872923 23.65637779 2.17409468
v -3.97413898 21.31635666 3.97413850
v -4.01720333 23.65637779 4.01720285
v -2.15078855 21.31635666 5.19246244
v -2.17409492 23.65637779 5.24872923
v -0.00000016 21.31635666 5.62028122
v -0.00000016 23.65637779 5.68118429
v 2.15078807 21.31635666 5.19246244
v 2.17409444 23.65637779 5.24872923
v 3.97413898 21.31635666 3.97413850
v 4.01720333 23.65637779 4.01720285
v 5.19246244 21.31635666 2.15078831
v 5.24872923 23.65637779 2.17409468
v 5.62028122 21.31635666 -0.00000011
v 5.68118429 23.65637779 -0.00000011
v 5.19246244 21.31635666 -2.15078855
v 5.24872923 23.65637779 -2.17409492
v 3.97413898 21.31635666 -3.97413898
v 4.01720333 23.65637779 -4.01720333
v 2.15078807 21.31635666 -5.19246244
v 2.17409444 23.65637779 -5.24872923
v -0.00000016 21.31635666 -5.62028122
v -0.00000016 23.65637779 -5.68118429
v -0.00000016 25.34456635 -5.68133068
v -2.17415071 25.34456635 -5.24886465
v 2.17415047 25.34456635 -5.24886465
v -0.00000016 25.34456635 -5.68133068
v 4.01730680 25.34456635 -4.01730680
v 5.24886465 25.34456635 -2.17415071
v 5.68133068 25.34456635 -0.00000011
v 5.24886465 25.34456635 2.17415047
v 4.01730680 25.34456635 4.01730633
v 2.17415047 25.34456635 5.24886465
v -0.00000016 25.34456635 5.68133068
v -2.17415071 25.34456635 5.24886465
v -4.01730680 25.34456635 4.01730633
v -5.24886465 25.34456635 2.17415047
v -5.68133068 25.34456635 -0.00000011
v -5.24886465 25.34456635 -2.17415071
v -4.01730680 25.34456635 -4.01730680
v -0.00000016 26.67609406 -5.65639305
v -2.16460776 26.67609406 -5.22582579
v 2.16460752 26.67609406 -5.22582579
v -0.00000016 26.67609406 -5.65639305
v 3.99967360 26.67609406 -3.99967360
v 5.22582579 26.67609406 -2.16460776
v 5.65639305 26.67609406 -0.00000010
v 5.22582579 26.67609406 2.16460776
v 3.99967360 26.67609406 3.99967313
v 2.16460752 26.67609406 5.22582579
v -0.00000016 26.67609406 5.65639305
v -2.16460776 26.67609406 5.22582579
v -3.99967360 26.67609406 3.99967313
v -5.22582579 26.67609406 2.16460776
v -5.65639305 26.67609406 -0.00000010
v -5.22582579 26.67609406 -2.16460776
v -3.99967360 26.67609406 -3.99967360
v -0.00000014 27.99514008 -5.13100386
v -1.96354985 27.99514008 -4.74042940
v 1.96354961 27.99514008 -4.74042940
v -0.00000014 27.99514008 -5.13100386
v 3.62816763 27.99514008 -3.62816763
v 4.74042940 27.99514008 -1.96354985
v 5.13100386 27.99514008 -0.00000009
v 4.74042940 27.99514008 1.96354985
v 3.62816763 27.99514008 3.62816715
v 1.96354961 27.99514008 4.74042940
v -0.00000014 27.99514008 5.13100386
v -1.96354985 27.99514008 4.74042940
v -3.62816763 27.99514008 3.62816715
v -4.74042940 27.99514008 1.96354985
v -5.13100386 27.99514008 -0.00000009
v -4.74042940 27.99514008 -1.96354985
v -3.62816763 27.99514008 -3.62816763
v -0.00000011 29.17614365 -4.09592438
v -1.56744218 29.17614365 -3.78414059
v 1.56744218 29.17614365 -3.78414059
v -0.00000011 29.17614365 -4.09592438
v 2.89625573 29.17614365 -2.89625573
v 3.78414059 29.17614365 -1.56744218
v 4.09592438 29.17614365 -0.00000007
v 3.78414059 29.17614365 1.56744218
v 2.89625573 29.17614365 2.89625549
v 1.56744218 29.17614365 3.78414059
v -0.00000011 29.17614365 4.09592438
v -1.56744218 29.17614365 3.78414059
v -2.89625573 29.17614365 2.89625549
v -3.78414059 29.17614365 1.56744218
v -4.09592438 29.17614365 -0.00000007
v -3.78414059 29.17614365 -1.56744218
v -2.89625573 29.17614365 -2.89625573
v -0.00000011 29.59614944 -3.88201618
v -1.48558295 29.59614944 -3.58651495
v 1.48558295 29.59614944 -3.58651495
v -0.00000011 29.59614944 -3.88201618
v 2.74499989 29.59614944 -2.74499989
v 3.58651495 29.59614944 -1.48558295
v 3.88201618 29.59614944 -0.00000007
v 3.58651495 29.59614944 1.48558295
v 2.74499989 29.59614944 2.74499941
v 1.48558295 29.59614944 3.58651495
v -0.00000011 29.59614944 3.88201618
v -1.48558295 29.59614944 3.58651495
v -2.74499989 29.59614944 2.74499941
v -3.58651495 29.59614944 1.48558295
v -3.88201618 29.59614944 -0.00000007
v -3.58651495 29.59614944 -1.48558295
v -2.74499989 29.59614944 -2.74499989
v -0.00000010 31.70019341 -3.51604700
v -1.34553266 31.70019341 -3.24840403
v 1.34553266 31.70019341 -3.24840403
v -0.00000010 31.70019341 -3.51604700
v 2.48622060 31.70019341 -2.48622060
v 3.24840403 31.70019341 -1.34553266
v 3.51604700 31.70019341 -0.00000007
v 3.24840403 31.70019341 1.34553266
v 2.48622060 31.70019341 2.48622012
v 1.34553266 31.70019341 3.24840403
v -0.00000010 31.70019341 3.51604700
v -1.34553266 31.70019341 3.24840403
v -2.48622060 31.70019341 2.48622012
v -3.24840403 31.70019341 1.34553266
v -3.51604700 31.70019341 -0.00000007
v -3.24840403 31.70019341 -1.34553266
v -2.48622060 31.70019341 -2.48622060
v -1.13823998 36.69723511 -2.74795508
v -0.00000008 36.69723511 -2.97436500
v -0.00000008 38.36047363 -2.79415011
v -1.06927478 38.36047363 -2.58145833
v -1.20710945 35.03636169 -2.91422057
v -0.00000009 35.03636169 -3.15432954
v -1.27597892 33.37548447 -3.08048630
v -0.00000009 33.37548447 -3.33429432
v -0.00000008 36.69723511 -2.97436500
v 1.13823998 36.69723511 -2.74795508
v 1.06927478 38.36047363 -2.58145833
v -0.00000008 38.36047363 -2.79415011
v -0.00000009 35.03636169 -3.15432954
v 1.20710945 35.03636169 -2.91422057
v -0.00000009 33.37548447 -3.33429432
v 1.27597892 33.37548447 -3.08048630
v 2.10319352 36.69723511 -2.10319352
v 1.97576249 38.36047363 -1.97576249
v 2.23044777 35.03636169 -2.23044777
v 2.35770202 33.37548447 -2.35770202
v 2.74795508 36.69723511 -1.13823998
v 2.58145833 38.36047363 -1.06927478
v 2.91422057 35.03636169 -1.20710945
v 3.08048630 33.37548447 -1.27597892
v 2.97436500 36.69723511 -0.00000006
v 2.79415011 38.36047363 -0.00000005
v 3.15432954 35.03636169 -0.00000006
v 3.33429432 33.37548447 -0.00000006
v 2.74795508 36.69723511 1.13823998
v 2.58145833 38.36047363 1.06927478
v 2.91422057 35.03636169 1.20710945
v 3.08048630 33.37548447 1.27597892
v 2.10319352 36.69723511 2.10319328
v 1.97576249 38.36047363 1.97576225
v 2.23044777 35.03636169 2.23044729
v 2.35770202 33.37548447 2.35770154
v 1.13823998 36.69723511 2.74795508
v 1.06927478 38.36047363 2.58145833
v 1.20710945 35.03636169 2.91422057
v 1.27597892 33.37548447 3.08048630
v -0.00000008 36.69723511 2.97436500
v -0.00000008 38.36047363 2.79415011
v -0.00000009 35.03636169 3.15432954
v -0.00000009 33.37548447 3.33429432
v -1.13823998 36.69723511 2.74795508
v -1.06927478 38.36047363 2.58145833
v -1.20710945 35.03636169 2.91422057
v -1.27597892 33.37548447 3.08048630
v -2.10319352 36.69723511 2.10319328
v -1.97576249 38.36047363 1.97576225
v -2.23044777 35.03636169 2.23044729
v -2.35770202 33.37548447 2.35770154
v -2.74795508 36.69723511 1.13823998
v -2.58145833 38.36047363 1.06927478
v -2.91422057 35.03636169 1.20710945
v -3.08048630 33.37548447 1.27597892
v -2.97436500 36.69723511 -0.00000006
v -2.79415011 38.36047363 -0.00000005
v -3.15432954 35.03636169 -0.00000006
v -3.33429432 33.37548447 -0.00000006
v -2.74795508 36.69723511 -1.13823998
v -2.58145833 38.36047363 -1.06927478
v -2.91422057 35.03636169 -1.20710945
v -3.08048630 33.37548447 -1.27597892
v -2.10319352 36.69723511 -2.10319352
v -1.97576249 38.36047363 -1.97576249
v -2.23044777 35.03636169 -2.23044777
v -2.35770202 33.37548447 -2.35770202
v -0.00000007 43.05521393 -2.33344817
v -0.89297181 43.05521393 -2.15582514
v -0.95170903 41.49108887 -2.29762959
v -0.00000007 41.49108887 -2.48693609
v -1.01044631 39.92696381 -2.43943381
v -0.00000007 39.92696381 -2.64042401
v 0.89297181 43.05521393 -2.15582514
v -0.00000007 43.05521393 -2.33344817
v -0.00000007 41.49108887 -2.48693609
v 0.95170903 41.49108887 -2.29762959
v -0.00000007 39.92696381 -2.64042401
v 1.01044631 39.92696381 -2.43943381
v 1.64999688 43.05521393 -1.64999688
v 1.75852907 41.49108887 -1.75852907
v 1.86706150 39.92696381 -1.86706150
v 2.15582514 43.05521393 -0.89297181
v 2.29762959 41.49108887 -0.95170903
v 2.43943381 39.92696381 -1.01044631
v 2.33344817 43.05521393 -0.00000004
v 2.48693609 41.49108887 -0.00000005
v 2.64042401 39.92696381 -0.00000005
v 2.15582514 43.05521393 0.89297181
v 2.29762959 41.49108887 0.95170903
v 2.43943381 39.92696381 1.01044631
v 1.64999688 43.05521393 1.64999664
v 1.75852907 41.49108887 1.75852907
v 1.86706150 39.92696381 1.86706126
v 0.89297181 43.05521393 2.15582514
v 0.95170903 41.49108887 2.29762959
v 1.01044631 39.92696381 2.43943381
v -0.00000007 43.05521393 2.33344817
v -0.00000007 41.49108887 2.48693609
v -0.00000007 39.92696381 2.64042401
v -0.89297175 43.05521393 2.15582514
v -0.95170903 41.49108887 2.29762959
v -1.01044631 39.92696381 2.43943381
v -1.64999688 43.05521393 1.64999664
v -1.75852907 41.49108887 1.75852907
v -1.86706150 39.92696381 1.86706126
v -2.15582514 43.05521393 0.89297181
v -2.29762959 41.49108887 0.95170903
v -2.43943381 39.92696381 1.01044631
v -2.33344817 43.05521393 -0.00000004
v -2.48693609 41.49108887 -0.00000005
v -2.64042401 39.92696381 -0.00000005
v -2.15582514 43.05521393 -0.89297181
v -2.29762959 41.49108887 -0.95170903
v -2.43943381 39.92696381 -1.01044631
v -1.64999688 43.05521393 -1.64999688
v -1.75852907 41.49108887 -1.75852907
v -1.86706150 39.92696381 -1.86706150
v -0.00000016 11.15631485 -5.62025499
v -2.15077829 11.15631485 -5.19243765
v -2.16244698 9.12262917 -5.22060919
v -0.00000016 9.12262917 -5.65074730
v -0.00000016 13.18992043 -5.62024164
v -2.15077329 13.18992043 -5.19242573
v -0.00000016 15.22000027 -5.62024164
v -2.15077329 15.22000027 -5.19242573
v -0.00000016 17.25008011 -5.62024164
v -2.15077329 17.25008011 -5.19242573
v -0.00000016 19.28016090 -5.62024164
v -2.15077329 19.28016090 -5.19242573
v -3.97411990 11.15631485 -3.97411990
v -3.99568129 9.12262917 -3.99568129
v -3.97411060 13.18992043 -3.97411060
v -3.97411060 15.22000027 -3.97411060
v -3.97411060 17.25008011 -3.97411060
v -3.97411060 19.28016090 -3.97411060
v -5.19243765 11.15631485 -2.15077829
v -5.22060919 9.12262917 -2.16244698
v -5.19242573 13.18992043 -2.15077329
v -5.19242573 15.22000027 -2.15077329
v -5.19242573 17.25008011 -2.15077329
v -5.19242573 19.28016090 -2.15077329
v -5.62025499 11.15631485 -0.00000011
v -5.65074730 9.12262917 -0.00000011
v -5.62024164 13.18992043 -0.00000011
v -5.62024164 15.22000027 -0.00000011
v -5.62024164 17.25008011 -0.00000011
v -5.62024164 19.28016090 -0.00000011
v -5.19243765 11.15631485 2.15077806
v -5.22060919 9.12262917 2.16244674
v -5.19242573 13.18992043 2.15077305
v -5.19242573 15.22000027 2.15077305
v -5.19242573 17.25008011 2.15077305
v -5.19242573 19.28016090 2.15077305
v -3.97411990 11.15631485 3.97411966
v -3.99568129 9.12262917 3.99568081
v -3.97411060 13.18992043 3.97411036
v -3.97411060 15.22000027 3.97411036
v -3.97411060 17.25008011 3.97411036
v -3.97411060 19.28016090 3.97411036
v -2.15077829 11.15631485 5.19243765
v -2.16244698 9.12262917 5.22060919
v -2.15077329 13.18992043 5.19242573
v -2.15077329 15.22000027 5.19242573
v -2.15077329 17.25008011 5.19242573
v -2.15077329 19.28016090 5.19242573
v -0.00000016 11.15631485 5.62025499
v -0.00000016 9.12262917 5.65074730
v -0.00000016 13.18992043 5.62024164
v -0.00000016 15.22000027 5.62024164
v -0.00000016 17.25008011 5.62024164
v -0.00000016 19.28016090 5.62024164
v 2.15077782 11.15631485 5.19243765
v 2.16244674 9.12262917 5.22060919
v 2.15077281 13.18992043 5.19242573
v 2.15077281 15.22000027 5.19242573
v 2.15077281 17.25008011 5.19242573
v 2.15077281 19.28016090 5.19242573
v 3.97411990 11.15631485 3.97411966
v 3.99568129 9.12262917 3.99568081
v 3.97411060 13.18992043 3.97411036
v 3.97411060 15.22000027 3.97411036
v 3.97411060 17.25008011 3.97411036
v 3.97411060 19.28016090 3.97411036
v 5.19243765 11.15631485 2.15077806
v 5.22060919 9.12262917 2.16244674
v 5.19242573 13.18992043 2.15077305
v 5.19242573 15.22000027 2.15077305
v 5.19242573 17.25008011 2.15077305
v 5.19242573 19.28016090 2.15077305
v 5.62025499 11.15631485 -0.00000011
v 5.65074730 9.12262917 -0.00000011
v 5.62024164 13.18992043 -0.00000011
v 5.62024164 15.22000027 -0.00000011
v 5.62024164 17.25008011 -0.00000011
v 5.62024164 19.28016090 -0.00000011
v 5.19243765 11.15631485 -2.15077829
v 5.22060919 9.12262917 -2.16244698
v 5.19242573 13.18992043 -2.15077329
v 5.19242573 15.22000027 -2.15077329
v 5.19242573 17.25008011 -2.15077329
v 5.19242573 19.28016090 -2.15077329
v 3.97411990 11.15631485 -3.97411990
v 3.99568129 9.12262917 -3.99568129
v 3.97411060 13.18992043 -3.97411060
v 3.97411060 15.22000027 -3.97411060
v 3.97411060 17.25008011 -3.97411060
v 3.97411060 19.28016090 -3.97411060
v 2.15077782 11.15631485 -5.19243765
v 2.16244674 9.12262917 -5.22060919
v 2.15077281 13.18992043 -5.19242573
v 2.15077281 15.22000027 -5.19242573
v 2.15077281 17.25008011 -5.19242573
v 2.15077281 19.28016090 -5.19242573
v -0.00000016 11.15631485 -5.62025499
v -0.00000016 9.12262917 -5.65074730
v -0.00000016 13.18992043 -5.62024164
v -0.00000016 15.22000027 -5.62024164
v -0.00000016 17.25008011 -5.62024164
v -0.00000016 19.28016090 -5.62024164
v -2.17410088 7.13754988 -5.24874306
v -0.00000016 7.13754988 -5.68119955
v -0.00000016 7.13754988 -5.68119955
v 2.17410040 7.13754988 -5.24874306
v 4.01721430 7.13754988 -4.01721430
v 5.24874306 7.13754988 -2.17410088
v 5.68119955 7.13754988 -0.00000011
v 5.24874306 7.13754988 2.17410064
v 4.01721430 7.13754988 4.01721382
v 2.17410040 7.13754988 5.24874306
v -0.00000016 7.13754988 5.68119955
v -2.17410064 7.13754988 5.24874306
v -4.01721430 7.13754988 4.01721382
v -5.24874306 7.13754988 2.17410064
v -5.68119955 7.13754988 -0.00000011
v -5.24874306 7.13754988 -2.17410088
v -4.01721430 7.13754988 -4.01721430
v -1.46132469 45.84857178 -1.46132469
v -1.55224311 44.46401978 -1.55224311
v -0.84006786 44.46401978 -2.02810359
v -0.79086322 45.84857178 -1.90931296
v -1.90931296 45.84857178 -0.79086322
v -2.02810359 44.46401978 -0.84006786
v -2.06662536 45.84857178 -0.00000004
v -2.19520330 44.46401978 -0.00000004
v -1.90931296 45.84857178 0.79086322
v -2.02810359 44.46401978 0.84006786
v -1.46132469 45.84857178 1.46132457
v -1.55224311 44.46401978 1.55224288
v -0.79086310 45.84857178 1.90931296
v -0.84006786 44.46401978 2.02810359
v -0.00000006 45.84857178 2.06662536
v -0.00000006 44.46401978 2.19520330
v 0.79086322 45.84857178 1.90931296
v 0.84006786 44.46401978 2.02810359
v 1.46132469 45.84857178 1.46132457
v 1.55224311 44.46401978 1.55224288
v 1.90931296 45.84857178 0.79086322
v 2.02810359 44.46401978 0.84006786
v 2.06662536 45.84857178 -0.00000004
v 2.19520330 44.46401978 -0.00000004
v 1.90931296 45.84857178 -0.79086322
v 2.02810359 44.46401978 -0.84006786
v 1.46132469 45.84857178 -1.46132469
v 1.55224311 44.46401978 -1.55224311
v 0.79086322 45.84857178 -1.90931296
v 0.84006786 44.46401978 -2.02810359
v -0.00000006 45.84857178 -2.06662536
v -0.00000006 44.46401978 -2.19520330
v -0.00000006 44.46401978 -2.19520330
v -0.00000006 45.84857178 -2.06662536
v -0.00000005 46.77024460 -2.05591345
v -0.78676397 46.77024460 -1.89941657
v 0.78676397 46.77024460 -1.89941657
v -0.00000005 46.77024460 -2.05591345
v 1.45375025 46.77024460 -1.45375025
v 1.89941657 46.77024460 -0.78676397
v 2.05591345 46.77024460 -0.00000004
v 1.89941657 46.77024460 0.78676397
v 1.45375025 46.77024460 1.45375025
v 0.78676397 46.77024460 1.89941657
v -0.00000005 46.77024460 2.05591345
v -0.78676397 46.77024460 1.89941657
v -1.45375025 46.77024460 1.45375025
v -1.89941657 46.77024460 0.78676397
v -2.05591345 46.77024460 -0.00000004
v -1.89941657 46.77024460 -0.78676397
v -1.45375025 46.77024460 -1.45375025
v -0.00000011 1.43135250 -0.00000000
v 2.19051456 1.23481584 2.19051409
v 2.89242864 1.08089113 1.19808340
v 3.09785557 1.23481584 -0.00000008
v -0.00000012 1.23481584 3.09785557
v 1.19808316 1.08089113 2.89242864
v -3.09785557 1.23481584 -0.00000008
v -2.89242864 1.08089113 1.19808340
v -2.19051456 1.23481584 2.19051433
v -2.19051456 1.23481584 -2.19051456
v -2.89242864 1.08089113 -1.19808352
v -0.00000012 1.23481584 -3.09785557
v -1.19808352 1.08089113 -2.89242864
v 2.19051456 1.23481584 -2.19051456
v 1.19808328 1.08089113 -2.89242864
v 2.89242864 1.08089113 -1.19808352
v -1.19808340 1.08089113 2.89242864
v -1.89074540 0.83858186 -4.56466150
v -0.00000013 0.83858186 -4.94075537
v -1.69199610 0.94875509 -4.08483839
v -0.00000011 0.94540483 -4.43949890
v -3.49364161 0.83858186 -3.49364161
v -3.13919973 0.94540483 -3.13919973
v -4.94075537 0.83858186 -0.00000009
v -4.56466150 0.83858186 -1.89074540
v -4.43949890 0.94540483 -0.00000008
v -4.08483839 0.94875509 -1.69199610
v -3.49364161 0.83858186 3.49364090
v -4.56466150 0.83858186 1.89074516
v -3.13919973 0.94540483 3.13919926
v -4.08483839 0.94875509 1.69199598
v -0.00000013 0.83858186 4.94075537
v -1.89074540 0.83858186 4.56466150
v -0.00000011 0.94540483 4.43949890
v -1.69199610 0.94875509 4.08483839
v 4.56466150 0.83858186 1.89074516
v 3.49364161 0.83858186 3.49364138
v 4.08483839 0.94875509 1.69199598
v 3.13919973 0.94540483 3.13919926
v 4.56466150 0.83858186 -1.89074540
v 4.94075537 0.83858186 -0.00000009
v 4.08483839 0.94875509 -1.69199610
v 4.43949890 0.94540483 -0.00000008
v 1.89074504 0.83858186 -4.56466150
v 3.49364138 0.83858186 -3.49364161
v 1.69199574 0.94875509 -4.08483839
v 3.13919973 0.94540483 -3.13919973
v 1.89074504 0.83858186 4.56466150
v 1.69199574 0.94875509 4.08483839
vt -0.38728127 -0.46259546
vt -0.38728127 -0.47982812
vt -0.46548977 -0.47982812
vt -0.46548977 -0.46259546
vt 0.78584766 -0.46259546
vt 0.78584766 -0.47982812
vt 0.70763904 -0.47982812
vt 0.70763904 -0.46259546
vt 0.62943047 -0.47982812
vt 0.62943047 -0.46259546
vt 0.55122185 -0.47982812
vt 0.55122185 -0.46259546
vt 0.47301319 -0.47982812
vt 0.47301319 -0.46259546
vt 0.39480475 -0.47982812
vt 0.39480475 -0.46259546
vt 0.31659615 -0.47982812
vt 0.31659615 -0.46259546
vt 0.23838748 -0.47982812
vt 0.23838748 -0.46259546
vt 0.16017891 -0.47982812
vt 0.16017891 -0.46259546
vt 0.08197029 -0.47982812
vt 0.08197029 -0.46259546
vt 0.00376176 -0.47982812
vt 0.00376176 -0.46259546
vt -0.07444688 -0.47982812
vt -0.07444688 -0.46259546
vt -0.15265545 -0.47982812
vt -0.15265545 -0.46259546
vt -0.23086406 -0.47982812
vt -0.23086406 -0.46259546
vt -0.30907258 -0.47982812
vt -0.30907258 -0.46259546
vt 0.88190806 0.38525802
vt 0.88395691 0.38075495
vt 0.88065827 0.38053590
vt 0.87837124 0.38512719
vt 0.87737650 0.38015598
vt 0.87489796 0.38443768
vt 0.87411445 0.37961704
vt 0.87139034 0.38396317
vt 0.87088490 0.37892061
vt 0.86800033 0.38293988
vt 0.86769068 0.37806791
vt 0.86455560 0.38212723
vt 0.86454445 0.37706089
vt 0.86128187 0.38077933
vt 0.86144924 0.37590027
vt 0.85793346 0.37963444
vt 0.85841763 0.37458855
vt 0.85480803 0.37797129
vt 0.85545141 0.37312883
vt 0.85158783 0.37650299
vt 0.85256207 0.37152696
vt 0.84863901 0.37454242
vt 0.84975147 0.36978543
vt 0.84557605 0.37276751
vt 0.84703100 0.36791068
vt 0.84283072 0.37052941
vt 0.84440267 0.36590481
vt 0.83995396 0.36846477
vt 0.84187776 0.36377442
vt 0.83743942 0.36596942
vt 0.83945858 0.36152148
vt 0.83477861 0.36363202
vt 0.83715606 0.35915303
vt 0.83252311 0.36089945
vt 0.83497065 0.35667294
vt 0.83010745 0.35830957
vt 0.83291072 0.35409087
vt 0.82813346 0.35536855
vt 0.83097684 0.35141033
vt 0.82598692 0.35255635
vt 0.82917714 0.34864146
vt 0.82431370 0.34944195
vt 0.82751203 0.34578729
vt 0.82245678 0.34644336
vt 0.82598913 0.34285825
vt 0.82109636 0.34319454
vt 0.82460904 0.33985633
vt 0.81953847 0.34004754
vt 0.82337886 0.33679205
vt 0.81848979 0.33669871
vt 0.82229716 0.33366722
vt 0.81722194 0.33343190
vt 0.82136810 0.33049327
vt 0.81646591 0.32999933
vt 0.82059258 0.32727140
vt 0.81546891 0.32661206
vt 0.81997520 0.32401264
vt 0.81500369 0.32307601
vt 0.81952024 0.32071978
vt 0.81430823 0.31953013
vt 0.81923282 0.31740487
vt 0.81422126 0.31586808
vt 0.81911820 0.31407511
vt 0.81398165 0.31218779
vt 0.81918007 0.31074440
vt 0.81441420 0.30853230
vt 0.81941473 0.30742264
vt 0.81465954 0.30492049
vt 0.81981963 0.30412328
vt 0.81548321 0.30143410
vt 0.82038742 0.30085140
vt 0.81605834 0.29794347
vt 0.82111502 0.29761934
vt 0.81715971 0.29460311
vt 0.82199758 0.29442805
vt 0.81802154 0.29120237
vt 0.82303262 0.29128963
vt 0.81939644 0.28797776
vt 0.82421863 0.28820443
vt 0.82055873 0.28466302
vt 0.82555336 0.28518480
vt 0.82222885 0.28156668
vt 0.82703406 0.28223115
vt 0.82370687 0.27836454
vt 0.82865542 0.27935493
vt 0.82567501 0.27543050
vt 0.83041525 0.27655762
vt 0.82746297 0.27237821
vt 0.83230758 0.27385062
vt 0.82971424 0.26964432
vt 0.83433044 0.27123630
vt 0.83179563 0.26677895
vt 0.83647716 0.26872587
vt 0.83430666 0.26427871
vt 0.83874589 0.26632160
vt 0.83666050 0.26163250
vt 0.84112954 0.26403445
vt 0.83940661 0.25939387
vt 0.84362441 0.26186514
vt 0.84200966 0.25699341
vt 0.84622067 0.25982183
vt 0.84496135 0.25503498
vt 0.84891510 0.25790530
vt 0.84778529 0.25289994
vt 0.85169750 0.25612336
vt 0.85091233 0.25123763
vt 0.85456491 0.25447732
vt 0.85392940 0.24938691
vt 0.85750699 0.25297487
vt 0.85720235 0.24803668
vt 0.86052114 0.25161707
vt 0.86038518 0.24648958
vt 0.86359656 0.25041133
vt 0.86377490 0.24546760
vt 0.86672980 0.24935699
vt 0.86709464 0.24424058
vt 0.86990875 0.24845749
vt 0.87056851 0.24355435
vt 0.87313008 0.24771261
vt 0.87399232 0.24265611
vt 0.87638140 0.24712551
vt 0.87751669 0.24231011
vt 0.87965965 0.24669647
vt 0.88101137 0.24174851
vt 0.88295233 0.24642861
vt 0.88455200 0.24174708
vt 0.88625640 0.24632198
vt 0.88808441 0.24152964
vt 0.88955915 0.24637938
vt 0.89160812 0.24187636
vt 0.89285791 0.24659854
vt 0.89514488 0.24200708
vt 0.89613980 0.24697828
vt 0.89861822 0.24269658
vt 0.89940196 0.24751717
vt 0.90212595 0.24317092
vt 0.90263164 0.24821353
vt 0.90551609 0.24419409
vt 0.90582597 0.24906629
vt 0.90896094 0.24500674
vt 0.90897238 0.25007337
vt 0.91223490 0.24635464
vt 0.91206765 0.25123382
vt 0.91558349 0.24749941
vt 0.91509932 0.25254542
vt 0.91870910 0.24916261
vt 0.91806573 0.25400513
vt 0.92192930 0.25063097
vt 0.92095512 0.25560707
vt 0.92487818 0.25259143
vt 0.92376590 0.25734854
vt 0.92794138 0.25436628
vt 0.92648649 0.25922334
vt 0.93068689 0.25660431
vt 0.92911482 0.26122928
vt 0.93356365 0.25866896
vt 0.93163979 0.26335967
vt 0.93607843 0.26116449
vt 0.93405902 0.26561266
vt 0.93873930 0.26350206
vt 0.93636161 0.26798117
vt 0.94099480 0.26623482
vt 0.93854696 0.27046150
vt 0.94341046 0.26882488
vt 0.94060695 0.27304363
vt 0.94538444 0.27176607
vt 0.94254082 0.27572441
vt 0.94753075 0.27457851
vt 0.94434053 0.27849340
vt 0.94920403 0.27769297
vt 0.94600570 0.28134781
vt 0.95106101 0.28069168
vt 0.94752854 0.28427714
vt 0.95242155 0.28394079
vt 0.94890863 0.28727913
vt 0.95397943 0.28708780
vt 0.95013881 0.29034370
vt 0.95502824 0.29043686
vt 0.95122039 0.29346871
vt 0.95629632 0.29370397
vt 0.95214927 0.29664290
vt 0.95705241 0.29713702
vt 0.95292473 0.29986513
vt 0.95804965 0.30052471
vt 0.95354187 0.30312395
vt 0.95851475 0.30406141
vt 0.95399660 0.30641717
vt 0.95920980 0.30760825
vt 0.95428377 0.30973208
vt 0.95929611 0.31127107
vt 0.95439816 0.31306207
vt 0.95953470 0.31495160
vt 0.95433599 0.31639278
vt 0.95910120 0.31860685
vt 0.95410097 0.31971461
vt 0.95885521 0.32221812
vt 0.95369589 0.32301384
vt 0.95803106 0.32570374
vt 0.95312804 0.32628554
vt 0.95745581 0.32919371
vt 0.95240027 0.32951748
vt 0.95635456 0.33253360
vt 0.95151752 0.33270860
vt 0.95549297 0.33593398
vt 0.95048243 0.33584684
vt 0.95411813 0.33915842
vt 0.94929636 0.33893192
vt 0.95295596 0.34247309
vt 0.94796163 0.34195149
vt 0.95128596 0.34556931
vt 0.94648075 0.34490496
vt 0.94980794 0.34877139
vt 0.94485945 0.34778106
vt 0.94783974 0.35170543
vt 0.94309962 0.35057831
vt 0.94605178 0.35475749
vt 0.94120723 0.35328513
vt 0.94380045 0.35749131
vt 0.93918425 0.35589933
vt 0.94171900 0.36035657
vt 0.93703759 0.35840982
vt 0.93920791 0.36285669
vt 0.93476886 0.36081392
vt 0.93685406 0.36550272
vt 0.93238533 0.36310089
vt 0.93410808 0.36774129
vt 0.92989039 0.36527008
vt 0.93150514 0.37014151
vt 0.92729425 0.36731333
vt 0.92855364 0.37209988
vt 0.92460006 0.36922985
vt 0.92572975 0.37423486
vt 0.92181772 0.37101156
vt 0.92260283 0.37589723
vt 0.91895038 0.37265748
vt 0.91958582 0.37774777
vt 0.91600841 0.37415993
vt 0.91631293 0.37909794
vt 0.91299427 0.37551755
vt 0.91313016 0.38064498
vt 0.90991890 0.37672317
vt 0.90974057 0.38166696
vt 0.90678579 0.37777764
vt 0.90642101 0.38289380
vt 0.90360683 0.37867707
vt 0.90294707 0.38358009
vt 0.90038568 0.37942201
vt 0.89952344 0.38447833
vt 0.89713430 0.38000900
vt 0.89599919 0.38482428
vt 0.89385617 0.38043791
vt 0.89250463 0.38538593
vt 0.89056355 0.38070583
vt 0.88896394 0.38538742
vt 0.88725960 0.38081241
vt 0.88543165 0.38560486
vt 0.87890369 0.39330781
vt 0.87876499 0.39472109
vt 0.88275141 0.39514244
vt 0.88281882 0.39375663
vt 0.88675988 0.39511395
vt 0.88675988 0.39369446
vt 0.89076722 0.39514208
vt 0.89069968 0.39375633
vt 0.89475453 0.39472044
vt 0.89461583 0.39330727
vt 0.89874595 0.39435631
vt 0.89854342 0.39298373
vt 0.90267378 0.39354891
vt 0.90239781 0.39215541
vt 0.90661180 0.39279813
vt 0.90627551 0.39145195
vt 0.91044116 0.39161265
vt 0.91003066 0.39025337
vt 0.91428649 0.39048284
vt 0.91382068 0.38917625
vt 0.91798055 0.38892931
vt 0.91743982 0.38761717
vt 0.92169529 0.38742906
vt 0.92110515 0.38617384
vt 0.92522043 0.38552123
vt 0.92455423 0.38426757
vt 0.92877185 0.38366574
vt 0.92806238 0.38247359
vt 0.93209690 0.38142484
vt 0.93131161 0.38024104
vt 0.93545437 0.37923259
vt 0.93463117 0.37811500
vt 0.93854785 0.37667876
vt 0.93765038 0.37557656
vt 0.94167924 0.37416852
vt 0.94074982 0.37313563
vt 0.94451064 0.37132013
vt 0.94350833 0.37031054
vt 0.94738162 0.36850798
vt 0.94635326 0.36757064
vt 0.94991791 0.36538506
vt 0.94881785 0.36447984
vt 0.95249236 0.36229384
vt 0.95137453 0.36146533
vt 0.95469755 0.35893017
vt 0.95351249 0.35814303
vt 0.95693558 0.35559928
vt 0.95574343 0.35489315
vt 0.95877224 0.35204786
vt 0.95752335 0.35139066
vt 0.96064180 0.34854275
vt 0.95939976 0.34796512
vt 0.96209842 0.34488040
vt 0.96081311 0.34435225
vt 0.96360856 0.34128547
vt 0.96234322 0.34082490
vt 0.96473533 0.33758879
vt 0.96343476 0.33716595
vt 0.96597612 0.33396268
vt 0.96469665 0.33358526
vt 0.96690077 0.33023924
vt 0.96557271 0.32987726
vt 0.96802437 0.32651347
vt 0.96668738 0.32617760
vt 0.96887738 0.32258171
vt 0.96743077 0.32225043
vt 0.96997738 0.31841123
vt 0.96841002 0.31813139
vt 0.97070634 0.31357449
vt 0.96871203 0.31357253
vt 0.96998346 0.30873328
vt 0.96841460 0.30901194
vt 0.96888506 0.30455726
vt 0.96743691 0.30488807
vt 0.96803188 0.30062300
vt 0.96669394 0.30095905
vt 0.96690726 0.29689366
vt 0.96557856 0.29725587
vt 0.96598119 0.29316968
vt 0.96470141 0.29354769
vt 0.96473867 0.28954184
vt 0.96343803 0.28996497
vt 0.96361113 0.28584599
vt 0.96234590 0.28630698
vt 0.96209967 0.28225023
vt 0.96081448 0.28277856
vt 0.96064299 0.27858913
vt 0.95940113 0.27916712
vt 0.95877272 0.27508336
vt 0.95752376 0.27574068
vt 0.95693624 0.27153319
vt 0.95574427 0.27223945
vt 0.95469791 0.26820171
vt 0.95351279 0.26898867
vt 0.95249367 0.26483870
vt 0.95137578 0.26566726
vt 0.94991875 0.26174653
vt 0.94881862 0.26265162
vt 0.94738322 0.25862390
vt 0.94635493 0.25956142
vt 0.94451129 0.25581050
vt 0.94350874 0.25682014
vt 0.94168001 0.25296241
vt 0.94075066 0.25399572
vt 0.93854719 0.25045145
vt 0.93764979 0.25155383
vt 0.93545383 0.24789858
vt 0.93463093 0.24901652
vt 0.93209529 0.24570614
vt 0.93130988 0.24689001
vt 0.92877090 0.24346614
vt 0.92806154 0.24465835
vt 0.92521840 0.24161041
vt 0.92455226 0.24286419
vt 0.92169410 0.23970318
vt 0.92110401 0.24095851
vt 0.91797835 0.23820269
vt 0.91743749 0.23951477
vt 0.91428488 0.23664969
vt 0.91381925 0.23795635
vt 0.91043830 0.23551965
vt 0.91002780 0.23687899
vt 0.90660942 0.23433495
vt 0.90627354 0.23568118
vt 0.90267044 0.23358423
vt 0.90239447 0.23497772
vt 0.89874345 0.23277718
vt 0.89854115 0.23414993
vt 0.89475089 0.23241335
vt 0.89461213 0.23382664
vt 0.89076447 0.23199207
vt 0.89069718 0.23337781
vt 0.88675618 0.23202050
vt 0.88675618 0.23343998
vt 0.88274896 0.23199248
vt 0.88281649 0.23337829
vt 0.87876183 0.23241389
vt 0.87890029 0.23382717
vt 0.87477016 0.23277771
vt 0.87497258 0.23415029
vt 0.87084198 0.23358500
vt 0.87111795 0.23497850
vt 0.86690378 0.23433596
vt 0.86724001 0.23568207
vt 0.86307418 0.23552144
vt 0.86348468 0.23688066
vt 0.85922879 0.23665124
vt 0.85969454 0.23795795
vt 0.85553455 0.23820496
vt 0.85607529 0.23951697
vt 0.85181987 0.23970538
vt 0.85241002 0.24096048
vt 0.84829468 0.24161327
vt 0.84896082 0.24286693
vt 0.84474301 0.24346876
vt 0.84545261 0.24466091
vt 0.84141791 0.24570954
vt 0.84220326 0.24689353
vt 0.83806020 0.24790186
vt 0.83888346 0.24901956
vt 0.83496642 0.25045586
vt 0.83586389 0.25155813
vt 0.83183473 0.25296640
vt 0.83276433 0.25399929
vt 0.82900327 0.25581497
vt 0.83000582 0.25682461
vt 0.82613248 0.25862759
vt 0.82716078 0.25956494
vt 0.82359636 0.26175076
vt 0.82469636 0.26265615
vt 0.82102209 0.26484209
vt 0.82213998 0.26567060
vt 0.81881720 0.26820588
vt 0.82000232 0.26899302
vt 0.81657946 0.27153665
vt 0.81777161 0.27224284
vt 0.81474280 0.27508771
vt 0.81599170 0.27574503
vt 0.81287295 0.27859253
vt 0.81411499 0.27917027
vt 0.81141603 0.28225487
vt 0.81270128 0.28278309
vt 0.80990529 0.28584969
vt 0.81117058 0.28631049
vt 0.80877775 0.28954649
vt 0.81007844 0.28996962
vt 0.80753589 0.29317325
vt 0.80881566 0.29355091
vt 0.80661017 0.29689825
vt 0.80793887 0.29726034
vt 0.80548596 0.30062604
vt 0.80682385 0.30096185
vt 0.80463356 0.30456084
vt 0.80608130 0.30489153
vt 0.80353576 0.30873471
vt 0.80510414 0.30901337
vt 0.80281276 0.31357449
vt 0.80480623 0.31357342
vt 0.80353940 0.31841040
vt 0.80510688 0.31813091
vt 0.80463809 0.32258242
vt 0.80608505 0.32225162
vt 0.80549049 0.32651418
vt 0.80682784 0.32617831
vt 0.80661398 0.33024186
vt 0.80794239 0.32988006
vt 0.80753887 0.33396506
vt 0.80881846 0.33358747
vt 0.80878031 0.33759266
vt 0.81008106 0.33716989
vt 0.80990732 0.34128869
vt 0.81117254 0.34082770
vt 0.81141835 0.34488446
vt 0.81270373 0.34435630
vt 0.81287497 0.34854579
vt 0.81411695 0.34796786
vt 0.81474531 0.35205144
vt 0.81599426 0.35139436
vt 0.81658161 0.35560179
vt 0.81777370 0.35489547
vt 0.81882012 0.35893339
vt 0.82000524 0.35814631
vt 0.82102472 0.36229628
vt 0.82214248 0.36146754
vt 0.82359987 0.36538804
vt 0.82469988 0.36448282
vt 0.82613564 0.36851019
vt 0.82716376 0.36757261
vt 0.82900727 0.37132293
vt 0.83000970 0.37031335
vt 0.83183801 0.37417054
vt 0.83276737 0.37313759
vt 0.83497036 0.37668145
vt 0.83586782 0.37557930
vt 0.83806330 0.37923455
vt 0.83888638 0.37811685
vt 0.84142172 0.38142741
vt 0.84220719 0.38024354
vt 0.84474617 0.38366759
vt 0.84545559 0.38247538
vt 0.84829873 0.38552332
vt 0.84896487 0.38426960
vt 0.85182309 0.38743037
vt 0.85241306 0.38617510
vt 0.85553867 0.38893074
vt 0.85607934 0.38761872
vt 0.85923171 0.39048368
vt 0.85969734 0.38917702
vt 0.86307788 0.39161366
vt 0.86348844 0.39025444
vt 0.86690629 0.39279878
vt 0.86724240 0.39145267
vt 0.87084526 0.39354986
vt 0.87112135 0.39215636
vt 0.87477237 0.39435714
vt 0.87497467 0.39298445
vt 0.88303745 0.38928074
vt 0.87938792 0.38834530
vt 0.88675731 0.38870841
vt 0.87562931 0.38855141
vt 0.87208784 0.38726515
vt 0.86832708 0.38710505
vt 0.86492741 0.38548130
vt 0.86120081 0.38495624
vt 0.85797656 0.38300872
vt 0.85431975 0.38212073
vt 0.85130215 0.37986588
vt 0.84774852 0.37862521
vt 0.84496319 0.37608725
vt 0.84154552 0.37450725
vt 0.83901858 0.37170976
vt 0.83576971 0.36980343
vt 0.83352852 0.36676991
vt 0.83048266 0.36454970
vt 0.82855433 0.36130667
vt 0.82574463 0.35879427
vt 0.82415015 0.35537905
vt 0.82161021 0.35260588
vt 0.82036573 0.34906459
vt 0.81812274 0.34607440
vt 0.81722784 0.34245813
vt 0.81528658 0.33930087
vt 0.81471163 0.33564609
vt 0.81303531 0.33235669
vt 0.81273061 0.32865030
vt 0.81126630 0.32519704
vt 0.81124616 0.32134920
vt 0.81003553 0.31759870
vt 0.81056291 0.31356645
vt 0.81003141 0.30954504
vt 0.81124938 0.30578864
vt 0.81126195 0.30194235
vt 0.81273073 0.29848814
vt 0.81303281 0.29478133
vt 0.81471020 0.29149103
vt 0.81528503 0.28783739
vt 0.81722653 0.28467762
vt 0.81812096 0.28106403
vt 0.82036495 0.27807039
vt 0.82160813 0.27453250
vt 0.82414967 0.27175593
vt 0.82574219 0.26834399
vt 0.82855397 0.26582813
vt 0.83047998 0.26258808
vt 0.83352834 0.26036483
vt 0.83576667 0.25733358
vt 0.83901864 0.25542486
vt 0.84154248 0.25262934
vt 0.84496331 0.25104713
vt 0.84774566 0.24851114
vt 0.85130244 0.24726832
vt 0.85431689 0.24501520
vt 0.85797721 0.24412537
vt 0.86119801 0.24217892
vt 0.86492819 0.24165291
vt 0.86832446 0.24002975
vt 0.87208897 0.23986912
vt 0.87562698 0.23858345
vt 0.87938917 0.23878902
vt 0.88303506 0.23785400
vt 0.88675874 0.23842603
vt 0.89047855 0.23785365
vt 0.89412814 0.23878914
vt 0.89788681 0.23858291
vt 0.90142834 0.23986894
vt 0.90518916 0.24002886
vt 0.90858901 0.24165249
vt 0.91231585 0.24217749
vt 0.91554022 0.24412495
vt 0.91919714 0.24501300
vt 0.92221493 0.24726790
vt 0.92576867 0.24850857
vt 0.92855406 0.25104636
vt 0.93197185 0.25262648
vt 0.93449908 0.25542378
vt 0.93774819 0.25733018
vt 0.93998951 0.26036394
vt 0.94303548 0.26258439
vt 0.94496375 0.26582772
vt 0.94777346 0.26834029
vt 0.94936788 0.27175570
vt 0.95190769 0.27452904
vt 0.95315218 0.27807039
vt 0.95539522 0.28106076
vt 0.95629025 0.28467703
vt 0.95823169 0.28783435
vt 0.95880687 0.29148936
vt 0.96048379 0.29477918
vt 0.96078879 0.29848617
vt 0.96225357 0.30194044
vt 0.96227330 0.30578959
vt 0.96348345 0.30954176
vt 0.96295434 0.31357479
vt 0.96348393 0.31759650
vt 0.96226484 0.32135123
vt 0.96225119 0.32519650
vt 0.96078265 0.32864946
vt 0.96048057 0.33235544
vt 0.95880377 0.33564532
vt 0.95822912 0.33929855
vt 0.95628792 0.34245825
vt 0.95539379 0.34607172
vt 0.95314997 0.34906536
vt 0.95190668 0.35260332
vt 0.94936508 0.35537994
vt 0.94777232 0.35879183
vt 0.94496047 0.36130756
vt 0.94303441 0.36454737
vt 0.93998599 0.36677051
vt 0.93774778 0.36980146
vt 0.93449599 0.37171000
vt 0.93197227 0.37450540
vt 0.92855161 0.37608743
vt 0.92576933 0.37862355
vt 0.92221272 0.37986624
vt 0.91919827 0.38211930
vt 0.91553813 0.38300902
vt 0.91231734 0.38495541
vt 0.90858728 0.38548142
vt 0.90519106 0.38710439
vt 0.90142685 0.38726521
vt 0.89788884 0.38855070
vt 0.89412683 0.38834536
vt 0.89048100 0.38928038
vt -0.38728127 -0.50116551
vt -0.46548977 -0.50116551
vt 0.78584766 -0.50116551
vt 0.70763904 -0.50116551
vt 0.62943047 -0.50116551
vt 0.55122185 -0.50116551
vt 0.47301319 -0.50116551
vt 0.39480475 -0.50116551
vt 0.31659615 -0.50116551
vt 0.23838748 -0.50116551
vt 0.16017891 -0.50116551
vt 0.08197029 -0.50116551
vt 0.00376176 -0.50116551
vt -0.07444688 -0.50116551
vt -0.15265545 -0.50116551
vt -0.23086406 -0.50116551
vt -0.30907258 -0.50116551
vt 0.98077524 0.98830995
vt 0.98077524 0.97556001
vt 0.99028009 0.97556001
vt 0.99028009 0.98830995
vt 0.98077524 0.96281010
vt 0.99028009 0.96281010
vt 0.98077524 0.95006016
vt 0.99028009 0.95006016
vt 0.98077524 0.93731022
vt 0.99028009 0.93731022
vt 0.98077524 0.92456028
vt 0.99028009 0.92456028
vt 0.98077524 0.91181037
vt 0.99028009 0.91181037
vt 0.98077524 0.89906043
vt 0.99028009 0.89906043
vt 0.98077524 0.88631049
vt 0.99028009 0.88631049
vt 0.98077524 0.87356055
vt 0.99028009 0.87356055
vt 0.98077524 0.86081061
vt 0.99028009 0.86081061
vt 0.98077524 0.84806070
vt 0.99028009 0.84806070
vt 0.98077524 0.83531076
vt 0.99028009 0.83531076
vt 0.98077524 0.82256082
vt 0.99028009 0.82256082
vt 0.98077524 0.80981091
vt 0.99028009 0.80981091
vt 0.98077524 0.79706097
vt 0.99028009 0.79706097
vt 0.98077524 0.78431103
vt 0.99028009 0.78431103
vt 0.99665868 0.97556001
vt 0.99665868 0.98830995
vt 0.99665868 0.96281010
vt 0.99665868 0.95006016
vt 0.99665868 0.93731022
vt 0.99665868 0.92456028
vt 0.99665868 0.91181037
vt 0.99665868 0.89906043
vt 0.99665868 0.88631049
vt 0.99665868 0.87356055
vt 0.99665868 0.86081061
vt 0.99665868 0.84806070
vt 0.99665868 0.83531076
vt 0.99665868 0.82256082
vt 0.99665868 0.80981091
vt 0.99665868 0.79706097
vt 0.99665868 0.78431103
vt 0.88625741 0.21943194
vt 0.91747111 0.21334976
vt 0.91487461 0.20697749
vt 0.88625765 0.21256000
vt 0.94417006 0.19586855
vt 0.93932974 0.19092363
vt 0.96243244 0.16940236
vt 0.95601040 0.16665196
vt 0.96925253 0.13751251
vt 0.96214265 0.13751298
vt 0.96243912 0.10562438
vt 0.95601755 0.10837609
vt 0.94416970 0.07915539
vt 0.93932921 0.08410078
vt 0.91747344 0.06167698
vt 0.91487843 0.06804943
vt 0.88625729 0.05559307
vt 0.88625830 0.06246495
vt 0.85504538 0.06167579
vt 0.85764170 0.06804782
vt 0.82834631 0.07915473
vt 0.83318627 0.08410007
vt 0.81008166 0.10562021
vt 0.81650382 0.10837096
vt 0.80325967 0.13751251
vt 0.81037027 0.13751179
vt 0.81007606 0.16940171
vt 0.81649762 0.16664964
vt 0.82834613 0.19586921
vt 0.83318657 0.19092387
vt 0.85504091 0.21334845
vt 0.85763705 0.20697641
vt 0.91410530 0.20509076
vt 0.88625777 0.21052432
vt 0.93789482 0.18946022
vt 0.95410842 0.16584086
vt 0.96003628 0.13751262
vt 0.95411557 0.10918742
vt 0.93789405 0.08556437
vt 0.91410929 0.06993610
vt 0.88625813 0.06450075
vt 0.85841089 0.06993461
vt 0.83462113 0.08556354
vt 0.81840587 0.10918218
vt 0.81247681 0.13751215
vt 0.81839955 0.16583818
vt 0.83462173 0.18946034
vt 0.85840619 0.20508963
vt 0.91226137 0.20057070
vt 0.88625801 0.20564729
vt 0.93445683 0.18595690
vt 0.94955599 0.16390240
vt 0.95503068 0.13751179
vt 0.94956321 0.11112612
vt 0.93445563 0.08906776
vt 0.91226578 0.07445586
vt 0.88625783 0.06937778
vt 0.86025470 0.07445437
vt 0.83805901 0.08906692
vt 0.82295841 0.11112088
vt 0.81748289 0.13751280
vt 0.82295191 0.16389930
vt 0.83806002 0.18595695
vt 0.86024970 0.20056969
vt 0.90891415 0.97556001
vt 0.90891415 0.98830995
vt 0.89852154 0.98830995
vt 0.89852154 0.97556001
vt 0.90891415 0.96281010
vt 0.89852154 0.96281010
vt 0.90891415 0.95006016
vt 0.89852154 0.95006016
vt 0.90891415 0.93731022
vt 0.89852154 0.93731022
vt 0.90891415 0.92456028
vt 0.89852154 0.92456028
vt 0.90891415 0.91181037
vt 0.89852154 0.91181037
vt 0.90891415 0.89906043
vt 0.89852154 0.89906043
vt 0.90891415 0.88631049
vt 0.89852154 0.88631049
vt 0.90891415 0.87356055
vt 0.89852154 0.87356055
vt 0.90891415 0.86081061
vt 0.89852154 0.86081061
vt 0.90891415 0.84806070
vt 0.89852154 0.84806070
vt 0.90891415 0.83531076
vt 0.89852154 0.83531076
vt 0.90891415 0.82256082
vt 0.89852154 0.82256082
vt 0.90891415 0.80981091
vt 0.89852154 0.80981091
vt 0.90891415 0.79706097
vt 0.89852154 0.79706097
vt 0.90891415 0.78431103
vt 0.89852154 0.78431103
vt 0.89102381 0.98830995
vt 0.89102381 0.97556001
vt 0.89102381 0.79706097
vt 0.89102381 0.78431103
vt 0.89102381 0.80981091
vt 0.89102381 0.82256082
vt 0.89102381 0.83531076
vt 0.89102381 0.84806070
vt 0.89102381 0.86081061
vt 0.89102381 0.87356055
vt 0.89102381 0.88631049
vt 0.89102381 0.89906043
vt 0.89102381 0.91181037
vt 0.89102381 0.92456028
vt 0.89102381 0.93731022
vt 0.89102381 0.95006016
vt 0.89102381 0.96281010
vt 0.88511014 0.98830995
vt 0.88511014 0.97556001
vt 0.88511014 0.79706097
vt 0.88511014 0.78431103
vt 0.88511014 0.80981091
vt 0.88511014 0.82256082
vt 0.88511014 0.83531076
vt 0.88511014 0.84806070
vt 0.88511014 0.86081061
vt 0.88511014 0.87356055
vt 0.88511014 0.88631049
vt 0.88511014 0.89906043
vt 0.88511014 0.91181037
vt 0.88511014 0.92456028
vt 0.88511014 0.93731022
vt 0.88511014 0.95006016
vt 0.88511014 0.96281010
vt 0.87925190 0.98830995
vt 0.87925190 0.97556001
vt 0.87925190 0.79706097
vt 0.87925190 0.78431103
vt 0.87925190 0.80981091
vt 0.87925190 0.82256082
vt 0.87925190 0.83531076
vt 0.87925190 0.84806070
vt 0.87925190 0.86081061
vt 0.87925190 0.87356055
vt 0.87925190 0.88631049
vt 0.87925190 0.89906043
vt 0.87925190 0.91181037
vt 0.87925190 0.92456028
vt 0.87925190 0.93731022
vt 0.87925190 0.95006016
vt 0.87925190 0.96281010
vt 0.87400675 0.98830995
vt 0.87400675 0.97556001
vt 0.87400675 0.79706097
vt 0.87400675 0.78431103
vt 0.87400675 0.80981091
vt 0.87400675 0.82256082
vt 0.87400675 0.83531076
vt 0.87400675 0.84806070
vt 0.87400675 0.86081061
vt 0.87400675 0.87356055
vt 0.87400675 0.88631049
vt 0.87400675 0.89906043
vt 0.87400675 0.91181037
vt 0.87400675 0.92456028
vt 0.87400675 0.93731022
vt 0.87400675 0.95006016
vt 0.87400675 0.96281010
vt 0.87214142 0.98830995
vt 0.87214142 0.97556001
vt 0.87214142 0.79706097
vt 0.87214142 0.78431103
vt 0.87214142 0.80981091
vt 0.87214142 0.82256082
vt 0.87214142 0.83531076
vt 0.87214142 0.84806070
vt 0.87214142 0.86081061
vt 0.87214142 0.87356055
vt 0.87214142 0.88631049
vt 0.87214142 0.89906043
vt 0.87214142 0.91181037
vt 0.87214142 0.92456028
vt 0.87214142 0.93731022
vt 0.87214142 0.95006016
vt 0.87214142 0.96281010
vt 0.86279684 0.98830995
vt 0.86279684 0.97556001
vt 0.86279684 0.79706097
vt 0.86279684 0.78431103
vt 0.86279684 0.80981091
vt 0.86279684 0.82256082
vt 0.86279684 0.83531076
vt 0.86279684 0.84806070
vt 0.86279684 0.86081061
vt 0.86279684 0.87356055
vt 0.86279684 0.88631049
vt 0.86279684 0.89906043
vt 0.86279684 0.91181037
vt 0.86279684 0.92456028
vt 0.86279684 0.93731022
vt 0.86279684 0.95006016
vt 0.86279684 0.96281010
vt 0.84060365 0.97556001
vt 0.84060365 0.98830995
vt 0.83321679 0.98830995
vt 0.83321679 0.97556001
vt 0.84798002 0.97556001
vt 0.84798002 0.98830995
vt 0.85535645 0.97556001
vt 0.85535645 0.98830995
vt 0.84060365 0.78431103
vt 0.84060365 0.79706097
vt 0.83321679 0.79706097
vt 0.83321679 0.78431103
vt 0.84798002 0.78431103
vt 0.84798002 0.79706097
vt 0.85535645 0.78431103
vt 0.85535645 0.79706097
vt 0.84060365 0.80981091
vt 0.83321679 0.80981091
vt 0.84798002 0.80981091
vt 0.85535645 0.80981091
vt 0.84060365 0.82256082
vt 0.83321679 0.82256082
vt 0.84798002 0.82256082
vt 0.85535645 0.82256082
vt 0.84060365 0.83531076
vt 0.83321679 0.83531076
vt 0.84798002 0.83531076
vt 0.85535645 0.83531076
vt 0.84060365 0.84806070
vt 0.83321679 0.84806070
vt 0.84798002 0.84806070
vt 0.85535645 0.84806070
vt 0.84060365 0.86081061
vt 0.83321679 0.86081061
vt 0.84798002 0.86081061
vt 0.85535645 0.86081061
vt 0.84060365 0.87356055
vt 0.83321679 0.87356055
vt 0.84798002 0.87356055
vt 0.85535645 0.87356055
vt 0.84060365 0.88631049
vt 0.83321679 0.88631049
vt 0.84798002 0.88631049
vt 0.85535645 0.88631049
vt 0.84060365 0.89906043
vt 0.83321679 0.89906043
vt 0.84798002 0.89906043
vt 0.85535645 0.89906043
vt 0.84060365 0.91181037
vt 0.83321679 0.91181037
vt 0.84798002 0.91181037
vt 0.85535645 0.91181037
vt 0.84060365 0.92456028
vt 0.83321679 0.92456028
vt 0.84798002 0.92456028
vt 0.85535645 0.92456028
vt 0.84060365 0.93731022
vt 0.83321679 0.93731022
vt 0.84798002 0.93731022
vt 0.85535645 0.93731022
vt 0.84060365 0.95006016
vt 0.83321679 0.95006016
vt 0.84798002 0.95006016
vt 0.85535645 0.95006016
vt 0.84060365 0.96281010
vt 0.83321679 0.96281010
vt 0.84798002 0.96281010
vt 0.85535645 0.96281010
vt 0.81236625 0.98830995
vt 0.81236625 0.97556001
vt 0.81931293 0.97556001
vt 0.81931293 0.98830995
vt 0.82625961 0.97556001
vt 0.82625961 0.98830995
vt 0.81236625 0.79706097
vt 0.81236625 0.78431103
vt 0.81931293 0.78431103
vt 0.81931293 0.79706097
vt 0.82625961 0.78431103
vt 0.82625961 0.79706097
vt 0.81236625 0.80981091
vt 0.81931293 0.80981091
vt 0.82625961 0.80981091
vt 0.81236625 0.82256082
vt 0.81931293 0.82256082
vt 0.82625961 0.82256082
vt 0.81236625 0.83531076
vt 0.81931293 0.83531076
vt 0.82625961 0.83531076
vt 0.81236625 0.84806070
vt 0.81931293 0.84806070
vt 0.82625961 0.84806070
vt 0.81236625 0.86081061
vt 0.81931293 0.86081061
vt 0.82625961 0.86081061
vt 0.81236625 0.87356055
vt 0.81931293 0.87356055
vt 0.82625961 0.87356055
vt 0.81236625 0.88631049
vt 0.81931293 0.88631049
vt 0.82625961 0.88631049
vt 0.81236625 0.89906043
vt 0.81931293 0.89906043
vt 0.82625961 0.89906043
vt 0.81236625 0.91181037
vt 0.81931293 0.91181037
vt 0.82625961 0.91181037
vt 0.81236625 0.92456028
vt 0.81931293 0.92456028
vt 0.82625961 0.92456028
vt 0.81236625 0.93731022
vt 0.81931293 0.93731022
vt 0.82625961 0.93731022
vt 0.81236625 0.95006016
vt 0.81931293 0.95006016
vt 0.82625961 0.95006016
vt 0.81236625 0.96281010
vt 0.81931293 0.96281010
vt 0.82625961 0.96281010
vt 0.95403749 0.98830995
vt 0.95403749 0.97556001
vt 0.96306962 0.97556001
vt 0.96306962 0.98830995
vt 0.94500571 0.98830995
vt 0.94500571 0.97556001
vt 0.93598962 0.98830995
vt 0.93598962 0.97556001
vt 0.92697352 0.98830995
vt 0.92697352 0.97556001
vt 0.91795743 0.98830995
vt 0.91795743 0.97556001
vt 0.95403749 0.96281010
vt 0.96306962 0.96281010
vt 0.94500571 0.96281010
vt 0.93598962 0.96281010
vt 0.92697352 0.96281010
vt 0.91795743 0.96281010
vt 0.95403749 0.95006016
vt 0.96306962 0.95006016
vt 0.94500571 0.95006016
vt 0.93598962 0.95006016
vt 0.92697352 0.95006016
vt 0.91795743 0.95006016
vt 0.95403749 0.93731022
vt 0.96306962 0.93731022
vt 0.94500571 0.93731022
vt 0.93598962 0.93731022
vt 0.92697352 0.93731022
vt 0.91795743 0.93731022
vt 0.95403749 0.92456028
vt 0.96306962 0.92456028
vt 0.94500571 0.92456028
vt 0.93598962 0.92456028
vt 0.92697352 0.92456028
vt 0.91795743 0.92456028
vt 0.95403749 0.91181037
vt 0.96306962 0.91181037
vt 0.94500571 0.91181037
vt 0.93598962 0.91181037
vt 0.92697352 0.91181037
vt 0.91795743 0.91181037
vt 0.95403749 0.89906043
vt 0.96306962 0.89906043
vt 0.94500571 0.89906043
vt 0.93598962 0.89906043
vt 0.92697352 0.89906043
vt 0.91795743 0.89906043
vt 0.95403749 0.88631049
vt 0.96306962 0.88631049
vt 0.94500571 0.88631049
vt 0.93598962 0.88631049
vt 0.92697352 0.88631049
vt 0.91795743 0.88631049
vt 0.95403749 0.87356055
vt 0.96306962 0.87356055
vt 0.94500571 0.87356055
vt 0.93598962 0.87356055
vt 0.92697352 0.87356055
vt 0.91795743 0.87356055
vt 0.95403749 0.86081061
vt 0.96306962 0.86081061
vt 0.94500571 0.86081061
vt 0.93598962 0.86081061
vt 0.92697352 0.86081061
vt 0.91795743 0.86081061
vt 0.95403749 0.84806070
vt 0.96306962 0.84806070
vt 0.94500571 0.84806070
vt 0.93598962 0.84806070
vt 0.92697352 0.84806070
vt 0.91795743 0.84806070
vt 0.95403749 0.83531076
vt 0.96306962 0.83531076
vt 0.94500571 0.83531076
vt 0.93598962 0.83531076
vt 0.92697352 0.83531076
vt 0.91795743 0.83531076
vt 0.95403749 0.82256082
vt 0.96306962 0.82256082
vt 0.94500571 0.82256082
vt 0.93598962 0.82256082
vt 0.92697352 0.82256082
vt 0.91795743 0.82256082
vt 0.95403749 0.80981091
vt 0.96306962 0.80981091
vt 0.94500571 0.80981091
vt 0.93598962 0.80981091
vt 0.92697352 0.80981091
vt 0.91795743 0.80981091
vt 0.95403749 0.79706097
vt 0.96306962 0.79706097
vt 0.94500571 0.79706097
vt 0.93598962 0.79706097
vt 0.92697352 0.79706097
vt 0.91795743 0.79706097
vt 0.95403749 0.78431103
vt 0.96306962 0.78431103
vt 0.94500571 0.78431103
vt 0.93598962 0.78431103
vt 0.92697352 0.78431103
vt 0.91795743 0.78431103
vt 0.97188586 0.97556001
vt 0.97188586 0.98830995
vt 0.97188586 0.78431103
vt 0.97188586 0.79706097
vt 0.97188586 0.80981091
vt 0.97188586 0.82256082
vt 0.97188586 0.83531076
vt 0.97188586 0.84806070
vt 0.97188586 0.86081061
vt 0.97188586 0.87356055
vt 0.97188586 0.88631049
vt 0.97188586 0.89906043
vt 0.97188586 0.91181037
vt 0.97188586 0.92456028
vt 0.97188586 0.93731022
vt 0.97188586 0.95006016
vt 0.97188586 0.96281010
vt 0.79996020 0.96281010
vt 0.80610937 0.96281010
vt 0.80610937 0.97556001
vt 0.79996020 0.97556001
vt 0.79996020 0.95006016
vt 0.80610937 0.95006016
vt 0.79996020 0.93731022
vt 0.80610937 0.93731022
vt 0.79996020 0.92456028
vt 0.80610937 0.92456028
vt 0.79996020 0.91181037
vt 0.80610937 0.91181037
vt 0.79996020 0.89906043
vt 0.80610937 0.89906043
vt 0.79996020 0.88631049
vt 0.80610937 0.88631049
vt 0.79996020 0.87356055
vt 0.80610937 0.87356055
vt 0.79996020 0.86081061
vt 0.80610937 0.86081061
vt 0.79996020 0.84806070
vt 0.80610937 0.84806070
vt 0.79996020 0.83531076
vt 0.80610937 0.83531076
vt 0.79996020 0.82256082
vt 0.80610937 0.82256082
vt 0.79996020 0.80981091
vt 0.80610937 0.80981091
vt 0.79996020 0.79706097
vt 0.80610937 0.79706097
vt 0.79996020 0.78431103
vt 0.80610937 0.78431103
vt 0.80610937 0.98830995
vt 0.79996020 0.98830995
vt 0.79586679 0.98830995
vt 0.79586679 0.97556001
vt 0.79586679 0.79706097
vt 0.79586679 0.78431103
vt 0.79586679 0.80981091
vt 0.79586679 0.82256082
vt 0.79586679 0.83531076
vt 0.79586679 0.84806070
vt 0.79586679 0.86081061
vt 0.79586679 0.87356055
vt 0.79586679 0.88631049
vt 0.79586679 0.89906043
vt 0.79586679 0.91181037
vt 0.79586679 0.92456028
vt 0.79586679 0.93731022
vt 0.79586679 0.95006016
vt 0.79586679 0.96281010
vt 0.88625759 0.13751233
vt 0.85795379 0.10910422
vt 0.84838229 0.12173986
vt 0.84607315 0.13745189
vt 0.88632089 0.09747344
vt 0.87066722 0.09967721
vt 0.92644167 0.13757265
vt 0.92418909 0.12187159
vt 0.91464853 0.10919350
vt 0.91456157 0.16592014
vt 0.92413265 0.15328449
vt 0.88619465 0.17755139
vt 0.90184832 0.17534751
vt 0.85786670 0.16583133
vt 0.87053990 0.17529595
vt 0.84832597 0.15315312
vt 0.90197551 0.09972900
vt 0.91088575 0.19720381
vt 0.88625830 0.20200998
vt 0.90827459 0.19082415
vt 0.88625938 0.19534755
vt 0.93189102 0.18334717
vt 0.92718834 0.17857474
vt 0.95129859 0.13751078
vt 0.94616306 0.16246390
vt 0.94448662 0.13750875
vt 0.93973565 0.15975034
vt 0.93188894 0.09167731
vt 0.94617075 0.11256528
vt 0.92718357 0.09644938
vt 0.93974543 0.11528069
vt 0.88625753 0.07301503
vt 0.91089094 0.07782251
vt 0.88625628 0.07967746
vt 0.90828210 0.08420211
vt 0.82635146 0.11255968
vt 0.84062469 0.09167671
vt 0.83277899 0.11527342
vt 0.84532714 0.09644943
vt 0.82634437 0.16245985
vt 0.82121527 0.13751382
vt 0.83276951 0.15974432
vt 0.82802767 0.13751578
vt 0.86162454 0.19720286
vt 0.84062666 0.18334746
vt 0.86423343 0.19082302
vt 0.84533191 0.17857546
vt 0.86163026 0.07782120
vt 0.86424124 0.08420068
vn 0.01791553 0.99890357 0.04325193
vn 0.31380334 0.57235247 0.75758839
vn 0.00000001 0.57235253 0.82000780
vn 0.00000000 0.99890357 0.04681547
vn 0.00000000 0.99890357 0.04681547
vn 0.00000001 0.57235253 0.82000780
vn -0.31380334 0.57235247 0.75758839
vn -0.01791553 0.99890357 0.04325193
vn -0.57983303 0.57235247 0.57983303
vn -0.03310354 0.99890357 0.03310354
vn -0.75758839 0.57235247 0.31380334
vn -0.04325193 0.99890357 0.01791553
vn -0.82000780 0.57235253 0.00000001
vn -0.04681547 0.99890357 0.00000000
vn -0.75758839 0.57235247 -0.31380334
vn -0.04325193 0.99890357 -0.01791553
vn -0.57983303 0.57235247 -0.57983303
vn -0.03310354 0.99890357 -0.03310354
vn -0.31380334 0.57235247 -0.75758839
vn -0.01791553 0.99890357 -0.04325193
vn 0.00000001 0.57235253 -0.82000780
vn 0.00000000 0.99890357 -0.04681547
vn 0.31380334 0.57235247 -0.75758839
vn 0.01791553 0.99890357 -0.04325193
vn 0.57983303 0.57235247 -0.57983303
vn 0.03310354 0.99890357 -0.03310354
vn 0.75758839 0.57235247 -0.31380334
vn 0.04325193 0.99890357 -0.01791553
vn 0.82000780 0.57235253 0.00000001
vn 0.04681547 0.99890357 0.00000000
vn 0.75758839 0.57235247 0.31380334
vn 0.04325193 0.99890357 0.01791553
vn 0.57983303 0.57235247 0.57983303
vn 0.03310354 0.99890357 0.03310354
vn 0.01632967 -0.99904984 -0.04040715
vn 0.00485947 -0.99512184 0.09853391
vn 0.04969424 -0.86289203 0.50293916
vn 0.05854025 -0.98366863 0.17020306
vn 0.01448443 -0.99512094 0.09759356
vn 0.01228458 -0.99904931 -0.04183014
vn 0.09852761 -0.86284393 0.49577481
vn 0.07487408 -0.98366690 0.16368671
vn 0.02392810 -0.99511862 0.09574112
vn 0.00815355 -0.99904925 -0.04282903
vn 0.14643063 -0.86280900 0.48385817
vn 0.09048676 -0.98366702 0.15559991
vn 0.03318543 -0.99511862 0.09293889
vn 0.00393667 -0.99904984 -0.04340640
vn 0.19334276 -0.86285949 0.46700355
vn 0.10534912 -0.98366982 0.14592910
vn 0.04219689 -0.99512184 0.08917375
vn -0.00037616 -0.99904984 -0.04358068
vn 0.23837711 -0.86289197 0.44563869
vn 0.11921805 -0.98366863 0.13484487
vn 0.05072917 -0.99512094 0.08462201
vn -0.00465817 -0.99904925 -0.04334700
vn 0.28075290 -0.86284387 0.42033112
vn 0.13181476 -0.98366690 0.12257381
vn 0.05874511 -0.99511862 0.07929642
vn -0.00885686 -0.99904925 -0.04268926
vn 0.32044882 -0.86280870 0.39099067
vn 0.14314538 -0.98366696 0.10912707
vn 0.06622568 -0.99511862 0.07316472
vn -0.01297292 -0.99904972 -0.04160950
vn 0.35733971 -0.86285949 0.35746619
vn 0.15317458 -0.98366982 0.09450538
vn 0.07311029 -0.99512184 0.06623794
vn -0.01702574 -0.99904996 -0.04011843
vn 0.39077032 -0.86289233 0.32049283
vn 0.16174525 -0.98366868 0.07895830
vn 0.07925109 -0.99512094 0.05876742
vn -0.02089214 -0.99904925 -0.03826429
vn 0.42023551 -0.86284405 0.28089592
vn 0.16868742 -0.98366702 0.06280080
vn 0.08461887 -0.99511862 0.05077952
vn -0.02451987 -0.99904925 -0.03604947
vn 0.44568214 -0.86280864 0.23859744
vn 0.17400962 -0.98366702 0.04604246
vn 0.08918335 -0.99511874 0.04225181
vn -0.02790955 -0.99904984 -0.03347627
vn 0.46693522 -0.86285931 0.19350803
vn 0.17768037 -0.98366982 0.02869456
vn 0.09289315 -0.99512184 0.03321768
vn -0.03108206 -0.99904996 -0.03055006
vn 0.48367164 -0.86289233 0.14655569
vn 0.17964940 -0.98366874 0.01104968
vn 0.09570777 -0.99512094 0.02396602
vn -0.03394474 -0.99904925 -0.02735717
vn 0.49574128 -0.86284405 0.09869637
vn 0.17987990 -0.98366690 -0.00653413
vn 0.09761002 -0.99511862 0.01453206
vn -0.03644885 -0.99904913 -0.02392273
vn 0.50306433 -0.86280841 0.04988130
vn 0.17838363 -0.98366696 -0.02405346
vn 0.09856381 -0.99511862 0.00490668
vn -0.03859578 -0.99904984 -0.02024781
vn 0.50544482 -0.86285895 0.00008947
vn 0.17513664 -0.98366976 -0.04148495
vn 0.09853391 -0.99512184 -0.00485947
vn -0.04040715 -0.99904984 -0.01632962
vn 0.50293916 -0.86289203 -0.04969423
vn 0.17020307 -0.98366863 -0.05854020
vn 0.09759356 -0.99512094 -0.01448442
vn -0.04183013 -0.99904931 -0.01228440
vn 0.49577481 -0.86284393 -0.09852760
vn 0.16368675 -0.98366690 -0.07487382
vn 0.09574112 -0.99511862 -0.02392811
vn -0.04282901 -0.99904925 -0.00815349
vn 0.48385814 -0.86280900 -0.14643064
vn 0.15559994 -0.98366702 -0.09048671
vn 0.09293889 -0.99511874 -0.03318544
vn -0.04340638 -0.99904984 -0.00393659
vn 0.46700355 -0.86285937 -0.19334267
vn 0.14592910 -0.98366982 -0.10534912
vn 0.08917379 -0.99512184 -0.04219689
vn -0.04358061 -0.99904996 0.00037631
vn 0.44563863 -0.86289197 -0.23837718
vn 0.13484499 -0.98366863 -0.11921780
vn 0.08462200 -0.99512094 -0.05072919
vn -0.04334696 -0.99904925 0.00465828
vn 0.42033112 -0.86284387 -0.28075290
vn 0.12257379 -0.98366690 -0.13181479
vn 0.07929645 -0.99511862 -0.05874510
vn -0.04268921 -0.99904925 0.00885697
vn 0.39099056 -0.86280870 -0.32044891
vn 0.10912726 -0.98366696 -0.14314508
vn 0.07316472 -0.99511862 -0.06622568
vn -0.04160931 -0.99904972 0.01297316
vn 0.35746667 -0.86285925 -0.35733977
vn 0.09450550 -0.98366976 -0.15317483
vn 0.06623794 -0.99512184 -0.07311029
vn -0.04011863 -0.99904996 0.01702554
vn 0.32049251 -0.86289227 -0.39077038
vn 0.07895833 -0.98366868 -0.16174515
vn 0.05876729 -0.99512094 -0.07925113
vn -0.03826436 -0.99904925 0.02089217
vn 0.28089625 -0.86284387 -0.42023537
vn 0.06280049 -0.98366690 -0.16868778
vn 0.05077959 -0.99511862 -0.08461885
vn -0.03604986 -0.99904913 0.02451944
vn 0.23859744 -0.86280864 -0.44568214
vn 0.04604207 -0.98366696 -0.17400980
vn 0.04225189 -0.99511874 -0.08918334
vn -0.03347646 -0.99904984 0.02790947
vn 0.19350813 -0.86285937 -0.46693528
vn 0.02869465 -0.98366994 -0.17768030
vn 0.03321769 -0.99512184 -0.09289315
vn -0.03054976 -0.99904984 0.03108220
vn 0.14655565 -0.86289233 -0.48367164
vn 0.01104991 -0.98366868 -0.17964931
vn 0.02396602 -0.99512094 -0.09570777
vn -0.02735701 -0.99904925 0.03394478
vn 0.09869637 -0.86284405 -0.49574128
vn -0.00653397 -0.98366690 -0.17987987
vn 0.01453206 -0.99511862 -0.09761003
vn -0.02392270 -0.99904913 0.03644886
vn 0.04988130 -0.86280841 -0.50306433
vn -0.02405355 -0.98366696 -0.17838365
vn 0.00490668 -0.99511862 -0.09856381
vn -0.02024788 -0.99904984 0.03859578
vn 0.00008947 -0.86285895 -0.50544482
vn -0.04148495 -0.98366976 -0.17513664
vn -0.00485947 -0.99512184 -0.09853391
vn -0.01632961 -0.99904984 0.04040715
vn -0.04969424 -0.86289203 -0.50293916
vn -0.05854020 -0.98366863 -0.17020307
vn -0.01448443 -0.99512094 -0.09759356
vn -0.01228449 -0.99904931 0.04183013
vn -0.09852762 -0.86284393 -0.49577481
vn -0.07487389 -0.98366690 -0.16368672
vn -0.02392810 -0.99511862 -0.09574112
vn -0.00815340 -0.99904925 0.04282900
vn -0.14643060 -0.86280900 -0.48385820
vn -0.09048666 -0.98366702 -0.15559994
vn -0.03318542 -0.99511862 -0.09293890
vn -0.00393653 -0.99904984 0.04340636
vn -0.19334267 -0.86285937 -0.46700355
vn -0.10534895 -0.98366982 -0.14592917
vn -0.04219689 -0.99512184 -0.08917375
vn 0.00037618 -0.99904984 0.04358079
vn -0.23837711 -0.86289197 -0.44563869
vn -0.11921805 -0.98366863 -0.13484475
vn -0.05072917 -0.99512094 -0.08462201
vn 0.00465815 -0.99904925 0.04334701
vn -0.28075311 -0.86284393 -0.42033085
vn -0.13181496 -0.98366690 -0.12257364
vn -0.05874515 -0.99511862 -0.07929636
vn 0.00885682 -0.99904913 0.04268948
vn -0.32044864 -0.86280864 -0.39099094
vn -0.14314523 -0.98366696 -0.10912722
vn -0.06622565 -0.99511862 -0.07316478
vn 0.01297311 -0.99904972 0.04160941
vn -0.35733971 -0.86285949 -0.35746619
vn -0.15317458 -0.98366982 -0.09450538
vn -0.07311029 -0.99512184 -0.06623794
vn 0.01702582 -0.99904996 0.04011849
vn -0.39077035 -0.86289233 -0.32049271
vn -0.16174525 -0.98366868 -0.07895812
vn -0.07925110 -0.99512094 -0.05876740
vn 0.02089213 -0.99904925 0.03826442
vn -0.42023551 -0.86284405 -0.28089592
vn -0.16868742 -0.98366702 -0.06280080
vn -0.08461887 -0.99511862 -0.05077954
vn 0.02451984 -0.99904925 0.03604962
vn -0.44568211 -0.86280859 -0.23859754
vn -0.17400968 -0.98366702 -0.04604217
vn -0.08918337 -0.99511874 -0.04225180
vn 0.02790949 -0.99904984 0.03347640
vn -0.46693522 -0.86285931 -0.19350801
vn -0.17768031 -0.98366982 -0.02869471
vn -0.09289315 -0.99512184 -0.03321769
vn 0.03108218 -0.99904996 0.03054984
vn -0.48367164 -0.86289233 -0.14655569
vn -0.17964931 -0.98366868 -0.01104983
vn -0.09570777 -0.99512094 -0.02396602
vn 0.03394477 -0.99904925 0.02735710
vn -0.49574128 -0.86284405 -0.09869637
vn -0.17987989 -0.98366690 0.00653421
vn -0.09761003 -0.99511862 -0.01453206
vn 0.03644885 -0.99904913 0.02392281
vn -0.50306433 -0.86280841 -0.04988129
vn -0.17838363 -0.98366696 0.02405351
vn -0.09856381 -0.99511862 -0.00490668
vn 0.03859578 -0.99904984 0.02024788
vn -0.50544482 -0.86285895 -0.00008947
vn -0.17513663 -0.98366976 0.04148497
vn -0.09853391 -0.99512184 0.00485947
vn 0.04040715 -0.99904984 0.01632970
vn -0.50293916 -0.86289203 0.04969424
vn -0.17020306 -0.98366863 0.05854027
vn -0.09759356 -0.99512094 0.01448443
vn 0.04183013 -0.99904931 0.01228449
vn -0.49577481 -0.86284393 0.09852762
vn -0.16368674 -0.98366690 0.07487391
vn -0.09574112 -0.99511862 0.02392810
vn 0.04282900 -0.99904925 0.00815339
vn -0.48385814 -0.86280900 0.14643066
vn -0.15559997 -0.98366702 0.09048653
vn -0.09293889 -0.99511862 0.03318543
vn 0.04340632 -0.99904984 0.00393633
vn -0.46700355 -0.86285937 0.19334267
vn -0.14592917 -0.98366982 0.10534894
vn -0.08917375 -0.99512184 0.04219689
vn 0.04358068 -0.99904984 -0.00037616
vn -0.44563869 -0.86289197 0.23837711
vn -0.13484487 -0.98366863 0.11921805
vn -0.08462201 -0.99512094 0.05072917
vn 0.04334700 -0.99904925 -0.00465817
vn -0.42033112 -0.86284387 0.28075290
vn -0.12257381 -0.98366690 0.13181476
vn -0.07929642 -0.99511862 0.05874511
vn 0.04268926 -0.99904925 -0.00885686
vn -0.39099067 -0.86280870 0.32044882
vn -0.10912707 -0.98366696 0.14314538
vn -0.07316472 -0.99511862 0.06622568
vn 0.04160950 -0.99904972 -0.01297292
vn -0.35746619 -0.86285949 0.35733971
vn -0.09450538 -0.98366982 0.15317458
vn -0.06623794 -0.99512184 0.07311029
vn 0.04011849 -0.99904996 -0.01702582
vn -0.32049283 -0.86289233 0.39077032
vn -0.07895824 -0.98366868 0.16174518
vn -0.05876742 -0.99512094 0.07925109
vn 0.03826429 -0.99904925 -0.02089214
vn -0.28089592 -0.86284405 0.42023551
vn -0.06280077 -0.98366696 0.16868736
vn -0.05077952 -0.99511862 0.08461887
vn 0.03604949 -0.99904925 -0.02451991
vn -0.23859744 -0.86280864 0.44568214
vn -0.04604243 -0.98366702 0.17400953
vn -0.04225181 -0.99511874 0.08918335
vn 0.03347627 -0.99904972 -0.02790959
vn -0.19350803 -0.86285931 0.46693522
vn -0.02869455 -0.98366982 0.17768033
vn -0.03321766 -0.99512184 0.09289315
vn 0.03054982 -0.99904984 -0.03108223
vn -0.14655562 -0.86289233 0.48367164
vn -0.01104999 -0.98366868 0.17964929
vn -0.02396602 -0.99512094 0.09570777
vn 0.02735710 -0.99904925 -0.03394477
vn -0.09869637 -0.86284405 0.49574128
vn 0.00653417 -0.98366690 0.17987992
vn -0.01453206 -0.99511862 0.09761003
vn 0.02392277 -0.99904913 -0.03644884
vn -0.04988129 -0.86280841 0.50306433
vn 0.02405348 -0.98366696 0.17838363
vn -0.00490668 -0.99511862 0.09856381
vn 0.02024785 -0.99904984 -0.03859578
vn -0.00008947 -0.86285895 0.50544482
vn 0.04148498 -0.98366976 0.17513663
vn -0.06712344 -0.73185641 -0.67814499
vn -0.08105849 -0.56813335 -0.81893468
vn -0.04072614 -0.56814486 -0.82192022
vn -0.02505322 -0.86239463 -0.50561631
vn 0.00000000 -0.56815010 -0.82292497
vn 0.00000000 -0.73186970 -0.68144459
vn 0.04072613 -0.56814486 -0.82192022
vn 0.02505322 -0.86239463 -0.50561631
vn 0.08105847 -0.56813341 -0.81893468
vn 0.06712343 -0.73185647 -0.67814499
vn 0.12099701 -0.56812817 -0.81399637
vn 0.07443402 -0.86238790 -0.50074619
vn 0.16054830 -0.56812388 -0.80713040
vn 0.13294749 -0.73184764 -0.66837412
vn 0.19971730 -0.56812572 -0.79833961
vn 0.12285995 -0.86238712 -0.49111491
vn 0.23850496 -0.56813401 -0.78761625
vn 0.19750167 -0.73185635 -0.65221119
vn 0.27690905 -0.56814402 -0.77494115
vn 0.17034480 -0.86239439 -0.47671646
vn 0.31491938 -0.56815124 -0.76028281
vn 0.26077735 -0.73187017 -0.62957227
vn 0.35216194 -0.56814426 -0.74377018
vn 0.21663755 -0.86239457 -0.45754129
vn 0.38828042 -0.56813431 -0.72557694
vn 0.32152840 -0.73185647 -0.60083741
vn 0.42328921 -0.56812704 -0.70573217
vn 0.26039526 -0.86238754 -0.43414518
vn 0.45720124 -0.56812578 -0.68425149
vn 0.37860247 -0.73184848 -0.56661975
vn 0.49002519 -0.56812751 -0.66114026
vn 0.30144840 -0.86238766 -0.40671411
vn 0.52175766 -0.56813318 -0.63639110
vn 0.43205807 -0.73185629 -0.52698421
vn 0.55238682 -0.56814510 -0.60998356
vn 0.33980936 -0.86239475 -0.37523985
vn 0.58189332 -0.56815475 -0.58189392
vn 0.48185241 -0.73187166 -0.48185286
vn 0.60998333 -0.56814510 -0.55238706
vn 0.37523967 -0.86239475 -0.33980951
vn 0.63639134 -0.56813318 -0.52175742
vn 0.52698439 -0.73185629 -0.43205786
vn 0.66114032 -0.56812751 -0.49002516
vn 0.40671411 -0.86238766 -0.30144840
vn 0.68425131 -0.56812584 -0.45720169
vn 0.56661958 -0.73184854 -0.37860268
vn 0.70573175 -0.56812769 -0.42328897
vn 0.43414494 -0.86238784 -0.26039511
vn 0.72557700 -0.56813431 -0.38828030
vn 0.60083729 -0.73185670 -0.32152835
vn 0.74377018 -0.56814426 -0.35216194
vn 0.45754120 -0.86239445 -0.21663758
vn 0.76028311 -0.56815076 -0.31491950
vn 0.62957245 -0.73187000 -0.26077741
vn 0.77494115 -0.56814402 -0.27690905
vn 0.47671649 -0.86239439 -0.17034470
vn 0.78761590 -0.56813437 -0.23850486
vn 0.65221101 -0.73185647 -0.19750161
vn 0.79833961 -0.56812578 -0.19971779
vn 0.49111488 -0.86238724 -0.12286032
vn 0.80713052 -0.56812376 -0.16054828
vn 0.66837400 -0.73184782 -0.13294744
vn 0.81399655 -0.56812823 -0.12099651
vn 0.50074625 -0.86238790 -0.07443369
vn 0.81893468 -0.56813335 -0.08105848
vn 0.67814505 -0.73185647 -0.06712344
vn 0.82192022 -0.56814486 -0.04072614
vn 0.50561631 -0.86239463 -0.02505322
vn 0.82292497 -0.56815010 0.00000000
vn 0.68144459 -0.73186970 -0.00000000
vn 0.82192022 -0.56814486 0.04072614
vn 0.50561631 -0.86239463 0.02505322
vn 0.81893468 -0.56813341 0.08105847
vn 0.67814499 -0.73185647 0.06712342
vn 0.81399649 -0.56812823 0.12099704
vn 0.50074619 -0.86238790 0.07443403
vn 0.80713052 -0.56812394 0.16054831
vn 0.66837412 -0.73184764 0.13294749
vn 0.79833961 -0.56812572 0.19971730
vn 0.49111497 -0.86238724 0.12285998
vn 0.78761625 -0.56813401 0.23850492
vn 0.65221119 -0.73185635 0.19750163
vn 0.77494115 -0.56814402 0.27690896
vn 0.47671649 -0.86239439 0.17034470
vn 0.76028311 -0.56815076 0.31491950
vn 0.62957245 -0.73187000 0.26077741
vn 0.74377012 -0.56814426 0.35216206
vn 0.45754123 -0.86239457 0.21663767
vn 0.72557682 -0.56813425 0.38828048
vn 0.60083735 -0.73185647 0.32152849
vn 0.70573217 -0.56812704 0.42328921
vn 0.43414518 -0.86238754 0.26039526
vn 0.68425131 -0.56812578 0.45720151
vn 0.56661958 -0.73184848 0.37860271
vn 0.66114032 -0.56812751 0.49002516
vn 0.40671411 -0.86238766 0.30144840
vn 0.63639134 -0.56813318 0.52175742
vn 0.52698439 -0.73185629 0.43205786
vn 0.60998356 -0.56814510 0.55238682
vn 0.37523985 -0.86239475 0.33980936
vn 0.58189332 -0.56815475 0.58189392
vn 0.48185238 -0.73187166 0.48185286
vn 0.55238652 -0.56814510 0.60998386
vn 0.33980918 -0.86239475 0.37524003
vn 0.52175766 -0.56813318 0.63639110
vn 0.43205807 -0.73185629 0.52698421
vn 0.49002555 -0.56812751 0.66114002
vn 0.30144861 -0.86238772 0.40671390
vn 0.45720083 -0.56812578 0.68425179
vn 0.37860247 -0.73184848 0.56661975
vn 0.42328963 -0.56812483 0.70573372
vn 0.26039565 -0.86238682 0.43414637
vn 0.38828078 -0.56813425 0.72557664
vn 0.32152870 -0.73185664 0.60083705
vn 0.35216308 -0.56814194 0.74377143
vn 0.21663831 -0.86239374 0.45754218
vn 0.31491986 -0.56815124 0.76028264
vn 0.26077735 -0.73187017 0.62957227
vn 0.27690905 -0.56814402 0.77494115
vn 0.17034480 -0.86239439 0.47671646
vn 0.23850496 -0.56813401 0.78761625
vn 0.19750167 -0.73185635 0.65221119
vn 0.19971782 -0.56812572 0.79833949
vn 0.12286028 -0.86238712 0.49111485
vn 0.16054830 -0.56812388 0.80713040
vn 0.13294746 -0.73184782 0.66837394
vn 0.12099648 -0.56812817 0.81399643
vn 0.07443368 -0.86238790 0.50074625
vn 0.08105847 -0.56813341 0.81893468
vn 0.06712343 -0.73185647 0.67814499
vn 0.04072613 -0.56814486 0.82192022
vn 0.02505322 -0.86239463 0.50561631
vn 0.00000000 -0.56815010 0.82292497
vn 0.00000000 -0.73186970 0.68144459
vn -0.04072614 -0.56814486 0.82192022
vn -0.02505322 -0.86239463 0.50561631
vn -0.08105849 -0.56813335 0.81893468
vn -0.06712344 -0.73185641 0.67814499
vn -0.12099702 -0.56812817 0.81399637
vn -0.07443402 -0.86238790 0.50074619
vn -0.16054830 -0.56812376 0.80713052
vn -0.13294749 -0.73184764 0.66837418
vn -0.19971727 -0.56812572 0.79833961
vn -0.12286000 -0.86238712 0.49111491
vn -0.23850486 -0.56813437 0.78761590
vn -0.19750161 -0.73185647 0.65221101
vn -0.27690953 -0.56814402 0.77494097
vn -0.17034499 -0.86239439 0.47671640
vn -0.31491998 -0.56815076 0.76028293
vn -0.26077741 -0.73187000 0.62957245
vn -0.35216263 -0.56814194 0.74377161
vn -0.21663807 -0.86239380 0.45754227
vn -0.38828072 -0.56813431 0.72557676
vn -0.32152870 -0.73185664 0.60083705
vn -0.42328939 -0.56812549 0.70573330
vn -0.26039547 -0.86238706 0.43414608
vn -0.45720127 -0.56812584 0.68425155
vn -0.37860268 -0.73184854 0.56661958
vn -0.49002552 -0.56812751 0.66114002
vn -0.30144861 -0.86238772 0.40671390
vn -0.52175713 -0.56813318 0.63639158
vn -0.43205756 -0.73185623 0.52698451
vn -0.55238682 -0.56814510 0.60998356
vn -0.33980933 -0.86239475 0.37523982
vn -0.58189380 -0.56815469 0.58189332
vn -0.48185283 -0.73187166 0.48185241
vn -0.60998356 -0.56814510 0.55238682
vn -0.37523985 -0.86239475 0.33980936
vn -0.63639134 -0.56813318 0.52175742
vn -0.52698439 -0.73185629 0.43205786
vn -0.66114038 -0.56812751 0.49002504
vn -0.40671423 -0.86238766 0.30144823
vn -0.68425095 -0.56812656 0.45720127
vn -0.56661934 -0.73184878 0.37860250
vn -0.70573211 -0.56812704 0.42328933
vn -0.43414509 -0.86238754 0.26039541
vn -0.72557682 -0.56813425 0.38828048
vn -0.60083723 -0.73185664 0.32152843
vn -0.74377012 -0.56814426 0.35216206
vn -0.45754123 -0.86239457 0.21663767
vn -0.76028311 -0.56815076 0.31491950
vn -0.62957245 -0.73187000 0.26077741
vn -0.77494115 -0.56814402 0.27690896
vn -0.47671649 -0.86239439 0.17034470
vn -0.78761625 -0.56813401 0.23850492
vn -0.65221119 -0.73185635 0.19750163
vn -0.79833961 -0.56812578 0.19971786
vn -0.49111485 -0.86238712 0.12286029
vn -0.80713052 -0.56812394 0.16054831
vn -0.66837394 -0.73184782 0.13294744
vn -0.81399655 -0.56812823 0.12099651
vn -0.50074625 -0.86238790 0.07443369
vn -0.81893468 -0.56813341 0.08105847
vn -0.67814499 -0.73185647 0.06712342
vn -0.82192022 -0.56814486 0.04072614
vn -0.50561631 -0.86239463 0.02505322
vn -0.82292497 -0.56815010 0.00000000
vn -0.68144459 -0.73186970 0.00000000
vn -0.82192022 -0.56814486 -0.04072614
vn -0.50561631 -0.86239463 -0.02505322
vn -0.81893468 -0.56813335 -0.08105848
vn -0.67814505 -0.73185647 -0.06712344
vn -0.81399649 -0.56812823 -0.12099702
vn -0.50074619 -0.86238790 -0.07443401
vn -0.80713052 -0.56812376 -0.16054830
vn -0.66837418 -0.73184764 -0.13294749
vn -0.79833961 -0.56812572 -0.19971727
vn -0.49111497 -0.86238724 -0.12286001
vn -0.78761590 -0.56813437 -0.23850486
vn -0.65221101 -0.73185647 -0.19750161
vn -0.77494115 -0.56814402 -0.27690905
vn -0.47671649 -0.86239439 -0.17034470
vn -0.76028311 -0.56815076 -0.31491950
vn -0.62957245 -0.73187000 -0.26077741
vn -0.74377018 -0.56814426 -0.35216194
vn -0.45754120 -0.86239445 -0.21663758
vn -0.72557700 -0.56813431 -0.38828030
vn -0.60083741 -0.73185647 -0.32152840
vn -0.70573175 -0.56812769 -0.42328897
vn -0.43414494 -0.86238784 -0.26039511
vn -0.68425131 -0.56812584 -0.45720169
vn -0.56661958 -0.73184854 -0.37860268
vn -0.66114032 -0.56812751 -0.49002516
vn -0.40671411 -0.86238766 -0.30144840
vn -0.63639158 -0.56813318 -0.52175713
vn -0.52698451 -0.73185623 -0.43205756
vn -0.60998333 -0.56814510 -0.55238712
vn -0.37523964 -0.86239475 -0.33980951
vn -0.58189332 -0.56815475 -0.58189392
vn -0.48185241 -0.73187166 -0.48185286
vn -0.55238706 -0.56814510 -0.60998333
vn -0.33980951 -0.86239475 -0.37523967
vn -0.52175742 -0.56813318 -0.63639134
vn -0.43205780 -0.73185623 -0.52698433
vn -0.49002516 -0.56812751 -0.66114032
vn -0.30144840 -0.86238766 -0.40671411
vn -0.45720163 -0.56812578 -0.68425125
vn -0.37860268 -0.73184854 -0.56661958
vn -0.42328903 -0.56812775 -0.70573181
vn -0.26039511 -0.86238784 -0.43414494
vn -0.38828024 -0.56813425 -0.72557694
vn -0.32152835 -0.73185670 -0.60083729
vn -0.35216194 -0.56814426 -0.74377018
vn -0.21663758 -0.86239445 -0.45754120
vn -0.31491950 -0.56815076 -0.76028311
vn -0.26077741 -0.73187000 -0.62957245
vn -0.27690905 -0.56814402 -0.77494115
vn -0.17034470 -0.86239439 -0.47671649
vn -0.23850486 -0.56813437 -0.78761590
vn -0.19750161 -0.73185647 -0.65221101
vn -0.19971779 -0.56812578 -0.79833961
vn -0.12286033 -0.86238724 -0.49111488
vn -0.16054828 -0.56812376 -0.80713052
vn -0.13294744 -0.73184782 -0.66837400
vn -0.12099651 -0.56812817 -0.81399643
vn -0.07443370 -0.86238784 -0.50074625
vn 0.00716351 -0.99082309 -0.13497505
vn -0.02565534 -0.93522537 -0.35312223
vn 0.00916267 -0.93523127 -0.35391879
vn -0.00611378 -0.99082130 -0.13503994
vn -0.06001843 -0.93522823 -0.34892115
vn -0.01925177 -0.99082261 -0.13379076
vn -0.09382407 -0.93523508 -0.34136838
vn -0.03223050 -0.99082500 -0.13125262
vn -0.12697347 -0.93523139 -0.33048478
vn -0.04503431 -0.99082309 -0.12744209
vn -0.15883638 -0.93522537 -0.31642467
vn -0.05732615 -0.99082130 -0.12242097
vn -0.18897651 -0.93522823 -0.29939312
vn -0.06898576 -0.99082261 -0.11623923
vn -0.21731783 -0.93523520 -0.27947822
vn -0.08000542 -0.99082500 -0.10892724
vn -0.24377942 -0.93523127 -0.25673735
vn -0.09037654 -0.99082315 -0.10050672
vn -0.26783651 -0.93522537 -0.23155373
vn -0.09981092 -0.99082142 -0.09116428
vn -0.28916433 -0.93522811 -0.20428506
vn -0.10821774 -0.99082267 -0.08099111
vn -0.30772787 -0.93523502 -0.17503993
vn -0.11560052 -0.99082488 -0.07001855
vn -0.32347211 -0.93523139 -0.14390369
vn -0.12195949 -0.99082321 -0.05827061
vn -0.33606058 -0.93522537 -0.11143163
vn -0.12710036 -0.99082142 -0.04602896
vn -0.34532958 -0.93522811 -0.07807624
vn -0.13097407 -0.99082255 -0.03341303
vn -0.35128781 -0.93523520 -0.04395423
vn -0.13359566 -0.99082500 -0.02045103
vn -0.35391879 -0.93523127 -0.00916268
vn -0.13497505 -0.99082309 -0.00716354
vn -0.35312223 -0.93522537 0.02565528
vn -0.13503994 -0.99082130 0.00611383
vn -0.34892118 -0.93522823 0.06001856
vn -0.13379076 -0.99082261 0.01925184
vn -0.34136841 -0.93523508 0.09382407
vn -0.13125262 -0.99082500 0.03223050
vn -0.33048478 -0.93523139 0.12697347
vn -0.12744214 -0.99082321 0.04503416
vn -0.31642476 -0.93522543 0.15883628
vn -0.12242103 -0.99082130 0.05732599
vn -0.29939333 -0.93522811 0.18897620
vn -0.11623932 -0.99082261 0.06898560
vn -0.27947849 -0.93523520 0.21731748
vn -0.10892735 -0.99082494 0.08000515
vn -0.25673705 -0.93523127 0.24377973
vn -0.10050663 -0.99082321 0.09037681
vn -0.23155354 -0.93522531 0.26783684
vn -0.09116387 -0.99082130 0.09981146
vn -0.20428480 -0.93522817 0.28916439
vn -0.08099139 -0.99082267 0.10821751
vn -0.17504023 -0.93523514 0.30772743
vn -0.07001880 -0.99082500 0.11560037
vn -0.14390405 -0.93523127 0.32347193
vn -0.05827080 -0.99082309 0.12195937
vn -0.11143157 -0.93522525 0.33606058
vn -0.04602882 -0.99082130 0.12710042
vn -0.07807609 -0.93522811 0.34532964
vn -0.03341295 -0.99082255 0.13097410
vn -0.04395426 -0.93523520 0.35128781
vn -0.02045109 -0.99082500 0.13359565
vn -0.00916269 -0.93523127 0.35391879
vn -0.00716352 -0.99082309 0.13497505
vn 0.02565529 -0.93522537 0.35312223
vn 0.00611391 -0.99082130 0.13503996
vn 0.06001883 -0.93522817 0.34892118
vn 0.01925218 -0.99082267 0.13379076
vn 0.09382439 -0.93523508 0.34136835
vn 0.03223081 -0.99082488 0.13125257
vn 0.12697369 -0.93523133 0.33048487
vn 0.04503414 -0.99082309 0.12744223
vn 0.15883604 -0.93522543 0.31642494
vn 0.05732603 -0.99082130 0.12242106
vn 0.18897638 -0.93522811 0.29939324
vn 0.06898507 -0.99082261 0.11623964
vn 0.21731706 -0.93523526 0.27947873
vn 0.08000502 -0.99082500 0.10892761
vn 0.24377915 -0.93523139 0.25673759
vn 0.09037655 -0.99082321 0.10050690
vn 0.26783660 -0.93522543 0.23155379
vn 0.09981085 -0.99082130 0.09116439
vn 0.28916425 -0.93522811 0.20428523
vn 0.10821772 -0.99082267 0.08099120
vn 0.30772796 -0.93523502 0.17503990
vn 0.11560059 -0.99082488 0.07001846
vn 0.32347211 -0.93523139 0.14390369
vn 0.12195953 -0.99082321 0.05827061
vn 0.33606058 -0.93522525 0.11143157
vn 0.12710044 -0.99082130 0.04602882
vn 0.34532970 -0.93522817 0.07807607
vn 0.13097414 -0.99082267 0.03341288
vn 0.35128784 -0.93523520 0.04395413
vn 0.13359566 -0.99082500 0.02045103
vn 0.35391879 -0.93523127 0.00916268
vn 0.13497505 -0.99082309 0.00716354
vn 0.35312223 -0.93522537 -0.02565539
vn 0.13503996 -0.99082130 -0.00611391
vn 0.34892115 -0.93522823 -0.06001859
vn 0.13379075 -0.99082261 -0.01925194
vn 0.34136838 -0.93523508 -0.09382414
vn 0.13125262 -0.99082500 -0.03223052
vn 0.33048478 -0.93523139 -0.12697347
vn 0.12744209 -0.99082309 -0.04503431
vn 0.31642467 -0.93522537 -0.15883638
vn 0.12242097 -0.99082130 -0.05732615
vn 0.29939312 -0.93522823 -0.18897651
vn 0.11623923 -0.99082261 -0.06898576
vn 0.27947822 -0.93523520 -0.21731783
vn 0.10892724 -0.99082500 -0.08000542
vn 0.25673738 -0.93523139 -0.24377941
vn 0.10050690 -0.99082321 -0.09037655
vn 0.23155375 -0.93522543 -0.26783666
vn 0.09116406 -0.99082130 -0.09981113
vn 0.20428495 -0.93522805 -0.28916457
vn 0.08099101 -0.99082255 -0.10821788
vn 0.17503975 -0.93523502 -0.30772808
vn 0.07001846 -0.99082488 -0.11560064
vn 0.14390373 -0.93523127 -0.32347214
vn 0.05827085 -0.99082309 -0.12195940
vn 0.11143182 -0.93522531 -0.33606043
vn 0.04602909 -0.99082142 -0.12710032
vn 0.07807629 -0.93522811 -0.34532958
vn 0.03341294 -0.99082255 -0.13097410
vn 0.04395415 -0.93523520 -0.35128784
vn 0.02045105 -0.99082500 -0.13359566
vn 0.38267696 -0.00581078 0.92386395
vn 0.00000001 -0.00581083 0.99998313
vn 0.00000001 -0.00581083 0.99998313
vn -0.38267696 -0.00581078 0.92386395
vn -0.70709485 -0.00581083 0.70709485
vn -0.92386407 -0.00581078 0.38267702
vn -0.99998313 -0.00581083 0.00000001
vn -0.92386407 -0.00581078 -0.38267702
vn -0.70709485 -0.00581075 -0.70709485
vn -0.38267696 -0.00581078 -0.92386395
vn 0.00000001 -0.00581083 -0.99998313
vn 0.38267696 -0.00581076 -0.92386395
vn 0.70709485 -0.00581075 -0.70709485
vn 0.92386407 -0.00581078 -0.38267702
vn 0.99998313 -0.00581083 0.00000001
vn 0.92386407 -0.00581078 0.38267702
vn 0.70709485 -0.00581083 0.70709485
vn 0.00000001 -0.05087653 0.99870497
vn 0.38218799 -0.05087660 0.92268300
vn 0.38265842 -0.01145270 0.92381889
vn -0.00000000 -0.01145270 0.99993443
vn 0.70619106 -0.05087668 0.70619106
vn 0.70706040 -0.01145276 0.70706040
vn 0.92268300 -0.05087660 0.38218796
vn 0.92381889 -0.01145270 0.38265842
vn 0.99870497 -0.05087653 0.00000000
vn 0.99993443 -0.01145270 0.00000000
vn 0.92268300 -0.05087660 -0.38218799
vn 0.92381889 -0.01145270 -0.38265842
vn 0.70619106 -0.05087668 -0.70619100
vn 0.70706046 -0.01145276 -0.70706040
vn 0.38218805 -0.05087662 -0.92268300
vn 0.38265848 -0.01145270 -0.92381889
vn -0.00000000 -0.05087653 -0.99870497
vn -0.00000000 -0.01145270 -0.99993443
vn -0.38218799 -0.05087660 -0.92268300
vn -0.38265845 -0.01145270 -0.92381889
vn -0.70619106 -0.05087668 -0.70619106
vn -0.70706040 -0.01145276 -0.70706040
vn -0.92268300 -0.05087660 -0.38218799
vn -0.92381889 -0.01145270 -0.38265842
vn -0.99870497 -0.05087653 0.00000000
vn -0.99993443 -0.01145270 0.00000000
vn -0.92268300 -0.05087660 0.38218796
vn -0.92381889 -0.01145270 0.38265842
vn -0.70619100 -0.05087668 0.70619106
vn -0.70706040 -0.01145276 0.70706046
vn -0.38218796 -0.05087660 0.92268300
vn -0.38265836 -0.01145268 0.92381895
vn 0.00000001 -0.05087653 0.99870497
vn -0.00000000 -0.01145270 0.99993443
vn 0.37736452 0.16614801 0.91103834
vn -0.00000000 0.16614796 0.98610085
vn 0.69727862 0.16614781 0.69727862
vn 0.91103834 0.16614801 0.37736452
vn 0.98610085 0.16614796 0.00000000
vn 0.91103834 0.16614801 -0.37736455
vn 0.69727862 0.16614781 -0.69727856
vn 0.37736461 0.16614802 -0.91103834
vn -0.00000000 0.16614796 -0.98610085
vn -0.37736455 0.16614801 -0.91103834
vn -0.69727862 0.16614781 -0.69727862
vn -0.91103834 0.16614801 -0.37736455
vn -0.98610085 0.16614796 0.00000000
vn -0.91103834 0.16614801 0.37736452
vn -0.69727862 0.16614783 0.69727868
vn -0.37736449 0.16614795 0.91103834
vn -0.00000000 0.16614796 0.98610085
vn -0.00000000 0.16614796 0.98610085
vn 0.37736452 0.16614801 0.91103834
vn 0.34715220 0.42080244 0.83809942
vn 0.00000000 0.42080203 0.90715247
vn 0.69727862 0.16614781 0.69727862
vn 0.64145386 0.42080155 0.64145386
vn 0.91103834 0.16614801 0.37736452
vn 0.83809942 0.42080244 0.34715220
vn 0.98610085 0.16614796 0.00000000
vn 0.90715247 0.42080203 0.00000000
vn 0.91103834 0.16614801 -0.37736455
vn 0.83809942 0.42080244 -0.34715223
vn 0.69727862 0.16614781 -0.69727856
vn 0.64145386 0.42080155 -0.64145380
vn 0.37736461 0.16614802 -0.91103834
vn 0.34715226 0.42080244 -0.83809942
vn -0.00000000 0.16614796 -0.98610085
vn -0.00000000 0.42080203 -0.90715247
vn -0.37736455 0.16614801 -0.91103834
vn -0.34715223 0.42080244 -0.83809942
vn -0.69727862 0.16614781 -0.69727862
vn -0.64145386 0.42080155 -0.64145386
vn -0.91103834 0.16614801 -0.37736455
vn -0.83809942 0.42080244 -0.34715223
vn -0.98610085 0.16614796 0.00000000
vn -0.90715247 0.42080203 0.00000000
vn -0.91103834 0.16614801 0.37736452
vn -0.83809942 0.42080244 0.34715220
vn -0.69727862 0.16614783 0.69727868
vn -0.64145380 0.42080155 0.64145386
vn -0.37736449 0.16614795 0.91103834
vn -0.34715220 0.42080262 0.83809948
vn 0.22245778 0.81368226 0.53706044
vn -0.00000000 0.81368184 0.58131045
vn 0.41104868 0.81368172 0.41104868
vn 0.53706044 0.81368226 0.22245777
vn 0.58131045 0.81368184 0.00000000
vn 0.53706044 0.81368226 -0.22245778
vn 0.41104871 0.81368172 -0.41104865
vn 0.22245781 0.81368226 -0.53706044
vn -0.00000000 0.81368184 -0.58131045
vn -0.22245780 0.81368226 -0.53706044
vn -0.41104868 0.81368172 -0.41104868
vn -0.53706044 0.81368226 -0.22245778
vn -0.58131045 0.81368184 0.00000000
vn -0.53706044 0.81368226 0.22245777
vn -0.41104865 0.81368172 0.41104871
vn -0.22245768 0.81368238 0.53706032
vn 0.05112588 0.99103558 0.12342872
vn -0.00000000 0.99103558 0.13359836
vn 0.09446818 0.99103558 0.09446818
vn 0.12342872 0.99103558 0.05112588
vn 0.13359836 0.99103558 -0.00000000
vn 0.12342872 0.99103558 -0.05112588
vn 0.09446819 0.99103558 -0.09446818
vn 0.05112589 0.99103558 -0.12342872
vn -0.00000000 0.99103558 -0.13359836
vn -0.05112588 0.99103558 -0.12342872
vn -0.09446818 0.99103558 -0.09446818
vn -0.12342872 0.99103558 -0.05112588
vn -0.13359836 0.99103558 -0.00000000
vn -0.12342872 0.99103558 0.05112588
vn -0.09446818 0.99103558 0.09446819
vn -0.05112587 0.99103558 0.12342872
vn 0.38265106 0.01301978 0.92380118
vn -0.00000000 0.01301990 0.99991524
vn -0.00000000 0.01305347 0.99991482
vn 0.38265109 0.01305350 0.92380083
vn 0.70704687 0.01301979 0.70704687
vn 0.70704657 0.01305333 0.70704657
vn 0.92380118 0.01301978 0.38265106
vn 0.92380083 0.01305350 0.38265109
vn 0.99991524 0.01301990 0.00000000
vn 0.99991482 0.01305347 0.00000000
vn 0.92380118 0.01301978 -0.38265109
vn 0.92380083 0.01305350 -0.38265109
vn 0.70704693 0.01301979 -0.70704687
vn 0.70704657 0.01305333 -0.70704651
vn 0.38265112 0.01301978 -0.92380118
vn 0.38265109 0.01305349 -0.92380071
vn -0.00000000 0.01301990 -0.99991524
vn -0.00000000 0.01305347 -0.99991482
vn -0.38265109 0.01301978 -0.92380118
vn -0.38265106 0.01305349 -0.92380071
vn -0.70704687 0.01301979 -0.70704687
vn -0.70704657 0.01305333 -0.70704657
vn -0.92380118 0.01301978 -0.38265109
vn -0.92380083 0.01305350 -0.38265109
vn -0.99991524 0.01301990 0.00000000
vn -0.99991482 0.01305347 0.00000000
vn -0.92380118 0.01301978 0.38265106
vn -0.92380083 0.01305350 0.38265109
vn -0.70704681 0.01301979 0.70704687
vn -0.70704651 0.01305333 0.70704657
vn -0.38265103 0.01301978 0.92380124
vn -0.38265097 0.01305352 0.92380077
vn -0.00000000 0.01301990 0.99991524
vn -0.00000000 0.01305347 0.99991482
vn 0.00000001 -0.00931966 0.99995667
vn 0.38266703 -0.00931952 0.92383945
vn -0.38266701 -0.00931950 0.92383945
vn 0.00000001 -0.00931966 0.99995667
vn -0.70707607 -0.00931956 0.70707607
vn -0.92383945 -0.00931952 0.38266703
vn -0.99995667 -0.00931966 0.00000000
vn -0.92383933 -0.00931949 -0.38266701
vn -0.70707607 -0.00931956 -0.70707607
vn -0.38266701 -0.00931949 -0.92383933
vn -0.00000000 -0.00931966 -0.99995667
vn 0.38266703 -0.00931952 -0.92383933
vn 0.70707613 -0.00931956 -0.70707601
vn 0.92383933 -0.00931949 -0.38266701
vn 0.99995667 -0.00931966 0.00000000
vn 0.92383945 -0.00931952 0.38266703
vn 0.70707607 -0.00931956 0.70707607
vn 0.00000001 -0.19781174 0.98024005
vn 0.37512174 -0.19781157 0.90562367
vn -0.37512171 -0.19781157 0.90562367
vn 0.00000001 -0.19781174 0.98024005
vn -0.69313443 -0.19781142 0.69313443
vn -0.90562367 -0.19781157 0.37512174
vn -0.98024005 -0.19781174 0.00000001
vn -0.90562367 -0.19781154 -0.37512177
vn -0.69313443 -0.19781142 -0.69313443
vn -0.37512180 -0.19781154 -0.90562367
vn 0.00000001 -0.19781174 -0.98024005
vn 0.37512180 -0.19781157 -0.90562367
vn 0.69313443 -0.19781142 -0.69313443
vn 0.90562367 -0.19781154 -0.37512177
vn 0.98024005 -0.19781174 0.00000001
vn 0.90562367 -0.19781157 0.37512174
vn 0.69313443 -0.19781142 0.69313443
vn 0.00000000 -0.52255034 0.85260844
vn 0.32627913 -0.52255023 0.78770757
vn -0.32627910 -0.52255023 0.78770757
vn 0.00000000 -0.52255034 0.85260844
vn -0.60288525 -0.52255017 0.60288531
vn -0.78770757 -0.52255023 0.32627910
vn -0.85260844 -0.52255034 0.00000001
vn -0.78770763 -0.52255028 -0.32627919
vn -0.60288531 -0.52255017 -0.60288531
vn -0.32627916 -0.52255023 -0.78770757
vn 0.00000000 -0.52255034 -0.85260844
vn 0.32627922 -0.52255028 -0.78770763
vn 0.60288531 -0.52255017 -0.60288525
vn 0.78770763 -0.52255028 -0.32627919
vn 0.85260844 -0.52255034 0.00000001
vn 0.78770757 -0.52255023 0.32627910
vn 0.60288531 -0.52255017 0.60288531
vn 0.00000001 -0.56102711 0.82779741
vn 0.31678432 -0.56102741 0.76478505
vn -0.31678432 -0.56102741 0.76478505
vn 0.00000001 -0.56102711 0.82779741
vn -0.58534116 -0.56102729 0.58534116
vn -0.76478505 -0.56102741 0.31678432
vn -0.82779741 -0.56102711 0.00000001
vn -0.76478505 -0.56102741 -0.31678435
vn -0.58534116 -0.56102723 -0.58534110
vn -0.31678435 -0.56102735 -0.76478493
vn 0.00000001 -0.56102711 -0.82779741
vn 0.31678435 -0.56102735 -0.76478493
vn 0.58534116 -0.56102723 -0.58534110
vn 0.76478505 -0.56102741 -0.31678435
vn 0.82779741 -0.56102711 0.00000001
vn 0.76478505 -0.56102741 0.31678432
vn 0.58534116 -0.56102729 0.58534116
vn 0.00000001 -0.31635922 0.94863945
vn 0.36302862 -0.31635943 0.87642848
vn -0.36302862 -0.31635943 0.87642854
vn 0.00000001 -0.31635922 0.94863945
vn -0.67078936 -0.31635937 0.67078936
vn -0.87642848 -0.31635943 0.36302862
vn -0.94863945 -0.31635922 0.00000001
vn -0.87642848 -0.31635943 -0.36302868
vn -0.67078936 -0.31635937 -0.67078936
vn -0.36302871 -0.31635943 -0.87642848
vn 0.00000001 -0.31635922 -0.94863945
vn 0.36302871 -0.31635943 -0.87642848
vn 0.67078936 -0.31635937 -0.67078936
vn 0.87642848 -0.31635943 -0.36302868
vn 0.94863945 -0.31635922 0.00000001
vn 0.87642848 -0.31635943 0.36302862
vn 0.67078936 -0.31635937 0.67078936
vn 0.00000001 -0.13968754 0.99019563
vn 0.37893158 -0.13968746 0.91482157
vn -0.37893149 -0.13968745 0.91482151
vn 0.00000001 -0.13968754 0.99019563
vn -0.70017409 -0.13968755 0.70017409
vn -0.91482157 -0.13968746 0.37893158
vn -0.99019563 -0.13968754 0.00000001
vn -0.91482145 -0.13968745 -0.37893158
vn -0.70017409 -0.13968754 -0.70017403
vn -0.37893161 -0.13968745 -0.91482145
vn 0.00000001 -0.13968754 -0.99019563
vn 0.37893161 -0.13968745 -0.91482145
vn 0.70017409 -0.13968754 -0.70017403
vn 0.91482145 -0.13968745 -0.37893158
vn 0.99019563 -0.13968754 0.00000001
vn 0.91482157 -0.13968746 0.37893158
vn 0.70017409 -0.13968755 0.70017409
vn 0.38045663 -0.10772303 0.91850340
vn 0.00000001 -0.10772309 0.99418104
vn 0.00000001 -0.10269450 0.99471295
vn 0.38066012 -0.10269453 0.91899496
vn 0.38045654 -0.10772471 0.91850322
vn 0.00000001 -0.10772475 0.99418086
vn 0.38045380 -0.10779103 0.91849661
vn 0.00000001 -0.10779106 0.99417359
vn 0.00000001 -0.10772309 0.99418104
vn -0.38045660 -0.10772303 0.91850340
vn -0.38066012 -0.10269453 0.91899496
vn 0.00000001 -0.10269450 0.99471295
vn 0.00000001 -0.10772475 0.99418086
vn -0.38045654 -0.10772471 0.91850322
vn 0.00000001 -0.10779106 0.99417359
vn -0.38045377 -0.10779103 0.91849661
vn -0.70299208 -0.10772303 0.70299208
vn -0.70336825 -0.10269459 0.70336825
vn -0.70299196 -0.10772473 0.70299196
vn -0.70298690 -0.10779104 0.70298690
vn -0.91850340 -0.10772303 0.38045663
vn -0.91899496 -0.10269453 0.38066012
vn -0.91850322 -0.10772471 0.38045654
vn -0.91849661 -0.10779103 0.38045377
vn -0.99418104 -0.10772309 0.00000001
vn -0.99471295 -0.10269450 0.00000001
vn -0.99418086 -0.10772475 0.00000001
vn -0.99417359 -0.10779106 0.00000001
vn -0.91850340 -0.10772303 -0.38045666
vn -0.91899502 -0.10269454 -0.38066021
vn -0.91850322 -0.10772471 -0.38045660
vn -0.91849661 -0.10779103 -0.38045385
vn -0.70299208 -0.10772298 -0.70299208
vn -0.70336831 -0.10269459 -0.70336825
vn -0.70299202 -0.10772470 -0.70299196
vn -0.70298690 -0.10779104 -0.70298684
vn -0.38045666 -0.10772303 -0.91850340
vn -0.38066024 -0.10269454 -0.91899502
vn -0.38045666 -0.10772471 -0.91850322
vn -0.38045388 -0.10779103 -0.91849655
vn 0.00000001 -0.10772309 -0.99418104
vn 0.00000001 -0.10269450 -0.99471295
vn 0.00000001 -0.10772475 -0.99418086
vn 0.00000001 -0.10779106 -0.99417359
vn 0.38045669 -0.10772303 -0.91850340
vn 0.38066024 -0.10269454 -0.91899502
vn 0.38045666 -0.10772471 -0.91850322
vn 0.38045388 -0.10779103 -0.91849655
vn 0.70299208 -0.10772298 -0.70299208
vn 0.70336831 -0.10269459 -0.70336825
vn 0.70299202 -0.10772470 -0.70299196
vn 0.70298690 -0.10779104 -0.70298684
vn 0.91850340 -0.10772303 -0.38045666
vn 0.91899502 -0.10269454 -0.38066021
vn 0.91850322 -0.10772471 -0.38045660
vn 0.91849661 -0.10779103 -0.38045385
vn 0.99418104 -0.10772309 0.00000001
vn 0.99471295 -0.10269450 0.00000001
vn 0.99418086 -0.10772475 0.00000001
vn 0.99417359 -0.10779106 0.00000001
vn 0.91850340 -0.10772303 0.38045663
vn 0.91899496 -0.10269453 0.38066012
vn 0.91850322 -0.10772471 0.38045654
vn 0.91849661 -0.10779103 0.38045377
vn 0.70299208 -0.10772303 0.70299208
vn 0.70336825 -0.10269459 0.70336825
vn 0.70299196 -0.10772473 0.70299196
vn 0.70298690 -0.10779104 0.70298690
vn 0.00000001 -0.09766064 0.99521989
vn 0.38085419 -0.09766061 0.91946316
vn 0.38085437 -0.09766110 0.91946316
vn 0.00000001 -0.09766115 0.99521983
vn 0.37799782 0.15600958 0.91256708
vn 0.00000001 0.15600961 0.98775554
vn -0.38085419 -0.09766061 0.91946316
vn 0.00000001 -0.09766064 0.99521989
vn 0.00000001 -0.09766115 0.99521983
vn -0.38085437 -0.09766110 0.91946316
vn 0.00000001 0.15600961 0.98775554
vn -0.37799782 0.15600958 0.91256708
vn -0.70372665 -0.09766048 0.70372665
vn -0.70372665 -0.09766106 0.70372665
vn -0.69844866 0.15600944 0.69844866
vn -0.91946316 -0.09766061 0.38085419
vn -0.91946316 -0.09766110 0.38085437
vn -0.91256708 0.15600958 0.37799782
vn -0.99521989 -0.09766064 0.00000001
vn -0.99521983 -0.09766115 0.00000001
vn -0.98775554 0.15600961 0.00000001
vn -0.91946316 -0.09766061 -0.38085422
vn -0.91946316 -0.09766110 -0.38085437
vn -0.91256708 0.15600958 -0.37799785
vn -0.70372671 -0.09766053 -0.70372665
vn -0.70372665 -0.09766106 -0.70372665
vn -0.69844866 0.15600947 -0.69844866
vn -0.38085431 -0.09766062 -0.91946322
vn -0.38085437 -0.09766110 -0.91946316
vn -0.37799793 0.15600960 -0.91256714
vn 0.00000002 -0.09766064 -0.99521989
vn 0.00000001 -0.09766115 -0.99521983
vn 0.00000001 0.15600961 -0.98775554
vn 0.38085425 -0.09766061 -0.91946316
vn 0.38085437 -0.09766111 -0.91946316
vn 0.37799791 0.15600958 -0.91256702
vn 0.70372665 -0.09766053 -0.70372665
vn 0.70372665 -0.09766106 -0.70372665
vn 0.69844866 0.15600947 -0.69844866
vn 0.91946316 -0.09766061 -0.38085422
vn 0.91946316 -0.09766110 -0.38085437
vn 0.91256708 0.15600958 -0.37799785
vn 0.99521989 -0.09766064 0.00000001
vn 0.99521983 -0.09766115 0.00000001
vn 0.98775554 0.15600961 0.00000001
vn 0.91946316 -0.09766061 0.38085419
vn 0.91946316 -0.09766110 0.38085437
vn 0.91256708 0.15600958 0.37799782
vn 0.70372665 -0.09766048 0.70372665
vn 0.70372665 -0.09766106 0.70372665
vn 0.69844866 0.15600944 0.69844866
vn -0.00000000 -0.00749948 0.99997187
vn 0.38267282 -0.00749940 0.92385352
vn 0.38263956 -0.01516538 0.92377323
vn -0.00000000 -0.01516537 0.99988502
vn -0.00000000 -0.00000330 1.00000000
vn 0.38268352 -0.00000318 0.92387950
vn -0.00000000 0.00000000 1.00000000
vn 0.38268352 0.00000000 0.92387950
vn -0.00000000 0.00000000 1.00000000
vn 0.38268352 0.00000000 0.92387950
vn -0.00000000 0.00000979 1.00000000
vn 0.38268352 0.00000972 0.92387950
vn 0.70708692 -0.00749941 0.70708692
vn 0.70702547 -0.01516530 0.70702547
vn 0.70710683 -0.00000324 0.70710683
vn 0.70710683 0.00000000 0.70710683
vn 0.70710683 0.00000000 0.70710683
vn 0.70710683 0.00000983 0.70710683
vn 0.92385352 -0.00749940 0.38267282
vn 0.92377323 -0.01516538 0.38263956
vn 0.92387950 -0.00000318 0.38268352
vn 0.92387950 0.00000000 0.38268352
vn 0.92387950 0.00000000 0.38268352
vn 0.92387950 0.00000972 0.38268352
vn 0.99997187 -0.00749948 0.00000000
vn 0.99988502 -0.01516537 0.00000000
vn 1.00000000 -0.00000330 0.00000000
vn 1.00000000 0.00000000 0.00000000
vn 1.00000000 0.00000000 0.00000000
vn 1.00000000 0.00000979 0.00000000
vn 0.92385346 -0.00749940 -0.38267285
vn 0.92377323 -0.01516538 -0.38263959
vn 0.92387950 -0.00000318 -0.38268355
vn 0.92387950 0.00000000 -0.38268355
vn 0.92387950 0.00000000 -0.38268355
vn 0.92387950 0.00000972 -0.38268355
vn 0.70708692 -0.00749941 -0.70708686
vn 0.70702547 -0.01516530 -0.70702541
vn 0.70710683 -0.00000324 -0.70710677
vn 0.70710683 0.00000000 -0.70710677
vn 0.70710683 0.00000000 -0.70710677
vn 0.70710683 0.00000983 -0.70710677
vn 0.38267294 -0.00749940 -0.92385358
vn 0.38263962 -0.01516536 -0.92377323
vn 0.38268363 -0.00000318 -0.92387956
vn 0.38268363 0.00000000 -0.92387956
vn 0.38268363 0.00000000 -0.92387956
vn 0.38268363 0.00000972 -0.92387956
vn -0.00000000 -0.00749948 -0.99997187
vn -0.00000000 -0.01516537 -0.99988502
vn -0.00000000 -0.00000330 -1.00000000
vn -0.00000000 0.00000000 -1.00000000
vn -0.00000000 0.00000000 -1.00000000
vn -0.00000000 0.00000979 -1.00000000
vn -0.38267291 -0.00749940 -0.92385358
vn -0.38263959 -0.01516538 -0.92377323
vn -0.38268355 -0.00000318 -0.92387950
vn -0.38268355 0.00000000 -0.92387950
vn -0.38268355 0.00000000 -0.92387950
vn -0.38268355 0.00000972 -0.92387950
vn -0.70708692 -0.00749941 -0.70708692
vn -0.70702547 -0.01516530 -0.70702547
vn -0.70710683 -0.00000324 -0.70710683
vn -0.70710683 0.00000000 -0.70710683
vn -0.70710683 0.00000000 -0.70710683
vn -0.70710683 0.00000983 -0.70710683
vn -0.92385346 -0.00749940 -0.38267285
vn -0.92377323 -0.01516538 -0.38263959
vn -0.92387950 -0.00000318 -0.38268355
vn -0.92387950 0.00000000 -0.38268355
vn -0.92387950 0.00000000 -0.38268355
vn -0.92387950 0.00000972 -0.38268355
vn -0.99997187 -0.00749948 0.00000000
vn -0.99988502 -0.01516537 0.00000000
vn -1.00000000 -0.00000330 0.00000000
vn -1.00000000 0.00000000 0.00000000
vn -1.00000000 0.00000000 0.00000000
vn -1.00000000 0.00000979 0.00000000
vn -0.92385352 -0.00749940 0.38267282
vn -0.92377323 -0.01516538 0.38263956
vn -0.92387950 -0.00000318 0.38268352
vn -0.92387950 0.00000000 0.38268352
vn -0.92387950 0.00000000 0.38268352
vn -0.92387950 0.00000972 0.38268352
vn -0.70708686 -0.00749941 0.70708692
vn -0.70702547 -0.01516530 0.70702553
vn -0.70710677 -0.00000324 0.70710683
vn -0.70710677 0.00000000 0.70710683
vn -0.70710677 0.00000000 0.70710683
vn -0.70710677 0.00000983 0.70710683
vn -0.38267279 -0.00749940 0.92385352
vn -0.38263959 -0.01516538 0.92377335
vn -0.38268349 -0.00000318 0.92387950
vn -0.38268349 0.00000000 0.92387950
vn -0.38268349 0.00000000 0.92387950
vn -0.38268349 0.00000972 0.92387950
vn -0.00000000 -0.00749948 0.99997187
vn -0.00000000 -0.01516537 0.99988502
vn -0.00000000 -0.00000330 1.00000000
vn -0.00000000 0.00000000 1.00000000
vn -0.00000000 0.00000000 1.00000000
vn -0.00000000 0.00000979 1.00000000
vn 0.38263819 -0.01541159 0.92376971
vn -0.00000000 -0.01541167 0.99988133
vn -0.00000000 -0.01541167 0.99988133
vn -0.38263822 -0.01541161 0.92376983
vn -0.70702279 -0.01541167 0.70702285
vn -0.92376971 -0.01541159 0.38263819
vn -0.99988133 -0.01541167 0.00000000
vn -0.92376971 -0.01541159 -0.38263822
vn -0.70702285 -0.01541167 -0.70702285
vn -0.38263822 -0.01541159 -0.92376971
vn 0.00000001 -0.01541167 -0.99988133
vn 0.38263825 -0.01541159 -0.92376971
vn 0.70702285 -0.01541167 -0.70702279
vn 0.92376971 -0.01541159 -0.38263822
vn 0.99988133 -0.01541167 0.00000000
vn 0.92376971 -0.01541159 0.38263819
vn 0.70702285 -0.01541167 0.70702285
vn 0.70614678 -0.05209071 0.70614678
vn 0.70390439 -0.09506445 0.70390439
vn 0.38095033 -0.09506451 0.91969538
vn 0.38216388 -0.05209069 0.92262524
vn 0.92262524 -0.05209069 0.38216385
vn 0.91969538 -0.09506451 0.38095033
vn 0.99864239 -0.05209075 0.00000001
vn 0.99547112 -0.09506451 0.00000001
vn 0.92262524 -0.05209069 -0.38216391
vn 0.91969538 -0.09506451 -0.38095039
vn 0.70614678 -0.05209064 -0.70614678
vn 0.70390445 -0.09506446 -0.70390439
vn 0.38216400 -0.05209069 -0.92262530
vn 0.38095042 -0.09506451 -0.91969532
vn 0.00000003 -0.05209075 -0.99864239
vn 0.00000001 -0.09506451 -0.99547112
vn -0.38216400 -0.05209070 -0.92262530
vn -0.38095042 -0.09506451 -0.91969532
vn -0.70614684 -0.05209064 -0.70614678
vn -0.70390445 -0.09506446 -0.70390439
vn -0.92262524 -0.05209069 -0.38216391
vn -0.91969538 -0.09506451 -0.38095039
vn -0.99864239 -0.05209075 0.00000001
vn -0.99547112 -0.09506451 0.00000001
vn -0.92262524 -0.05209069 0.38216385
vn -0.91969538 -0.09506451 0.38095033
vn -0.70614678 -0.05209071 0.70614678
vn -0.70390439 -0.09506445 0.70390439
vn -0.38216385 -0.05209069 0.92262524
vn -0.38095033 -0.09506451 0.91969538
vn 0.00000001 -0.05209075 0.99864239
vn 0.00000001 -0.09506451 0.99547112
vn 0.00000001 -0.09506451 0.99547112
vn 0.00000001 -0.05209075 0.99864239
vn 0.00000001 -0.00581083 0.99998313
vn 0.38267696 -0.00581078 0.92386395
vn -0.38267696 -0.00581078 0.92386395
vn 0.00000001 -0.00581083 0.99998313
vn -0.70709485 -0.00581083 0.70709485
vn -0.92386407 -0.00581078 0.38267702
vn -0.99998313 -0.00581083 0.00000001
vn -0.92386407 -0.00581078 -0.38267702
vn -0.70709485 -0.00581075 -0.70709485
vn -0.38267696 -0.00581078 -0.92386395
vn 0.00000001 -0.00581083 -0.99998313
vn 0.38267696 -0.00581076 -0.92386395
vn 0.70709485 -0.00581075 -0.70709485
vn 0.92386407 -0.00581078 -0.38267702
vn 0.99998313 -0.00581083 0.00000001
vn 0.92386407 -0.00581078 0.38267702
vn 0.70709485 -0.00581083 0.70709485
vn -0.00000000 1.00000000 0.00000000
vn 0.09711979 0.99052286 0.09711974
vn 0.22053471 0.97109222 0.09134847
vn 0.13734809 0.99052286 0.00000000
vn 0.00000000 0.99052286 0.13734809
vn 0.09134851 0.97109222 0.22053467
vn -0.13734809 0.99052286 0.00000000
vn -0.22053473 0.97109222 0.09134848
vn -0.09711978 0.99052286 0.09711976
vn -0.09711976 0.99052286 -0.09711976
vn -0.22053473 0.97109222 -0.09134848
vn 0.00000000 0.99052286 -0.13734809
vn -0.09134848 0.97109222 -0.22053473
vn 0.09711976 0.99052286 -0.09711976
vn 0.09134849 0.97109222 -0.22053476
vn 0.22053473 0.97109222 -0.09134848
vn -0.09134849 0.97109222 0.22053470
vn -0.04059680 0.99435711 -0.09800935
vn 0.00000000 0.99430752 -0.10654841
vn -0.05927264 0.98793232 -0.14309677
vn 0.00000000 0.97777718 -0.20964693
vn -0.07534107 0.99430752 -0.07534107
vn -0.14824273 0.97777718 -0.14824273
vn -0.10654841 0.99430752 0.00000000
vn -0.09800935 0.99435711 -0.04059680
vn -0.20964693 0.97777718 0.00000000
vn -0.14309677 0.98793232 -0.05927264
vn -0.07534111 0.99430752 0.07534110
vn -0.09800934 0.99435711 0.04059681
vn -0.14824277 0.97777718 0.14824276
vn -0.14309677 0.98793232 0.05927264
vn 0.00000000 0.99430752 0.10654841
vn -0.04059682 0.99435711 0.09800934
vn 0.00000000 0.97777718 0.20964693
vn -0.05927265 0.98793232 0.14309676
vn 0.09800935 0.99435711 0.04059681
vn 0.07534107 0.99430752 0.07534107
vn 0.14309677 0.98793232 0.05927264
vn 0.14824273 0.97777718 0.14824273
vn 0.09800934 0.99435711 -0.04059681
vn 0.10654841 0.99430752 0.00000000
vn 0.14309677 0.98793232 -0.05927264
vn 0.20964693 0.97777718 0.00000000
vn 0.04059680 0.99435711 -0.09800935
vn 0.07534110 0.99430752 -0.07534111
vn 0.05927263 0.98793232 -0.14309677
vn 0.14824274 0.97777718 -0.14824277
vn 0.04059681 0.99435711 0.09800935
vn 0.05927265 0.98793232 0.14309677
f 821/821/821 822/822/822 823/823/823
f 821/821/821 823/823/823 824/824/824
f 825/825/825 826/826/826 827/827/827
f 825/825/825 827/827/827 828/828/828
f 828/828/828 827/827/827 829/829/829
f 828/828/828 829/829/829 830/830/830
f 830/830/830 829/829/829 831/831/831
f 830/830/830 831/831/831 832/832/832
f 832/832/832 831/831/831 833/833/833
f 832/832/832 833/833/833 834/834/834
f 834/834/834 833/833/833 835/835/835
f 834/834/834 835/835/835 836/836/836
f 836/836/836 835/835/835 837/837/837
f 836/836/836 837/837/837 838/838/838
f 838/838/838 837/837/837 839/839/839
f 838/838/838 839/839/839 840/840/840
f 840/840/840 839/839/839 841/841/841
f 840/840/840 841/841/841 842/842/842
f 842/842/842 841/841/841 843/843/843
f 842/842/842 843/843/843 844/844/844
f 844/844/844 843/843/843 845/845/845
f 844/844/844 845/845/845 846/846/846
f 846/846/846 845/845/845 847/847/847
f 846/846/846 847/847/847 848/848/848
f 848/848/848 847/847/847 849/849/849
f 848/848/848 849/849/849 850/850/850
f 850/850/850 849/849/849 851/851/851
f 850/850/850 851/851/851 852/852/852
f 852/852/852 851/851/851 853/853/853
f 852/852/852 853/853/853 854/854/854
f 854/854/854 853/853/853 822/822/822
f 854/854/854 822/822/822 821/821/821
f 855/855/855 856/856/856 857/857/857
f 855/855/855 857/857/857 858/858/858
f 858/858/858 857/857/857 859/859/859
f 858/858/858 859/859/859 860/860/860
f 860/860/860 859/859/859 861/861/861
f 860/860/860 861/861/861 862/862/862
f 862/862/862 861/861/861 863/863/863
f 862/862/862 863/863/863 864/864/864
f 864/864/864 863/863/863 865/865/865
f 864/864/864 865/865/865 866/866/866
f 866/866/866 865/865/865 867/867/867
f 866/866/866 867/867/867 868/868/868
f 868/868/868 867/867/867 869/869/869
f 868/868/868 869/869/869 870/870/870
f 870/870/870 869/869/869 871/871/871
f 870/870/870 871/871/871 872/872/872
f 872/872/872 871/871/871 873/873/873
f 872/872/872 873/873/873 874/874/874
f 874/874/874 873/873/873 875/875/875
f 874/874/874 875/875/875 876/876/876
f 876/876/876 875/875/875 877/877/877
f 876/876/876 877/877/877 878/878/878
f 878/878/878 877/877/877 879/879/879
f 878/878/878 879/879/879 880/880/880
f 880/880/880 879/879/879 881/881/881
f 880/880/880 881/881/881 882/882/882
f 882/882/882 881/881/881 883/883/883
f 882/882/882 883/883/883 884/884/884
f 884/884/884 883/883/883 885/885/885
f 884/884/884 885/885/885 886/886/886
f 886/886/886 885/885/885 887/887/887
f 886/886/886 887/887/887 888/888/888
f 888/888/888 887/887/887 889/889/889
f 888/888/888 889/889/889 890/890/890
f 890/890/890 889/889/889 891/891/891
f 890/890/890 891/891/891 892/892/892
f 892/892/892 891/891/891 893/893/893
f 892/892/892 893/893/893 894/894/894
f 894/894/894 893/893/893 895/895/895
f 894/894/894 895/895/895 896/896/896
f 896/896/896 895/895/895 897/897/897
f 896/896/896 897/897/897 898/898/898
f 898/898/898 897/897/897 899/899/899
f 898/898/898 899/899/899 900/900/900
f 900/900/900 899/899/899 901/901/901
f 900/900/900 901/901/901 902/902/902
f 902/902/902 901/901/901 903/903/903
f 902/902/902 903/903/903 904/904/904
f 904/904/904 903/903/903 905/905/905
f 904/904/904 905/905/905 906/906/906
f 906/906/906 905/905/905 907/907/907
f 906/906/906 907/907/907 908/908/908
f 908/908/908 907/907/907 909/909/909
f 908/908/908 909/909/909 910/910/910
f 910/910/910 909/909/909 911/911/911
f 910/910/910 911/911/911 912/912/912
f 912/912/912 911/911/911 913/913/913
f 912/912/912 913/913/913 914/914/914
f 914/914/914 913/913/913 915/915/915
f 914/914/914 915/915/915 916/916/916
f 916/916/916 915/915/915 917/917/917
f 916/916/916 917/917/917 918/918/918
f 918/918/918 917/917/917 919/919/919
f 918/918/918 919/919/919 920/920/920
f 920/920/920 919/919/919 921/921/921
f 920/920/920 921/921/921 922/922/922
f 922/922/922 921/921/921 923/923/923
f 922/922/922 923/923/923 924/924/924
f 924/924/924 923/923/923 925/925/925
f 924/924/924 925/925/925 926/926/926
f 926/926/926 925/925/925 927/927/927
f 926/926/926 927/927/927 928/928/928
f 928/928/928 927/927/927 929/929/929
f 928/928/928 929/929/929 930/930/930
f 930/930/930 929/929/929 931/931/931
f 930/930/930 931/931/931 932/932/932
f 932/932/932 931/931/931 933/933/933
f 932/932/932 933/933/933 934/934/934
f 934/934/934 933/933/933 935/935/935
f 934/934/934 935/935/935 936/936/936
f 936/936/936 935/935/935 937/937/937
f 936/936/936 937/937/937 938/938/938
f 938/938/938 937/937/937 939/939/939
f 938/938/938 939/939/939 940/940/940
f 940/940/940 939/939/939 941/941/941
f 940/940/940 941/941/941 942/942/942
f 942/942/942 941/941/941 943/943/943
f 942/942/942 943/943/943 944/944/944
f 944/944/944 943/943/943 945/945/945
f 944/944/944 945/945/945 946/946/946
f 946/946/946 945/945/945 947/947/947
f 946/946/946 947/947/947 948/948/948
f 948/948/948 947/947/947 949/949/949
f 948/948/948 949/949/949 950/950/950
f 950/950/950 949/949/949 951/951/951
f 950/950/950 951/951/951 952/952/952
f 952/952/952 951/951/951 953/953/953
f 952/952/952 953/953/953 954/954/954
f 954/954/954 953/953/953 955/955/955
f 954/954/954 955/955/955 956/956/956
f 956/956/956 955/955/955 957/957/957
f 956/956/956 957/957/957 958/958/958
f 958/958/958 957/957/957 959/959/959
f 958/958/958 959/959/959 960/960/960
f 960/960/960 959/959/959 961/961/961
f 960/960/960 961/961/961 962/962/962
f 962/962/962 961/961/961 963/963/963
f 962/962/962 963/963/963 964/964/964
f 964/964/964 963/963/963 965/965/965
f 964/964/964 965/965/965 966/966/966
f 966/966/966 965/965/965 967/967/967
f 966/966/966 967/967/967 968/968/968
f 968/968/968 967/967/967 969/969/969
f 968/968/968 969/969/969 970/970/970
f 970/970/970 969/969/969 971/971/971
f 970/970/970 971/971/971 972/972/972
f 972/972/972 971/971/971 973/973/973
f 972/972/972 973/973/973 974/974/974
f 974/974/974 973/973/973 975/975/975
f 974/974/974 975/975/975 976/976/976
f 976/976/976 975/975/975 977/977/977
f 976/976/976 977/977/977 978/978/978
f 978/978/978 977/977/977 979/979/979
f 978/978/978 979/979/979 980/980/980
f 980/980/980 979/979/979 981/981/981
f 980/980/980 981/981/981 982/982/982
f 982/982/982 981/981/981 983/983/983
f 982/982/982 983/983/983 984/984/984
f 984/984/984 983/983/983 985/985/985
f 984/984/984 985/985/985 986/986/986
f 986/986/986 985/985/985 987/987/987
f 986/986/986 987/987/987 988/988/988
f 988/988/988 987/987/987 989/989/989
f 988/988/988 989/989/989 990/990/990
f 990/990/990 989/989/989 991/991/991
f 990/990/990 991/991/991 992/992/992
f 992/992/992 991/991/991 993/993/993
f 992/992/992 993/993/993 994/994/994
f 994/994/994 993/993/993 995/995/995
f 994/994/994 995/995/995 996/996/996
f 996/996/996 995/995/995 997/997/997
f 996/996/996 997/997/997 998/998/998
f 998/998/998 997/997/997 999/999/999
f 998/998/998 999/999/999 1000/1000/1000
f 1000/1000/1000 999/999/999 1001/1001/1001
f 1000/1000/1000 1001/1001/1001 1002/1002/1002
f 1002/1002/1002 1001/1001/1001 1003/1003/1003
f 1002/1002/1002 1003/1003/1003 1004/1004/1004
f 1004/1004/1004 1003/1003/1003 1005/1005/1005
f 1004/1004/1004 1005/1005/1005 1006/1006/1006
f 1006/1006/1006 1005/1005/1005 1007/1007/1007
f 1006/1006/1006 1007/1007/1007 1008/1008/1008
f 1008/1008/1008 1007/1007/1007 1009/1009/1009
f 1008/1008/1008 1009/1009/1009 1010/1010/1010
f 1010/1010/1010 1009/1009/1009 1011/1011/1011
f 1010/1010/1010 1011/1011/1011 1012/1012/1012
f 1012/1012/1012 1011/1011/1011 1013/1013/1013
f 1012/1012/1012 1013/1013/1013 1014/1014/1014
f 1014/1014/1014 1013/1013/1013 1015/1015/1015
f 1014/1014/1014 1015/1015/1015 1016/1016/1016
f 1016/1016/1016 1015/1015/1015 1017/1017/1017
f 1016/1016/1016 1017/1017/1017 1018/1018/1018
f 1018/1018/1018 1017/1017/1017 1019/1019/1019
f 1018/1018/1018 1019/1019/1019 1020/1020/1020
f 1020/1020/1020 1019/1019/1019 1021/1021/1021
f 1020/1020/1020 1021/1021/1021 1022/1022/1022
f 1022/1022/1022 1021/1021/1021 1023/1023/1023
f 1022/1022/1022 1023/1023/1023 1024/1024/1024
f 1024/1024/1024 1023/1023/1023 1025/1025/1025
f 1024/1024/1024 1025/1025/1025 1026/1026/1026
f 1026/1026/1026 1025/1025/1025 1027/1027/1027
f 1026/1026/1026 1027/1027/1027 1028/1028/1028
f 1028/1028/1028 1027/1027/1027 1029/1029/1029
f 1028/1028/1028 1029/1029/1029 1030/1030/1030
f 1030/1030/1030 1029/1029/1029 1031/1031/1031
f 1030/1030/1030 1031/1031/1031 1032/1032/1032
f 1032/1032/1032 1031/1031/1031 1033/1033/1033
f 1032/1032/1032 1033/1033/1033 1034/1034/1034
f 1034/1034/1034 1033/1033/1033 1035/1035/1035
f 1034/1034/1034 1035/1035/1035 1036/1036/1036
f 1036/1036/1036 1035/1035/1035 1037/1037/1037
f 1036/1036/1036 1037/1037/1037 1038/1038/1038
f 1038/1038/1038 1037/1037/1037 1039/1039/1039
f 1038/1038/1038 1039/1039/1039 1040/1040/1040
f 1040/1040/1040 1039/1039/1039 1041/1041/1041
f 1040/1040/1040 1041/1041/1041 1042/1042/1042
f 1042/1042/1042 1041/1041/1041 1043/1043/1043
f 1042/1042/1042 1043/1043/1043 1044/1044/1044
f 1044/1044/1044 1043/1043/1043 1045/1045/1045
f 1044/1044/1044 1045/1045/1045 1046/1046/1046
f 1046/1046/1046 1045/1045/1045 1047/1047/1047
f 1046/1046/1046 1047/1047/1047 1048/1048/1048
f 1048/1048/1048 1047/1047/1047 1049/1049/1049
f 1048/1048/1048 1049/1049/1049 1050/1050/1050
f 1050/1050/1050 1049/1049/1049 1051/1051/1051
f 1050/1050/1050 1051/1051/1051 1052/1052/1052
f 1052/1052/1052 1051/1051/1051 1053/1053/1053
f 1052/1052/1052 1053/1053/1053 1054/1054/1054
f 1054/1054/1054 1053/1053/1053 1055/1055/1055
f 1054/1054/1054 1055/1055/1055 1056/1056/1056
f 1056/1056/1056 1055/1055/1055 1057/1057/1057
f 1056/1056/1056 1057/1057/1057 1058/1058/1058
f 1058/1058/1058 1057/1057/1057 1059/1059/1059
f 1058/1058/1058 1059/1059/1059 1060/1060/1060
f 1060/1060/1060 1059/1059/1059 1061/1061/1061
f 1060/1060/1060 1061/1061/1061 1062/1062/1062
f 1062/1062/1062 1061/1061/1061 1063/1063/1063
f 1062/1062/1062 1063/1063/1063 1064/1064/1064
f 1064/1064/1064 1063/1063/1063 1065/1065/1065
f 1064/1064/1064 1065/1065/1065 1066/1066/1066
f 1066/1066/1066 1065/1065/1065 1067/1067/1067
f 1066/1066/1066 1067/1067/1067 1068/1068/1068
f 1068/1068/1068 1067/1067/1067 1069/1069/1069
f 1068/1068/1068 1069/1069/1069 1070/1070/1070
f 1070/1070/1070 1069/1069/1069 1071/1071/1071
f 1070/1070/1070 1071/1071/1071 1072/1072/1072
f 1072/1072/1072 1071/1071/1071 1073/1073/1073
f 1072/1072/1072 1073/1073/1073 1074/1074/1074
f 1074/1074/1074 1073/1073/1073 1075/1075/1075
f 1074/1074/1074 1075/1075/1075 1076/1076/1076
f 1076/1076/1076 1075/1075/1075 1077/1077/1077
f 1076/1076/1076 1077/1077/1077 1078/1078/1078
f 1078/1078/1078 1077/1077/1077 1079/1079/1079
f 1078/1078/1078 1079/1079/1079 1080/1080/1080
f 1080/1080/1080 1079/1079/1079 1081/1081/1081
f 1080/1080/1080 1081/1081/1081 1082/1082/1082
f 1082/1082/1082 1081/1081/1081 1083/1083/1083
f 1082/1082/1082 1083/1083/1083 1084/1084/1084
f 1084/1084/1084 1083/1083/1083 1085/1085/1085
f 1084/1084/1084 1085/1085/1085 1086/1086/1086
f 1086/1086/1086 1085/1085/1085 1087/1087/1087
f 1086/1086/1086 1087/1087/1087 1088/1088/1088
f 1088/1088/1088 1087/1087/1087 1089/1089/1089
f 1088/1088/1088 1089/1089/1089 1090/1090/1090
f 1090/1090/1090 1089/1089/1089 1091/1091/1091
f 1090/1090/1090 1091/1091/1091 1092/1092/1092
f 1092/1092/1092 1091/1091/1091 1093/1093/1093
f 1092/1092/1092 1093/1093/1093 1094/1094/1094
f 1094/1094/1094 1093/1093/1093 1095/1095/1095
f 1094/1094/1094 1095/1095/1095 1096/1096/1096
f 1096/1096/1096 1095/1095/1095 1097/1097/1097
f 1096/1096/1096 1097/1097/1097 1098/1098/1098
f 1098/1098/1098 1097/1097/1097 1099/1099/1099
f 1098/1098/1098 1099/1099/1099 1100/1100/1100
f 1100/1100/1100 1099/1099/1099 1101/1101/1101
f 1100/1100/1100 1101/1101/1101 1102/1102/1102
f 1102/1102/1102 1101/1101/1101 1103/1103/1103
f 1102/1102/1102 1103/1103/1103 1104/1104/1104
f 1104/1104/1104 1103/1103/1103 1105/1105/1105
f 1104/1104/1104 1105/1105/1105 1106/1106/1106
f 1106/1106/1106 1105/1105/1105 1107/1107/1107
f 1106/1106/1106 1107/1107/1107 1108/1108/1108
f 1108/1108/1108 1107/1107/1107 1109/1109/1109
f 1108/1108/1108 1109/1109/1109 1110/1110/1110
f 1110/1110/1110 1109/1109/1109 856/856/856
f 1110/1110/1110 856/856/856 855/855/855
f 1111/1111/1111 1112/1112/1112 1113/1113/1113
f 1111/1111/1111 1113/1113/1113 1114/1114/1114
f 1114/1114/1114 1113/1113/1113 1115/1115/1115
f 1114/1114/1114 1115/1115/1115 1116/1116/1116
f 1116/1116/1116 1115/1115/1115 1117/1117/1117
f 1116/1116/1116 1117/1117/1117 1118/1118/1118
f 1118/1118/1118 1117/1117/1117 1119/1119/1119
f 1118/1118/1118 1119/1119/1119 1120/1120/1120
f 1120/1120/1120 1119/1119/1119 1121/1121/1121
f 1120/1120/1120 1121/1121/1121 1122/1122/1122
f 1122/1122/1122 1121/1121/1121 1123/1123/1123
f 1122/1122/1122 1123/1123/1123 1124/1124/1124
f 1124/1124/1124 1123/1123/1123 1125/1125/1125
f 1124/1124/1124 1125/1125/1125 1126/1126/1126
f 1126/1126/1126 1125/1125/1125 1127/1127/1127
f 1126/1126/1126 1127/1127/1127 1128/1128/1128
f 1128/1128/1128 1127/1127/1127 1129/1129/1129
f 1128/1128/1128 1129/1129/1129 1130/1130/1130
f 1130/1130/1130 1129/1129/1129 1131/1131/1131
f 1130/1130/1130 1131/1131/1131 1132/1132/1132
f 1132/1132/1132 1131/1131/1131 1133/1133/1133
f 1132/1132/1132 1133/1133/1133 1134/1134/1134
f 1134/1134/1134 1133/1133/1133 1135/1135/1135
f 1134/1134/1134 1135/1135/1135 1136/1136/1136
f 1136/1136/1136 1135/1135/1135 1137/1137/1137
f 1136/1136/1136 1137/1137/1137 1138/1138/1138
f 1138/1138/1138 1137/1137/1137 1139/1139/1139
f 1138/1138/1138 1139/1139/1139 1140/1140/1140
f 1140/1140/1140 1139/1139/1139 1141/1141/1141
f 1140/1140/1140 1141/1141/1141 1142/1142/1142
f 1142/1142/1142 1141/1141/1141 1143/1143/1143
f 1142/1142/1142 1143/1143/1143 1144/1144/1144
f 1144/1144/1144 1143/1143/1143 1145/1145/1145
f 1144/1144/1144 1145/1145/1145 1146/1146/1146
f 1146/1146/1146 1145/1145/1145 1147/1147/1147
f 1146/1146/1146 1147/1147/1147 1148/1148/1148
f 1148/1148/1148 1147/1147/1147 1149/1149/1149
f 1148/1148/1148 1149/1149/1149 1150/1150/1150
f 1150/1150/1150 1149/1149/1149 1151/1151/1151
f 1150/1150/1150 1151/1151/1151 1152/1152/1152
f 1152/1152/1152 1151/1151/1151 1153/1153/1153
f 1152/1152/1152 1153/1153/1153 1154/1154/1154
f 1154/1154/1154 1153/1153/1153 1155/1155/1155
f 1154/1154/1154 1155/1155/1155 1156/1156/1156
f 1156/1156/1156 1155/1155/1155 1157/1157/1157
f 1156/1156/1156 1157/1157/1157 1158/1158/1158
f 1158/1158/1158 1157/1157/1157 1159/1159/1159
f 1158/1158/1158 1159/1159/1159 1160/1160/1160
f 1160/1160/1160 1159/1159/1159 1161/1161/1161
f 1160/1160/1160 1161/1161/1161 1162/1162/1162
f 1162/1162/1162 1161/1161/1161 1163/1163/1163
f 1162/1162/1162 1163/1163/1163 1164/1164/1164
f 1164/1164/1164 1163/1163/1163 1165/1165/1165
f 1164/1164/1164 1165/1165/1165 1166/1166/1166
f 1166/1166/1166 1165/1165/1165 1167/1167/1167
f 1166/1166/1166 1167/1167/1167 1168/1168/1168
f 1168/1168/1168 1167/1167/1167 1169/1169/1169
f 1168/1168/1168 1169/1169/1169 1170/1170/1170
f 1170/1170/1170 1169/1169/1169 1171/1171/1171
f 1170/1170/1170 1171/1171/1171 1172/1172/1172
f 1172/1172/1172 1171/1171/1171 1173/1173/1173
f 1172/1172/1172 1173/1173/1173 1174/1174/1174
f 1174/1174/1174 1173/1173/1173 1175/1175/1175
f 1174/1174/1174 1175/1175/1175 1176/1176/1176
f 1176/1176/1176 1175/1175/1175 1177/1177/1177
f 1176/1176/1176 1177/1177/1177 1178/1178/1178
f 1178/1178/1178 1177/1177/1177 1179/1179/1179
f 1178/1178/1178 1179/1179/1179 1180/1180/1180
f 1180/1180/1180 1179/1179/1179 1181/1181/1181
f 1180/1180/1180 1181/1181/1181 1182/1182/1182
f 1182/1182/1182 1181/1181/1181 1183/1183/1183
f 1182/1182/1182 1183/1183/1183 1184/1184/1184
f 1184/1184/1184 1183/1183/1183 1185/1185/1185
f 1184/1184/1184 1185/1185/1185 1186/1186/1186
f 1186/1186/1186 1185/1185/1185 1187/1187/1187
f 1186/1186/1186 1187/1187/1187 1188/1188/1188
f 1188/1188/1188 1187/1187/1187 1189/1189/1189
f 1188/1188/1188 1189/1189/1189 1190/1190/1190
f 1190/1190/1190 1189/1189/1189 1191/1191/1191
f 1190/1190/1190 1191/1191/1191 1192/1192/1192
f 1192/1192/1192 1191/1191/1191 1193/1193/1193
f 1192/1192/1192 1193/1193/1193 1194/1194/1194
f 1194/1194/1194 1193/1193/1193 1195/1195/1195
f 1194/1194/1194 1195/1195/1195 1196/1196/1196
f 1196/1196/1196 1195/1195/1195 1197/1197/1197
f 1196/1196/1196 1197/1197/1197 1198/1198/1198
f 1198/1198/1198 1197/1197/1197 1199/1199/1199
f 1198/1198/1198 1199/1199/1199 1200/1200/1200
f 1200/1200/1200 1199/1199/1199 1201/1201/1201
f 1200/1200/1200 1201/1201/1201 1202/1202/1202
f 1202/1202/1202 1201/1201/1201 1203/1203/1203
f 1202/1202/1202 1203/1203/1203 1204/1204/1204
f 1204/1204/1204 1203/1203/1203 1205/1205/1205
f 1204/1204/1204 1205/1205/1205 1206/1206/1206
f 1206/1206/1206 1205/1205/1205 1207/1207/1207
f 1206/1206/1206 1207/1207/1207 1208/1208/1208
f 1208/1208/1208 1207/1207/1207 1209/1209/1209
f 1208/1208/1208 1209/1209/1209 1210/1210/1210
f 1210/1210/1210 1209/1209/1209 1211/1211/1211
f 1210/1210/1210 1211/1211/1211 1212/1212/1212
f 1212/1212/1212 1211/1211/1211 1213/1213/1213
f 1212/1212/1212 1213/1213/1213 1214/1214/1214
f 1214/1214/1214 1213/1213/1213 1215/1215/1215
f 1214/1214/1214 1215/1215/1215 1216/1216/1216
f 1216/1216/1216 1215/1215/1215 1217/1217/1217
f 1216/1216/1216 1217/1217/1217 1218/1218/1218
f 1218/1218/1218 1217/1217/1217 1219/1219/1219
f 1218/1218/1218 1219/1219/1219 1220/1220/1220
f 1220/1220/1220 1219/1219/1219 1221/1221/1221
f 1220/1220/1220 1221/1221/1221 1222/1222/1222
f 1222/1222/1222 1221/1221/1221 1223/1223/1223
f 1222/1222/1222 1223/1223/1223 1224/1224/1224
f 1224/1224/1224 1223/1223/1223 1225/1225/1225
f 1224/1224/1224 1225/1225/1225 1226/1226/1226
f 1226/1226/1226 1225/1225/1225 1227/1227/1227
f 1226/1226/1226 1227/1227/1227 1228/1228/1228
f 1228/1228/1228 1227/1227/1227 1229/1229/1229
f 1228/1228/1228 1229/1229/1229 1230/1230/1230
f 1230/1230/1230 1229/1229/1229 1231/1231/1231
f 1230/1230/1230 1231/1231/1231 1232/1232/1232
f 1232/1232/1232 1231/1231/1231 1233/1233/1233
f 1232/1232/1232 1233/1233/1233 1234/1234/1234
f 1234/1234/1234 1233/1233/1233 1235/1235/1235
f 1234/1234/1234 1235/1235/1235 1236/1236/1236
f 1236/1236/1236 1235/1235/1235 1237/1237/1237
f 1236/1236/1236 1237/1237/1237 1238/1238/1238
f 1238/1238/1238 1237/1237/1237 1239/1239/1239
f 1238/1238/1238 1239/1239/1239 1240/1240/1240
f 1240/1240/1240 1239/1239/1239 1241/1241/1241
f 1240/1240/1240 1241/1241/1241 1242/1242/1242
f 1242/1242/1242 1241/1241/1241 1243/1243/1243
f 1242/1242/1242 1243/1243/1243 1244/1244/1244
f 1244/1244/1244 1243/1243/1243 1245/1245/1245
f 1244/1244/1244 1245/1245/1245 1246/1246/1246
f 1246/1246/1246 1245/1245/1245 1247/1247/1247
f 1246/1246/1246 1247/1247/1247 1248/1248/1248
f 1248/1248/1248 1247/1247/1247 1249/1249/1249
f 1248/1248/1248 1249/1249/1249 1250/1250/1250
f 1250/1250/1250 1249/1249/1249 1251/1251/1251
f 1250/1250/1250 1251/1251/1251 1252/1252/1252
f 1252/1252/1252 1251/1251/1251 1253/1253/1253
f 1252/1252/1252 1253/1253/1253 1254/1254/1254
f 1254/1254/1254 1253/1253/1253 1255/1255/1255
f 1254/1254/1254 1255/1255/1255 1256/1256/1256
f 1256/1256/1256 1255/1255/1255 1257/1257/1257
f 1256/1256/1256 1257/1257/1257 1258/1258/1258
f 1258/1258/1258 1257/1257/1257 1259/1259/1259
f 1258/1258/1258 1259/1259/1259 1260/1260/1260
f 1260/1260/1260 1259/1259/1259 1261/1261/1261
f 1260/1260/1260 1261/1261/1261 1262/1262/1262
f 1262/1262/1262 1261/1261/1261 1263/1263/1263
f 1262/1262/1262 1263/1263/1263 1264/1264/1264
f 1264/1264/1264 1263/1263/1263 1265/1265/1265
f 1264/1264/1264 1265/1265/1265 1266/1266/1266
f 1266/1266/1266 1265/1265/1265 1267/1267/1267
f 1266/1266/1266 1267/1267/1267 1268/1268/1268
f 1268/1268/1268 1267/1267/1267 1269/1269/1269
f 1268/1268/1268 1269/1269/1269 1270/1270/1270
f 1270/1270/1270 1269/1269/1269 1271/1271/1271
f 1270/1270/1270 1271/1271/1271 1272/1272/1272
f 1272/1272/1272 1271/1271/1271 1273/1273/1273
f 1272/1272/1272 1273/1273/1273 1274/1274/1274
f 1274/1274/1274 1273/1273/1273 1275/1275/1275
f 1274/1274/1274 1275/1275/1275 1276/1276/1276
f 1276/1276/1276 1275/1275/1275 1277/1277/1277
f 1276/1276/1276 1277/1277/1277 1278/1278/1278
f 1278/1278/1278 1277/1277/1277 1279/1279/1279
f 1278/1278/1278 1279/1279/1279 1280/1280/1280
f 1280/1280/1280 1279/1279/1279 1281/1281/1281
f 1280/1280/1280 1281/1281/1281 1282/1282/1282
f 1282/1282/1282 1281/1281/1281 1283/1283/1283
f 1282/1282/1282 1283/1283/1283 1284/1284/1284
f 1284/1284/1284 1283/1283/1283 1285/1285/1285
f 1284/1284/1284 1285/1285/1285 1286/1286/1286
f 1286/1286/1286 1285/1285/1285 1287/1287/1287
f 1286/1286/1286 1287/1287/1287 1288/1288/1288
f 1288/1288/1288 1287/1287/1287 1289/1289/1289
f 1288/1288/1288 1289/1289/1289 1290/1290/1290
f 1290/1290/1290 1289/1289/1289 1291/1291/1291
f 1290/1290/1290 1291/1291/1291 1292/1292/1292
f 1292/1292/1292 1291/1291/1291 1293/1293/1293
f 1292/1292/1292 1293/1293/1293 1294/1294/1294
f 1294/1294/1294 1293/1293/1293 1295/1295/1295
f 1294/1294/1294 1295/1295/1295 1296/1296/1296
f 1296/1296/1296 1295/1295/1295 1297/1297/1297
f 1296/1296/1296 1297/1297/1297 1298/1298/1298
f 1298/1298/1298 1297/1297/1297 1299/1299/1299
f 1298/1298/1298 1299/1299/1299 1300/1300/1300
f 1300/1300/1300 1299/1299/1299 1301/1301/1301
f 1300/1300/1300 1301/1301/1301 1302/1302/1302
f 1302/1302/1302 1301/1301/1301 1303/1303/1303
f 1302/1302/1302 1303/1303/1303 1304/1304/1304
f 1304/1304/1304 1303/1303/1303 1305/1305/1305
f 1304/1304/1304 1305/1305/1305 1306/1306/1306
f 1306/1306/1306 1305/1305/1305 1307/1307/1307
f 1306/1306/1306 1307/1307/1307 1308/1308/1308
f 1308/1308/1308 1307/1307/1307 1309/1309/1309
f 1308/1308/1308 1309/1309/1309 1310/1310/1310
f 1310/1310/1310 1309/1309/1309 1311/1311/1311
f 1310/1310/1310 1311/1311/1311 1312/1312/1312
f 1312/1312/1312 1311/1311/1311 1313/1313/1313
f 1312/1312/1312 1313/1313/1313 1314/1314/1314
f 1314/1314/1314 1313/1313/1313 1315/1315/1315
f 1314/1314/1314 1315/1315/1315 1316/1316/1316
f 1316/1316/1316 1315/1315/1315 1317/1317/1317
f 1316/1316/1316 1317/1317/1317 1318/1318/1318
f 1318/1318/1318 1317/1317/1317 1319/1319/1319
f 1318/1318/1318 1319/1319/1319 1320/1320/1320
f 1320/1320/1320 1319/1319/1319 1321/1321/1321
f 1320/1320/1320 1321/1321/1321 1322/1322/1322
f 1322/1322/1322 1321/1321/1321 1323/1323/1323
f 1322/1322/1322 1323/1323/1323 1324/1324/1324
f 1324/1324/1324 1323/1323/1323 1325/1325/1325
f 1324/1324/1324 1325/1325/1325 1326/1326/1326
f 1326/1326/1326 1325/1325/1325 1327/1327/1327
f 1326/1326/1326 1327/1327/1327 1328/1328/1328
f 1328/1328/1328 1327/1327/1327 1329/1329/1329
f 1328/1328/1328 1329/1329/1329 1330/1330/1330
f 1330/1330/1330 1329/1329/1329 1331/1331/1331
f 1330/1330/1330 1331/1331/1331 1332/1332/1332
f 1332/1332/1332 1331/1331/1331 1333/1333/1333
f 1332/1332/1332 1333/1333/1333 1334/1334/1334
f 1334/1334/1334 1333/1333/1333 1335/1335/1335
f 1334/1334/1334 1335/1335/1335 1336/1336/1336
f 1336/1336/1336 1335/1335/1335 1337/1337/1337
f 1336/1336/1336 1337/1337/1337 1338/1338/1338
f 1338/1338/1338 1337/1337/1337 1339/1339/1339
f 1338/1338/1338 1339/1339/1339 1340/1340/1340
f 1340/1340/1340 1339/1339/1339 1341/1341/1341
f 1340/1340/1340 1341/1341/1341 1342/1342/1342
f 1342/1342/1342 1341/1341/1341 1343/1343/1343
f 1342/1342/1342 1343/1343/1343 1344/1344/1344
f 1344/1344/1344 1343/1343/1343 1345/1345/1345
f 1344/1344/1344 1345/1345/1345 1346/1346/1346
f 1346/1346/1346 1345/1345/1345 1347/1347/1347
f 1346/1346/1346 1347/1347/1347 1348/1348/1348
f 1348/1348/1348 1347/1347/1347 1349/1349/1349
f 1348/1348/1348 1349/1349/1349 1350/1350/1350
f 1350/1350/1350 1349/1349/1349 1351/1351/1351
f 1350/1350/1350 1351/1351/1351 1352/1352/1352
f 1352/1352/1352 1351/1351/1351 1353/1353/1353
f 1352/1352/1352 1353/1353/1353 1354/1354/1354
f 1354/1354/1354 1353/1353/1353 1355/1355/1355
f 1354/1354/1354 1355/1355/1355 1356/1356/1356
f 1356/1356/1356 1355/1355/1355 1357/1357/1357
f 1356/1356/1356 1357/1357/1357 1358/1358/1358
f 1358/1358/1358 1357/1357/1357 1359/1359/1359
f 1358/1358/1358 1359/1359/1359 1360/1360/1360
f 1360/1360/1360 1359/1359/1359 1361/1361/1361
f 1360/1360/1360 1361/1361/1361 1362/1362/1362
f 1362/1362/1362 1361/1361/1361 1363/1363/1363
f 1362/1362/1362 1363/1363/1363 1364/1364/1364
f 1364/1364/1364 1363/1363/1363 1365/1365/1365
f 1364/1364/1364 1365/1365/1365 1366/1366/1366
f 1366/1366/1366 1365/1365/1365 1112/1112/1112
f 1366/1366/1366 1112/1112/1112 1111/1111/1111
f 1367/1367/1367 855/855/855 858/858/858
f 1367/1367/1367 858/858/858 1368/1368/1368
f 1368/1368/1368 1111/1111/1111 1114/1114/1114
f 1368/1368/1368 1114/1114/1114 1367/1367/1367
f 1369/1369/1369 1110/1110/1110 855/855/855
f 1369/1369/1369 855/855/855 1367/1367/1367
f 1367/1367/1367 1114/1114/1114 1116/1116/1116
f 1367/1367/1367 1116/1116/1116 1369/1369/1369
f 1370/1370/1370 860/860/860 862/862/862
f 1370/1370/1370 862/862/862 1371/1371/1371
f 1371/1371/1371 1364/1364/1364 1366/1366/1366
f 1371/1371/1371 1366/1366/1366 1370/1370/1370
f 1368/1368/1368 858/858/858 860/860/860
f 1368/1368/1368 860/860/860 1370/1370/1370
f 1370/1370/1370 1366/1366/1366 1111/1111/1111
f 1370/1370/1370 1111/1111/1111 1368/1368/1368
f 1371/1371/1371 862/862/862 864/864/864
f 1371/1371/1371 864/864/864 1372/1372/1372
f 1372/1372/1372 1362/1362/1362 1364/1364/1364
f 1372/1372/1372 1364/1364/1364 1371/1371/1371
f 1372/1372/1372 864/864/864 866/866/866
f 1372/1372/1372 866/866/866 1373/1373/1373
f 1373/1373/1373 1360/1360/1360 1362/1362/1362
f 1373/1373/1373 1362/1362/1362 1372/1372/1372
f 1373/1373/1373 866/866/866 868/868/868
f 1373/1373/1373 868/868/868 1374/1374/1374
f 1374/1374/1374 1358/1358/1358 1360/1360/1360
f 1374/1374/1374 1360/1360/1360 1373/1373/1373
f 1374/1374/1374 868/868/868 870/870/870
f 1374/1374/1374 870/870/870 1375/1375/1375
f 1375/1375/1375 1356/1356/1356 1358/1358/1358
f 1375/1375/1375 1358/1358/1358 1374/1374/1374
f 1375/1375/1375 870/870/870 872/872/872
f 1375/1375/1375 872/872/872 1376/1376/1376
f 1376/1376/1376 1354/1354/1354 1356/1356/1356
f 1376/1376/1376 1356/1356/1356 1375/1375/1375
f 1376/1376/1376 872/872/872 874/874/874
f 1376/1376/1376 874/874/874 1377/1377/1377
f 1377/1377/1377 1352/1352/1352 1354/1354/1354
f 1377/1377/1377 1354/1354/1354 1376/1376/1376
f 1377/1377/1377 874/874/874 876/876/876
f 1377/1377/1377 876/876/876 1378/1378/1378
f 1378/1378/1378 1350/1350/1350 1352/1352/1352
f 1378/1378/1378 1352/1352/1352 1377/1377/1377
f 1378/1378/1378 876/876/876 878/878/878
f 1378/1378/1378 878/878/878 1379/1379/1379
f 1379/1379/1379 1348/1348/1348 1350/1350/1350
f 1379/1379/1379 1350/1350/1350 1378/1378/1378
f 1379/1379/1379 878/878/878 880/880/880
f 1379/1379/1379 880/880/880 1380/1380/1380
f 1380/1380/1380 1346/1346/1346 1348/1348/1348
f 1380/1380/1380 1348/1348/1348 1379/1379/1379
f 1380/1380/1380 880/880/880 882/882/882
f 1380/1380/1380 882/882/882 1381/1381/1381
f 1381/1381/1381 1344/1344/1344 1346/1346/1346
f 1381/1381/1381 1346/1346/1346 1380/1380/1380
f 1382/1382/1382 884/884/884 886/886/886
f 1382/1382/1382 886/886/886 1383/1383/1383
f 1383/1383/1383 1340/1340/1340 1342/1342/1342
f 1383/1383/1383 1342/1342/1342 1382/1382/1382
f 1381/1381/1381 882/882/882 884/884/884
f 1381/1381/1381 884/884/884 1382/1382/1382
f 1382/1382/1382 1342/1342/1342 1344/1344/1344
f 1382/1382/1382 1344/1344/1344 1381/1381/1381
f 1384/1384/1384 888/888/888 890/890/890
f 1384/1384/1384 890/890/890 1385/1385/1385
f 1385/1385/1385 1336/1336/1336 1338/1338/1338
f 1385/1385/1385 1338/1338/1338 1384/1384/1384
f 1383/1383/1383 886/886/886 888/888/888
f 1383/1383/1383 888/888/888 1384/1384/1384
f 1384/1384/1384 1338/1338/1338 1340/1340/1340
f 1384/1384/1384 1340/1340/1340 1383/1383/1383
f 1386/1386/1386 892/892/892 894/894/894
f 1386/1386/1386 894/894/894 1387/1387/1387
f 1387/1387/1387 1332/1332/1332 1334/1334/1334
f 1387/1387/1387 1334/1334/1334 1386/1386/1386
f 1385/1385/1385 890/890/890 892/892/892
f 1385/1385/1385 892/892/892 1386/1386/1386
f 1386/1386/1386 1334/1334/1334 1336/1336/1336
f 1386/1386/1386 1336/1336/1336 1385/1385/1385
f 1387/1387/1387 894/894/894 896/896/896
f 1387/1387/1387 896/896/896 1388/1388/1388
f 1388/1388/1388 1330/1330/1330 1332/1332/1332
f 1388/1388/1388 1332/1332/1332 1387/1387/1387
f 1388/1388/1388 896/896/896 898/898/898
f 1388/1388/1388 898/898/898 1389/1389/1389
f 1389/1389/1389 1328/1328/1328 1330/1330/1330
f 1389/1389/1389 1330/1330/1330 1388/1388/1388
f 1390/1390/1390 900/900/900 902/902/902
f 1390/1390/1390 902/902/902 1391/1391/1391
f 1391/1391/1391 1324/1324/1324 1326/1326/1326
f 1391/1391/1391 1326/1326/1326 1390/1390/1390
f 1389/1389/1389 898/898/898 900/900/900
f 1389/1389/1389 900/900/900 1390/1390/1390
f 1390/1390/1390 1326/1326/1326 1328/1328/1328
f 1390/1390/1390 1328/1328/1328 1389/1389/1389
f 1392/1392/1392 904/904/904 906/906/906
f 1392/1392/1392 906/906/906 1393/1393/1393
f 1393/1393/1393 1320/1320/1320 1322/1322/1322
f 1393/1393/1393 1322/1322/1322 1392/1392/1392
f 1391/1391/1391 902/902/902 904/904/904
f 1391/1391/1391 904/904/904 1392/1392/1392
f 1392/1392/1392 1322/1322/1322 1324/1324/1324
f 1392/1392/1392 1324/1324/1324 1391/1391/1391
f 1394/1394/1394 908/908/908 910/910/910
f 1394/1394/1394 910/910/910 1395/1395/1395
f 1395/1395/1395 1316/1316/1316 1318/1318/1318
f 1395/1395/1395 1318/1318/1318 1394/1394/1394
f 1393/1393/1393 906/906/906 908/908/908
f 1393/1393/1393 908/908/908 1394/1394/1394
f 1394/1394/1394 1318/1318/1318 1320/1320/1320
f 1394/1394/1394 1320/1320/1320 1393/1393/1393
f 1395/1395/1395 910/910/910 912/912/912
f 1395/1395/1395 912/912/912 1396/1396/1396
f 1396/1396/1396 1314/1314/1314 1316/1316/1316
f 1396/1396/1396 1316/1316/1316 1395/1395/1395
f 1396/1396/1396 912/912/912 914/914/914
f 1396/1396/1396 914/914/914 1397/1397/1397
f 1397/1397/1397 1312/1312/1312 1314/1314/1314
f 1397/1397/1397 1314/1314/1314 1396/1396/1396
f 1397/1397/1397 914/914/914 916/916/916
f 1397/1397/1397 916/916/916 1398/1398/1398
f 1398/1398/1398 1310/1310/1310 1312/1312/1312
f 1398/1398/1398 1312/1312/1312 1397/1397/1397
f 1398/1398/1398 916/916/916 918/918/918
f 1398/1398/1398 918/918/918 1399/1399/1399
f 1399/1399/1399 1308/1308/1308 1310/1310/1310
f 1399/1399/1399 1310/1310/1310 1398/1398/1398
f 1400/1400/1400 920/920/920 922/922/922
f 1400/1400/1400 922/922/922 1401/1401/1401
f 1401/1401/1401 1304/1304/1304 1306/1306/1306
f 1401/1401/1401 1306/1306/1306 1400/1400/1400
f 1399/1399/1399 918/918/918 920/920/920
f 1399/1399/1399 920/920/920 1400/1400/1400
f 1400/1400/1400 1306/1306/1306 1308/1308/1308
f 1400/1400/1400 1308/1308/1308 1399/1399/1399
f 1402/1402/1402 924/924/924 926/926/926
f 1402/1402/1402 926/926/926 1403/1403/1403
f 1403/1403/1403 1300/1300/1300 1302/1302/1302
f 1403/1403/1403 1302/1302/1302 1402/1402/1402
f 1401/1401/1401 922/922/922 924/924/924
f 1401/1401/1401 924/924/924 1402/1402/1402
f 1402/1402/1402 1302/1302/1302 1304/1304/1304
f 1402/1402/1402 1304/1304/1304 1401/1401/1401
f 1403/1403/1403 926/926/926 928/928/928
f 1403/1403/1403 928/928/928 1404/1404/1404
f 1404/1404/1404 1298/1298/1298 1300/1300/1300
f 1404/1404/1404 1300/1300/1300 1403/1403/1403
f 1404/1404/1404 928/928/928 930/930/930
f 1404/1404/1404 930/930/930 1405/1405/1405
f 1405/1405/1405 1296/1296/1296 1298/1298/1298
f 1405/1405/1405 1298/1298/1298 1404/1404/1404
f 1406/1406/1406 932/932/932 934/934/934
f 1406/1406/1406 934/934/934 1407/1407/1407
f 1407/1407/1407 1292/1292/1292 1294/1294/1294
f 1407/1407/1407 1294/1294/1294 1406/1406/1406
f 1405/1405/1405 930/930/930 932/932/932
f 1405/1405/1405 932/932/932 1406/1406/1406
f 1406/1406/1406 1294/1294/1294 1296/1296/1296
f 1406/1406/1406 1296/1296/1296 1405/1405/1405
f 1407/1407/1407 934/934/934 936/936/936
f 1407/1407/1407 936/936/936 1408/1408/1408
f 1408/1408/1408 1290/1290/1290 1292/1292/1292
f 1408/1408/1408 1292/1292/1292 1407/1407/1407
f 1408/1408/1408 936/936/936 938/938/938
f 1408/1408/1408 938/938/938 1409/1409/1409
f 1409/1409/1409 1288/1288/1288 1290/1290/1290
f 1409/1409/1409 1290/1290/1290 1408/1408/1408
f 1410/1410/1410 940/940/940 942/942/942
f 1410/1410/1410 942/942/942 1411/1411/1411
f 1411/1411/1411 1284/1284/1284 1286/1286/1286
f 1411/1411/1411 1286/1286/1286 1410/1410/1410
f 1409/1409/1409 938/938/938 940/940/940
f 1409/1409/1409 940/940/940 1410/1410/1410
f 1410/1410/1410 1286/1286/1286 1288/1288/1288
f 1410/1410/1410 1288/1288/1288 1409/1409/1409
f 1412/1412/1412 944/944/944 946/946/946
f 1412/1412/1412 946/946/946 1413/1413/1413
f 1413/1413/1413 1280/1280/1280 1282/1282/1282
f 1413/1413/1413 1282/1282/1282 1412/1412/1412
f 1411/1411/1411 942/942/942 944/944/944
f 1411/1411/1411 944/944/944 1412/1412/1412
f 1412/1412/1412 1282/1282/1282 1284/1284/1284
f 1412/1412/1412 1284/1284/1284 1411/1411/1411
f 1413/1413/1413 946/946/946 948/948/948
f 1413/1413/1413 948/948/948 1414/1414/1414
f 1414/1414/1414 1278/1278/1278 1280/1280/1280
f 1414/1414/1414 1280/1280/1280 1413/1413/1413
f 1414/1414/1414 948/948/948 950/950/950
f 1414/1414/1414 950/950/950 1415/1415/1415
f 1415/1415/1415 1276/1276/1276 1278/1278/1278
f 1415/1415/1415 1278/1278/1278 1414/1414/1414
f 1416/1416/1416 952/952/952 954/954/954
f 1416/1416/1416 954/954/954 1417/1417/1417
f 1417/1417/1417 1272/1272/1272 1274/1274/1274
f 1417/1417/1417 1274/1274/1274 1416/1416/1416
f 1415/1415/1415 950/950/950 952/952/952
f 1415/1415/1415 952/952/952 1416/1416/1416
f 1416/1416/1416 1274/1274/1274 1276/1276/1276
f 1416/1416/1416 1276/1276/1276 1415/1415/1415
f 1417/1417/1417 954/954/954 956/956/956
f 1417/1417/1417 956/956/956 1418/1418/1418
f 1418/1418/1418 1270/1270/1270 1272/1272/1272
f 1418/1418/1418 1272/1272/1272 1417/1417/1417
f 1418/1418/1418 956/956/956 958/958/958
f 1418/1418/1418 958/958/958 1419/1419/1419
f 1419/1419/1419 1268/1268/1268 1270/1270/1270
f 1419/1419/1419 1270/1270/1270 1418/1418/1418
f 1419/1419/1419 958/958/958 960/960/960
f 1419/1419/1419 960/960/960 1420/1420/1420
f 1420/1420/1420 1266/1266/1266 1268/1268/1268
f 1420/1420/1420 1268/1268/1268 1419/1419/1419
f 1420/1420/1420 960/960/960 962/962/962
f 1420/1420/1420 962/962/962 1421/1421/1421
f 1421/1421/1421 1264/1264/1264 1266/1266/1266
f 1421/1421/1421 1266/1266/1266 1420/1420/1420
f 1422/1422/1422 964/964/964 966/966/966
f 1422/1422/1422 966/966/966 1423/1423/1423
f 1423/1423/1423 1260/1260/1260 1262/1262/1262
f 1423/1423/1423 1262/1262/1262 1422/1422/1422
f 1421/1421/1421 962/962/962 964/964/964
f 1421/1421/1421 964/964/964 1422/1422/1422
f 1422/1422/1422 1262/1262/1262 1264/1264/1264
f 1422/1422/1422 1264/1264/1264 1421/1421/1421
f 1424/1424/1424 968/968/968 970/970/970
f 1424/1424/1424 970/970/970 1425/1425/1425
f 1425/1425/1425 1256/1256/1256 1258/1258/1258
f 1425/1425/1425 1258/1258/1258 1424/1424/1424
f 1423/1423/1423 966/966/966 968/968/968
f 1423/1423/1423 968/968/968 1424/1424/1424
f 1424/1424/1424 1258/1258/1258 1260/1260/1260
f 1424/1424/1424 1260/1260/1260 1423/1423/1423
f 1426/1426/1426 972/972/972 974/974/974
f 1426/1426/1426 974/974/974 1427/1427/1427
f 1427/1427/1427 1252/1252/1252 1254/1254/1254
f 1427/1427/1427 1254/1254/1254 1426/1426/1426
f 1425/1425/1425 970/970/970 972/972/972
f 1425/1425/1425 972/972/972 1426/1426/1426
f 1426/1426/1426 1254/1254/1254 1256/1256/1256
f 1426/1426/1426 1256/1256/1256 1425/1425/1425
f 1427/1427/1427 974/974/974 976/976/976
f 1427/1427/1427 976/976/976 1428/1428/1428
f 1428/1428/1428 1250/1250/1250 1252/1252/1252
f 1428/1428/1428 1252/1252/1252 1427/1427/1427
f 1428/1428/1428 976/976/976 978/978/978
f 1428/1428/1428 978/978/978 1429/1429/1429
f 1429/1429/1429 1248/1248/1248 1250/1250/1250
f 1429/1429/1429 1250/1250/1250 1428/1428/1428
f 1429/1429/1429 978/978/978 980/980/980
f 1429/1429/1429 980/980/980 1430/1430/1430
f 1430/1430/1430 1246/1246/1246 1248/1248/1248
f 1430/1430/1430 1248/1248/1248 1429/1429/1429
f 1430/1430/1430 980/980/980 982/982/982
f 1430/1430/1430 982/982/982 1431/1431/1431
f 1431/1431/1431 1244/1244/1244 1246/1246/1246
f 1431/1431/1431 1246/1246/1246 1430/1430/1430
f 1432/1432/1432 984/984/984 986/986/986
f 1432/1432/1432 986/986/986 1433/1433/1433
f 1433/1433/1433 1240/1240/1240 1242/1242/1242
f 1433/1433/1433 1242/1242/1242 1432/1432/1432
f 1431/1431/1431 982/982/982 984/984/984
f 1431/1431/1431 984/984/984 1432/1432/1432
f 1432/1432/1432 1242/1242/1242 1244/1244/1244
f 1432/1432/1432 1244/1244/1244 1431/1431/1431
f 1434/1434/1434 988/988/988 990/990/990
f 1434/1434/1434 990/990/990 1435/1435/1435
f 1435/1435/1435 1236/1236/1236 1238/1238/1238
f 1435/1435/1435 1238/1238/1238 1434/1434/1434
f 1433/1433/1433 986/986/986 988/988/988
f 1433/1433/1433 988/988/988 1434/1434/1434
f 1434/1434/1434 1238/1238/1238 1240/1240/1240
f 1434/1434/1434 1240/1240/1240 1433/1433/1433
f 1436/1436/1436 992/992/992 994/994/994
f 1436/1436/1436 994/994/994 1437/1437/1437
f 1437/1437/1437 1232/1232/1232 1234/1234/1234
f 1437/1437/1437 1234/1234/1234 1436/1436/1436
f 1435/1435/1435 990/990/990 992/992/992
f 1435/1435/1435 992/992/992 1436/1436/1436
f 1436/1436/1436 1234/1234/1234 1236/1236/1236
f 1436/1436/1436 1236/1236/1236 1435/1435/1435
f 1438/1438/1438 996/996/996 998/998/998
f 1438/1438/1438 998/998/998 1439/1439/1439
f 1439/1439/1439 1228/1228/1228 1230/1230/1230
f 1439/1439/1439 1230/1230/1230 1438/1438/1438
f 1437/1437/1437 994/994/994 996/996/996
f 1437/1437/1437 996/996/996 1438/1438/1438
f 1438/1438/1438 1230/1230/1230 1232/1232/1232
f 1438/1438/1438 1232/1232/1232 1437/1437/1437
f 1440/1440/1440 1000/1000/1000 1002/1002/1002
f 1440/1440/1440 1002/1002/1002 1441/1441/1441
f 1441/1441/1441 1224/1224/1224 1226/1226/1226
f 1441/1441/1441 1226/1226/1226 1440/1440/1440
f 1439/1439/1439 998/998/998 1000/1000/1000
f 1439/1439/1439 1000/1000/1000 1440/1440/1440
f 1440/1440/1440 1226/1226/1226 1228/1228/1228
f 1440/1440/1440 1228/1228/1228 1439/1439/1439
f 1441/1441/1441 1002/1002/1002 1004/1004/1004
f 1441/1441/1441 1004/1004/1004 1442/1442/1442
f 1442/1442/1442 1222/1222/1222 1224/1224/1224
f 1442/1442/1442 1224/1224/1224 1441/1441/1441
f 1442/1442/1442 1004/1004/1004 1006/1006/1006
f 1442/1442/1442 1006/1006/1006 1443/1443/1443
f 1443/1443/1443 1220/1220/1220 1222/1222/1222
f 1443/1443/1443 1222/1222/1222 1442/1442/1442
f 1443/1443/1443 1006/1006/1006 1008/1008/1008
f 1443/1443/1443 1008/1008/1008 1444/1444/1444
f 1444/1444/1444 1218/1218/1218 1220/1220/1220
f 1444/1444/1444 1220/1220/1220 1443/1443/1443
f 1444/1444/1444 1008/1008/1008 1010/1010/1010
f 1444/1444/1444 1010/1010/1010 1445/1445/1445
f 1445/1445/1445 1216/1216/1216 1218/1218/1218
f 1445/1445/1445 1218/1218/1218 1444/1444/1444
f 1445/1445/1445 1010/1010/1010 1012/1012/1012
f 1445/1445/1445 1012/1012/1012 1446/1446/1446
f 1446/1446/1446 1214/1214/1214 1216/1216/1216
f 1446/1446/1446 1216/1216/1216 1445/1445/1445
f 1446/1446/1446 1012/1012/1012 1014/1014/1014
f 1446/1446/1446 1014/1014/1014 1447/1447/1447
f 1447/1447/1447 1212/1212/1212 1214/1214/1214
f 1447/1447/1447 1214/1214/1214 1446/1446/1446
f 1448/1448/1448 1016/1016/1016 1018/1018/1018
f 1448/1448/1448 1018/1018/1018 1449/1449/1449
f 1449/1449/1449 1208/1208/1208 1210/1210/1210
f 1449/1449/1449 1210/1210/1210 1448/1448/1448
f 1447/1447/1447 1014/1014/1014 1016/1016/1016
f 1447/1447/1447 1016/1016/1016 1448/1448/1448
f 1448/1448/1448 1210/1210/1210 1212/1212/1212
f 1448/1448/1448 1212/1212/1212 1447/1447/1447
f 1450/1450/1450 1020/1020/1020 1022/1022/1022
f 1450/1450/1450 1022/1022/1022 1451/1451/1451
f 1451/1451/1451 1204/1204/1204 1206/1206/1206
f 1451/1451/1451 1206/1206/1206 1450/1450/1450
f 1449/1449/1449 1018/1018/1018 1020/1020/1020
f 1449/1449/1449 1020/1020/1020 1450/1450/1450
f 1450/1450/1450 1206/1206/1206 1208/1208/1208
f 1450/1450/1450 1208/1208/1208 1449/1449/1449
f 1451/1451/1451 1022/1022/1022 1024/1024/1024
f 1451/1451/1451 1024/1024/1024 1452/1452/1452
f 1452/1452/1452 1202/1202/1202 1204/1204/1204
f 1452/1452/1452 1204/1204/1204 1451/1451/1451
f 1452/1452/1452 1024/1024/1024 1026/1026/1026
f 1452/1452/1452 1026/1026/1026 1453/1453/1453
f 1453/1453/1453 1200/1200/1200 1202/1202/1202
f 1453/1453/1453 1202/1202/1202 1452/1452/1452
f 1453/1453/1453 1026/1026/1026 1028/1028/1028
f 1453/1453/1453 1028/1028/1028 1454/1454/1454
f 1454/1454/1454 1198/1198/1198 1200/1200/1200
f 1454/1454/1454 1200/1200/1200 1453/1453/1453
f 1454/1454/1454 1028/1028/1028 1030/1030/1030
f 1454/1454/1454 1030/1030/1030 1455/1455/1455
f 1455/1455/1455 1196/1196/1196 1198/1198/1198
f 1455/1455/1455 1198/1198/1198 1454/1454/1454
f 1456/1456/1456 1032/1032/1032 1034/1034/1034
f 1456/1456/1456 1034/1034/1034 1457/1457/1457
f 1457/1457/1457 1192/1192/1192 1194/1194/1194
f 1457/1457/1457 1194/1194/1194 1456/1456/1456
f 1455/1455/1455 1030/1030/1030 1032/1032/1032
f 1455/1455/1455 1032/1032/1032 1456/1456/1456
f 1456/1456/1456 1194/1194/1194 1196/1196/1196
f 1456/1456/1456 1196/1196/1196 1455/1455/1455
f 1458/1458/1458 1036/1036/1036 1038/1038/1038
f 1458/1458/1458 1038/1038/1038 1459/1459/1459
f 1459/1459/1459 1188/1188/1188 1190/1190/1190
f 1459/1459/1459 1190/1190/1190 1458/1458/1458
f 1457/1457/1457 1034/1034/1034 1036/1036/1036
f 1457/1457/1457 1036/1036/1036 1458/1458/1458
f 1458/1458/1458 1190/1190/1190 1192/1192/1192
f 1458/1458/1458 1192/1192/1192 1457/1457/1457
f 1460/1460/1460 1040/1040/1040 1042/1042/1042
f 1460/1460/1460 1042/1042/1042 1461/1461/1461
f 1461/1461/1461 1184/1184/1184 1186/1186/1186
f 1461/1461/1461 1186/1186/1186 1460/1460/1460
f 1459/1459/1459 1038/1038/1038 1040/1040/1040
f 1459/1459/1459 1040/1040/1040 1460/1460/1460
f 1460/1460/1460 1186/1186/1186 1188/1188/1188
f 1460/1460/1460 1188/1188/1188 1459/1459/1459
f 1461/1461/1461 1042/1042/1042 1044/1044/1044
f 1461/1461/1461 1044/1044/1044 1462/1462/1462
f 1462/1462/1462 1182/1182/1182 1184/1184/1184
f 1462/1462/1462 1184/1184/1184 1461/1461/1461
f 1462/1462/1462 1044/1044/1044 1046/1046/1046
f 1462/1462/1462 1046/1046/1046 1463/1463/1463
f 1463/1463/1463 1180/1180/1180 1182/1182/1182
f 1463/1463/1463 1182/1182/1182 1462/1462/1462
f 1464/1464/1464 1048/1048/1048 1050/1050/1050
f 1464/1464/1464 1050/1050/1050 1465/1465/1465
f 1465/1465/1465 1176/1176/1176 1178/1178/1178
f 1465/1465/1465 1178/1178/1178 1464/1464/1464
f 1463/1463/1463 1046/1046/1046 1048/1048/1048
f 1463/1463/1463 1048/1048/1048 1464/1464/1464
f 1464/1464/1464 1178/1178/1178 1180/1180/1180
f 1464/1464/1464 1180/1180/1180 1463/1463/1463
f 1466/1466/1466 1052/1052/1052 1054/1054/1054
f 1466/1466/1466 1054/1054/1054 1467/1467/1467
f 1467/1467/1467 1172/1172/1172 1174/1174/1174
f 1467/1467/1467 1174/1174/1174 1466/1466/1466
f 1465/1465/1465 1050/1050/1050 1052/1052/1052
f 1465/1465/1465 1052/1052/1052 1466/1466/1466
f 1466/1466/1466 1174/1174/1174 1176/1176/1176
f 1466/1466/1466 1176/1176/1176 1465/1465/1465
f 1468/1468/1468 1056/1056/1056 1058/1058/1058
f 1468/1468/1468 1058/1058/1058 1469/1469/1469
f 1469/1469/1469 1168/1168/1168 1170/1170/1170
f 1469/1469/1469 1170/1170/1170 1468/1468/1468
f 1467/1467/1467 1054/1054/1054 1056/1056/1056
f 1467/1467/1467 1056/1056/1056 1468/1468/1468
f 1468/1468/1468 1170/1170/1170 1172/1172/1172
f 1468/1468/1468 1172/1172/1172 1467/1467/1467
f 1469/1469/1469 1058/1058/1058 1060/1060/1060
f 1469/1469/1469 1060/1060/1060 1470/1470/1470
f 1470/1470/1470 1166/1166/1166 1168/1168/1168
f 1470/1470/1470 1168/1168/1168 1469/1469/1469
f 1470/1470/1470 1060/1060/1060 1062/1062/1062
f 1470/1470/1470 1062/1062/1062 1471/1471/1471
f 1471/1471/1471 1164/1164/1164 1166/1166/1166
f 1471/1471/1471 1166/1166/1166 1470/1470/1470
f 1471/1471/1471 1062/1062/1062 1064/1064/1064
f 1471/1471/1471 1064/1064/1064 1472/1472/1472
f 1472/1472/1472 1162/1162/1162 1164/1164/1164
f 1472/1472/1472 1164/1164/1164 1471/1471/1471
f 1472/1472/1472 1064/1064/1064 1066/1066/1066
f 1472/1472/1472 1066/1066/1066 1473/1473/1473
f 1473/1473/1473 1160/1160/1160 1162/1162/1162
f 1473/1473/1473 1162/1162/1162 1472/1472/1472
f 1473/1473/1473 1066/1066/1066 1068/1068/1068
f 1473/1473/1473 1068/1068/1068 1474/1474/1474
f 1474/1474/1474 1158/1158/1158 1160/1160/1160
f 1474/1474/1474 1160/1160/1160 1473/1473/1473
f 1474/1474/1474 1068/1068/1068 1070/1070/1070
f 1474/1474/1474 1070/1070/1070 1475/1475/1475
f 1475/1475/1475 1156/1156/1156 1158/1158/1158
f 1475/1475/1475 1158/1158/1158 1474/1474/1474
f 1475/1475/1475 1070/1070/1070 1072/1072/1072
f 1475/1475/1475 1072/1072/1072 1476/1476/1476
f 1476/1476/1476 1154/1154/1154 1156/1156/1156
f 1476/1476/1476 1156/1156/1156 1475/1475/1475
f 1476/1476/1476 1072/1072/1072 1074/1074/1074
f 1476/1476/1476 1074/1074/1074 1477/1477/1477
f 1477/1477/1477 1152/1152/1152 1154/1154/1154
f 1477/1477/1477 1154/1154/1154 1476/1476/1476
f 1478/1478/1478 1076/1076/1076 1078/1078/1078
f 1478/1478/1478 1078/1078/1078 1479/1479/1479
f 1479/1479/1479 1148/1148/1148 1150/1150/1150
f 1479/1479/1479 1150/1150/1150 1478/1478/1478
f 1477/1477/1477 1074/1074/1074 1076/1076/1076
f 1477/1477/1477 1076/1076/1076 1478/1478/1478
f 1478/1478/1478 1150/1150/1150 1152/1152/1152
f 1478/1478/1478 1152/1152/1152 1477/1477/1477
f 1479/1479/1479 1078/1078/1078 1080/1080/1080
f 1479/1479/1479 1080/1080/1080 1480/1480/1480
f 1480/1480/1480 1146/1146/1146 1148/1148/1148
f 1480/1480/1480 1148/1148/1148 1479/1479/1479
f 1480/1480/1480 1080/1080/1080 1082/1082/1082
f 1480/1480/1480 1082/1082/1082 1481/1481/1481
f 1481/1481/1481 1144/1144/1144 1146/1146/1146
f 1481/1481/1481 1146/1146/1146 1480/1480/1480
f 1482/1482/1482 1084/1084/1084 1086/1086/1086
f 1482/1482/1482 1086/1086/1086 1483/1483/1483
f 1483/1483/1483 1140/1140/1140 1142/1142/1142
f 1483/1483/1483 1142/1142/1142 1482/1482/1482
f 1481/1481/1481 1082/1082/1082 1084/1084/1084
f 1481/1481/1481 1084/1084/1084 1482/1482/1482
f 1482/1482/1482 1142/1142/1142 1144/1144/1144
f 1482/1482/1482 1144/1144/1144 1481/1481/1481
f 1483/1483/1483 1086/1086/1086 1088/1088/1088
f 1483/1483/1483 1088/1088/1088 1484/1484/1484
f 1484/1484/1484 1138/1138/1138 1140/1140/1140
f 1484/1484/1484 1140/1140/1140 1483/1483/1483
f 1484/1484/1484 1088/1088/1088 1090/1090/1090
f 1484/1484/1484 1090/1090/1090 1485/1485/1485
f 1485/1485/1485 1136/1136/1136 1138/1138/1138
f 1485/1485/1485 1138/1138/1138 1484/1484/1484
f 1486/1486/1486 1092/1092/1092 1094/1094/1094
f 1486/1486/1486 1094/1094/1094 1487/1487/1487
f 1487/1487/1487 1132/1132/1132 1134/1134/1134
f 1487/1487/1487 1134/1134/1134 1486/1486/1486
f 1485/1485/1485 1090/1090/1090 1092/1092/1092
f 1485/1485/1485 1092/1092/1092 1486/1486/1486
f 1486/1486/1486 1134/1134/1134 1136/1136/1136
f 1486/1486/1486 1136/1136/1136 1485/1485/1485
f 1488/1488/1488 1096/1096/1096 1098/1098/1098
f 1488/1488/1488 1098/1098/1098 1489/1489/1489
f 1489/1489/1489 1128/1128/1128 1130/1130/1130
f 1489/1489/1489 1130/1130/1130 1488/1488/1488
f 1487/1487/1487 1094/1094/1094 1096/1096/1096
f 1487/1487/1487 1096/1096/1096 1488/1488/1488
f 1488/1488/1488 1130/1130/1130 1132/1132/1132
f 1488/1488/1488 1132/1132/1132 1487/1487/1487
f 1489/1489/1489 1098/1098/1098 1100/1100/1100
f 1489/1489/1489 1100/1100/1100 1490/1490/1490
f 1490/1490/1490 1126/1126/1126 1128/1128/1128
f 1490/1490/1490 1128/1128/1128 1489/1489/1489
f 1490/1490/1490 1100/1100/1100 1102/1102/1102
f 1490/1490/1490 1102/1102/1102 1491/1491/1491
f 1491/1491/1491 1124/1124/1124 1126/1126/1126
f 1491/1491/1491 1126/1126/1126 1490/1490/1490
f 1491/1491/1491 1102/1102/1102 1104/1104/1104
f 1491/1491/1491 1104/1104/1104 1492/1492/1492
f 1492/1492/1492 1122/1122/1122 1124/1124/1124
f 1492/1492/1492 1124/1124/1124 1491/1491/1491
f 1492/1492/1492 1104/1104/1104 1106/1106/1106
f 1492/1492/1492 1106/1106/1106 1493/1493/1493
f 1493/1493/1493 1120/1120/1120 1122/1122/1122
f 1493/1493/1493 1122/1122/1122 1492/1492/1492
f 1493/1493/1493 1106/1106/1106 1108/1108/1108
f 1493/1493/1493 1108/1108/1108 1494/1494/1494
f 1494/1494/1494 1118/1118/1118 1120/1120/1120
f 1494/1494/1494 1120/1120/1120 1493/1493/1493
f 1494/1494/1494 1108/1108/1108 1110/1110/1110
f 1494/1494/1494 1110/1110/1110 1369/1369/1369
f 1369/1369/1369 1116/1116/1116 1118/1118/1118
f 1369/1369/1369 1118/1118/1118 1494/1494/1494
f 822/822/822 1495/1495/1495 1496/1496/1496
f 822/822/822 1496/1496/1496 823/823/823
f 826/826/826 1497/1497/1497 1498/1498/1498
f 826/826/826 1498/1498/1498 827/827/827
f 827/827/827 1498/1498/1498 1499/1499/1499
f 827/827/827 1499/1499/1499 829/829/829
f 829/829/829 1499/1499/1499 1500/1500/1500
f 829/829/829 1500/1500/1500 831/831/831
f 831/831/831 1500/1500/1500 1501/1501/1501
f 831/831/831 1501/1501/1501 833/833/833
f 833/833/833 1501/1501/1501 1502/1502/1502
f 833/833/833 1502/1502/1502 835/835/835
f 835/835/835 1502/1502/1502 1503/1503/1503
f 835/835/835 1503/1503/1503 837/837/837
f 837/837/837 1503/1503/1503 1504/1504/1504
f 837/837/837 1504/1504/1504 839/839/839
f 839/839/839 1504/1504/1504 1505/1505/1505
f 839/839/839 1505/1505/1505 841/841/841
f 841/841/841 1505/1505/1505 1506/1506/1506
f 841/841/841 1506/1506/1506 843/843/843
f 843/843/843 1506/1506/1506 1507/1507/1507
f 843/843/843 1507/1507/1507 845/845/845
f 845/845/845 1507/1507/1507 1508/1508/1508
f 845/845/845 1508/1508/1508 847/847/847
f 847/847/847 1508/1508/1508 1509/1509/1509
f 847/847/847 1509/1509/1509 849/849/849
f 849/849/849 1509/1509/1509 1510/1510/1510
f 849/849/849 1510/1510/1510 851/851/851
f 851/851/851 1510/1510/1510 1511/1511/1511
f 851/851/851 1511/1511/1511 853/853/853
f 853/853/853 1511/1511/1511 1495/1495/1495
f 853/853/853 1495/1495/1495 822/822/822
f 1512/1512/1512 1513/1513/1513 1514/1514/1514
f 1512/1512/1512 1514/1514/1514 1515/1515/1515
f 1513/1513/1513 1516/1516/1516 1517/1517/1517
f 1513/1513/1513 1517/1517/1517 1514/1514/1514
f 1516/1516/1516 1518/1518/1518 1519/1519/1519
f 1516/1516/1516 1519/1519/1519 1517/1517/1517
f 1518/1518/1518 1520/1520/1520 1521/1521/1521
f 1518/1518/1518 1521/1521/1521 1519/1519/1519
f 1520/1520/1520 1522/1522/1522 1523/1523/1523
f 1520/1520/1520 1523/1523/1523 1521/1521/1521
f 1522/1522/1522 1524/1524/1524 1525/1525/1525
f 1522/1522/1522 1525/1525/1525 1523/1523/1523
f 1524/1524/1524 1526/1526/1526 1527/1527/1527
f 1524/1524/1524 1527/1527/1527 1525/1525/1525
f 1526/1526/1526 1528/1528/1528 1529/1529/1529
f 1526/1526/1526 1529/1529/1529 1527/1527/1527
f 1528/1528/1528 1530/1530/1530 1531/1531/1531
f 1528/1528/1528 1531/1531/1531 1529/1529/1529
f 1530/1530/1530 1532/1532/1532 1533/1533/1533
f 1530/1530/1530 1533/1533/1533 1531/1531/1531
f 1532/1532/1532 1534/1534/1534 1535/1535/1535
f 1532/1532/1532 1535/1535/1535 1533/1533/1533
f 1534/1534/1534 1536/1536/1536 1537/1537/1537
f 1534/1534/1534 1537/1537/1537 1535/1535/1535
f 1536/1536/1536 1538/1538/1538 1539/1539/1539
f 1536/1536/1536 1539/1539/1539 1537/1537/1537
f 1538/1538/1538 1540/1540/1540 1541/1541/1541
f 1538/1538/1538 1541/1541/1541 1539/1539/1539
f 1540/1540/1540 1542/1542/1542 1543/1543/1543
f 1540/1540/1540 1543/1543/1543 1541/1541/1541
f 1542/1542/1542 1544/1544/1544 1545/1545/1545
f 1542/1542/1542 1545/1545/1545 1543/1543/1543
f 1515/1515/1515 1514/1514/1514 1546/1546/1546
f 1515/1515/1515 1546/1546/1546 1547/1547/1547
f 1514/1514/1514 1517/1517/1517 1548/1548/1548
f 1514/1514/1514 1548/1548/1548 1546/1546/1546
f 1517/1517/1517 1519/1519/1519 1549/1549/1549
f 1517/1517/1517 1549/1549/1549 1548/1548/1548
f 1519/1519/1519 1521/1521/1521 1550/1550/1550
f 1519/1519/1519 1550/1550/1550 1549/1549/1549
f 1521/1521/1521 1523/1523/1523 1551/1551/1551
f 1521/1521/1521 1551/1551/1551 1550/1550/1550
f 1523/1523/1523 1525/1525/1525 1552/1552/1552
f 1523/1523/1523 1552/1552/1552 1551/1551/1551
f 1525/1525/1525 1527/1527/1527 1553/1553/1553
f 1525/1525/1525 1553/1553/1553 1552/1552/1552
f 1527/1527/1527 1529/1529/1529 1554/1554/1554
f 1527/1527/1527 1554/1554/1554 1553/1553/1553
f 1529/1529/1529 1531/1531/1531 1555/1555/1555
f 1529/1529/1529 1555/1555/1555 1554/1554/1554
f 1531/1531/1531 1533/1533/1533 1556/1556/1556
f 1531/1531/1531 1556/1556/1556 1555/1555/1555
f 1533/1533/1533 1535/1535/1535 1557/1557/1557
f 1533/1533/1533 1557/1557/1557 1556/1556/1556
f 1535/1535/1535 1537/1537/1537 1558/1558/1558
f 1535/1535/1535 1558/1558/1558 1557/1557/1557
f 1537/1537/1537 1539/1539/1539 1559/1559/1559
f 1537/1537/1537 1559/1559/1559 1558/1558/1558
f 1539/1539/1539 1541/1541/1541 1560/1560/1560
f 1539/1539/1539 1560/1560/1560 1559/1559/1559
f 1541/1541/1541 1543/1543/1543 1561/1561/1561
f 1541/1541/1541 1561/1561/1561 1560/1560/1560
f 1543/1543/1543 1545/1545/1545 1562/1562/1562
f 1543/1543/1543 1562/1562/1562 1561/1561/1561
f 1563/1563/1563 1564/1564/1564 1565/1565/1565
f 1563/1563/1563 1565/1565/1565 1566/1566/1566
f 1564/1564/1564 1567/1567/1567 1568/1568/1568
f 1564/1564/1564 1568/1568/1568 1565/1565/1565
f 1567/1567/1567 1569/1569/1569 1570/1570/1570
f 1567/1567/1567 1570/1570/1570 1568/1568/1568
f 1569/1569/1569 1571/1571/1571 1572/1572/1572
f 1569/1569/1569 1572/1572/1572 1570/1570/1570
f 1571/1571/1571 1573/1573/1573 1574/1574/1574
f 1571/1571/1571 1574/1574/1574 1572/1572/1572
f 1573/1573/1573 1575/1575/1575 1576/1576/1576
f 1573/1573/1573 1576/1576/1576 1574/1574/1574
f 1575/1575/1575 1577/1577/1577 1578/1578/1578
f 1575/1575/1575 1578/1578/1578 1576/1576/1576
f 1577/1577/1577 1579/1579/1579 1580/1580/1580
f 1577/1577/1577 1580/1580/1580 1578/1578/1578
f 1579/1579/1579 1581/1581/1581 1582/1582/1582
f 1579/1579/1579 1582/1582/1582 1580/1580/1580
f 1581/1581/1581 1583/1583/1583 1584/1584/1584
f 1581/1581/1581 1584/1584/1584 1582/1582/1582
f 1583/1583/1583 1585/1585/1585 1586/1586/1586
f 1583/1583/1583 1586/1586/1586 1584/1584/1584
f 1585/1585/1585 1587/1587/1587 1588/1588/1588
f 1585/1585/1585 1588/1588/1588 1586/1586/1586
f 1587/1587/1587 1589/1589/1589 1590/1590/1590
f 1587/1587/1587 1590/1590/1590 1588/1588/1588
f 1589/1589/1589 1591/1591/1591 1592/1592/1592
f 1589/1589/1589 1592/1592/1592 1590/1590/1590
f 1591/1591/1591 1593/1593/1593 1594/1594/1594
f 1591/1591/1591 1594/1594/1594 1592/1592/1592
f 1593/1593/1593 1563/1563/1563 1566/1566/1566
f 1593/1593/1593 1566/1566/1566 1594/1594/1594
f 1566/1566/1566 1565/1565/1565 1595/1595/1595
f 1566/1566/1566 1595/1595/1595 1596/1596/1596
f 1565/1565/1565 1568/1568/1568 1597/1597/1597
f 1565/1565/1565 1597/1597/1597 1595/1595/1595
f 1568/1568/1568 1570/1570/1570 1598/1598/1598
f 1568/1568/1568 1598/1598/1598 1597/1597/1597
f 1570/1570/1570 1572/1572/1572 1599/1599/1599
f 1570/1570/1570 1599/1599/1599 1598/1598/1598
f 1572/1572/1572 1574/1574/1574 1600/1600/1600
f 1572/1572/1572 1600/1600/1600 1599/1599/1599
f 1574/1574/1574 1576/1576/1576 1601/1601/1601
f 1574/1574/1574 1601/1601/1601 1600/1600/1600
f 1576/1576/1576 1578/1578/1578 1602/1602/1602
f 1576/1576/1576 1602/1602/1602 1601/1601/1601
f 1578/1578/1578 1580/1580/1580 1603/1603/1603
f 1578/1578/1578 1603/1603/1603 1602/1602/1602
f 1580/1580/1580 1582/1582/1582 1604/1604/1604
f 1580/1580/1580 1604/1604/1604 1603/1603/1603
f 1582/1582/1582 1584/1584/1584 1605/1605/1605
f 1582/1582/1582 1605/1605/1605 1604/1604/1604
f 1584/1584/1584 1586/1586/1586 1606/1606/1606
f 1584/1584/1584 1606/1606/1606 1605/1605/1605
f 1586/1586/1586 1588/1588/1588 1607/1607/1607
f 1586/1586/1586 1607/1607/1607 1606/1606/1606
f 1588/1588/1588 1590/1590/1590 1608/1608/1608
f 1588/1588/1588 1608/1608/1608 1607/1607/1607
f 1590/1590/1590 1592/1592/1592 1609/1609/1609
f 1590/1590/1590 1609/1609/1609 1608/1608/1608
f 1592/1592/1592 1594/1594/1594 1610/1610/1610
f 1592/1592/1592 1610/1610/1610 1609/1609/1609
f 1594/1594/1594 1566/1566/1566 1596/1596/1596
f 1594/1594/1594 1596/1596/1596 1610/1610/1610
f 1596/1596/1596 1595/1595/1595 1611/1611/1611
f 1596/1596/1596 1611/1611/1611 1612/1612/1612
f 1595/1595/1595 1597/1597/1597 1613/1613/1613
f 1595/1595/1595 1613/1613/1613 1611/1611/1611
f 1597/1597/1597 1598/1598/1598 1614/1614/1614
f 1597/1597/1597 1614/1614/1614 1613/1613/1613
f 1598/1598/1598 1599/1599/1599 1615/1615/1615
f 1598/1598/1598 1615/1615/1615 1614/1614/1614
f 1599/1599/1599 1600/1600/1600 1616/1616/1616
f 1599/1599/1599 1616/1616/1616 1615/1615/1615
f 1600/1600/1600 1601/1601/1601 1617/1617/1617
f 1600/1600/1600 1617/1617/1617 1616/1616/1616
f 1601/1601/1601 1602/1602/1602 1618/1618/1618
f 1601/1601/1601 1618/1618/1618 1617/1617/1617
f 1602/1602/1602 1603/1603/1603 1619/1619/1619
f 1602/1602/1602 1619/1619/1619 1618/1618/1618
f 1603/1603/1603 1604/1604/1604 1620/1620/1620
f 1603/1603/1603 1620/1620/1620 1619/1619/1619
f 1604/1604/1604 1605/1605/1605 1621/1621/1621
f 1604/1604/1604 1621/1621/1621 1620/1620/1620
f 1605/1605/1605 1606/1606/1606 1622/1622/1622
f 1605/1605/1605 1622/1622/1622 1621/1621/1621
f 1606/1606/1606 1607/1607/1607 1623/1623/1623
f 1606/1606/1606 1623/1623/1623 1622/1622/1622
f 1607/1607/1607 1608/1608/1608 1624/1624/1624
f 1607/1607/1607 1624/1624/1624 1623/1623/1623
f 1608/1608/1608 1609/1609/1609 1625/1625/1625
f 1608/1608/1608 1625/1625/1625 1624/1624/1624
f 1609/1609/1609 1610/1610/1610 1626/1626/1626
f 1609/1609/1609 1626/1626/1626 1625/1625/1625
f 1610/1610/1610 1596/1596/1596 1612/1612/1612
f 1610/1610/1610 1612/1612/1612 1626/1626/1626
f 1627/1627/1627 1628/1628/1628 1629/1629/1629
f 1627/1627/1627 1629/1629/1629 1630/1630/1630
f 1631/1631/1631 1627/1627/1627 1630/1630/1630
f 1631/1631/1631 1630/1630/1630 1632/1632/1632
f 1633/1633/1633 1631/1631/1631 1632/1632/1632
f 1633/1633/1633 1632/1632/1632 1634/1634/1634
f 1635/1635/1635 1633/1633/1633 1634/1634/1634
f 1635/1635/1635 1634/1634/1634 1636/1636/1636
f 1637/1637/1637 1635/1635/1635 1636/1636/1636
f 1637/1637/1637 1636/1636/1636 1638/1638/1638
f 1639/1639/1639 1637/1637/1637 1638/1638/1638
f 1639/1639/1639 1638/1638/1638 1640/1640/1640
f 1641/1641/1641 1639/1639/1639 1640/1640/1640
f 1641/1641/1641 1640/1640/1640 1642/1642/1642
f 1643/1643/1643 1641/1641/1641 1642/1642/1642
f 1643/1643/1643 1642/1642/1642 1644/1644/1644
f 1645/1645/1645 1643/1643/1643 1644/1644/1644
f 1645/1645/1645 1644/1644/1644 1646/1646/1646
f 1647/1647/1647 1645/1645/1645 1646/1646/1646
f 1647/1647/1647 1646/1646/1646 1648/1648/1648
f 1649/1649/1649 1647/1647/1647 1648/1648/1648
f 1649/1649/1649 1648/1648/1648 1650/1650/1650
f 1651/1651/1651 1649/1649/1649 1650/1650/1650
f 1651/1651/1651 1650/1650/1650 1652/1652/1652
f 1653/1653/1653 1651/1651/1651 1652/1652/1652
f 1653/1653/1653 1652/1652/1652 1654/1654/1654
f 1655/1655/1655 1653/1653/1653 1654/1654/1654
f 1655/1655/1655 1654/1654/1654 1656/1656/1656
f 1657/1657/1657 1655/1655/1655 1656/1656/1656
f 1657/1657/1657 1656/1656/1656 1658/1658/1658
f 1659/1659/1659 1657/1657/1657 1658/1658/1658
f 1659/1659/1659 1658/1658/1658 1660/1660/1660
f 1630/1630/1630 1629/1629/1629 1661/1661/1661
f 1630/1630/1630 1661/1661/1661 1662/1662/1662
f 1660/1660/1660 1658/1658/1658 1663/1663/1663
f 1660/1660/1660 1663/1663/1663 1664/1664/1664
f 1658/1658/1658 1656/1656/1656 1665/1665/1665
f 1658/1658/1658 1665/1665/1665 1663/1663/1663
f 1656/1656/1656 1654/1654/1654 1666/1666/1666
f 1656/1656/1656 1666/1666/1666 1665/1665/1665
f 1654/1654/1654 1652/1652/1652 1667/1667/1667
f 1654/1654/1654 1667/1667/1667 1666/1666/1666
f 1652/1652/1652 1650/1650/1650 1668/1668/1668
f 1652/1652/1652 1668/1668/1668 1667/1667/1667
f 1650/1650/1650 1648/1648/1648 1669/1669/1669
f 1650/1650/1650 1669/1669/1669 1668/1668/1668
f 1648/1648/1648 1646/1646/1646 1670/1670/1670
f 1648/1648/1648 1670/1670/1670 1669/1669/1669
f 1646/1646/1646 1644/1644/1644 1671/1671/1671
f 1646/1646/1646 1671/1671/1671 1670/1670/1670
f 1644/1644/1644 1642/1642/1642 1672/1672/1672
f 1644/1644/1644 1672/1672/1672 1671/1671/1671
f 1642/1642/1642 1640/1640/1640 1673/1673/1673
f 1642/1642/1642 1673/1673/1673 1672/1672/1672
f 1640/1640/1640 1638/1638/1638 1674/1674/1674
f 1640/1640/1640 1674/1674/1674 1673/1673/1673
f 1638/1638/1638 1636/1636/1636 1675/1675/1675
f 1638/1638/1638 1675/1675/1675 1674/1674/1674
f 1636/1636/1636 1634/1634/1634 1676/1676/1676
f 1636/1636/1636 1676/1676/1676 1675/1675/1675
f 1634/1634/1634 1632/1632/1632 1677/1677/1677
f 1634/1634/1634 1677/1677/1677 1676/1676/1676
f 1632/1632/1632 1630/1630/1630 1662/1662/1662
f 1632/1632/1632 1662/1662/1662 1677/1677/1677
f 1662/1662/1662 1661/1661/1661 1678/1678/1678
f 1662/1662/1662 1678/1678/1678 1679/1679/1679
f 1664/1664/1664 1663/1663/1663 1680/1680/1680
f 1664/1664/1664 1680/1680/1680 1681/1681/1681
f 1663/1663/1663 1665/1665/1665 1682/1682/1682
f 1663/1663/1663 1682/1682/1682 1680/1680/1680
f 1665/1665/1665 1666/1666/1666 1683/1683/1683
f 1665/1665/1665 1683/1683/1683 1682/1682/1682
f 1666/1666/1666 1667/1667/1667 1684/1684/1684
f 1666/1666/1666 1684/1684/1684 1683/1683/1683
f 1667/1667/1667 1668/1668/1668 1685/1685/1685
f 1667/1667/1667 1685/1685/1685 1684/1684/1684
f 1668/1668/1668 1669/1669/1669 1686/1686/1686
f 1668/1668/1668 1686/1686/1686 1685/1685/1685
f 1669/1669/1669 1670/1670/1670 1687/1687/1687
f 1669/1669/1669 1687/1687/1687 1686/1686/1686
f 1670/1670/1670 1671/1671/1671 1688/1688/1688
f 1670/1670/1670 1688/1688/1688 1687/1687/1687
f 1671/1671/1671 1672/1672/1672 1689/1689/1689
f 1671/1671/1671 1689/1689/1689 1688/1688/1688
f 1672/1672/1672 1673/1673/1673 1690/1690/1690
f 1672/1672/1672 1690/1690/1690 1689/1689/1689
f 1673/1673/1673 1674/1674/1674 1691/1691/1691
f 1673/1673/1673 1691/1691/1691 1690/1690/1690
f 1674/1674/1674 1675/1675/1675 1692/1692/1692
f 1674/1674/1674 1692/1692/1692 1691/1691/1691
f 1675/1675/1675 1676/1676/1676 1693/1693/1693
f 1675/1675/1675 1693/1693/1693 1692/1692/1692
f 1676/1676/1676 1677/1677/1677 1694/1694/1694
f 1676/1676/1676 1694/1694/1694 1693/1693/1693
f 1677/1677/1677 1662/1662/1662 1679/1679/1679
f 1677/1677/1677 1679/1679/1679 1694/1694/1694
f 1679/1679/1679 1678/1678/1678 1695/1695/1695
f 1679/1679/1679 1695/1695/1695 1696/1696/1696
f 1681/1681/1681 1680/1680/1680 1697/1697/1697
f 1681/1681/1681 1697/1697/1697 1698/1698/1698
f 1680/1680/1680 1682/1682/1682 1699/1699/1699
f 1680/1680/1680 1699/1699/1699 1697/1697/1697
f 1682/1682/1682 1683/1683/1683 1700/1700/1700
f 1682/1682/1682 1700/1700/1700 1699/1699/1699
f 1683/1683/1683 1684/1684/1684 1701/1701/1701
f 1683/1683/1683 1701/1701/1701 1700/1700/1700
f 1684/1684/1684 1685/1685/1685 1702/1702/1702
f 1684/1684/1684 1702/1702/1702 1701/1701/1701
f 1685/1685/1685 1686/1686/1686 1703/1703/1703
f 1685/1685/1685 1703/1703/1703 1702/1702/1702
f 1686/1686/1686 1687/1687/1687 1704/1704/1704
f 1686/1686/1686 1704/1704/1704 1703/1703/1703
f 1687/1687/1687 1688/1688/1688 1705/1705/1705
f 1687/1687/1687 1705/1705/1705 1704/1704/1704
f 1688/1688/1688 1689/1689/1689 1706/1706/1706
f 1688/1688/1688 1706/1706/1706 1705/1705/1705
f 1689/1689/1689 1690/1690/1690 1707/1707/1707
f 1689/1689/1689 1707/1707/1707 1706/1706/1706
f 1690/1690/1690 1691/1691/1691 1708/1708/1708
f 1690/1690/1690 1708/1708/1708 1707/1707/1707
f 1691/1691/1691 1692/1692/1692 1709/1709/1709
f 1691/1691/1691 1709/1709/1709 1708/1708/1708
f 1692/1692/1692 1693/1693/1693 1710/1710/1710
f 1692/1692/1692 1710/1710/1710 1709/1709/1709
f 1693/1693/1693 1694/1694/1694 1711/1711/1711
f 1693/1693/1693 1711/1711/1711 1710/1710/1710
f 1694/1694/1694 1679/1679/1679 1696/1696/1696
f 1694/1694/1694 1696/1696/1696 1711/1711/1711
f 1696/1696/1696 1695/1695/1695 1712/1712/1712
f 1696/1696/1696 1712/1712/1712 1713/1713/1713
f 1698/1698/1698 1697/1697/1697 1714/1714/1714
f 1698/1698/1698 1714/1714/1714 1715/1715/1715
f 1697/1697/1697 1699/1699/1699 1716/1716/1716
f 1697/1697/1697 1716/1716/1716 1714/1714/1714
f 1699/1699/1699 1700/1700/1700 1717/1717/1717
f 1699/1699/1699 1717/1717/1717 1716/1716/1716
f 1700/1700/1700 1701/1701/1701 1718/1718/1718
f 1700/1700/1700 1718/1718/1718 1717/1717/1717
f 1701/1701/1701 1702/1702/1702 1719/1719/1719
f 1701/1701/1701 1719/1719/1719 1718/1718/1718
f 1702/1702/1702 1703/1703/1703 1720/1720/1720
f 1702/1702/1702 1720/1720/1720 1719/1719/1719
f 1703/1703/1703 1704/1704/1704 1721/1721/1721
f 1703/1703/1703 1721/1721/1721 1720/1720/1720
f 1704/1704/1704 1705/1705/1705 1722/1722/1722
f 1704/1704/1704 1722/1722/1722 1721/1721/1721
f 1705/1705/1705 1706/1706/1706 1723/1723/1723
f 1705/1705/1705 1723/1723/1723 1722/1722/1722
f 1706/1706/1706 1707/1707/1707 1724/1724/1724
f 1706/1706/1706 1724/1724/1724 1723/1723/1723
f 1707/1707/1707 1708/1708/1708 1725/1725/1725
f 1707/1707/1707 1725/1725/1725 1724/1724/1724
f 1708/1708/1708 1709/1709/1709 1726/1726/1726
f 1708/1708/1708 1726/1726/1726 1725/1725/1725
f 1709/1709/1709 1710/1710/1710 1727/1727/1727
f 1709/1709/1709 1727/1727/1727 1726/1726/1726
f 1710/1710/1710 1711/1711/1711 1728/1728/1728
f 1710/1710/1710 1728/1728/1728 1727/1727/1727
f 1711/1711/1711 1696/1696/1696 1713/1713/1713
f 1711/1711/1711 1713/1713/1713 1728/1728/1728
f 1713/1713/1713 1712/1712/1712 1729/1729/1729
f 1713/1713/1713 1729/1729/1729 1730/1730/1730
f 1715/1715/1715 1714/1714/1714 1731/1731/1731
f 1715/1715/1715 1731/1731/1731 1732/1732/1732
f 1714/1714/1714 1716/1716/1716 1733/1733/1733
f 1714/1714/1714 1733/1733/1733 1731/1731/1731
f 1716/1716/1716 1717/1717/1717 1734/1734/1734
f 1716/1716/1716 1734/1734/1734 1733/1733/1733
f 1717/1717/1717 1718/1718/1718 1735/1735/1735
f 1717/1717/1717 1735/1735/1735 1734/1734/1734
f 1718/1718/1718 1719/1719/1719 1736/1736/1736
f 1718/1718/1718 1736/1736/1736 1735/1735/1735
f 1719/1719/1719 1720/1720/1720 1737/1737/1737
f 1719/1719/1719 1737/1737/1737 1736/1736/1736
f 1720/1720/1720 1721/1721/1721 1738/1738/1738
f 1720/1720/1720 1738/1738/1738 1737/1737/1737
f 1721/1721/1721 1722/1722/1722 1739/1739/1739
f 1721/1721/1721 1739/1739/1739 1738/1738/1738
f 1722/1722/1722 1723/1723/1723 1740/1740/1740
f 1722/1722/1722 1740/1740/1740 1739/1739/1739
f 1723/1723/1723 1724/1724/1724 1741/1741/1741
f 1723/1723/1723 1741/1741/1741 1740/1740/1740
f 1724/1724/1724 1725/1725/1725 1742/1742/1742
f 1724/1724/1724 1742/1742/1742 1741/1741/1741
f 1725/1725/1725 1726/1726/1726 1743/1743/1743
f 1725/1725/1725 1743/1743/1743 1742/1742/1742
f 1726/1726/1726 1727/1727/1727 1744/1744/1744
f 1726/1726/1726 1744/1744/1744 1743/1743/1743
f 1727/1727/1727 1728/1728/1728 1745/1745/1745
f 1727/1727/1727 1745/1745/1745 1744/1744/1744
f 1728/1728/1728 1713/1713/1713 1730/1730/1730
f 1728/1728/1728 1730/1730/1730 1745/1745/1745
f 1730/1730/1730 1729/1729/1729 1746/1746/1746
f 1730/1730/1730 1746/1746/1746 1747/1747/1747
f 1732/1732/1732 1731/1731/1731 1748/1748/1748
f 1732/1732/1732 1748/1748/1748 1749/1749/1749
f 1731/1731/1731 1733/1733/1733 1750/1750/1750
f 1731/1731/1731 1750/1750/1750 1748/1748/1748
f 1733/1733/1733 1734/1734/1734 1751/1751/1751
f 1733/1733/1733 1751/1751/1751 1750/1750/1750
f 1734/1734/1734 1735/1735/1735 1752/1752/1752
f 1734/1734/1734 1752/1752/1752 1751/1751/1751
f 1735/1735/1735 1736/1736/1736 1753/1753/1753
f 1735/1735/1735 1753/1753/1753 1752/1752/1752
f 1736/1736/1736 1737/1737/1737 1754/1754/1754
f 1736/1736/1736 1754/1754/1754 1753/1753/1753
f 1737/1737/1737 1738/1738/1738 1755/1755/1755
f 1737/1737/1737 1755/1755/1755 1754/1754/1754
f 1738/1738/1738 1739/1739/1739 1756/1756/1756
f 1738/1738/1738 1756/1756/1756 1755/1755/1755
f 1739/1739/1739 1740/1740/1740 1757/1757/1757
f 1739/1739/1739 1757/1757/1757 1756/1756/1756
f 1740/1740/1740 1741/1741/1741 1758/1758/1758
f 1740/1740/1740 1758/1758/1758 1757/1757/1757
f 1741/1741/1741 1742/1742/1742 1759/1759/1759
f 1741/1741/1741 1759/1759/1759 1758/1758/1758
f 1742/1742/1742 1743/1743/1743 1760/1760/1760
f 1742/1742/1742 1760/1760/1760 1759/1759/1759
f 1743/1743/1743 1744/1744/1744 1761/1761/1761
f 1743/1743/1743 1761/1761/1761 1760/1760/1760
f 1744/1744/1744 1745/1745/1745 1762/1762/1762
f 1744/1744/1744 1762/1762/1762 1761/1761/1761
f 1745/1745/1745 1730/1730/1730 1747/1747/1747
f 1745/1745/1745 1747/1747/1747 1762/1762/1762
f 1763/1763/1763 1764/1764/1764 1765/1765/1765
f 1763/1763/1763 1765/1765/1765 1766/1766/1766
f 1764/1764/1764 1763/1763/1763 1767/1767/1767
f 1764/1764/1764 1767/1767/1767 1768/1768/1768
f 1768/1768/1768 1767/1767/1767 1769/1769/1769
f 1768/1768/1768 1769/1769/1769 1770/1770/1770
f 1770/1770/1770 1769/1769/1769 1747/1747/1747
f 1770/1770/1770 1747/1747/1747 1746/1746/1746
f 1771/1771/1771 1772/1772/1772 1773/1773/1773
f 1771/1771/1771 1773/1773/1773 1774/1774/1774
f 1772/1772/1772 1771/1771/1771 1775/1775/1775
f 1772/1772/1772 1775/1775/1775 1776/1776/1776
f 1776/1776/1776 1775/1775/1775 1777/1777/1777
f 1776/1776/1776 1777/1777/1777 1778/1778/1778
f 1778/1778/1778 1777/1777/1777 1749/1749/1749
f 1778/1778/1778 1749/1749/1749 1748/1748/1748
f 1772/1772/1772 1779/1779/1779 1780/1780/1780
f 1772/1772/1772 1780/1780/1780 1773/1773/1773
f 1779/1779/1779 1772/1772/1772 1776/1776/1776
f 1779/1779/1779 1776/1776/1776 1781/1781/1781
f 1781/1781/1781 1776/1776/1776 1778/1778/1778
f 1781/1781/1781 1778/1778/1778 1782/1782/1782
f 1782/1782/1782 1778/1778/1778 1748/1748/1748
f 1782/1782/1782 1748/1748/1748 1750/1750/1750
f 1779/1779/1779 1783/1783/1783 1784/1784/1784
f 1779/1779/1779 1784/1784/1784 1780/1780/1780
f 1783/1783/1783 1779/1779/1779 1781/1781/1781
f 1783/1783/1783 1781/1781/1781 1785/1785/1785
f 1785/1785/1785 1781/1781/1781 1782/1782/1782
f 1785/1785/1785 1782/1782/1782 1786/1786/1786
f 1786/1786/1786 1782/1782/1782 1750/1750/1750
f 1786/1786/1786 1750/1750/1750 1751/1751/1751
f 1783/1783/1783 1787/1787/1787 1788/1788/1788
f 1783/1783/1783 1788/1788/1788 1784/1784/1784
f 1787/1787/1787 1783/1783/1783 1785/1785/1785
f 1787/1787/1787 1785/1785/1785 1789/1789/1789
f 1789/1789/1789 1785/1785/1785 1786/1786/1786
f 1789/1789/1789 1786/1786/1786 1790/1790/1790
f 1790/1790/1790 1786/1786/1786 1751/1751/1751
f 1790/1790/1790 1751/1751/1751 1752/1752/1752
f 1787/1787/1787 1791/1791/1791 1792/1792/1792
f 1787/1787/1787 1792/1792/1792 1788/1788/1788
f 1791/1791/1791 1787/1787/1787 1789/1789/1789
f 1791/1791/1791 1789/1789/1789 1793/1793/1793
f 1793/1793/1793 1789/1789/1789 1790/1790/1790
f 1793/1793/1793 1790/1790/1790 1794/1794/1794
f 1794/1794/1794 1790/1790/1790 1752/1752/1752
f 1794/1794/1794 1752/1752/1752 1753/1753/1753
f 1791/1791/1791 1795/1795/1795 1796/1796/1796
f 1791/1791/1791 1796/1796/1796 1792/1792/1792
f 1795/1795/1795 1791/1791/1791 1793/1793/1793
f 1795/1795/1795 1793/1793/1793 1797/1797/1797
f 1797/1797/1797 1793/1793/1793 1794/1794/1794
f 1797/1797/1797 1794/1794/1794 1798/1798/1798
f 1798/1798/1798 1794/1794/1794 1753/1753/1753
f 1798/1798/1798 1753/1753/1753 1754/1754/1754
f 1795/1795/1795 1799/1799/1799 1800/1800/1800
f 1795/1795/1795 1800/1800/1800 1796/1796/1796
f 1799/1799/1799 1795/1795/1795 1797/1797/1797
f 1799/1799/1799 1797/1797/1797 1801/1801/1801
f 1801/1801/1801 1797/1797/1797 1798/1798/1798
f 1801/1801/1801 1798/1798/1798 1802/1802/1802
f 1802/1802/1802 1798/1798/1798 1754/1754/1754
f 1802/1802/1802 1754/1754/1754 1755/1755/1755
f 1799/1799/1799 1803/1803/1803 1804/1804/1804
f 1799/1799/1799 1804/1804/1804 1800/1800/1800
f 1803/1803/1803 1799/1799/1799 1801/1801/1801
f 1803/1803/1803 1801/1801/1801 1805/1805/1805
f 1805/1805/1805 1801/1801/1801 1802/1802/1802
f 1805/1805/1805 1802/1802/1802 1806/1806/1806
f 1806/1806/1806 1802/1802/1802 1755/1755/1755
f 1806/1806/1806 1755/1755/1755 1756/1756/1756
f 1803/1803/1803 1807/1807/1807 1808/1808/1808
f 1803/1803/1803 1808/1808/1808 1804/1804/1804
f 1807/1807/1807 1803/1803/1803 1805/1805/1805
f 1807/1807/1807 1805/1805/1805 1809/1809/1809
f 1809/1809/1809 1805/1805/1805 1806/1806/1806
f 1809/1809/1809 1806/1806/1806 1810/1810/1810
f 1810/1810/1810 1806/1806/1806 1756/1756/1756
f 1810/1810/1810 1756/1756/1756 1757/1757/1757
f 1807/1807/1807 1811/1811/1811 1812/1812/1812
f 1807/1807/1807 1812/1812/1812 1808/1808/1808
f 1811/1811/1811 1807/1807/1807 1809/1809/1809
f 1811/1811/1811 1809/1809/1809 1813/1813/1813
f 1813/1813/1813 1809/1809/1809 1810/1810/1810
f 1813/1813/1813 1810/1810/1810 1814/1814/1814
f 1814/1814/1814 1810/1810/1810 1757/1757/1757
f 1814/1814/1814 1757/1757/1757 1758/1758/1758
f 1811/1811/1811 1815/1815/1815 1816/1816/1816
f 1811/1811/1811 1816/1816/1816 1812/1812/1812
f 1815/1815/1815 1811/1811/1811 1813/1813/1813
f 1815/1815/1815 1813/1813/1813 1817/1817/1817
f 1817/1817/1817 1813/1813/1813 1814/1814/1814
f 1817/1817/1817 1814/1814/1814 1818/1818/1818
f 1818/1818/1818 1814/1814/1814 1758/1758/1758
f 1818/1818/1818 1758/1758/1758 1759/1759/1759
f 1815/1815/1815 1819/1819/1819 1820/1820/1820
f 1815/1815/1815 1820/1820/1820 1816/1816/1816
f 1819/1819/1819 1815/1815/1815 1817/1817/1817
f 1819/1819/1819 1817/1817/1817 1821/1821/1821
f 1821/1821/1821 1817/1817/1817 1818/1818/1818
f 1821/1821/1821 1818/1818/1818 1822/1822/1822
f 1822/1822/1822 1818/1818/1818 1759/1759/1759
f 1822/1822/1822 1759/1759/1759 1760/1760/1760
f 1819/1819/1819 1823/1823/1823 1824/1824/1824
f 1819/1819/1819 1824/1824/1824 1820/1820/1820
f 1823/1823/1823 1819/1819/1819 1821/1821/1821
f 1823/1823/1823 1821/1821/1821 1825/1825/1825
f 1825/1825/1825 1821/1821/1821 1822/1822/1822
f 1825/1825/1825 1822/1822/1822 1826/1826/1826
f 1826/1826/1826 1822/1822/1822 1760/1760/1760
f 1826/1826/1826 1760/1760/1760 1761/1761/1761
f 1823/1823/1823 1827/1827/1827 1828/1828/1828
f 1823/1823/1823 1828/1828/1828 1824/1824/1824
f 1827/1827/1827 1823/1823/1823 1825/1825/1825
f 1827/1827/1827 1825/1825/1825 1829/1829/1829
f 1829/1829/1829 1825/1825/1825 1826/1826/1826
f 1829/1829/1829 1826/1826/1826 1830/1830/1830
f 1830/1830/1830 1826/1826/1826 1761/1761/1761
f 1830/1830/1830 1761/1761/1761 1762/1762/1762
f 1827/1827/1827 1763/1763/1763 1766/1766/1766
f 1827/1827/1827 1766/1766/1766 1828/1828/1828
f 1763/1763/1763 1827/1827/1827 1829/1829/1829
f 1763/1763/1763 1829/1829/1829 1767/1767/1767
f 1767/1767/1767 1829/1829/1829 1830/1830/1830
f 1767/1767/1767 1830/1830/1830 1769/1769/1769
f 1769/1769/1769 1830/1830/1830 1762/1762/1762
f 1769/1769/1769 1762/1762/1762 1747/1747/1747
f 1831/1831/1831 1832/1832/1832 1833/1833/1833
f 1831/1831/1831 1833/1833/1833 1834/1834/1834
f 1834/1834/1834 1833/1833/1833 1835/1835/1835
f 1834/1834/1834 1835/1835/1835 1836/1836/1836
f 1836/1836/1836 1835/1835/1835 1766/1766/1766
f 1836/1836/1836 1766/1766/1766 1765/1765/1765
f 1837/1837/1837 1838/1838/1838 1839/1839/1839
f 1837/1837/1837 1839/1839/1839 1840/1840/1840
f 1840/1840/1840 1839/1839/1839 1841/1841/1841
f 1840/1840/1840 1841/1841/1841 1842/1842/1842
f 1842/1842/1842 1841/1841/1841 1774/1774/1774
f 1842/1842/1842 1774/1774/1774 1773/1773/1773
f 1843/1843/1843 1837/1837/1837 1840/1840/1840
f 1843/1843/1843 1840/1840/1840 1844/1844/1844
f 1844/1844/1844 1840/1840/1840 1842/1842/1842
f 1844/1844/1844 1842/1842/1842 1845/1845/1845
f 1845/1845/1845 1842/1842/1842 1773/1773/1773
f 1845/1845/1845 1773/1773/1773 1780/1780/1780
f 1846/1846/1846 1843/1843/1843 1844/1844/1844
f 1846/1846/1846 1844/1844/1844 1847/1847/1847
f 1847/1847/1847 1844/1844/1844 1845/1845/1845
f 1847/1847/1847 1845/1845/1845 1848/1848/1848
f 1848/1848/1848 1845/1845/1845 1780/1780/1780
f 1848/1848/1848 1780/1780/1780 1784/1784/1784
f 1849/1849/1849 1846/1846/1846 1847/1847/1847
f 1849/1849/1849 1847/1847/1847 1850/1850/1850
f 1850/1850/1850 1847/1847/1847 1848/1848/1848
f 1850/1850/1850 1848/1848/1848 1851/1851/1851
f 1851/1851/1851 1848/1848/1848 1784/1784/1784
f 1851/1851/1851 1784/1784/1784 1788/1788/1788
f 1852/1852/1852 1849/1849/1849 1850/1850/1850
f 1852/1852/1852 1850/1850/1850 1853/1853/1853
f 1853/1853/1853 1850/1850/1850 1851/1851/1851
f 1853/1853/1853 1851/1851/1851 1854/1854/1854
f 1854/1854/1854 1851/1851/1851 1788/1788/1788
f 1854/1854/1854 1788/1788/1788 1792/1792/1792
f 1855/1855/1855 1852/1852/1852 1853/1853/1853
f 1855/1855/1855 1853/1853/1853 1856/1856/1856
f 1856/1856/1856 1853/1853/1853 1854/1854/1854
f 1856/1856/1856 1854/1854/1854 1857/1857/1857
f 1857/1857/1857 1854/1854/1854 1792/1792/1792
f 1857/1857/1857 1792/1792/1792 1796/1796/1796
f 1858/1858/1858 1855/1855/1855 1856/1856/1856
f 1858/1858/1858 1856/1856/1856 1859/1859/1859
f 1859/1859/1859 1856/1856/1856 1857/1857/1857
f 1859/1859/1859 1857/1857/1857 1860/1860/1860
f 1860/1860/1860 1857/1857/1857 1796/1796/1796
f 1860/1860/1860 1796/1796/1796 1800/1800/1800
f 1861/1861/1861 1858/1858/1858 1859/1859/1859
f 1861/1861/1861 1859/1859/1859 1862/1862/1862
f 1862/1862/1862 1859/1859/1859 1860/1860/1860
f 1862/1862/1862 1860/1860/1860 1863/1863/1863
f 1863/1863/1863 1860/1860/1860 1800/1800/1800
f 1863/1863/1863 1800/1800/1800 1804/1804/1804
f 1864/1864/1864 1861/1861/1861 1862/1862/1862
f 1864/1864/1864 1862/1862/1862 1865/1865/1865
f 1865/1865/1865 1862/1862/1862 1863/1863/1863
f 1865/1865/1865 1863/1863/1863 1866/1866/1866
f 1866/1866/1866 1863/1863/1863 1804/1804/1804
f 1866/1866/1866 1804/1804/1804 1808/1808/1808
f 1867/1867/1867 1864/1864/1864 1865/1865/1865
f 1867/1867/1867 1865/1865/1865 1868/1868/1868
f 1868/1868/1868 1865/1865/1865 1866/1866/1866
f 1868/1868/1868 1866/1866/1866 1869/1869/1869
f 1869/1869/1869 1866/1866/1866 1808/1808/1808
f 1869/1869/1869 1808/1808/1808 1812/1812/1812
f 1870/1870/1870 1867/1867/1867 1868/1868/1868
f 1870/1870/1870 1868/1868/1868 1871/1871/1871
f 1871/1871/1871 1868/1868/1868 1869/1869/1869
f 1871/1871/1871 1869/1869/1869 1872/1872/1872
f 1872/1872/1872 1869/1869/1869 1812/1812/1812
f 1872/1872/1872 1812/1812/1812 1816/1816/1816
f 1873/1873/1873 1870/1870/1870 1871/1871/1871
f 1873/1873/1873 1871/1871/1871 1874/1874/1874
f 1874/1874/1874 1871/1871/1871 1872/1872/1872
f 1874/1874/1874 1872/1872/1872 1875/1875/1875
f 1875/1875/1875 1872/1872/1872 1816/1816/1816
f 1875/1875/1875 1816/1816/1816 1820/1820/1820
f 1876/1876/1876 1873/1873/1873 1874/1874/1874
f 1876/1876/1876 1874/1874/1874 1877/1877/1877
f 1877/1877/1877 1874/1874/1874 1875/1875/1875
f 1877/1877/1877 1875/1875/1875 1878/1878/1878
f 1878/1878/1878 1875/1875/1875 1820/1820/1820
f 1878/1878/1878 1820/1820/1820 1824/1824/1824
f 1879/1879/1879 1876/1876/1876 1877/1877/1877
f 1879/1879/1879 1877/1877/1877 1880/1880/1880
f 1880/1880/1880 1877/1877/1877 1878/1878/1878
f 1880/1880/1880 1878/1878/1878 1881/1881/1881
f 1881/1881/1881 1878/1878/1878 1824/1824/1824
f 1881/1881/1881 1824/1824/1824 1828/1828/1828
f 1832/1832/1832 1879/1879/1879 1880/1880/1880
f 1832/1832/1832 1880/1880/1880 1833/1833/1833
f 1833/1833/1833 1880/1880/1880 1881/1881/1881
f 1833/1833/1833 1881/1881/1881 1835/1835/1835
f 1835/1835/1835 1881/1881/1881 1828/1828/1828
f 1835/1835/1835 1828/1828/1828 1766/1766/1766
f 1882/1882/1882 1883/1883/1883 1884/1884/1884
f 1882/1882/1882 1884/1884/1884 1885/1885/1885
f 1883/1883/1883 1882/1882/1882 1886/1886/1886
f 1883/1883/1883 1886/1886/1886 1887/1887/1887
f 1887/1887/1887 1886/1886/1886 1888/1888/1888
f 1887/1887/1887 1888/1888/1888 1889/1889/1889
f 1889/1889/1889 1888/1888/1888 1890/1890/1890
f 1889/1889/1889 1890/1890/1890 1891/1891/1891
f 1891/1891/1891 1890/1890/1890 1892/1892/1892
f 1891/1891/1891 1892/1892/1892 1893/1893/1893
f 1893/1893/1893 1892/1892/1892 1628/1628/1628
f 1893/1893/1893 1628/1628/1628 1627/1627/1627
f 1883/1883/1883 1894/1894/1894 1895/1895/1895
f 1883/1883/1883 1895/1895/1895 1884/1884/1884
f 1894/1894/1894 1883/1883/1883 1887/1887/1887
f 1894/1894/1894 1887/1887/1887 1896/1896/1896
f 1896/1896/1896 1887/1887/1887 1889/1889/1889
f 1896/1896/1896 1889/1889/1889 1897/1897/1897
f 1897/1897/1897 1889/1889/1889 1891/1891/1891
f 1897/1897/1897 1891/1891/1891 1898/1898/1898
f 1898/1898/1898 1891/1891/1891 1893/1893/1893
f 1898/1898/1898 1893/1893/1893 1899/1899/1899
f 1899/1899/1899 1893/1893/1893 1627/1627/1627
f 1899/1899/1899 1627/1627/1627 1631/1631/1631
f 1894/1894/1894 1900/1900/1900 1901/1901/1901
f 1894/1894/1894 1901/1901/1901 1895/1895/1895
f 1900/1900/1900 1894/1894/1894 1896/1896/1896
f 1900/1900/1900 1896/1896/1896 1902/1902/1902
f 1902/1902/1902 1896/1896/1896 1897/1897/1897
f 1902/1902/1902 1897/1897/1897 1903/1903/1903
f 1903/1903/1903 1897/1897/1897 1898/1898/1898
f 1903/1903/1903 1898/1898/1898 1904/1904/1904
f 1904/1904/1904 1898/1898/1898 1899/1899/1899
f 1904/1904/1904 1899/1899/1899 1905/1905/1905
f 1905/1905/1905 1899/1899/1899 1631/1631/1631
f 1905/1905/1905 1631/1631/1631 1633/1633/1633
f 1900/1900/1900 1906/1906/1906 1907/1907/1907
f 1900/1900/1900 1907/1907/1907 1901/1901/1901
f 1906/1906/1906 1900/1900/1900 1902/1902/1902
f 1906/1906/1906 1902/1902/1902 1908/1908/1908
f 1908/1908/1908 1902/1902/1902 1903/1903/1903
f 1908/1908/1908 1903/1903/1903 1909/1909/1909
f 1909/1909/1909 1903/1903/1903 1904/1904/1904
f 1909/1909/1909 1904/1904/1904 1910/1910/1910
f 1910/1910/1910 1904/1904/1904 1905/1905/1905
f 1910/1910/1910 1905/1905/1905 1911/1911/1911
f 1911/1911/1911 1905/1905/1905 1633/1633/1633
f 1911/1911/1911 1633/1633/1633 1635/1635/1635
f 1906/1906/1906 1912/1912/1912 1913/1913/1913
f 1906/1906/1906 1913/1913/1913 1907/1907/1907
f 1912/1912/1912 1906/1906/1906 1908/1908/1908
f 1912/1912/1912 1908/1908/1908 1914/1914/1914
f 1914/1914/1914 1908/1908/1908 1909/1909/1909
f 1914/1914/1914 1909/1909/1909 1915/1915/1915
f 1915/1915/1915 1909/1909/1909 1910/1910/1910
f 1915/1915/1915 1910/1910/1910 1916/1916/1916
f 1916/1916/1916 1910/1910/1910 1911/1911/1911
f 1916/1916/1916 1911/1911/1911 1917/1917/1917
f 1917/1917/1917 1911/1911/1911 1635/1635/1635
f 1917/1917/1917 1635/1635/1635 1637/1637/1637
f 1912/1912/1912 1918/1918/1918 1919/1919/1919
f 1912/1912/1912 1919/1919/1919 1913/1913/1913
f 1918/1918/1918 1912/1912/1912 1914/1914/1914
f 1918/1918/1918 1914/1914/1914 1920/1920/1920
f 1920/1920/1920 1914/1914/1914 1915/1915/1915
f 1920/1920/1920 1915/1915/1915 1921/1921/1921
f 1921/1921/1921 1915/1915/1915 1916/1916/1916
f 1921/1921/1921 1916/1916/1916 1922/1922/1922
f 1922/1922/1922 1916/1916/1916 1917/1917/1917
f 1922/1922/1922 1917/1917/1917 1923/1923/1923
f 1923/1923/1923 1917/1917/1917 1637/1637/1637
f 1923/1923/1923 1637/1637/1637 1639/1639/1639
f 1918/1918/1918 1924/1924/1924 1925/1925/1925
f 1918/1918/1918 1925/1925/1925 1919/1919/1919
f 1924/1924/1924 1918/1918/1918 1920/1920/1920
f 1924/1924/1924 1920/1920/1920 1926/1926/1926
f 1926/1926/1926 1920/1920/1920 1921/1921/1921
f 1926/1926/1926 1921/1921/1921 1927/1927/1927
f 1927/1927/1927 1921/1921/1921 1922/1922/1922
f 1927/1927/1927 1922/1922/1922 1928/1928/1928
f 1928/1928/1928 1922/1922/1922 1923/1923/1923
f 1928/1928/1928 1923/1923/1923 1929/1929/1929
f 1929/1929/1929 1923/1923/1923 1639/1639/1639
f 1929/1929/1929 1639/1639/1639 1641/1641/1641
f 1924/1924/1924 1930/1930/1930 1931/1931/1931
f 1924/1924/1924 1931/1931/1931 1925/1925/1925
f 1930/1930/1930 1924/1924/1924 1926/1926/1926
f 1930/1930/1930 1926/1926/1926 1932/1932/1932
f 1932/1932/1932 1926/1926/1926 1927/1927/1927
f 1932/1932/1932 1927/1927/1927 1933/1933/1933
f 1933/1933/1933 1927/1927/1927 1928/1928/1928
f 1933/1933/1933 1928/1928/1928 1934/1934/1934
f 1934/1934/1934 1928/1928/1928 1929/1929/1929
f 1934/1934/1934 1929/1929/1929 1935/1935/1935
f 1935/1935/1935 1929/1929/1929 1641/1641/1641
f 1935/1935/1935 1641/1641/1641 1643/1643/1643
f 1930/1930/1930 1936/1936/1936 1937/1937/1937
f 1930/1930/1930 1937/1937/1937 1931/1931/1931
f 1936/1936/1936 1930/1930/1930 1932/1932/1932
f 1936/1936/1936 1932/1932/1932 1938/1938/1938
f 1938/1938/1938 1932/1932/1932 1933/1933/1933
f 1938/1938/1938 1933/1933/1933 1939/1939/1939
f 1939/1939/1939 1933/1933/1933 1934/1934/1934
f 1939/1939/1939 1934/1934/1934 1940/1940/1940
f 1940/1940/1940 1934/1934/1934 1935/1935/1935
f 1940/1940/1940 1935/1935/1935 1941/1941/1941
f 1941/1941/1941 1935/1935/1935 1643/1643/1643
f 1941/1941/1941 1643/1643/1643 1645/1645/1645
f 1936/1936/1936 1942/1942/1942 1943/1943/1943
f 1936/1936/1936 1943/1943/1943 1937/1937/1937
f 1942/1942/1942 1936/1936/1936 1938/1938/1938
f 1942/1942/1942 1938/1938/1938 1944/1944/1944
f 1944/1944/1944 1938/1938/1938 1939/1939/1939
f 1944/1944/1944 1939/1939/1939 1945/1945/1945
f 1945/1945/1945 1939/1939/1939 1940/1940/1940
f 1945/1945/1945 1940/1940/1940 1946/1946/1946
f 1946/1946/1946 1940/1940/1940 1941/1941/1941
f 1946/1946/1946 1941/1941/1941 1947/1947/1947
f 1947/1947/1947 1941/1941/1941 1645/1645/1645
f 1947/1947/1947 1645/1645/1645 1647/1647/1647
f 1942/1942/1942 1948/1948/1948 1949/1949/1949
f 1942/1942/1942 1949/1949/1949 1943/1943/1943
f 1948/1948/1948 1942/1942/1942 1944/1944/1944
f 1948/1948/1948 1944/1944/1944 1950/1950/1950
f 1950/1950/1950 1944/1944/1944 1945/1945/1945
f 1950/1950/1950 1945/1945/1945 1951/1951/1951
f 1951/1951/1951 1945/1945/1945 1946/1946/1946
f 1951/1951/1951 1946/1946/1946 1952/1952/1952
f 1952/1952/1952 1946/1946/1946 1947/1947/1947
f 1952/1952/1952 1947/1947/1947 1953/1953/1953
f 1953/1953/1953 1947/1947/1947 1647/1647/1647
f 1953/1953/1953 1647/1647/1647 1649/1649/1649
f 1948/1948/1948 1954/1954/1954 1955/1955/1955
f 1948/1948/1948 1955/1955/1955 1949/1949/1949
f 1954/1954/1954 1948/1948/1948 1950/1950/1950
f 1954/1954/1954 1950/1950/1950 1956/1956/1956
f 1956/1956/1956 1950/1950/1950 1951/1951/1951
f 1956/1956/1956 1951/1951/1951 1957/1957/1957
f 1957/1957/1957 1951/1951/1951 1952/1952/1952
f 1957/1957/1957 1952/1952/1952 1958/1958/1958
f 1958/1958/1958 1952/1952/1952 1953/1953/1953
f 1958/1958/1958 1953/1953/1953 1959/1959/1959
f 1959/1959/1959 1953/1953/1953 1649/1649/1649
f 1959/1959/1959 1649/1649/1649 1651/1651/1651
f 1954/1954/1954 1960/1960/1960 1961/1961/1961
f 1954/1954/1954 1961/1961/1961 1955/1955/1955
f 1960/1960/1960 1954/1954/1954 1956/1956/1956
f 1960/1960/1960 1956/1956/1956 1962/1962/1962
f 1962/1962/1962 1956/1956/1956 1957/1957/1957
f 1962/1962/1962 1957/1957/1957 1963/1963/1963
f 1963/1963/1963 1957/1957/1957 1958/1958/1958
f 1963/1963/1963 1958/1958/1958 1964/1964/1964
f 1964/1964/1964 1958/1958/1958 1959/1959/1959
f 1964/1964/1964 1959/1959/1959 1965/1965/1965
f 1965/1965/1965 1959/1959/1959 1651/1651/1651
f 1965/1965/1965 1651/1651/1651 1653/1653/1653
f 1960/1960/1960 1966/1966/1966 1967/1967/1967
f 1960/1960/1960 1967/1967/1967 1961/1961/1961
f 1966/1966/1966 1960/1960/1960 1962/1962/1962
f 1966/1966/1966 1962/1962/1962 1968/1968/1968
f 1968/1968/1968 1962/1962/1962 1963/1963/1963
f 1968/1968/1968 1963/1963/1963 1969/1969/1969
f 1969/1969/1969 1963/1963/1963 1964/1964/1964
f 1969/1969/1969 1964/1964/1964 1970/1970/1970
f 1970/1970/1970 1964/1964/1964 1965/1965/1965
f 1970/1970/1970 1965/1965/1965 1971/1971/1971
f 1971/1971/1971 1965/1965/1965 1653/1653/1653
f 1971/1971/1971 1653/1653/1653 1655/1655/1655
f 1966/1966/1966 1972/1972/1972 1973/1973/1973
f 1966/1966/1966 1973/1973/1973 1967/1967/1967
f 1972/1972/1972 1966/1966/1966 1968/1968/1968
f 1972/1972/1972 1968/1968/1968 1974/1974/1974
f 1974/1974/1974 1968/1968/1968 1969/1969/1969
f 1974/1974/1974 1969/1969/1969 1975/1975/1975
f 1975/1975/1975 1969/1969/1969 1970/1970/1970
f 1975/1975/1975 1970/1970/1970 1976/1976/1976
f 1976/1976/1976 1970/1970/1970 1971/1971/1971
f 1976/1976/1976 1971/1971/1971 1977/1977/1977
f 1977/1977/1977 1971/1971/1971 1655/1655/1655
f 1977/1977/1977 1655/1655/1655 1657/1657/1657
f 1972/1972/1972 1978/1978/1978 1979/1979/1979
f 1972/1972/1972 1979/1979/1979 1973/1973/1973
f 1978/1978/1978 1972/1972/1972 1974/1974/1974
f 1978/1978/1978 1974/1974/1974 1980/1980/1980
f 1980/1980/1980 1974/1974/1974 1975/1975/1975
f 1980/1980/1980 1975/1975/1975 1981/1981/1981
f 1981/1981/1981 1975/1975/1975 1976/1976/1976
f 1981/1981/1981 1976/1976/1976 1982/1982/1982
f 1982/1982/1982 1976/1976/1976 1977/1977/1977
f 1982/1982/1982 1977/1977/1977 1983/1983/1983
f 1983/1983/1983 1977/1977/1977 1657/1657/1657
f 1983/1983/1983 1657/1657/1657 1659/1659/1659
f 1984/1984/1984 1985/1985/1985 1885/1885/1885
f 1984/1984/1984 1885/1885/1885 1884/1884/1884
f 1985/1985/1985 1984/1984/1984 1513/1513/1513
f 1985/1985/1985 1513/1513/1513 1512/1512/1512
f 1986/1986/1986 1987/1987/1987 1973/1973/1973
f 1986/1986/1986 1973/1973/1973 1979/1979/1979
f 1987/1987/1987 1986/1986/1986 1544/1544/1544
f 1987/1987/1987 1544/1544/1544 1542/1542/1542
f 1987/1987/1987 1988/1988/1988 1967/1967/1967
f 1987/1987/1987 1967/1967/1967 1973/1973/1973
f 1988/1988/1988 1987/1987/1987 1542/1542/1542
f 1988/1988/1988 1542/1542/1542 1540/1540/1540
f 1988/1988/1988 1989/1989/1989 1961/1961/1961
f 1988/1988/1988 1961/1961/1961 1967/1967/1967
f 1989/1989/1989 1988/1988/1988 1540/1540/1540
f 1989/1989/1989 1540/1540/1540 1538/1538/1538
f 1989/1989/1989 1990/1990/1990 1955/1955/1955
f 1989/1989/1989 1955/1955/1955 1961/1961/1961
f 1990/1990/1990 1989/1989/1989 1538/1538/1538
f 1990/1990/1990 1538/1538/1538 1536/1536/1536
f 1990/1990/1990 1991/1991/1991 1949/1949/1949
f 1990/1990/1990 1949/1949/1949 1955/1955/1955
f 1991/1991/1991 1990/1990/1990 1536/1536/1536
f 1991/1991/1991 1536/1536/1536 1534/1534/1534
f 1991/1991/1991 1992/1992/1992 1943/1943/1943
f 1991/1991/1991 1943/1943/1943 1949/1949/1949
f 1992/1992/1992 1991/1991/1991 1534/1534/1534
f 1992/1992/1992 1534/1534/1534 1532/1532/1532
f 1992/1992/1992 1993/1993/1993 1937/1937/1937
f 1992/1992/1992 1937/1937/1937 1943/1943/1943
f 1993/1993/1993 1992/1992/1992 1532/1532/1532
f 1993/1993/1993 1532/1532/1532 1530/1530/1530
f 1993/1993/1993 1994/1994/1994 1931/1931/1931
f 1993/1993/1993 1931/1931/1931 1937/1937/1937
f 1994/1994/1994 1993/1993/1993 1530/1530/1530
f 1994/1994/1994 1530/1530/1530 1528/1528/1528
f 1994/1994/1994 1995/1995/1995 1925/1925/1925
f 1994/1994/1994 1925/1925/1925 1931/1931/1931
f 1995/1995/1995 1994/1994/1994 1528/1528/1528
f 1995/1995/1995 1528/1528/1528 1526/1526/1526
f 1995/1995/1995 1996/1996/1996 1919/1919/1919
f 1995/1995/1995 1919/1919/1919 1925/1925/1925
f 1996/1996/1996 1995/1995/1995 1526/1526/1526
f 1996/1996/1996 1526/1526/1526 1524/1524/1524
f 1996/1996/1996 1997/1997/1997 1913/1913/1913
f 1996/1996/1996 1913/1913/1913 1919/1919/1919
f 1997/1997/1997 1996/1996/1996 1524/1524/1524
f 1997/1997/1997 1524/1524/1524 1522/1522/1522
f 1997/1997/1997 1998/1998/1998 1907/1907/1907
f 1997/1997/1997 1907/1907/1907 1913/1913/1913
f 1998/1998/1998 1997/1997/1997 1522/1522/1522
f 1998/1998/1998 1522/1522/1522 1520/1520/1520
f 1998/1998/1998 1999/1999/1999 1901/1901/1901
f 1998/1998/1998 1901/1901/1901 1907/1907/1907
f 1999/1999/1999 1998/1998/1998 1520/1520/1520
f 1999/1999/1999 1520/1520/1520 1518/1518/1518
f 1999/1999/1999 2000/2000/2000 1895/1895/1895
f 1999/1999/1999 1895/1895/1895 1901/1901/1901
f 2000/2000/2000 1999/1999/1999 1518/1518/1518
f 2000/2000/2000 1518/1518/1518 1516/1516/1516
f 2000/2000/2000 1984/1984/1984 1884/1884/1884
f 2000/2000/2000 1884/1884/1884 1895/1895/1895
f 1984/1984/1984 2000/2000/2000 1516/1516/1516
f 1984/1984/1984 1516/1516/1516 1513/1513/1513
f 2001/2001/2001 2002/2002/2002 2003/2003/2003
f 2001/2001/2001 2003/2003/2003 2004/2004/2004
f 2005/2005/2005 2006/2006/2006 2002/2002/2002
f 2005/2005/2005 2002/2002/2002 2001/2001/2001
f 2007/2007/2007 2008/2008/2008 2006/2006/2006
f 2007/2007/2007 2006/2006/2006 2005/2005/2005
f 2009/2009/2009 2010/2010/2010 2008/2008/2008
f 2009/2009/2009 2008/2008/2008 2007/2007/2007
f 2011/2011/2011 2012/2012/2012 2010/2010/2010
f 2011/2011/2011 2010/2010/2010 2009/2009/2009
f 2013/2013/2013 2014/2014/2014 2012/2012/2012
f 2013/2013/2013 2012/2012/2012 2011/2011/2011
f 2015/2015/2015 2016/2016/2016 2014/2014/2014
f 2015/2015/2015 2014/2014/2014 2013/2013/2013
f 2017/2017/2017 2018/2018/2018 2016/2016/2016
f 2017/2017/2017 2016/2016/2016 2015/2015/2015
f 2019/2019/2019 2020/2020/2020 2018/2018/2018
f 2019/2019/2019 2018/2018/2018 2017/2017/2017
f 2021/2021/2021 2022/2022/2022 2020/2020/2020
f 2021/2021/2021 2020/2020/2020 2019/2019/2019
f 2021/2021/2021 2023/2023/2023 2024/2024/2024
f 2021/2021/2021 2024/2024/2024 2022/2022/2022
f 2025/2025/2025 2026/2026/2026 2024/2024/2024
f 2025/2025/2025 2024/2024/2024 2023/2023/2023
f 2027/2027/2027 2028/2028/2028 2026/2026/2026
f 2027/2027/2027 2026/2026/2026 2025/2025/2025
f 2029/2029/2029 2030/2030/2030 2028/2028/2028
f 2029/2029/2029 2028/2028/2028 2027/2027/2027
f 2031/2031/2031 2032/2032/2032 2030/2030/2030
f 2031/2031/2031 2030/2030/2030 2029/2029/2029
f 2004/2004/2004 2003/2003/2003 2033/2033/2033
f 2004/2004/2004 2033/2033/2033 2034/2034/2034
f 2033/2033/2033 2003/2003/2003 1832/1832/1832
f 2033/2033/2033 1832/1832/1832 1831/1831/1831
f 2030/2030/2030 2032/2032/2032 1838/1838/1838
f 2030/2030/2030 1838/1838/1838 1837/1837/1837
f 2028/2028/2028 2030/2030/2030 1837/1837/1837
f 2028/2028/2028 1837/1837/1837 1843/1843/1843
f 2026/2026/2026 2028/2028/2028 1843/1843/1843
f 2026/2026/2026 1843/1843/1843 1846/1846/1846
f 2024/2024/2024 2026/2026/2026 1846/1846/1846
f 2024/2024/2024 1846/1846/1846 1849/1849/1849
f 2022/2022/2022 2024/2024/2024 1849/1849/1849
f 2022/2022/2022 1849/1849/1849 1852/1852/1852
f 2020/2020/2020 2022/2022/2022 1852/1852/1852
f 2020/2020/2020 1852/1852/1852 1855/1855/1855
f 2018/2018/2018 2020/2020/2020 1855/1855/1855
f 2018/2018/2018 1855/1855/1855 1858/1858/1858
f 2016/2016/2016 2018/2018/2018 1858/1858/1858
f 2016/2016/2016 1858/1858/1858 1861/1861/1861
f 2014/2014/2014 2016/2016/2016 1861/1861/1861
f 2014/2014/2014 1861/1861/1861 1864/1864/1864
f 2012/2012/2012 2014/2014/2014 1864/1864/1864
f 2012/2012/2012 1864/1864/1864 1867/1867/1867
f 2010/2010/2010 2012/2012/2012 1867/1867/1867
f 2010/2010/2010 1867/1867/1867 1870/1870/1870
f 2008/2008/2008 2010/2010/2010 1870/1870/1870
f 2008/2008/2008 1870/1870/1870 1873/1873/1873
f 2006/2006/2006 2008/2008/2008 1873/1873/1873
f 2006/2006/2006 1873/1873/1873 1876/1876/1876
f 2002/2002/2002 2006/2006/2006 1876/1876/1876
f 2002/2002/2002 1876/1876/1876 1879/1879/1879
f 2003/2003/2003 2002/2002/2002 1879/1879/1879
f 2003/2003/2003 1879/1879/1879 1832/1832/1832
f 2034/2034/2034 2035/2035/2035 2036/2036/2036
f 2034/2034/2034 2036/2036/2036 2004/2004/2004
f 2031/2031/2031 2029/2029/2029 2037/2037/2037
f 2031/2031/2031 2037/2037/2037 2038/2038/2038
f 2029/2029/2029 2027/2027/2027 2039/2039/2039
f 2029/2029/2029 2039/2039/2039 2037/2037/2037
f 2025/2025/2025 2040/2040/2040 2039/2039/2039
f 2025/2025/2025 2039/2039/2039 2027/2027/2027
f 2025/2025/2025 2023/2023/2023 2041/2041/2041
f 2025/2025/2025 2041/2041/2041 2040/2040/2040
f 2021/2021/2021 2042/2042/2042 2041/2041/2041
f 2021/2021/2021 2041/2041/2041 2023/2023/2023
f 2021/2021/2021 2019/2019/2019 2043/2043/2043
f 2021/2021/2021 2043/2043/2043 2042/2042/2042
f 2017/2017/2017 2044/2044/2044 2043/2043/2043
f 2017/2017/2017 2043/2043/2043 2019/2019/2019
f 2017/2017/2017 2015/2015/2015 2045/2045/2045
f 2017/2017/2017 2045/2045/2045 2044/2044/2044
f 2015/2015/2015 2013/2013/2013 2046/2046/2046
f 2015/2015/2015 2046/2046/2046 2045/2045/2045
f 2013/2013/2013 2011/2011/2011 2047/2047/2047
f 2013/2013/2013 2047/2047/2047 2046/2046/2046
f 2009/2009/2009 2048/2048/2048 2047/2047/2047
f 2009/2009/2009 2047/2047/2047 2011/2011/2011
f 2007/2007/2007 2049/2049/2049 2048/2048/2048
f 2007/2007/2007 2048/2048/2048 2009/2009/2009
f 2007/2007/2007 2005/2005/2005 2050/2050/2050
f 2007/2007/2007 2050/2050/2050 2049/2049/2049
f 2005/2005/2005 2001/2001/2001 2051/2051/2051
f 2005/2005/2005 2051/2051/2051 2050/2050/2050
f 2004/2004/2004 2036/2036/2036 2051/2051/2051
f 2004/2004/2004 2051/2051/2051 2001/2001/2001
f 2052/2052/2052 2053/2053/2053 2054/2054/2054
f 2052/2052/2052 2054/2054/2054 2055/2055/2055
f 2052/2052/2052 2056/2056/2056 2057/2057/2057
f 2052/2052/2052 2057/2057/2057 2053/2053/2053
f 2052/2052/2052 2058/2058/2058 2059/2059/2059
f 2052/2052/2052 2059/2059/2059 2060/2060/2060
f 2052/2052/2052 2061/2061/2061 2062/2062/2062
f 2052/2052/2052 2062/2062/2062 2058/2058/2058
f 2052/2052/2052 2063/2063/2063 2064/2064/2064
f 2052/2052/2052 2064/2064/2064 2061/2061/2061
f 2052/2052/2052 2065/2065/2065 2066/2066/2066
f 2052/2052/2052 2066/2066/2066 2063/2063/2063
f 2052/2052/2052 2055/2055/2055 2067/2067/2067
f 2052/2052/2052 2067/2067/2067 2065/2065/2065
f 2052/2052/2052 2060/2060/2060 2068/2068/2068
f 2052/2052/2052 2068/2068/2068 2056/2056/2056
f 2069/2069/2069 2070/2070/2070 1612/1612/1612
f 2069/2069/2069 1612/1612/1612 1611/1611/1611
f 2070/2070/2070 2069/2069/2069 2071/2071/2071
f 2070/2070/2070 2071/2071/2071 2072/2072/2072
f 2073/2073/2073 2069/2069/2069 1611/1611/1611
f 2073/2073/2073 1611/1611/1611 1613/1613/1613
f 2069/2069/2069 2073/2073/2073 2074/2074/2074
f 2069/2069/2069 2074/2074/2074 2071/2071/2071
f 2075/2075/2075 2076/2076/2076 1614/1614/1614
f 2075/2075/2075 1614/1614/1614 1615/1615/1615
f 2076/2076/2076 2075/2075/2075 2077/2077/2077
f 2076/2076/2076 2077/2077/2077 2078/2078/2078
f 2079/2079/2079 2080/2080/2080 1616/1616/1616
f 2079/2079/2079 1616/1616/1616 1617/1617/1617
f 2080/2080/2080 2079/2079/2079 2081/2081/2081
f 2080/2080/2080 2081/2081/2081 2082/2082/2082
f 2083/2083/2083 2084/2084/2084 1618/1618/1618
f 2083/2083/2083 1618/1618/1618 1619/1619/1619
f 2084/2084/2084 2083/2083/2083 2085/2085/2085
f 2084/2084/2084 2085/2085/2085 2086/2086/2086
f 2087/2087/2087 2088/2088/2088 1621/1621/1621
f 2087/2087/2087 1621/1621/1621 1622/1622/1622
f 2088/2088/2088 2087/2087/2087 2089/2089/2089
f 2088/2088/2088 2089/2089/2089 2090/2090/2090
f 2091/2091/2091 2092/2092/2092 1623/1623/1623
f 2091/2091/2091 1623/1623/1623 1624/1624/1624
f 2092/2092/2092 2091/2091/2091 2093/2093/2093
f 2092/2092/2092 2093/2093/2093 2094/2094/2094
f 2095/2095/2095 2096/2096/2096 1625/1625/1625
f 2095/2095/2095 1625/1625/1625 1626/1626/1626
f 2096/2096/2096 2095/2095/2095 2097/2097/2097
f 2096/2096/2096 2097/2097/2097 2098/2098/2098
f 2099/2099/2099 2083/2083/2083 1619/1619/1619
f 2099/2099/2099 1619/1619/1619 1620/1620/1620
f 2083/2083/2083 2099/2099/2099 2100/2100/2100
f 2083/2083/2083 2100/2100/2100 2085/2085/2085
f 2070/2070/2070 2095/2095/2095 1626/1626/1626
f 2070/2070/2070 1626/1626/1626 1612/1612/1612
f 2095/2095/2095 2070/2070/2070 2072/2072/2072
f 2095/2095/2095 2072/2072/2072 2097/2097/2097
f 2080/2080/2080 2075/2075/2075 1615/1615/1615
f 2080/2080/2080 1615/1615/1615 1616/1616/1616
f 2075/2075/2075 2080/2080/2080 2082/2082/2082
f 2075/2075/2075 2082/2082/2082 2077/2077/2077
f 2092/2092/2092 2087/2087/2087 1622/1622/1622
f 2092/2092/2092 1622/1622/1622 1623/1623/1623
f 2087/2087/2087 2092/2092/2092 2094/2094/2094
f 2087/2087/2087 2094/2094/2094 2089/2089/2089
f 2084/2084/2084 2079/2079/2079 1617/1617/1617
f 2084/2084/2084 1617/1617/1617 1618/1618/1618
f 2079/2079/2079 2084/2084/2084 2086/2086/2086
f 2079/2079/2079 2086/2086/2086 2081/2081/2081
f 2096/2096/2096 2091/2091/2091 1624/1624/1624
f 2096/2096/2096 1624/1624/1624 1625/1625/1625
f 2091/2091/2091 2096/2096/2096 2098/2098/2098
f 2091/2091/2091 2098/2098/2098 2093/2093/2093
f 2076/2076/2076 2073/2073/2073 1613/1613/1613
f 2076/2076/2076 1613/1613/1613 1614/1614/1614
f 2073/2073/2073 2076/2076/2076 2078/2078/2078
f 2073/2073/2073 2078/2078/2078 2074/2074/2074
f 2088/2088/2088 2099/2099/2099 1620/1620/1620
f 2088/2088/2088 1620/1620/1620 1621/1621/1621
f 2099/2099/2099 2088/2088/2088 2090/2090/2090
f 2099/2099/2099 2090/2090/2090 2100/2100/2100
f 2085/2085/2085 2056/2056/2056 2068/2068/2068
f 2085/2085/2085 2068/2068/2068 2086/2086/2086
f 2086/2086/2086 2068/2068/2068 2060/2060/2060
f 2086/2086/2086 2060/2060/2060 2081/2081/2081
f 2081/2081/2081 2060/2060/2060 2059/2059/2059
f 2081/2081/2081 2059/2059/2059 2082/2082/2082
f 2082/2082/2082 2059/2059/2059 2058/2058/2058
f 2082/2082/2082 2058/2058/2058 2077/2077/2077
f 2077/2077/2077 2058/2058/2058 2062/2062/2062
f 2077/2077/2077 2062/2062/2062 2078/2078/2078
f 2078/2078/2078 2062/2062/2062 2061/2061/2061
f 2078/2078/2078 2061/2061/2061 2074/2074/2074
f 2074/2074/2074 2061/2061/2061 2064/2064/2064
f 2074/2074/2074 2064/2064/2064 2071/2071/2071
f 2071/2071/2071 2064/2064/2064 2063/2063/2063
f 2071/2071/2071 2063/2063/2063 2072/2072/2072
f 2072/2072/2072 2063/2063/2063 2066/2066/2066
f 2072/2072/2072 2066/2066/2066 2097/2097/2097
f 2097/2097/2097 2066/2066/2066 2065/2065/2065
f 2097/2097/2097 2065/2065/2065 2098/2098/2098
f 2098/2098/2098 2065/2065/2065 2067/2067/2067
f 2098/2098/2098 2067/2067/2067 2093/2093/2093
f 2093/2093/2093 2067/2067/2067 2055/2055/2055
f 2093/2093/2093 2055/2055/2055 2094/2094/2094
f 2094/2094/2094 2055/2055/2055 2054/2054/2054
f 2094/2094/2094 2054/2054/2054 2089/2089/2089
f 2089/2089/2089 2054/2054/2054 2053/2053/2053
f 2089/2089/2089 2053/2053/2053 2090/2090/2090
f 2090/2090/2090 2053/2053/2053 2057/2057/2057
f 2090/2090/2090 2057/2057/2057 2100/2100/2100
f 2100/2100/2100 2057/2057/2057 2056/2056/2056
f 2100/2100/2100 2056/2056/2056 2085/2085/2085

o GARRAFA_LIQUIDO_0
usemtl LIQUIDO
v -0.00000016 5.13544416 -5.70121050
v -0.00000017 2.99576235 -5.88636398
v -2.25261402 2.99576235 -5.43829107
v -2.18175864 5.13544416 -5.26723099
v -4.16228771 2.99576211 -4.16228771
v -4.03136444 5.13544416 -4.03136444
v -5.43829107 2.99576235 -2.25261402
v -5.26723099 5.13544416 -2.18175864
v -5.88636398 2.99576235 -0.00000011
v -5.70121050 5.13544416 -0.00000011
v -5.43829107 2.99576235 2.25261402
v -5.26723099 5.13544416 2.18175840
v -4.16228771 2.99576211 4.16228724
v -4.03136444 5.13544416 4.03136396
v -2.25261402 2.99576235 5.43829107
v -2.18175864 5.13544416 5.26723099
v -0.00000017 2.99576235 5.88636398
v -0.00000016 5.13544416 5.70121050
v 2.25261378 2.99576235 5.43829107
v 2.18175817 5.13544416 5.26723099
v 4.16228771 2.99576211 4.16228724
v 4.03136444 5.13544416 4.03136396
v 5.43829107 2.99576235 2.25261402
v 5.26723099 5.13544416 2.18175840
v 5.88636398 2.99576235 -0.00000011
v 5.70121050 5.13544416 -0.00000011
v 5.43829107 2.99576235 -2.25261402
v 5.26723099 5.13544416 -2.18175864
v 4.16228771 2.99576211 -4.16228771
v 4.03136444 5.13544416 -4.03136444
v 2.25261378 2.99576235 -5.43829107
v 2.18175840 5.13544416 -5.26723099
v -0.00000017 2.99576235 -5.88636398
v -0.00000016 5.13544416 -5.70121050
v -0.00000016 1.56149507 -5.79532909
v -2.21777606 1.56149507 -5.35418510
v -4.09791613 1.56149507 -4.09791613
v -5.35418510 1.56149507 -2.21777606
v -5.79532909 1.56149507 -0.00000011
v -5.35418510 1.56149507 2.21777606
v -4.09791613 1.56149507 4.09791565
v -2.21777606 1.56149507 5.35418510
v -0.00000016 1.56149507 5.79532909
v 2.21777582 1.56149507 5.35418510
v 4.09791613 1.56149507 4.09791565
v 5.35418510 1.56149507 2.21777606
v 5.79532909 1.56149507 -0.00000011
v 5.35418510 1.56149507 -2.21777606
v 4.09791613 1.56149507 -4.09791613
v 2.21777582 1.56149507 -5.35418510
v -0.00000016 1.56149507 -5.79532909
v -0.00000016 1.56149507 -5.79532909
v -0.00000016 1.07201767 -5.65979385
v -2.16590929 1.07201767 -5.22896671
v -2.21777606 1.56149507 -5.35418510
v -4.00207806 1.07201767 -4.00207806
v -4.09791613 1.56149507 -4.09791613
v -5.22896671 1.07201767 -2.16590929
v -5.35418510 1.56149507 -2.21777606
v -5.65979385 1.07201767 -0.00000011
v -5.79532909 1.56149507 -0.00000011
v -5.22896671 1.07201767 2.16590905
v -5.35418510 1.56149507 2.21777606
v -4.00207806 1.07201767 4.00207806
v -4.09791613 1.56149507 4.09791565
v -2.16590929 1.07201767 5.22896671
v -2.21777606 1.56149507 5.35418510
v -0.00000016 1.07201767 5.65979385
v -0.00000016 1.56149507 5.79532909
v 2.16590881 1.07201767 5.22896671
v 2.21777582 1.56149507 5.35418510
v 4.00207806 1.07201767 4.00207806
v 4.09791613 1.56149507 4.09791565
v 5.22896671 1.07201767 2.16590905
v 5.35418510 1.56149507 2.21777606
v 5.65979385 1.07201767 -0.00000011
v 5.79532909 1.56149507 -0.00000011
v 5.22896671 1.07201767 -2.16590929
v 5.35418510 1.56149507 -2.21777606
v 4.00207806 1.07201767 -4.00207806
v 4.09791613 1.56149507 -4.09791613
v 2.16590905 1.07201767 -5.22896671
v 2.21777582 1.56149507 -5.35418510
v -0.00000015 0.94720984 -5.57549429
v -2.13364935 0.94720984 -5.15108395
v -3.94246984 0.94720984 -3.94246984
v -5.15108395 0.94720984 -2.13364935
v -5.57549429 0.94720984 -0.00000010
v -5.15108395 0.94720984 2.13364911
v -3.94246984 0.94720984 3.94246960
v -2.13364935 0.94720984 5.15108395
v -0.00000015 0.94720984 5.57549429
v 2.13364911 0.94720984 5.15108395
v 3.94246984 0.94720984 3.94246960
v 5.15108395 0.94720984 2.13364911
v 5.57549429 0.94720984 -0.00000010
v 5.15108395 0.94720984 -2.13364935
v 3.94246984 0.94720984 -3.94246984
v 2.13364911 0.94720984 -5.15108395
v -0.00000014 0.84846967 -5.21915054
v -1.99728251 0.84846967 -4.82186508
v -3.69049644 0.84846967 -3.69049644
v -4.82186508 0.84846967 -1.99728251
v -5.21915054 0.84846967 -0.00000009
v -4.82186508 0.84846967 1.99728239
v -3.69049644 0.84846967 3.69049597
v -1.99728251 0.84846967 4.82186508
v -0.00000014 0.84846967 5.21915054
v 1.99728215 0.84846967 4.82186508
v 3.69049644 0.84846967 3.69049597
v 4.82186508 0.84846967 1.99728239
v 5.21915054 0.84846967 -0.00000009
v 4.82186508 0.84846967 -1.99728251
v 3.69049644 0.84846967 -3.69049644
v 1.99728215 0.84846967 -4.82186508
v -2.14657927 21.31649971 -5.18230057
v -2.16988564 23.65652084 -5.23856735
v -0.00000016 23.65652084 -5.67018557
v -0.00000016 21.31649971 -5.60928249
v -3.96636128 21.31649971 -3.96636128
v -4.00942564 23.65652084 -4.00942564
v -5.18230057 21.31649971 -2.14657927
v -5.23856735 23.65652084 -2.16988564
v -5.60928249 21.31649971 -0.00000011
v -5.67018557 23.65652084 -0.00000011
v -5.18230057 21.31649971 2.14657903
v -5.23856735 23.65652084 2.16988540
v -3.96636128 21.31649971 3.96636081
v -4.00942564 23.65652084 4.00942516
v -2.14657927 21.31649971 5.18230057
v -2.16988564 23.65652084 5.23856735
v -0.00000016 21.31649971 5.60928249
v -0.00000016 23.65652084 5.67018557
v 2.14657903 21.31649971 5.18230057
v 2.16988540 23.65652084 5.23856735
v 3.96636128 21.31649971 3.96636081
v 4.00942564 23.65652084 4.00942516
v 5.18230057 21.31649971 2.14657903
v 5.23856735 23.65652084 2.16988540
v 5.60928249 21.31649971 -0.00000011
v 5.67018557 23.65652084 -0.00000011
v 5.18230057 21.31649971 -2.14657927
v 5.23856735 23.65652084 -2.16988564
v 3.96636128 21.31649971 -3.96636128
v 4.00942564 23.65652084 -4.00942564
v 2.14657903 21.31649971 -5.18230057
v 2.16988540 23.65652084 -5.23856735
v -0.00000016 21.31649971 -5.60928249
v -0.00000016 23.65652084 -5.67018557
v -2.16994143 25.34446335 -5.23870230
v -0.00000016 25.34446335 -5.67033100
v -0.00000016 25.34446335 -5.67033100
v 2.16994119 25.34446335 -5.23870230
v 4.00952911 25.34446335 -4.00952911
v 5.23870230 25.34446335 -2.16994143
v 5.67033100 25.34446335 -0.00000011
v 5.23870230 25.34446335 2.16994119
v 4.00952911 25.34446335 4.00952864
v 2.16994095 25.34446335 5.23870230
v -0.00000016 25.34446335 5.67033100
v -2.16994143 25.34446335 5.23870230
v -4.00952911 25.34446335 4.00952864
v -5.23870230 25.34446335 2.16994119
v -5.67033100 25.34446335 -0.00000011
v -5.23870230 25.34446335 -2.16994143
v -4.00952911 25.34446335 -4.00952911
v -2.16048145 26.67391968 -5.21586370
v -0.00000016 26.67391968 -5.64561081
v -0.00000016 26.67391968 -5.64561081
v 2.16048121 26.67391968 -5.21586370
v 3.99204898 26.67391968 -3.99204898
v 5.21586370 26.67391968 -2.16048145
v 5.64561081 26.67391968 -0.00000010
v 5.21586370 26.67391968 2.16048145
v 3.99204898 26.67391968 3.99204874
v 2.16048121 26.67391968 5.21586370
v -0.00000016 26.67391968 5.64561081
v -2.16048145 26.67391968 5.21586370
v -3.99204898 26.67391968 3.99204874
v -5.21586370 26.67391968 2.16048145
v -5.64561081 26.67391968 -0.00000010
v -5.21586370 26.67391968 -2.16048145
v -3.99204898 26.67391968 -3.99204898
v -1.95996070 27.98939133 -4.73176479
v -0.00000014 27.98939133 -5.12162495
v -0.00000014 27.98939133 -5.12162495
v 1.95996058 27.98939133 -4.73176479
v 3.62153578 27.98939133 -3.62153578
v 4.73176479 27.98939133 -1.95996070
v 5.12162495 27.98939133 -0.00000009
v 4.73176479 27.98939133 1.95996070
v 3.62153578 27.98939133 3.62153530
v 1.95996058 27.98939133 4.73176479
v -0.00000014 27.98939133 5.12162495
v -1.95996070 27.98939133 4.73176479
v -3.62153578 27.98939133 3.62153530
v -4.73176479 27.98939133 1.95996070
v -5.12162495 27.98939133 -0.00000009
v -4.73176479 27.98939133 -1.95996070
v -3.62153578 27.98939133 -3.62153578
v -1.56395757 29.16997147 -3.77572823
v -0.00000011 29.16997147 -4.08681870
v -0.00000011 29.16997147 -4.08681870
v 1.56395757 29.16997147 -3.77572823
v 2.88981700 29.16997147 -2.88981700
v 3.77572823 29.16997147 -1.56395757
v 4.08681870 29.16997147 -0.00000007
v 3.77572823 29.16997147 1.56395757
v 2.88981700 29.16997147 2.88981676
v 1.56395757 29.16997147 3.77572823
v -0.00000011 29.16997147 4.08681870
v -1.56395757 29.16997147 3.77572823
v -2.88981700 29.16997147 2.88981676
v -3.77572823 29.16997147 1.56395757
v -4.08681870 29.16997147 -0.00000007
v -3.77572823 29.16997147 -1.56395757
v -2.88981700 29.16997147 -2.88981700
v -1.48158967 29.59266853 -3.57687426
v -0.00000011 29.59266853 -3.87158132
v -0.00000011 29.59266853 -3.87158132
v 1.48158967 29.59266853 -3.57687426
v 2.73762131 29.59266853 -2.73762131
v 3.57687426 29.59266853 -1.48158967
v 3.87158132 29.59266853 -0.00000007
v 3.57687426 29.59266853 1.48158967
v 2.73762131 29.59266853 2.73762083
v 1.48158967 29.59266853 3.57687426
v -0.00000011 29.59266853 3.87158132
v -1.48158967 29.59266853 3.57687426
v -2.73762131 29.59266853 2.73762083
v -3.57687426 29.59266853 1.48158967
v -3.87158132 29.59266853 -0.00000007
v -3.57687426 29.59266853 -1.48158967
v -2.73762131 29.59266853 -2.73762131
v -1.34136438 31.69865608 -3.23834085
v -0.00000010 31.69865608 -3.50515509
v -0.00000010 31.69865608 -3.50515509
v 1.34136438 31.69865608 -3.23834085
v 2.47851872 31.69865608 -2.47851872
v 3.23834085 31.69865608 -1.34136438
v 3.50515509 31.69865608 -0.00000007
v 3.23834085 31.69865608 1.34136438
v 2.47851872 31.69865608 2.47851825
v 1.34136438 31.69865608 3.23834085
v -0.00000010 31.69865608 3.50515509
v -1.34136438 31.69865608 3.23834085
v -2.47851872 31.69865608 2.47851825
v -3.23834085 31.69865608 1.34136438
v -3.50515509 31.69865608 -0.00000007
v -3.23834085 31.69865608 -1.34136438
v -2.47851872 31.69865608 -2.47851872
v -1.13405502 36.69604874 -2.73785138
v -1.06508756 38.35934448 -2.57134938
v -0.00000008 38.35934448 -2.78320813
v -0.00000008 36.69604874 -2.96342897
v -0.00000009 35.03517532 -3.14339352
v -1.20292449 35.03517532 -2.90411711
v -0.00000009 33.37429810 -3.32335830
v -1.27179384 33.37429810 -3.07038283
v -0.00000008 36.69604874 -2.96342897
v -0.00000008 38.35934448 -2.78320813
v 1.06508756 38.35934448 -2.57134938
v 1.13405502 36.69604874 -2.73785138
v 1.20292449 35.03517532 -2.90411711
v -0.00000009 35.03517532 -3.14339352
v 1.27179384 33.37429810 -3.07038283
v -0.00000009 33.37429810 -3.32335830
v 1.96802545 38.35934448 -1.96802545
v 2.09546041 36.69604874 -2.09546041
v 2.22271466 35.03517532 -2.22271466
v 2.34996915 33.37429810 -2.34996915
v 2.57134938 38.35934448 -1.06508756
v 2.73785138 36.69604874 -1.13405502
v 2.90411711 35.03517532 -1.20292449
v 3.07038283 33.37429810 -1.27179384
v 2.78320813 38.35934448 -0.00000005
v 2.96342897 36.69604874 -0.00000006
v 3.14339352 35.03517532 -0.00000006
v 3.32335830 33.37429810 -0.00000006
v 2.57134938 38.35934448 1.06508756
v 2.73785138 36.69604874 1.13405502
v 2.90411711 35.03517532 1.20292449
v 3.07038283 33.37429810 1.27179384
v 1.96802545 38.35934448 1.96802521
v 2.09546041 36.69604874 2.09546041
v 2.22271466 35.03517532 2.22271442
v 2.34996915 33.37429810 2.34996891
v 1.06508756 38.35934448 2.57134938
v 1.13405502 36.69604874 2.73785138
v 1.20292449 35.03517532 2.90411711
v 1.27179384 33.37429810 3.07038283
v -0.00000008 38.35934448 2.78320813
v -0.00000008 36.69604874 2.96342897
v -0.00000009 35.03517532 3.14339352
v -0.00000009 33.37429810 3.32335830
v -1.06508756 38.35934448 2.57134938
v -1.13405502 36.69604874 2.73785138
v -1.20292449 35.03517532 2.90411711
v -1.27179384 33.37429810 3.07038283
v -1.96802545 38.35934448 1.96802521
v -2.09546041 36.69604874 2.09546041
v -2.22271466 35.03517532 2.22271442
v -2.34996915 33.37429810 2.34996891
v -2.57134938 38.35934448 1.06508756
v -2.73785138 36.69604874 1.13405502
v -2.90411711 35.03517532 1.20292449
v -3.07038283 33.37429810 1.27179384
v -2.78320813 38.35934448 -0.00000005
v -2.96342897 36.69604874 -0.00000006
v -3.14339352 35.03517532 -0.00000006
v -3.32335830 33.37429810 -0.00000006
v -2.57134938 38.35934448 -1.06508756
v -2.73785138 36.69604874 -1.13405502
v -2.90411711 35.03517532 -1.20292449
v -3.07038283 33.37429810 -1.27179384
v -1.96802545 38.35934448 -1.96802545
v -2.09546041 36.69604874 -2.09546041
v -2.22271466 35.03517532 -2.22271466
v -2.34996915 33.37429810 -2.34996915
v -0.00000007 39.92589188 -2.62947679
v -1.00625694 39.92589188 -2.42931962
v 1.00625694 39.92589188 -2.42931962
v -0.00000007 39.92589188 -2.62947679
v 1.85932052 39.92589188 -1.85932052
v 2.42931962 39.92589188 -1.00625694
v 2.62947679 39.92589188 -0.00000005
v 2.42931962 39.92589188 1.00625694
v 1.85932052 39.92589188 1.85932028
v 1.00625694 39.92589188 2.42931962
v -0.00000007 39.92589188 2.62947679
v -1.00625694 39.92589188 2.42931962
v -1.85932052 39.92589188 1.85932028
v -2.42931962 39.92589188 1.00625694
v -2.62947679 39.92589188 -0.00000005
v -2.42931962 39.92589188 -1.00625694
v -1.85932052 39.92589188 -1.85932052
v -0.00000016 11.15623188 -5.60925531
v -0.00000016 9.12246227 -5.63974810
v -2.15823793 9.12246227 -5.21044779
v -2.14656878 11.15623188 -5.18227577
v -2.14656377 13.18992043 -5.18226337
v -0.00000016 13.18992043 -5.60924149
v -2.14656377 15.22000027 -5.18226337
v -0.00000016 15.22000027 -5.60924149
v -2.14656377 17.25008011 -5.18226337
v -0.00000016 17.25008011 -5.60924149
v -2.14656377 19.28016090 -5.18226337
v -0.00000016 19.28016090 -5.60924149
v -3.98790383 9.12246227 -3.98790383
v -3.96634197 11.15623188 -3.96634197
v -3.96633267 13.18992043 -3.96633267
v -3.96633267 15.22000027 -3.96633267
v -3.96633267 17.25008011 -3.96633267
v -3.96633267 19.28016090 -3.96633267
v -5.21044779 9.12246227 -2.15823793
v -5.18227577 11.15623188 -2.14656878
v -5.18226337 13.18992043 -2.14656377
v -5.18226337 15.22000027 -2.14656377
v -5.18226337 17.25008011 -2.14656377
v -5.18226337 19.28016090 -2.14656377
v -5.63974810 9.12246227 -0.00000011
v -5.60925531 11.15623188 -0.00000011
v -5.60924149 13.18992043 -0.00000011
v -5.60924149 15.22000027 -0.00000011
v -5.60924149 17.25008011 -0.00000011
v -5.60924149 19.28016090 -0.00000011
v -5.21044779 9.12246227 2.15823770
v -5.18227577 11.15623188 2.14656878
v -5.18226337 13.18992043 2.14656353
v -5.18226337 15.22000027 2.14656353
v -5.18226337 17.25008011 2.14656353
v -5.18226337 19.28016090 2.14656353
v -3.98790383 9.12246227 3.98790359
v -3.96634197 11.15623188 3.96634150
v -3.96633267 13.18992043 3.96633220
v -3.96633267 15.22000027 3.96633220
v -3.96633267 17.25008011 3.96633220
v -3.96633267 19.28016090 3.96633220
v -2.15823793 9.12246227 5.21044779
v -2.14656878 11.15623188 5.18227577
v -2.14656377 13.18992043 5.18226337
v -2.14656377 15.22000027 5.18226337
v -2.14656377 17.25008011 5.18226337
v -2.14656377 19.28016090 5.18226337
v -0.00000016 9.12246227 5.63974810
v -0.00000016 11.15623188 5.60925531
v -0.00000016 13.18992043 5.60924149
v -0.00000016 15.22000027 5.60924149
v -0.00000016 17.25008011 5.60924149
v -0.00000016 19.28016090 5.60924149
v 2.15823770 9.12246227 5.21044779
v 2.14656854 11.15623188 5.18227577
v 2.14656329 13.18992043 5.18226337
v 2.14656329 15.22000027 5.18226337
v 2.14656329 17.25008011 5.18226337
v 2.14656329 19.28016090 5.18226337
v 3.98790383 9.12246227 3.98790359
v 3.96634197 11.15623188 3.96634150
v 3.96633267 13.18992043 3.96633220
v 3.96633267 15.22000027 3.96633220
v 3.96633267 17.25008011 3.96633220
v 3.96633267 19.28016090 3.96633220
v 5.21044779 9.12246227 2.15823770
v 5.18227577 11.15623188 2.14656878
v 5.18226337 13.18992043 2.14656353
v 5.18226337 15.22000027 2.14656353
v 5.18226337 17.25008011 2.14656353
v 5.18226337 19.28016090 2.14656353
v 5.63974810 9.12246227 -0.00000011
v 5.60925531 11.15623188 -0.00000011
v 5.60924149 13.18992043 -0.00000011
v 5.60924149 15.22000027 -0.00000011
v 5.60924149 17.25008011 -0.00000011
v 5.60924149 19.28016090 -0.00000011
v 5.21044779 9.12246227 -2.15823793
v 5.18227577 11.15623188 -2.14656878
v 5.18226337 13.18992043 -2.14656377
v 5.18226337 15.22000027 -2.14656377
v 5.18226337 17.25008011 -2.14656377
v 5.18226337 19.28016090 -2.14656377
v 3.98790383 9.12246227 -3.98790383
v 3.96634197 11.15623188 -3.96634197
v 3.96633267 13.18992043 -3.96633267
v 3.96633267 15.22000027 -3.96633267
v 3.96633267 17.25008011 -3.96633267
v 3.96633267 19.28016090 -3.96633267
v 2.15823770 9.12246227 -5.21044779
v 2.14656854 11.15623188 -5.18227577
v 2.14656329 13.18992043 -5.18226337
v 2.14656329 15.22000027 -5.18226337
v 2.14656329 17.25008011 -5.18226337
v 2.14656329 19.28016090 -5.18226337
v -0.00000016 9.12246227 -5.63974810
v -0.00000016 11.15623188 -5.60925531
v -0.00000016 13.18992043 -5.60924149
v -0.00000016 15.22000027 -5.60924149
v -0.00000016 17.25008011 -5.60924149
v -0.00000016 19.28016090 -5.60924149
v -2.16989183 7.13737965 -5.23858166
v -0.00000016 7.13737965 -5.67020082
v -0.00000016 7.13737965 -5.67020082
v 2.16989136 7.13737965 -5.23858166
v 4.00943661 7.13737965 -4.00943661
v 5.23858166 7.13737965 -2.16989183
v 5.67020082 7.13737965 -0.00000011
v 5.23858166 7.13737965 2.16989160
v 4.00943661 7.13737965 4.00943661
v 2.16989136 7.13737965 5.23858166
v -0.00000016 7.13737965 5.67020082
v -2.16989160 7.13737965 5.23858166
v -4.00943661 7.13737965 4.00943661
v -5.23858166 7.13737965 2.16989160
v -5.67020082 7.13737965 -0.00000011
v -5.23858166 7.13737965 -2.16989183
v -4.00943661 7.13737965 -4.00943661
v -0.00000011 1.44235253 -0.00000000
v 3.09936619 1.24571157 -0.00000008
v 2.89485455 1.09157312 1.19908810
v 2.19158268 1.24571157 2.19158220
v 1.19908798 1.09157312 2.89485455
v -0.00000012 1.24571157 3.09936619
v -2.19158268 1.24571157 2.19158244
v -2.89485455 1.09157312 1.19908810
v -3.09936619 1.24571157 -0.00000008
v -2.89485455 1.09157312 -1.19908834
v -2.19158268 1.24571157 -2.19158268
v -1.19908834 1.09157312 -2.89485455
v -0.00000012 1.24571157 -3.09936619
v 1.19908810 1.09157312 -2.89485455
v 2.19158268 1.24571157 -2.19158268
v 2.89485455 1.09157312 -1.19908834
v -1.19908822 1.09157312 2.89485455
v -1.89119184 0.84951979 -4.56573963
v -0.00000013 0.84951919 -4.94192743
v -0.00000011 0.95616037 -4.44180489
v -1.69264805 0.95962232 -4.08641243
v -3.49447060 0.84951919 -3.49447060
v -3.14083028 0.95616037 -3.14083028
v -4.94192743 0.84951919 -0.00000009
v -4.56573963 0.84951979 -1.89119184
v -4.08641243 0.95962232 -1.69264805
v -4.44180489 0.95616037 -0.00000008
v -3.49447060 0.84951919 3.49446988
v -4.56573963 0.84951979 1.89119172
v -4.08641243 0.95962232 1.69264781
v -3.14083028 0.95616037 3.14082980
v -0.00000013 0.84951919 4.94192743
v -1.89119184 0.84951979 4.56573963
v -1.69264805 0.95962232 4.08641243
v -0.00000011 0.95616037 4.44180489
v 4.56573963 0.84951979 1.89119172
v 3.49447060 0.84951919 3.49447012
v 3.14083028 0.95616037 3.14082980
v 4.08641243 0.95962232 1.69264781
v 4.56573963 0.84951979 -1.89119184
v 4.94192743 0.84951919 -0.00000009
v 4.44180489 0.95616037 -0.00000008
v 4.08641243 0.95962232 -1.69264805
v 1.89119148 0.84951979 -4.56573963
v 3.49447012 0.84951919 -3.49447060
v 3.14083028 0.95616037 -3.14083028
v 1.69264770 0.95962232 -4.08641243
v 1.89119148 0.84951979 4.56573963
v 1.69264770 0.95962232 4.08641243
v 1.01044631 39.92696381 2.43943381
v 1.86706150 39.92696381 1.86706126
v 2.43943381 39.92696381 1.01044631
v 2.64042401 39.92696381 -0.00000005
v 2.43943381 39.92696381 -1.01044631
v 1.86706150 39.92696381 -1.86706150
v 1.01044631 39.92696381 -2.43943381
v -0.00000007 39.92696381 -2.64042401
v -1.01044631 39.92696381 -2.43943381
v -1.86706150 39.92696381 -1.86706150
v -2.43943381 39.92696381 -1.01044631
v -2.64042401 39.92696381 -0.00000005
v -2.43943381 39.92696381 1.01044631
v -1.86706150 39.92696381 1.86706126
v -1.01044631 39.92696381 2.43943381
v -0.00000007 39.92696381 2.64042401
vt 0.95558470 0.78276578
vt 0.96540952 0.78276578
vt 0.96540952 0.76958653
vt 0.95558470 0.76958653
vt 0.96540952 0.75640735
vt 0.95558470 0.75640735
vt 0.96540952 0.74322817
vt 0.95558470 0.74322817
vt 0.96540952 0.73004898
vt 0.95558470 0.73004898
vt 0.96540952 0.71686980
vt 0.95558470 0.71686980
vt 0.96540952 0.70369062
vt 0.95558470 0.70369062
vt 0.96540952 0.69051138
vt 0.95558470 0.69051138
vt 0.96540952 0.67733219
vt 0.95558470 0.67733219
vt 0.96540952 0.66415301
vt 0.95558470 0.66415301
vt 0.96540952 0.65097377
vt 0.95558470 0.65097377
vt 0.96540952 0.63779458
vt 0.95558470 0.63779458
vt 0.96540952 0.62461540
vt 0.95558470 0.62461540
vt 0.96540952 0.61143616
vt 0.95558470 0.61143616
vt 0.96540952 0.59825698
vt 0.95558470 0.59825698
vt 0.96540952 0.58507779
vt 0.95558470 0.58507779
vt 0.96540952 0.57189861
vt 0.95558470 0.57189861
vt 0.97200292 0.78276578
vt 0.97200292 0.76958653
vt 0.97200292 0.75640735
vt 0.97200292 0.74322817
vt 0.97200292 0.73004898
vt 0.97200292 0.71686980
vt 0.97200292 0.70369062
vt 0.97200292 0.69051138
vt 0.97200292 0.67733219
vt 0.97200292 0.66415301
vt 0.97200292 0.65097377
vt 0.97200292 0.63779458
vt 0.97200292 0.62461540
vt 0.97200292 0.61143616
vt 0.97200292 0.59825698
vt 0.97200292 0.58507779
vt 0.97200292 0.57189861
vt 0.89339930 0.40163559
vt 0.89339906 0.40849125
vt 0.86484975 0.41406065
vt 0.86225945 0.40770340
vt 0.84045237 0.43007654
vt 0.83562356 0.42514330
vt 0.82381117 0.45429087
vt 0.81740433 0.45154697
vt 0.81769341 0.48336107
vt 0.81060034 0.48336142
vt 0.82380408 0.51242900
vt 0.81739765 0.51517421
vt 0.84045291 0.53664696
vt 0.83562386 0.54158074
vt 0.86484593 0.55266041
vt 0.86225706 0.55901790
vt 0.89339846 0.55823171
vt 0.89339948 0.56508732
vt 0.92194742 0.55266201
vt 0.92453760 0.55901897
vt 0.94634509 0.53664780
vt 0.95117360 0.54158133
vt 0.96298808 0.51243418
vt 0.96939510 0.51517832
vt 0.96910721 0.48336220
vt 0.97620094 0.48336142
vt 0.96299428 0.45429325
vt 0.96940064 0.45154762
vt 0.94634479 0.43007636
vt 0.95117378 0.42514271
vt 0.92195207 0.41406173
vt 0.92454207 0.40770471
vt 0.89339900 0.41052222
vt 0.86561728 0.41594285
vt 0.84188396 0.43153656
vt 0.82570863 0.45510012
vt 0.81979483 0.48336136
vt 0.82570153 0.51161969
vt 0.84188473 0.53518689
vt 0.86561328 0.55077815
vt 0.89339864 0.55620068
vt 0.92118007 0.55077970
vt 0.94491357 0.53518772
vt 0.96109056 0.51162475
vt 0.96700561 0.48336184
vt 0.96109682 0.45510268
vt 0.94491303 0.43153644
vt 0.92118478 0.41594404
vt 0.89339876 0.41538763
vt 0.86745685 0.42045224
vt 0.84531379 0.43503153
vt 0.83025032 0.45703393
vt 0.82478857 0.48336220
vt 0.83024317 0.50968552
vt 0.84531498 0.53169179
vt 0.86745244 0.54626918
vt 0.89339894 0.55133522
vt 0.91934055 0.54627055
vt 0.94148386 0.53169256
vt 0.95654875 0.50969076
vt 0.96201134 0.48336118
vt 0.95655525 0.45703709
vt 0.94148284 0.43503141
vt 0.91934562 0.42045325
vt 0.88130414 0.76958653
vt 0.87056160 0.76958653
vt 0.87056160 0.78276578
vt 0.88130414 0.78276578
vt 0.88130414 0.75640735
vt 0.87056160 0.75640735
vt 0.88130414 0.74322817
vt 0.87056160 0.74322817
vt 0.88130414 0.73004898
vt 0.87056160 0.73004898
vt 0.88130414 0.71686980
vt 0.87056160 0.71686980
vt 0.88130414 0.70369062
vt 0.87056160 0.70369062
vt 0.88130414 0.69051138
vt 0.87056160 0.69051138
vt 0.88130414 0.67733219
vt 0.87056160 0.67733219
vt 0.88130414 0.66415301
vt 0.87056160 0.66415301
vt 0.88130414 0.65097377
vt 0.87056160 0.65097377
vt 0.88130414 0.63779458
vt 0.87056160 0.63779458
vt 0.88130414 0.62461540
vt 0.87056160 0.62461540
vt 0.88130414 0.61143616
vt 0.87056160 0.61143616
vt 0.88130414 0.59825698
vt 0.87056160 0.59825698
vt 0.88130414 0.58507779
vt 0.87056160 0.58507779
vt 0.88130414 0.57189861
vt 0.87056160 0.57189861
vt 0.86281151 0.76958653
vt 0.86281151 0.78276578
vt 0.86281151 0.57189861
vt 0.86281151 0.58507779
vt 0.86281151 0.59825698
vt 0.86281151 0.61143616
vt 0.86281151 0.62461540
vt 0.86281151 0.63779458
vt 0.86281151 0.65097377
vt 0.86281151 0.66415301
vt 0.86281151 0.67733219
vt 0.86281151 0.69051138
vt 0.86281151 0.70369062
vt 0.86281151 0.71686980
vt 0.86281151 0.73004898
vt 0.86281151 0.74322817
vt 0.86281151 0.75640735
vt 0.85669875 0.76958653
vt 0.85669875 0.78276578
vt 0.85669875 0.57189861
vt 0.85669875 0.58507779
vt 0.85669875 0.59825698
vt 0.85669875 0.61143616
vt 0.85669875 0.62461540
vt 0.85669875 0.63779458
vt 0.85669875 0.65097377
vt 0.85669875 0.66415301
vt 0.85669875 0.67733219
vt 0.85669875 0.69051138
vt 0.85669875 0.70369062
vt 0.85669875 0.71686980
vt 0.85669875 0.73004898
vt 0.85669875 0.74322817
vt 0.85669875 0.75640735
vt 0.85064328 0.76958653
vt 0.85064328 0.78276578
vt 0.85064328 0.57189861
vt 0.85064328 0.58507779
vt 0.85064328 0.59825698
vt 0.85064328 0.61143616
vt 0.85064328 0.62461540
vt 0.85064328 0.63779458
vt 0.85064328 0.65097377
vt 0.85064328 0.66415301
vt 0.85064328 0.67733219
vt 0.85064328 0.69051138
vt 0.85064328 0.70369062
vt 0.85064328 0.71686980
vt 0.85064328 0.73004898
vt 0.85064328 0.74322817
vt 0.85064328 0.75640735
vt 0.84522152 0.76958653
vt 0.84522152 0.78276578
vt 0.84522152 0.57189861
vt 0.84522152 0.58507779
vt 0.84522152 0.59825698
vt 0.84522152 0.61143616
vt 0.84522152 0.62461540
vt 0.84522152 0.63779458
vt 0.84522152 0.65097377
vt 0.84522152 0.66415301
vt 0.84522152 0.67733219
vt 0.84522152 0.69051138
vt 0.84522152 0.70369062
vt 0.84522152 0.71686980
vt 0.84522152 0.73004898
vt 0.84522152 0.74322817
vt 0.84522152 0.75640735
vt 0.84329337 0.76958653
vt 0.84329337 0.78276578
vt 0.84329337 0.57189861
vt 0.84329337 0.58507779
vt 0.84329337 0.59825698
vt 0.84329337 0.61143616
vt 0.84329337 0.62461540
vt 0.84329337 0.63779458
vt 0.84329337 0.65097377
vt 0.84329337 0.66415301
vt 0.84329337 0.67733219
vt 0.84329337 0.69051138
vt 0.84329337 0.70369062
vt 0.84329337 0.71686980
vt 0.84329337 0.73004898
vt 0.84329337 0.74322817
vt 0.84329337 0.75640735
vt 0.83363414 0.76958653
vt 0.83363414 0.78276578
vt 0.83363414 0.57189861
vt 0.83363414 0.58507779
vt 0.83363414 0.59825698
vt 0.83363414 0.61143616
vt 0.83363414 0.62461540
vt 0.83363414 0.63779458
vt 0.83363414 0.65097377
vt 0.83363414 0.66415301
vt 0.83363414 0.67733219
vt 0.83363414 0.69051138
vt 0.83363414 0.70369062
vt 0.83363414 0.71686980
vt 0.83363414 0.73004898
vt 0.83363414 0.74322817
vt 0.83363414 0.75640735
vt 0.81069380 0.76958653
vt 0.80305827 0.76958653
vt 0.80305827 0.78276578
vt 0.81069380 0.78276578
vt 0.81831855 0.78276578
vt 0.81831855 0.76958653
vt 0.82594329 0.78276578
vt 0.82594329 0.76958653
vt 0.81069380 0.57189861
vt 0.80305827 0.57189861
vt 0.80305827 0.58507779
vt 0.81069380 0.58507779
vt 0.81831855 0.58507779
vt 0.81831855 0.57189861
vt 0.82594329 0.58507779
vt 0.82594329 0.57189861
vt 0.80305827 0.59825698
vt 0.81069380 0.59825698
vt 0.81831855 0.59825698
vt 0.82594329 0.59825698
vt 0.80305827 0.61143616
vt 0.81069380 0.61143616
vt 0.81831855 0.61143616
vt 0.82594329 0.61143616
vt 0.80305827 0.62461540
vt 0.81069380 0.62461540
vt 0.81831855 0.62461540
vt 0.82594329 0.62461540
vt 0.80305827 0.63779458
vt 0.81069380 0.63779458
vt 0.81831855 0.63779458
vt 0.82594329 0.63779458
vt 0.80305827 0.65097377
vt 0.81069380 0.65097377
vt 0.81831855 0.65097377
vt 0.82594329 0.65097377
vt 0.80305827 0.66415301
vt 0.81069380 0.66415301
vt 0.81831855 0.66415301
vt 0.82594329 0.66415301
vt 0.80305827 0.67733219
vt 0.81069380 0.67733219
vt 0.81831855 0.67733219
vt 0.82594329 0.67733219
vt 0.80305827 0.69051138
vt 0.81069380 0.69051138
vt 0.81831855 0.69051138
vt 0.82594329 0.69051138
vt 0.80305827 0.70369062
vt 0.81069380 0.70369062
vt 0.81831855 0.70369062
vt 0.82594329 0.70369062
vt 0.80305827 0.71686980
vt 0.81069380 0.71686980
vt 0.81831855 0.71686980
vt 0.82594329 0.71686980
vt 0.80305827 0.73004898
vt 0.81069380 0.73004898
vt 0.81831855 0.73004898
vt 0.82594329 0.73004898
vt 0.80305827 0.74322817
vt 0.81069380 0.74322817
vt 0.81831855 0.74322817
vt 0.82594329 0.74322817
vt 0.80305827 0.75640735
vt 0.81069380 0.75640735
vt 0.81831855 0.75640735
vt 0.82594329 0.75640735
vt 0.79586679 0.78276578
vt 0.79586679 0.76958653
vt 0.79586679 0.58507779
vt 0.79586679 0.57189861
vt 0.79586679 0.59825698
vt 0.79586679 0.61143616
vt 0.79586679 0.62461540
vt 0.79586679 0.63779458
vt 0.79586679 0.65097377
vt 0.79586679 0.66415301
vt 0.79586679 0.67733219
vt 0.79586679 0.69051138
vt 0.79586679 0.70369062
vt 0.79586679 0.71686980
vt 0.79586679 0.73004898
vt 0.79586679 0.74322817
vt 0.79586679 0.75640735
vt 0.92794675 0.78276578
vt 0.93728298 0.78276578
vt 0.93728298 0.76958653
vt 0.92794675 0.76958653
vt 0.91861093 0.76958653
vt 0.91861093 0.78276578
vt 0.90929121 0.76958653
vt 0.90929121 0.78276578
vt 0.89997154 0.76958653
vt 0.89997154 0.78276578
vt 0.89065188 0.76958653
vt 0.89065188 0.78276578
vt 0.93728298 0.75640735
vt 0.92794675 0.75640735
vt 0.91861093 0.75640735
vt 0.90929121 0.75640735
vt 0.89997154 0.75640735
vt 0.89065188 0.75640735
vt 0.93728298 0.74322817
vt 0.92794675 0.74322817
vt 0.91861093 0.74322817
vt 0.90929121 0.74322817
vt 0.89997154 0.74322817
vt 0.89065188 0.74322817
vt 0.93728298 0.73004898
vt 0.92794675 0.73004898
vt 0.91861093 0.73004898
vt 0.90929121 0.73004898
vt 0.89997154 0.73004898
vt 0.89065188 0.73004898
vt 0.93728298 0.71686980
vt 0.92794675 0.71686980
vt 0.91861093 0.71686980
vt 0.90929121 0.71686980
vt 0.89997154 0.71686980
vt 0.89065188 0.71686980
vt 0.93728298 0.70369062
vt 0.92794675 0.70369062
vt 0.91861093 0.70369062
vt 0.90929121 0.70369062
vt 0.89997154 0.70369062
vt 0.89065188 0.70369062
vt 0.93728298 0.69051138
vt 0.92794675 0.69051138
vt 0.91861093 0.69051138
vt 0.90929121 0.69051138
vt 0.89997154 0.69051138
vt 0.89065188 0.69051138
vt 0.93728298 0.67733219
vt 0.92794675 0.67733219
vt 0.91861093 0.67733219
vt 0.90929121 0.67733219
vt 0.89997154 0.67733219
vt 0.89065188 0.67733219
vt 0.93728298 0.66415301
vt 0.92794675 0.66415301
vt 0.91861093 0.66415301
vt 0.90929121 0.66415301
vt 0.89997154 0.66415301
vt 0.89065188 0.66415301
vt 0.93728298 0.65097377
vt 0.92794675 0.65097377
vt 0.91861093 0.65097377
vt 0.90929121 0.65097377
vt 0.89997154 0.65097377
vt 0.89065188 0.65097377
vt 0.93728298 0.63779458
vt 0.92794675 0.63779458
vt 0.91861093 0.63779458
vt 0.90929121 0.63779458
vt 0.89997154 0.63779458
vt 0.89065188 0.63779458
vt 0.93728298 0.62461540
vt 0.92794675 0.62461540
vt 0.91861093 0.62461540
vt 0.90929121 0.62461540
vt 0.89997154 0.62461540
vt 0.89065188 0.62461540
vt 0.93728298 0.61143616
vt 0.92794675 0.61143616
vt 0.91861093 0.61143616
vt 0.90929121 0.61143616
vt 0.89997154 0.61143616
vt 0.89065188 0.61143616
vt 0.93728298 0.59825698
vt 0.92794675 0.59825698
vt 0.91861093 0.59825698
vt 0.90929121 0.59825698
vt 0.89997154 0.59825698
vt 0.89065188 0.59825698
vt 0.93728298 0.58507779
vt 0.92794675 0.58507779
vt 0.91861093 0.58507779
vt 0.90929121 0.58507779
vt 0.89997154 0.58507779
vt 0.89065188 0.58507779
vt 0.93728298 0.57189861
vt 0.92794675 0.57189861
vt 0.91861093 0.57189861
vt 0.90929121 0.57189861
vt 0.89997154 0.57189861
vt 0.89065188 0.57189861
vt 0.94639605 0.76958653
vt 0.94639605 0.78276578
vt 0.94639605 0.57189861
vt 0.94639605 0.58507779
vt 0.94639605 0.59825698
vt 0.94639605 0.61143616
vt 0.94639605 0.62461540
vt 0.94639605 0.63779458
vt 0.94639605 0.65097377
vt 0.94639605 0.66415301
vt 0.94639605 0.67733219
vt 0.94639605 0.69051138
vt 0.94639605 0.70369062
vt 0.94639605 0.71686980
vt 0.94639605 0.73004898
vt 0.94639605 0.74322817
vt 0.94639605 0.75640735
vt 0.89339912 0.48336154
vt 0.93348861 0.48342186
vt 0.93118501 0.49909687
vt 0.92163610 0.51170266
vt 0.90895271 0.52110744
vt 0.89333600 0.52330595
vt 0.86507529 0.51161355
vt 0.85555732 0.49896538
vt 0.85331005 0.48330146
vt 0.85561359 0.46762675
vt 0.86516207 0.45502090
vt 0.87784529 0.44561577
vt 0.89346194 0.44341725
vt 0.90907967 0.44566733
vt 0.92172295 0.45510960
vt 0.93124115 0.46775776
vt 0.87771839 0.52105570
vt 0.86882919 0.42381114
vt 0.89339846 0.41901642
vt 0.89339739 0.42566311
vt 0.87143415 0.43017572
vt 0.84787357 0.43763512
vt 0.85256511 0.44239622
vt 0.82851183 0.48336315
vt 0.83363527 0.45846909
vt 0.84004748 0.46117610
vt 0.83530772 0.48336512
vt 0.84787565 0.52908838
vt 0.83362764 0.50824976
vt 0.84003770 0.50554073
vt 0.85256988 0.52432758
vt 0.89339924 0.54770654
vt 0.86882401 0.54291034
vt 0.87142670 0.53654593
vt 0.89340049 0.54105991
vt 0.95316374 0.50825536
vt 0.93892419 0.52908897
vt 0.93423289 0.52432752
vt 0.94675142 0.50554800
vt 0.95317084 0.45847309
vt 0.95828778 0.48336017
vt 0.95149148 0.48335820
vt 0.94676083 0.46118224
vt 0.91797400 0.42381215
vt 0.93892223 0.43763489
vt 0.93422818 0.44239557
vt 0.91537124 0.43017697
vt 0.91796833 0.54291177
vt 0.91536349 0.53654730
vt 0.82625961 0.87356055
vt 0.82625961 0.86081061
vt 0.82625961 0.84806070
vt 0.82625961 0.83531076
vt 0.82625961 0.82256082
vt 0.82625961 0.80981091
vt 0.82625961 0.79706097
vt 0.82625961 0.98830995
vt 0.82625961 0.97556001
vt 0.82625961 0.96281010
vt 0.82625961 0.95006016
vt 0.82625961 0.93731022
vt 0.82625961 0.92456028
vt 0.82625961 0.91181037
vt 0.82625961 0.89906043
vt 0.82625961 0.88631049
vn -0.00000001 0.05088378 -0.99870467
vn 0.00000000 0.01146813 -0.99993426
vn -0.38265833 0.01146801 -0.92381877
vn -0.38218778 0.05088392 -0.92268270
vn -0.70706028 0.01146809 -0.70706028
vn -0.70619082 0.05088399 -0.70619082
vn -0.92381877 0.01146801 -0.38265833
vn -0.92268270 0.05088392 -0.38218778
vn -0.99993426 0.01146813 -0.00000000
vn -0.99870467 0.05088378 -0.00000000
vn -0.92381877 0.01146801 0.38265836
vn -0.92268264 0.05088392 0.38218781
vn -0.70706034 0.01146809 0.70706028
vn -0.70619082 0.05088398 0.70619076
vn -0.38265839 0.01146801 0.92381871
vn -0.38218784 0.05088394 0.92268264
vn 0.00000000 0.01146813 0.99993426
vn 0.00000000 0.05088378 0.99870467
vn 0.38265836 0.01146801 0.92381877
vn 0.38218781 0.05088392 0.92268264
vn 0.70706028 0.01146809 0.70706028
vn 0.70619082 0.05088399 0.70619082
vn 0.92381877 0.01146801 0.38265836
vn 0.92268264 0.05088392 0.38218781
vn 0.99993426 0.01146813 -0.00000000
vn 0.99870467 0.05088378 -0.00000000
vn 0.92381877 0.01146801 -0.38265833
vn 0.92268270 0.05088392 -0.38218778
vn 0.70706028 0.01146809 -0.70706034
vn 0.70619082 0.05088399 -0.70619082
vn 0.38265830 0.01146800 -0.92381877
vn 0.38218775 0.05088392 -0.92268270
vn 0.00000000 0.01146813 -0.99993426
vn -0.00000001 0.05088378 -0.99870467
vn 0.00000000 -0.16605188 -0.98611701
vn -0.37737074 -0.16605186 -0.91105330
vn -0.69729000 -0.16605191 -0.69729000
vn -0.91105330 -0.16605186 -0.37737074
vn -0.98611701 -0.16605188 -0.00000000
vn -0.91105330 -0.16605186 0.37737074
vn -0.69729006 -0.16605191 0.69729000
vn -0.37737086 -0.16605188 0.91105336
vn 0.00000000 -0.16605188 0.98611701
vn 0.37737077 -0.16605186 0.91105330
vn 0.69729000 -0.16605191 0.69729000
vn 0.91105330 -0.16605186 0.37737074
vn 0.98611701 -0.16605188 -0.00000000
vn 0.91105330 -0.16605186 -0.37737074
vn 0.69729000 -0.16605191 -0.69729006
vn 0.37737077 -0.16605181 -0.91105342
vn 0.00000000 -0.16605188 -0.98611701
vn 0.00000000 -0.16605188 -0.98611701
vn -0.00000000 -0.41911319 -0.90793401
vn -0.34745142 -0.41911307 -0.83882165
vn -0.37737074 -0.16605186 -0.91105330
vn -0.64200681 -0.41911158 -0.64200681
vn -0.69729000 -0.16605191 -0.69729000
vn -0.83882165 -0.41911307 -0.34745142
vn -0.91105330 -0.16605186 -0.37737074
vn -0.90793401 -0.41911319 -0.00000000
vn -0.98611701 -0.16605188 -0.00000000
vn -0.83882165 -0.41911307 0.34745145
vn -0.91105330 -0.16605186 0.37737074
vn -0.64200687 -0.41911164 0.64200681
vn -0.69729006 -0.16605191 0.69729000
vn -0.34745148 -0.41911307 0.83882159
vn -0.37737086 -0.16605188 0.91105336
vn 0.00000000 -0.41911319 0.90793401
vn 0.00000000 -0.16605188 0.98611701
vn 0.34745145 -0.41911307 0.83882165
vn 0.37737077 -0.16605186 0.91105330
vn 0.64200681 -0.41911158 0.64200681
vn 0.69729000 -0.16605191 0.69729000
vn 0.83882165 -0.41911307 0.34745145
vn 0.91105330 -0.16605186 0.37737074
vn 0.90793401 -0.41911319 -0.00000000
vn 0.98611701 -0.16605188 -0.00000000
vn 0.83882165 -0.41911307 -0.34745142
vn 0.91105330 -0.16605186 -0.37737074
vn 0.64200681 -0.41911158 -0.64200681
vn 0.69729000 -0.16605191 -0.69729006
vn 0.34745136 -0.41911319 -0.83882159
vn 0.37737077 -0.16605181 -0.91105342
vn 0.00000000 -0.81311202 -0.58210725
vn -0.22276273 -0.81311214 -0.53779680
vn -0.41161287 -0.81311113 -0.41161287
vn -0.53779680 -0.81311214 -0.22276273
vn -0.58210725 -0.81311202 -0.00000000
vn -0.53779680 -0.81311214 0.22276275
vn -0.41161290 -0.81311113 0.41161287
vn -0.22276278 -0.81311214 0.53779680
vn 0.00000000 -0.81311202 0.58210725
vn 0.22276275 -0.81311214 0.53779680
vn 0.41161287 -0.81311113 0.41161287
vn 0.53779680 -0.81311214 0.22276275
vn 0.58210725 -0.81311202 -0.00000000
vn 0.53779680 -0.81311214 -0.22276273
vn 0.41161287 -0.81311113 -0.41161290
vn 0.22276264 -0.81311226 -0.53779668
vn 0.00000000 -0.99114662 -0.13277197
vn -0.05080922 -0.99114674 -0.12266427
vn -0.09388386 -0.99114674 -0.09388386
vn -0.12266427 -0.99114674 -0.05080922
vn -0.13277197 -0.99114662 0.00000000
vn -0.12266427 -0.99114674 0.05080923
vn -0.09388386 -0.99114674 0.09388386
vn -0.05080923 -0.99114674 0.12266427
vn 0.00000000 -0.99114662 0.13277197
vn 0.05080923 -0.99114674 0.12266427
vn 0.09388386 -0.99114674 0.09388386
vn 0.12266427 -0.99114674 0.05080923
vn 0.13277197 -0.99114662 0.00000000
vn 0.12266427 -0.99114674 -0.05080922
vn 0.09388386 -0.99114674 -0.09388386
vn 0.05080922 -0.99114674 -0.12266427
vn -0.38265112 -0.01301998 -0.92380118
vn -0.38265109 -0.01305338 -0.92380071
vn 0.00000000 -0.01305325 -0.99991482
vn 0.00000000 -0.01302017 -0.99991524
vn -0.70704687 -0.01301992 -0.70704687
vn -0.70704657 -0.01305334 -0.70704657
vn -0.92380118 -0.01301998 -0.38265112
vn -0.92380071 -0.01305338 -0.38265109
vn -0.99991524 -0.01302017 -0.00000000
vn -0.99991482 -0.01305325 -0.00000000
vn -0.92380118 -0.01301998 0.38265115
vn -0.92380071 -0.01305338 0.38265112
vn -0.70704687 -0.01301992 0.70704681
vn -0.70704657 -0.01305334 0.70704651
vn -0.38265121 -0.01301998 0.92380112
vn -0.38265115 -0.01305338 0.92380071
vn 0.00000000 -0.01302017 0.99991524
vn 0.00000000 -0.01305325 0.99991482
vn 0.38265115 -0.01301998 0.92380118
vn 0.38265112 -0.01305338 0.92380071
vn 0.70704687 -0.01301992 0.70704687
vn 0.70704657 -0.01305334 0.70704657
vn 0.92380118 -0.01301998 0.38265115
vn 0.92380071 -0.01305338 0.38265112
vn 0.99991524 -0.01302017 -0.00000000
vn 0.99991482 -0.01305325 -0.00000000
vn 0.92380118 -0.01301998 -0.38265112
vn 0.92380071 -0.01305338 -0.38265109
vn 0.70704681 -0.01301992 -0.70704687
vn 0.70704651 -0.01305334 -0.70704657
vn 0.38265109 -0.01301998 -0.92380118
vn 0.38265106 -0.01305340 -0.92380071
vn 0.00000000 -0.01302017 -0.99991524
vn 0.00000000 -0.01305325 -0.99991482
vn -0.38266718 0.00925268 -0.92384005
vn -0.00000001 0.00925283 -0.99995720
vn -0.00000001 0.00925283 -0.99995720
vn 0.38266709 0.00925266 -0.92383999
vn 0.70707649 0.00925275 -0.70707655
vn 0.92384005 0.00925268 -0.38266718
vn 0.99995720 0.00925283 -0.00000000
vn 0.92383993 0.00925265 0.38266715
vn 0.70707649 0.00925275 0.70707649
vn 0.38266715 0.00925265 0.92383993
vn 0.00000000 0.00925283 0.99995720
vn -0.38266718 0.00925268 0.92383993
vn -0.70707655 0.00925275 0.70707649
vn -0.92383993 0.00925265 0.38266715
vn -0.99995720 0.00925283 -0.00000000
vn -0.92384005 0.00925268 -0.38266718
vn -0.70707649 0.00925275 -0.70707649
vn -0.37512639 0.19775225 -0.90563470
vn -0.00000001 0.19775246 -0.98025209
vn -0.00000001 0.19775246 -0.98025209
vn 0.37512642 0.19775228 -0.90563482
vn 0.69314283 0.19775225 -0.69314289
vn 0.90563470 0.19775225 -0.37512639
vn 0.98025209 0.19775246 -0.00000001
vn 0.90563470 0.19775222 0.37512642
vn 0.69314289 0.19775228 0.69314289
vn 0.37512642 0.19775222 0.90563470
vn -0.00000001 0.19775246 0.98025209
vn -0.37512645 0.19775225 0.90563470
vn -0.69314289 0.19775225 0.69314283
vn -0.90563470 0.19775222 0.37512642
vn -0.98025209 0.19775246 -0.00000001
vn -0.90563470 0.19775225 -0.37512639
vn -0.69314289 0.19775228 -0.69314289
vn -0.32627311 0.52257574 -0.78769314
vn -0.00000000 0.52257591 -0.85259289
vn -0.00000000 0.52257591 -0.85259289
vn 0.32627311 0.52257574 -0.78769314
vn 0.60287428 0.52257568 -0.60287434
vn 0.78769314 0.52257574 -0.32627311
vn 0.85259289 0.52257591 -0.00000001
vn 0.78769320 0.52257580 0.32627317
vn 0.60287428 0.52257568 0.60287428
vn 0.32627317 0.52257574 0.78769314
vn -0.00000000 0.52257591 0.85259289
vn -0.32627317 0.52257574 0.78769308
vn -0.60287428 0.52257562 0.60287422
vn -0.78769320 0.52257580 0.32627317
vn -0.85259289 0.52257591 -0.00000001
vn -0.78769314 0.52257574 -0.32627311
vn -0.60287428 0.52257568 -0.60287428
vn -0.31678754 0.56101501 -0.76479280
vn -0.00000001 0.56101453 -0.82780594
vn -0.00000001 0.56101453 -0.82780594
vn 0.31678754 0.56101501 -0.76479280
vn 0.58534712 0.56101471 -0.58534712
vn 0.76479280 0.56101501 -0.31678754
vn 0.82780594 0.56101453 -0.00000001
vn 0.76479280 0.56101501 0.31678760
vn 0.58534712 0.56101471 0.58534712
vn 0.31678760 0.56101495 0.76479268
vn -0.00000001 0.56101453 0.82780594
vn -0.31678760 0.56101495 0.76479268
vn -0.58534712 0.56101471 0.58534712
vn -0.76479280 0.56101501 0.31678760
vn -0.82780594 0.56101453 -0.00000001
vn -0.76479280 0.56101501 -0.31678754
vn -0.58534712 0.56101471 -0.58534712
vn -0.36303005 0.31634858 -0.87643182
vn -0.00000001 0.31634820 -0.94864327
vn -0.00000001 0.31634820 -0.94864327
vn 0.36303005 0.31634861 -0.87643194
vn 0.67079198 0.31634828 -0.67079198
vn 0.87643182 0.31634858 -0.36303002
vn 0.94864327 0.31634820 -0.00000001
vn 0.87643182 0.31634858 0.36303008
vn 0.67079198 0.31634828 0.67079198
vn 0.36303011 0.31634858 0.87643182
vn -0.00000001 0.31634820 0.94864327
vn -0.36303014 0.31634858 0.87643182
vn -0.67079198 0.31634828 0.67079198
vn -0.87643182 0.31634858 0.36303008
vn -0.94864327 0.31634820 -0.00000001
vn -0.87643182 0.31634858 -0.36303002
vn -0.67079198 0.31634828 -0.67079198
vn -0.37892997 0.13971631 -0.91481769
vn -0.00000001 0.13971643 -0.99019158
vn -0.00000001 0.13971643 -0.99019158
vn 0.37892997 0.13971631 -0.91481769
vn 0.70017117 0.13971634 -0.70017117
vn 0.91481769 0.13971631 -0.37892997
vn 0.99019158 0.13971643 -0.00000001
vn 0.91481769 0.13971631 0.37893003
vn 0.70017117 0.13971634 0.70017117
vn 0.37893012 0.13971633 0.91481775
vn -0.00000001 0.13971643 0.99019158
vn -0.37893009 0.13971631 0.91481763
vn -0.70017117 0.13971634 0.70017117
vn -0.91481769 0.13971631 0.37893003
vn -0.99019158 0.13971643 -0.00000001
vn -0.91481769 0.13971631 -0.37892997
vn -0.70017117 0.13971634 -0.70017117
vn -0.38045666 0.10772295 -0.91850340
vn -0.38066009 0.10269447 -0.91899496
vn -0.00000001 0.10269440 -0.99471295
vn -0.00000001 0.10772304 -0.99418104
vn -0.00000001 0.10772475 -0.99418086
vn -0.38045657 0.10772471 -0.91850322
vn -0.00000001 0.10779276 -0.99417341
vn -0.38045365 0.10779267 -0.91849649
vn -0.00000001 0.10772304 -0.99418104
vn -0.00000001 0.10269440 -0.99471295
vn 0.38066009 0.10269447 -0.91899496
vn 0.38045666 0.10772295 -0.91850340
vn 0.38045657 0.10772471 -0.91850322
vn -0.00000001 0.10772475 -0.99418086
vn 0.38045365 0.10779267 -0.91849649
vn -0.00000001 0.10779276 -0.99417341
vn 0.70336831 0.10269450 -0.70336831
vn 0.70299208 0.10772292 -0.70299208
vn 0.70299196 0.10772481 -0.70299196
vn 0.70298678 0.10779276 -0.70298678
vn 0.91899496 0.10269447 -0.38066009
vn 0.91850340 0.10772295 -0.38045666
vn 0.91850322 0.10772471 -0.38045657
vn 0.91849649 0.10779267 -0.38045365
vn 0.99471295 0.10269440 -0.00000001
vn 0.99418104 0.10772304 -0.00000001
vn 0.99418086 0.10772475 -0.00000001
vn 0.99417341 0.10779276 -0.00000001
vn 0.91899496 0.10269447 0.38066012
vn 0.91850340 0.10772295 0.38045669
vn 0.91850322 0.10772471 0.38045666
vn 0.91849643 0.10779267 0.38045374
vn 0.70336831 0.10269448 0.70336825
vn 0.70299214 0.10772289 0.70299208
vn 0.70299202 0.10772479 0.70299196
vn 0.70298678 0.10779275 0.70298672
vn 0.38066015 0.10269447 0.91899496
vn 0.38045672 0.10772295 0.91850340
vn 0.38045669 0.10772471 0.91850317
vn 0.38045377 0.10779267 0.91849643
vn -0.00000001 0.10269440 0.99471295
vn -0.00000001 0.10772304 0.99418104
vn -0.00000001 0.10772475 0.99418086
vn -0.00000001 0.10779276 0.99417341
vn -0.38066015 0.10269447 0.91899496
vn -0.38045672 0.10772295 0.91850340
vn -0.38045669 0.10772471 0.91850317
vn -0.38045377 0.10779267 0.91849643
vn -0.70336831 0.10269448 0.70336825
vn -0.70299214 0.10772289 0.70299208
vn -0.70299202 0.10772479 0.70299196
vn -0.70298678 0.10779275 0.70298672
vn -0.91899496 0.10269447 0.38066012
vn -0.91850340 0.10772295 0.38045669
vn -0.91850322 0.10772471 0.38045666
vn -0.91849643 0.10779267 0.38045374
vn -0.99471295 0.10269440 -0.00000001
vn -0.99418104 0.10772304 -0.00000001
vn -0.99418086 0.10772475 -0.00000001
vn -0.99417341 0.10779276 -0.00000001
vn -0.91899496 0.10269447 -0.38066009
vn -0.91850340 0.10772295 -0.38045666
vn -0.91850322 0.10772471 -0.38045657
vn -0.91849649 0.10779267 -0.38045365
vn -0.70336831 0.10269450 -0.70336831
vn -0.70299208 0.10772292 -0.70299208
vn -0.70299196 0.10772481 -0.70299196
vn -0.70298678 0.10779276 -0.70298678
vn -0.00000001 0.09766477 -0.99521947
vn -0.38085419 0.09766504 -0.91946280
vn 0.38085413 0.09766503 -0.91946274
vn -0.00000001 0.09766477 -0.99521947
vn 0.70372635 0.09766512 -0.70372635
vn 0.91946280 0.09766504 -0.38085419
vn 0.99521947 0.09766477 -0.00000001
vn 0.91946280 0.09766504 0.38085422
vn 0.70372635 0.09766512 0.70372635
vn 0.38085419 0.09766503 0.91946268
vn -0.00000001 0.09766477 0.99521947
vn -0.38085419 0.09766503 0.91946268
vn -0.70372635 0.09766512 0.70372635
vn -0.91946280 0.09766504 0.38085422
vn -0.99521947 0.09766477 -0.00000001
vn -0.91946280 0.09766504 -0.38085419
vn -0.70372635 0.09766512 -0.70372635
vn 0.00000000 0.00749944 -0.99997187
vn 0.00000000 0.01516532 -0.99988502
vn -0.38263959 0.01516526 -0.92377335
vn -0.38267291 0.00749940 -0.92385358
vn -0.38268346 0.00000328 -0.92387950
vn 0.00000000 0.00000339 -1.00000000
vn -0.38268346 0.00000000 -0.92387950
vn 0.00000000 0.00000000 -1.00000000
vn -0.38268346 0.00000000 -0.92387950
vn 0.00000000 0.00000000 -1.00000000
vn -0.38268346 -0.00000992 -0.92387950
vn 0.00000000 -0.00001006 -1.00000000
vn -0.70702547 0.01516523 -0.70702547
vn -0.70708692 0.00749935 -0.70708692
vn -0.70710683 0.00000324 -0.70710683
vn -0.70710683 0.00000000 -0.70710683
vn -0.70710683 0.00000000 -0.70710683
vn -0.70710683 -0.00000996 -0.70710683
vn -0.92377323 0.01516526 -0.38263953
vn -0.92385346 0.00749939 -0.38267285
vn -0.92387950 0.00000328 -0.38268346
vn -0.92387950 0.00000000 -0.38268346
vn -0.92387950 0.00000000 -0.38268346
vn -0.92387950 -0.00000992 -0.38268346
vn -0.99988502 0.01516532 -0.00000000
vn -0.99997187 0.00749944 -0.00000000
vn -1.00000000 0.00000339 -0.00000000
vn -1.00000000 0.00000000 -0.00000000
vn -1.00000000 0.00000000 -0.00000000
vn -1.00000000 -0.00001006 -0.00000000
vn -0.92377323 0.01516526 0.38263956
vn -0.92385346 0.00749939 0.38267285
vn -0.92387950 0.00000328 0.38268349
vn -0.92387950 0.00000000 0.38268349
vn -0.92387950 0.00000000 0.38268349
vn -0.92387950 -0.00000992 0.38268349
vn -0.70702553 0.01516524 0.70702547
vn -0.70708692 0.00749935 0.70708686
vn -0.70710683 0.00000324 0.70710677
vn -0.70710683 0.00000000 0.70710677
vn -0.70710683 0.00000000 0.70710677
vn -0.70710683 -0.00000996 0.70710677
vn -0.38263959 0.01516525 0.92377323
vn -0.38267291 0.00749939 0.92385346
vn -0.38268355 0.00000328 0.92387950
vn -0.38268355 0.00000000 0.92387950
vn -0.38268355 0.00000000 0.92387950
vn -0.38268355 -0.00000992 0.92387950
vn 0.00000000 0.01516532 0.99988502
vn 0.00000000 0.00749944 0.99997187
vn 0.00000000 0.00000339 1.00000000
vn 0.00000000 0.00000000 1.00000000
vn 0.00000000 0.00000000 1.00000000
vn 0.00000000 -0.00001006 1.00000000
vn 0.38263956 0.01516526 0.92377323
vn 0.38267294 0.00749940 0.92385358
vn 0.38268349 0.00000328 0.92387950
vn 0.38268349 0.00000000 0.92387950
vn 0.38268349 0.00000000 0.92387950
vn 0.38268349 -0.00000992 0.92387950
vn 0.70702547 0.01516523 0.70702547
vn 0.70708692 0.00749935 0.70708692
vn 0.70710683 0.00000324 0.70710683
vn 0.70710683 0.00000000 0.70710683
vn 0.70710683 0.00000000 0.70710683
vn 0.70710683 -0.00000996 0.70710683
vn 0.92377323 0.01516526 0.38263956
vn 0.92385346 0.00749939 0.38267285
vn 0.92387950 0.00000328 0.38268349
vn 0.92387950 0.00000000 0.38268349
vn 0.92387950 0.00000000 0.38268349
vn 0.92387950 -0.00000992 0.38268349
vn 0.99988502 0.01516532 -0.00000000
vn 0.99997187 0.00749944 -0.00000000
vn 1.00000000 0.00000339 -0.00000000
vn 1.00000000 0.00000000 -0.00000000
vn 1.00000000 0.00000000 -0.00000000
vn 1.00000000 -0.00001006 -0.00000000
vn 0.92377323 0.01516526 -0.38263953
vn 0.92385346 0.00749939 -0.38267285
vn 0.92387950 0.00000328 -0.38268346
vn 0.92387950 0.00000000 -0.38268346
vn 0.92387950 0.00000000 -0.38268346
vn 0.92387950 -0.00000992 -0.38268346
vn 0.70702547 0.01516524 -0.70702553
vn 0.70708686 0.00749935 -0.70708692
vn 0.70710677 0.00000324 -0.70710683
vn 0.70710677 0.00000000 -0.70710683
vn 0.70710677 0.00000000 -0.70710683
vn 0.70710677 -0.00000996 -0.70710683
vn 0.38263950 0.01516526 -0.92377329
vn 0.38267279 0.00749939 -0.92385352
vn 0.38268343 0.00000328 -0.92387956
vn 0.38268343 0.00000000 -0.92387956
vn 0.38268343 0.00000000 -0.92387956
vn 0.38268343 -0.00000992 -0.92387956
vn 0.00000000 0.01516532 -0.99988502
vn 0.00000000 0.00749944 -0.99997187
vn 0.00000000 0.00000339 -1.00000000
vn 0.00000000 0.00000000 -1.00000000
vn 0.00000000 0.00000000 -1.00000000
vn 0.00000000 -0.00001006 -1.00000000
vn -0.38263822 0.01541330 -0.92376965
vn 0.00000000 0.01541340 -0.99988121
vn 0.00000000 0.01541340 -0.99988121
vn 0.38263819 0.01541332 -0.92376971
vn 0.70702279 0.01541344 -0.70702285
vn 0.92376965 0.01541330 -0.38263822
vn 0.99988121 0.01541340 -0.00000000
vn 0.92376965 0.01541330 0.38263825
vn 0.70702279 0.01541344 0.70702279
vn 0.38263825 0.01541330 0.92376965
vn -0.00000001 0.01541340 0.99988121
vn -0.38263828 0.01541330 0.92376965
vn -0.70702279 0.01541344 0.70702279
vn -0.92376965 0.01541330 0.38263825
vn -0.99988121 0.01541340 -0.00000000
vn -0.92376965 0.01541330 -0.38263822
vn -0.70702279 0.01541344 -0.70702279
vn 0.00000000 -1.00000000 -0.00000000
vn -0.13733922 -0.99052417 -0.00000000
vn -0.22008972 -0.97121036 -0.09116417
vn -0.09711351 -0.99052417 -0.09711346
vn -0.09116420 -0.97121036 -0.22008969
vn -0.00000000 -0.99052417 -0.13733922
vn 0.09711351 -0.99052417 -0.09711348
vn 0.22008973 -0.97121036 -0.09116417
vn 0.13733922 -0.99052417 -0.00000000
vn 0.22008973 -0.97121036 0.09116417
vn 0.09711348 -0.99052417 0.09711348
vn 0.09116417 -0.97121036 0.22008973
vn -0.00000000 -0.99052417 0.13733922
vn -0.09116419 -0.97121036 0.22008976
vn -0.09711348 -0.99052417 0.09711348
vn -0.22008973 -0.97121036 0.09116417
vn 0.09116419 -0.97121036 -0.22008970
vn 0.04064355 -0.99434406 0.09812222
vn -0.00000000 -0.99429268 0.10668692
vn -0.00000000 -0.97776759 0.20969202
vn 0.05927451 -0.98793155 0.14310129
vn 0.07543898 -0.99429268 0.07543898
vn 0.14827456 -0.97776753 0.14827456
vn 0.10668692 -0.99429268 -0.00000000
vn 0.09812222 -0.99434406 0.04064355
vn 0.14310129 -0.98793155 0.05927451
vn 0.20969202 -0.97776759 -0.00000000
vn 0.07543902 -0.99429268 -0.07543901
vn 0.09812222 -0.99434406 -0.04064356
vn 0.14310127 -0.98793155 -0.05927451
vn 0.14827460 -0.97776753 -0.14827459
vn -0.00000000 -0.99429268 -0.10668692
vn 0.04064357 -0.99434406 -0.09812221
vn 0.05927452 -0.98793155 -0.14310127
vn -0.00000000 -0.97776759 -0.20969202
vn -0.09812222 -0.99434406 -0.04064355
vn -0.07543898 -0.99429268 -0.07543898
vn -0.14827456 -0.97776753 -0.14827456
vn -0.14310127 -0.98793155 -0.05927451
vn -0.09812222 -0.99434406 0.04064356
vn -0.10668692 -0.99429268 -0.00000000
vn -0.20969202 -0.97776759 -0.00000000
vn -0.14310129 -0.98793155 0.05927451
vn -0.04064355 -0.99434406 0.09812222
vn -0.07543901 -0.99429268 0.07543902
vn -0.14827459 -0.97776753 0.14827460
vn -0.05927450 -0.98793155 0.14310129
vn -0.04064355 -0.99434406 -0.09812222
vn -0.05927451 -0.98793155 -0.14310127
vn -0.37799793 0.15600960 -0.91256714
vn -0.69844866 0.15600947 -0.69844866
vn -0.91256708 0.15600958 -0.37799785
vn -0.98775554 0.15600961 0.00000001
vn -0.91256708 0.15600958 0.37799782
vn -0.69844866 0.15600944 0.69844866
vn -0.37799782 0.15600958 0.91256708
vn 0.00000001 0.15600961 0.98775554
vn 0.37799782 0.15600958 0.91256708
vn 0.69844866 0.15600944 0.69844866
vn 0.91256708 0.15600958 0.37799782
vn 0.98775554 0.15600961 0.00000001
vn 0.91256708 0.15600958 -0.37799785
vn 0.69844866 0.15600947 -0.69844866
vn 0.37799791 0.15600958 -0.91256702
vn 0.00000001 0.15600961 -0.98775554
f 2101/2101/2101 2102/2102/2102 2103/2103/2103
f 2101/2101/2101 2103/2103/2103 2104/2104/2104
f 2104/2104/2104 2103/2103/2103 2105/2105/2105
f 2104/2104/2104 2105/2105/2105 2106/2106/2106
f 2106/2106/2106 2105/2105/2105 2107/2107/2107
f 2106/2106/2106 2107/2107/2107 2108/2108/2108
f 2108/2108/2108 2107/2107/2107 2109/2109/2109
f 2108/2108/2108 2109/2109/2109 2110/2110/2110
f 2110/2110/2110 2109/2109/2109 2111/2111/2111
f 2110/2110/2110 2111/2111/2111 2112/2112/2112
f 2112/2112/2112 2111/2111/2111 2113/2113/2113
f 2112/2112/2112 2113/2113/2113 2114/2114/2114
f 2114/2114/2114 2113/2113/2113 2115/2115/2115
f 2114/2114/2114 2115/2115/2115 2116/2116/2116
f 2116/2116/2116 2115/2115/2115 2117/2117/2117
f 2116/2116/2116 2117/2117/2117 2118/2118/2118
f 2118/2118/2118 2117/2117/2117 2119/2119/2119
f 2118/2118/2118 2119/2119/2119 2120/2120/2120
f 2120/2120/2120 2119/2119/2119 2121/2121/2121
f 2120/2120/2120 2121/2121/2121 2122/2122/2122
f 2122/2122/2122 2121/2121/2121 2123/2123/2123
f 2122/2122/2122 2123/2123/2123 2124/2124/2124
f 2124/2124/2124 2123/2123/2123 2125/2125/2125
f 2124/2124/2124 2125/2125/2125 2126/2126/2126
f 2126/2126/2126 2125/2125/2125 2127/2127/2127
f 2126/2126/2126 2127/2127/2127 2128/2128/2128
f 2128/2128/2128 2127/2127/2127 2129/2129/2129
f 2128/2128/2128 2129/2129/2129 2130/2130/2130
f 2130/2130/2130 2129/2129/2129 2131/2131/2131
f 2130/2130/2130 2131/2131/2131 2132/2132/2132
f 2132/2132/2132 2131/2131/2131 2133/2133/2133
f 2132/2132/2132 2133/2133/2133 2134/2134/2134
f 2102/2102/2102 2135/2135/2135 2136/2136/2136
f 2102/2102/2102 2136/2136/2136 2103/2103/2103
f 2103/2103/2103 2136/2136/2136 2137/2137/2137
f 2103/2103/2103 2137/2137/2137 2105/2105/2105
f 2105/2105/2105 2137/2137/2137 2138/2138/2138
f 2105/2105/2105 2138/2138/2138 2107/2107/2107
f 2107/2107/2107 2138/2138/2138 2139/2139/2139
f 2107/2107/2107 2139/2139/2139 2109/2109/2109
f 2109/2109/2109 2139/2139/2139 2140/2140/2140
f 2109/2109/2109 2140/2140/2140 2111/2111/2111
f 2111/2111/2111 2140/2140/2140 2141/2141/2141
f 2111/2111/2111 2141/2141/2141 2113/2113/2113
f 2113/2113/2113 2141/2141/2141 2142/2142/2142
f 2113/2113/2113 2142/2142/2142 2115/2115/2115
f 2115/2115/2115 2142/2142/2142 2143/2143/2143
f 2115/2115/2115 2143/2143/2143 2117/2117/2117
f 2117/2117/2117 2143/2143/2143 2144/2144/2144
f 2117/2117/2117 2144/2144/2144 2119/2119/2119
f 2119/2119/2119 2144/2144/2144 2145/2145/2145
f 2119/2119/2119 2145/2145/2145 2121/2121/2121
f 2121/2121/2121 2145/2145/2145 2146/2146/2146
f 2121/2121/2121 2146/2146/2146 2123/2123/2123
f 2123/2123/2123 2146/2146/2146 2147/2147/2147
f 2123/2123/2123 2147/2147/2147 2125/2125/2125
f 2125/2125/2125 2147/2147/2147 2148/2148/2148
f 2125/2125/2125 2148/2148/2148 2127/2127/2127
f 2127/2127/2127 2148/2148/2148 2149/2149/2149
f 2127/2127/2127 2149/2149/2149 2129/2129/2129
f 2129/2129/2129 2149/2149/2149 2150/2150/2150
f 2129/2129/2129 2150/2150/2150 2131/2131/2131
f 2131/2131/2131 2150/2150/2150 2151/2151/2151
f 2131/2131/2131 2151/2151/2151 2133/2133/2133
f 2152/2152/2152 2153/2153/2153 2154/2154/2154
f 2152/2152/2152 2154/2154/2154 2155/2155/2155
f 2155/2155/2155 2154/2154/2154 2156/2156/2156
f 2155/2155/2155 2156/2156/2156 2157/2157/2157
f 2157/2157/2157 2156/2156/2156 2158/2158/2158
f 2157/2157/2157 2158/2158/2158 2159/2159/2159
f 2159/2159/2159 2158/2158/2158 2160/2160/2160
f 2159/2159/2159 2160/2160/2160 2161/2161/2161
f 2161/2161/2161 2160/2160/2160 2162/2162/2162
f 2161/2161/2161 2162/2162/2162 2163/2163/2163
f 2163/2163/2163 2162/2162/2162 2164/2164/2164
f 2163/2163/2163 2164/2164/2164 2165/2165/2165
f 2165/2165/2165 2164/2164/2164 2166/2166/2166
f 2165/2165/2165 2166/2166/2166 2167/2167/2167
f 2167/2167/2167 2166/2166/2166 2168/2168/2168
f 2167/2167/2167 2168/2168/2168 2169/2169/2169
f 2169/2169/2169 2168/2168/2168 2170/2170/2170
f 2169/2169/2169 2170/2170/2170 2171/2171/2171
f 2171/2171/2171 2170/2170/2170 2172/2172/2172
f 2171/2171/2171 2172/2172/2172 2173/2173/2173
f 2173/2173/2173 2172/2172/2172 2174/2174/2174
f 2173/2173/2173 2174/2174/2174 2175/2175/2175
f 2175/2175/2175 2174/2174/2174 2176/2176/2176
f 2175/2175/2175 2176/2176/2176 2177/2177/2177
f 2177/2177/2177 2176/2176/2176 2178/2178/2178
f 2177/2177/2177 2178/2178/2178 2179/2179/2179
f 2179/2179/2179 2178/2178/2178 2180/2180/2180
f 2179/2179/2179 2180/2180/2180 2181/2181/2181
f 2181/2181/2181 2180/2180/2180 2182/2182/2182
f 2181/2181/2181 2182/2182/2182 2183/2183/2183
f 2183/2183/2183 2182/2182/2182 2153/2153/2153
f 2183/2183/2183 2153/2153/2153 2152/2152/2152
f 2153/2153/2153 2184/2184/2184 2185/2185/2185
f 2153/2153/2153 2185/2185/2185 2154/2154/2154
f 2154/2154/2154 2185/2185/2185 2186/2186/2186
f 2154/2154/2154 2186/2186/2186 2156/2156/2156
f 2156/2156/2156 2186/2186/2186 2187/2187/2187
f 2156/2156/2156 2187/2187/2187 2158/2158/2158
f 2158/2158/2158 2187/2187/2187 2188/2188/2188
f 2158/2158/2158 2188/2188/2188 2160/2160/2160
f 2160/2160/2160 2188/2188/2188 2189/2189/2189
f 2160/2160/2160 2189/2189/2189 2162/2162/2162
f 2162/2162/2162 2189/2189/2189 2190/2190/2190
f 2162/2162/2162 2190/2190/2190 2164/2164/2164
f 2164/2164/2164 2190/2190/2190 2191/2191/2191
f 2164/2164/2164 2191/2191/2191 2166/2166/2166
f 2166/2166/2166 2191/2191/2191 2192/2192/2192
f 2166/2166/2166 2192/2192/2192 2168/2168/2168
f 2168/2168/2168 2192/2192/2192 2193/2193/2193
f 2168/2168/2168 2193/2193/2193 2170/2170/2170
f 2170/2170/2170 2193/2193/2193 2194/2194/2194
f 2170/2170/2170 2194/2194/2194 2172/2172/2172
f 2172/2172/2172 2194/2194/2194 2195/2195/2195
f 2172/2172/2172 2195/2195/2195 2174/2174/2174
f 2174/2174/2174 2195/2195/2195 2196/2196/2196
f 2174/2174/2174 2196/2196/2196 2176/2176/2176
f 2176/2176/2176 2196/2196/2196 2197/2197/2197
f 2176/2176/2176 2197/2197/2197 2178/2178/2178
f 2178/2178/2178 2197/2197/2197 2198/2198/2198
f 2178/2178/2178 2198/2198/2198 2180/2180/2180
f 2180/2180/2180 2198/2198/2198 2199/2199/2199
f 2180/2180/2180 2199/2199/2199 2182/2182/2182
f 2182/2182/2182 2199/2199/2199 2184/2184/2184
f 2182/2182/2182 2184/2184/2184 2153/2153/2153
f 2184/2184/2184 2200/2200/2200 2201/2201/2201
f 2184/2184/2184 2201/2201/2201 2185/2185/2185
f 2185/2185/2185 2201/2201/2201 2202/2202/2202
f 2185/2185/2185 2202/2202/2202 2186/2186/2186
f 2186/2186/2186 2202/2202/2202 2203/2203/2203
f 2186/2186/2186 2203/2203/2203 2187/2187/2187
f 2187/2187/2187 2203/2203/2203 2204/2204/2204
f 2187/2187/2187 2204/2204/2204 2188/2188/2188
f 2188/2188/2188 2204/2204/2204 2205/2205/2205
f 2188/2188/2188 2205/2205/2205 2189/2189/2189
f 2189/2189/2189 2205/2205/2205 2206/2206/2206
f 2189/2189/2189 2206/2206/2206 2190/2190/2190
f 2190/2190/2190 2206/2206/2206 2207/2207/2207
f 2190/2190/2190 2207/2207/2207 2191/2191/2191
f 2191/2191/2191 2207/2207/2207 2208/2208/2208
f 2191/2191/2191 2208/2208/2208 2192/2192/2192
f 2192/2192/2192 2208/2208/2208 2209/2209/2209
f 2192/2192/2192 2209/2209/2209 2193/2193/2193
f 2193/2193/2193 2209/2209/2209 2210/2210/2210
f 2193/2193/2193 2210/2210/2210 2194/2194/2194
f 2194/2194/2194 2210/2210/2210 2211/2211/2211
f 2194/2194/2194 2211/2211/2211 2195/2195/2195
f 2195/2195/2195 2211/2211/2211 2212/2212/2212
f 2195/2195/2195 2212/2212/2212 2196/2196/2196
f 2196/2196/2196 2212/2212/2212 2213/2213/2213
f 2196/2196/2196 2213/2213/2213 2197/2197/2197
f 2197/2197/2197 2213/2213/2213 2214/2214/2214
f 2197/2197/2197 2214/2214/2214 2198/2198/2198
f 2198/2198/2198 2214/2214/2214 2215/2215/2215
f 2198/2198/2198 2215/2215/2215 2199/2199/2199
f 2199/2199/2199 2215/2215/2215 2200/2200/2200
f 2199/2199/2199 2200/2200/2200 2184/2184/2184
f 2216/2216/2216 2217/2217/2217 2218/2218/2218
f 2216/2216/2216 2218/2218/2218 2219/2219/2219
f 2220/2220/2220 2221/2221/2221 2217/2217/2217
f 2220/2220/2220 2217/2217/2217 2216/2216/2216
f 2222/2222/2222 2223/2223/2223 2221/2221/2221
f 2222/2222/2222 2221/2221/2221 2220/2220/2220
f 2224/2224/2224 2225/2225/2225 2223/2223/2223
f 2224/2224/2224 2223/2223/2223 2222/2222/2222
f 2226/2226/2226 2227/2227/2227 2225/2225/2225
f 2226/2226/2226 2225/2225/2225 2224/2224/2224
f 2228/2228/2228 2229/2229/2229 2227/2227/2227
f 2228/2228/2228 2227/2227/2227 2226/2226/2226
f 2230/2230/2230 2231/2231/2231 2229/2229/2229
f 2230/2230/2230 2229/2229/2229 2228/2228/2228
f 2232/2232/2232 2233/2233/2233 2231/2231/2231
f 2232/2232/2232 2231/2231/2231 2230/2230/2230
f 2234/2234/2234 2235/2235/2235 2233/2233/2233
f 2234/2234/2234 2233/2233/2233 2232/2232/2232
f 2236/2236/2236 2237/2237/2237 2235/2235/2235
f 2236/2236/2236 2235/2235/2235 2234/2234/2234
f 2238/2238/2238 2239/2239/2239 2237/2237/2237
f 2238/2238/2238 2237/2237/2237 2236/2236/2236
f 2240/2240/2240 2241/2241/2241 2239/2239/2239
f 2240/2240/2240 2239/2239/2239 2238/2238/2238
f 2242/2242/2242 2243/2243/2243 2241/2241/2241
f 2242/2242/2242 2241/2241/2241 2240/2240/2240
f 2244/2244/2244 2245/2245/2245 2243/2243/2243
f 2244/2244/2244 2243/2243/2243 2242/2242/2242
f 2246/2246/2246 2247/2247/2247 2245/2245/2245
f 2246/2246/2246 2245/2245/2245 2244/2244/2244
f 2248/2248/2248 2249/2249/2249 2247/2247/2247
f 2248/2248/2248 2247/2247/2247 2246/2246/2246
f 2217/2217/2217 2250/2250/2250 2251/2251/2251
f 2217/2217/2217 2251/2251/2251 2218/2218/2218
f 2249/2249/2249 2252/2252/2252 2253/2253/2253
f 2249/2249/2249 2253/2253/2253 2247/2247/2247
f 2247/2247/2247 2253/2253/2253 2254/2254/2254
f 2247/2247/2247 2254/2254/2254 2245/2245/2245
f 2245/2245/2245 2254/2254/2254 2255/2255/2255
f 2245/2245/2245 2255/2255/2255 2243/2243/2243
f 2243/2243/2243 2255/2255/2255 2256/2256/2256
f 2243/2243/2243 2256/2256/2256 2241/2241/2241
f 2241/2241/2241 2256/2256/2256 2257/2257/2257
f 2241/2241/2241 2257/2257/2257 2239/2239/2239
f 2239/2239/2239 2257/2257/2257 2258/2258/2258
f 2239/2239/2239 2258/2258/2258 2237/2237/2237
f 2237/2237/2237 2258/2258/2258 2259/2259/2259
f 2237/2237/2237 2259/2259/2259 2235/2235/2235
f 2235/2235/2235 2259/2259/2259 2260/2260/2260
f 2235/2235/2235 2260/2260/2260 2233/2233/2233
f 2233/2233/2233 2260/2260/2260 2261/2261/2261
f 2233/2233/2233 2261/2261/2261 2231/2231/2231
f 2231/2231/2231 2261/2261/2261 2262/2262/2262
f 2231/2231/2231 2262/2262/2262 2229/2229/2229
f 2229/2229/2229 2262/2262/2262 2263/2263/2263
f 2229/2229/2229 2263/2263/2263 2227/2227/2227
f 2227/2227/2227 2263/2263/2263 2264/2264/2264
f 2227/2227/2227 2264/2264/2264 2225/2225/2225
f 2225/2225/2225 2264/2264/2264 2265/2265/2265
f 2225/2225/2225 2265/2265/2265 2223/2223/2223
f 2223/2223/2223 2265/2265/2265 2266/2266/2266
f 2223/2223/2223 2266/2266/2266 2221/2221/2221
f 2221/2221/2221 2266/2266/2266 2250/2250/2250
f 2221/2221/2221 2250/2250/2250 2217/2217/2217
f 2250/2250/2250 2267/2267/2267 2268/2268/2268
f 2250/2250/2250 2268/2268/2268 2251/2251/2251
f 2252/2252/2252 2269/2269/2269 2270/2270/2270
f 2252/2252/2252 2270/2270/2270 2253/2253/2253
f 2253/2253/2253 2270/2270/2270 2271/2271/2271
f 2253/2253/2253 2271/2271/2271 2254/2254/2254
f 2254/2254/2254 2271/2271/2271 2272/2272/2272
f 2254/2254/2254 2272/2272/2272 2255/2255/2255
f 2255/2255/2255 2272/2272/2272 2273/2273/2273
f 2255/2255/2255 2273/2273/2273 2256/2256/2256
f 2256/2256/2256 2273/2273/2273 2274/2274/2274
f 2256/2256/2256 2274/2274/2274 2257/2257/2257
f 2257/2257/2257 2274/2274/2274 2275/2275/2275
f 2257/2257/2257 2275/2275/2275 2258/2258/2258
f 2258/2258/2258 2275/2275/2275 2276/2276/2276
f 2258/2258/2258 2276/2276/2276 2259/2259/2259
f 2259/2259/2259 2276/2276/2276 2277/2277/2277
f 2259/2259/2259 2277/2277/2277 2260/2260/2260
f 2260/2260/2260 2277/2277/2277 2278/2278/2278
f 2260/2260/2260 2278/2278/2278 2261/2261/2261
f 2261/2261/2261 2278/2278/2278 2279/2279/2279
f 2261/2261/2261 2279/2279/2279 2262/2262/2262
f 2262/2262/2262 2279/2279/2279 2280/2280/2280
f 2262/2262/2262 2280/2280/2280 2263/2263/2263
f 2263/2263/2263 2280/2280/2280 2281/2281/2281
f 2263/2263/2263 2281/2281/2281 2264/2264/2264
f 2264/2264/2264 2281/2281/2281 2282/2282/2282
f 2264/2264/2264 2282/2282/2282 2265/2265/2265
f 2265/2265/2265 2282/2282/2282 2283/2283/2283
f 2265/2265/2265 2283/2283/2283 2266/2266/2266
f 2266/2266/2266 2283/2283/2283 2267/2267/2267
f 2266/2266/2266 2267/2267/2267 2250/2250/2250
f 2267/2267/2267 2284/2284/2284 2285/2285/2285
f 2267/2267/2267 2285/2285/2285 2268/2268/2268
f 2269/2269/2269 2286/2286/2286 2287/2287/2287
f 2269/2269/2269 2287/2287/2287 2270/2270/2270
f 2270/2270/2270 2287/2287/2287 2288/2288/2288
f 2270/2270/2270 2288/2288/2288 2271/2271/2271
f 2271/2271/2271 2288/2288/2288 2289/2289/2289
f 2271/2271/2271 2289/2289/2289 2272/2272/2272
f 2272/2272/2272 2289/2289/2289 2290/2290/2290
f 2272/2272/2272 2290/2290/2290 2273/2273/2273
f 2273/2273/2273 2290/2290/2290 2291/2291/2291
f 2273/2273/2273 2291/2291/2291 2274/2274/2274
f 2274/2274/2274 2291/2291/2291 2292/2292/2292
f 2274/2274/2274 2292/2292/2292 2275/2275/2275
f 2275/2275/2275 2292/2292/2292 2293/2293/2293
f 2275/2275/2275 2293/2293/2293 2276/2276/2276
f 2276/2276/2276 2293/2293/2293 2294/2294/2294
f 2276/2276/2276 2294/2294/2294 2277/2277/2277
f 2277/2277/2277 2294/2294/2294 2295/2295/2295
f 2277/2277/2277 2295/2295/2295 2278/2278/2278
f 2278/2278/2278 2295/2295/2295 2296/2296/2296
f 2278/2278/2278 2296/2296/2296 2279/2279/2279
f 2279/2279/2279 2296/2296/2296 2297/2297/2297
f 2279/2279/2279 2297/2297/2297 2280/2280/2280
f 2280/2280/2280 2297/2297/2297 2298/2298/2298
f 2280/2280/2280 2298/2298/2298 2281/2281/2281
f 2281/2281/2281 2298/2298/2298 2299/2299/2299
f 2281/2281/2281 2299/2299/2299 2282/2282/2282
f 2282/2282/2282 2299/2299/2299 2300/2300/2300
f 2282/2282/2282 2300/2300/2300 2283/2283/2283
f 2283/2283/2283 2300/2300/2300 2284/2284/2284
f 2283/2283/2283 2284/2284/2284 2267/2267/2267
f 2284/2284/2284 2301/2301/2301 2302/2302/2302
f 2284/2284/2284 2302/2302/2302 2285/2285/2285
f 2286/2286/2286 2303/2303/2303 2304/2304/2304
f 2286/2286/2286 2304/2304/2304 2287/2287/2287
f 2287/2287/2287 2304/2304/2304 2305/2305/2305
f 2287/2287/2287 2305/2305/2305 2288/2288/2288
f 2288/2288/2288 2305/2305/2305 2306/2306/2306
f 2288/2288/2288 2306/2306/2306 2289/2289/2289
f 2289/2289/2289 2306/2306/2306 2307/2307/2307
f 2289/2289/2289 2307/2307/2307 2290/2290/2290
f 2290/2290/2290 2307/2307/2307 2308/2308/2308
f 2290/2290/2290 2308/2308/2308 2291/2291/2291
f 2291/2291/2291 2308/2308/2308 2309/2309/2309
f 2291/2291/2291 2309/2309/2309 2292/2292/2292
f 2292/2292/2292 2309/2309/2309 2310/2310/2310
f 2292/2292/2292 2310/2310/2310 2293/2293/2293
f 2293/2293/2293 2310/2310/2310 2311/2311/2311
f 2293/2293/2293 2311/2311/2311 2294/2294/2294
f 2294/2294/2294 2311/2311/2311 2312/2312/2312
f 2294/2294/2294 2312/2312/2312 2295/2295/2295
f 2295/2295/2295 2312/2312/2312 2313/2313/2313
f 2295/2295/2295 2313/2313/2313 2296/2296/2296
f 2296/2296/2296 2313/2313/2313 2314/2314/2314
f 2296/2296/2296 2314/2314/2314 2297/2297/2297
f 2297/2297/2297 2314/2314/2314 2315/2315/2315
f 2297/2297/2297 2315/2315/2315 2298/2298/2298
f 2298/2298/2298 2315/2315/2315 2316/2316/2316
f 2298/2298/2298 2316/2316/2316 2299/2299/2299
f 2299/2299/2299 2316/2316/2316 2317/2317/2317
f 2299/2299/2299 2317/2317/2317 2300/2300/2300
f 2300/2300/2300 2317/2317/2317 2301/2301/2301
f 2300/2300/2300 2301/2301/2301 2284/2284/2284
f 2301/2301/2301 2318/2318/2318 2319/2319/2319
f 2301/2301/2301 2319/2319/2319 2302/2302/2302
f 2303/2303/2303 2320/2320/2320 2321/2321/2321
f 2303/2303/2303 2321/2321/2321 2304/2304/2304
f 2304/2304/2304 2321/2321/2321 2322/2322/2322
f 2304/2304/2304 2322/2322/2322 2305/2305/2305
f 2305/2305/2305 2322/2322/2322 2323/2323/2323
f 2305/2305/2305 2323/2323/2323 2306/2306/2306
f 2306/2306/2306 2323/2323/2323 2324/2324/2324
f 2306/2306/2306 2324/2324/2324 2307/2307/2307
f 2307/2307/2307 2324/2324/2324 2325/2325/2325
f 2307/2307/2307 2325/2325/2325 2308/2308/2308
f 2308/2308/2308 2325/2325/2325 2326/2326/2326
f 2308/2308/2308 2326/2326/2326 2309/2309/2309
f 2309/2309/2309 2326/2326/2326 2327/2327/2327
f 2309/2309/2309 2327/2327/2327 2310/2310/2310
f 2310/2310/2310 2327/2327/2327 2328/2328/2328
f 2310/2310/2310 2328/2328/2328 2311/2311/2311
f 2311/2311/2311 2328/2328/2328 2329/2329/2329
f 2311/2311/2311 2329/2329/2329 2312/2312/2312
f 2312/2312/2312 2329/2329/2329 2330/2330/2330
f 2312/2312/2312 2330/2330/2330 2313/2313/2313
f 2313/2313/2313 2330/2330/2330 2331/2331/2331
f 2313/2313/2313 2331/2331/2331 2314/2314/2314
f 2314/2314/2314 2331/2331/2331 2332/2332/2332
f 2314/2314/2314 2332/2332/2332 2315/2315/2315
f 2315/2315/2315 2332/2332/2332 2333/2333/2333
f 2315/2315/2315 2333/2333/2333 2316/2316/2316
f 2316/2316/2316 2333/2333/2333 2334/2334/2334
f 2316/2316/2316 2334/2334/2334 2317/2317/2317
f 2317/2317/2317 2334/2334/2334 2318/2318/2318
f 2317/2317/2317 2318/2318/2318 2301/2301/2301
f 2318/2318/2318 2335/2335/2335 2336/2336/2336
f 2318/2318/2318 2336/2336/2336 2319/2319/2319
f 2320/2320/2320 2337/2337/2337 2338/2338/2338
f 2320/2320/2320 2338/2338/2338 2321/2321/2321
f 2321/2321/2321 2338/2338/2338 2339/2339/2339
f 2321/2321/2321 2339/2339/2339 2322/2322/2322
f 2322/2322/2322 2339/2339/2339 2340/2340/2340
f 2322/2322/2322 2340/2340/2340 2323/2323/2323
f 2323/2323/2323 2340/2340/2340 2341/2341/2341
f 2323/2323/2323 2341/2341/2341 2324/2324/2324
f 2324/2324/2324 2341/2341/2341 2342/2342/2342
f 2324/2324/2324 2342/2342/2342 2325/2325/2325
f 2325/2325/2325 2342/2342/2342 2343/2343/2343
f 2325/2325/2325 2343/2343/2343 2326/2326/2326
f 2326/2326/2326 2343/2343/2343 2344/2344/2344
f 2326/2326/2326 2344/2344/2344 2327/2327/2327
f 2327/2327/2327 2344/2344/2344 2345/2345/2345
f 2327/2327/2327 2345/2345/2345 2328/2328/2328
f 2328/2328/2328 2345/2345/2345 2346/2346/2346
f 2328/2328/2328 2346/2346/2346 2329/2329/2329
f 2329/2329/2329 2346/2346/2346 2347/2347/2347
f 2329/2329/2329 2347/2347/2347 2330/2330/2330
f 2330/2330/2330 2347/2347/2347 2348/2348/2348
f 2330/2330/2330 2348/2348/2348 2331/2331/2331
f 2331/2331/2331 2348/2348/2348 2349/2349/2349
f 2331/2331/2331 2349/2349/2349 2332/2332/2332
f 2332/2332/2332 2349/2349/2349 2350/2350/2350
f 2332/2332/2332 2350/2350/2350 2333/2333/2333
f 2333/2333/2333 2350/2350/2350 2351/2351/2351
f 2333/2333/2333 2351/2351/2351 2334/2334/2334
f 2334/2334/2334 2351/2351/2351 2335/2335/2335
f 2334/2334/2334 2335/2335/2335 2318/2318/2318
f 2352/2352/2352 2353/2353/2353 2354/2354/2354
f 2352/2352/2352 2354/2354/2354 2355/2355/2355
f 2355/2355/2355 2356/2356/2356 2357/2357/2357
f 2355/2355/2355 2357/2357/2357 2352/2352/2352
f 2356/2356/2356 2358/2358/2358 2359/2359/2359
f 2356/2356/2356 2359/2359/2359 2357/2357/2357
f 2358/2358/2358 2336/2336/2336 2335/2335/2335
f 2358/2358/2358 2335/2335/2335 2359/2359/2359
f 2360/2360/2360 2361/2361/2361 2362/2362/2362
f 2360/2360/2360 2362/2362/2362 2363/2363/2363
f 2363/2363/2363 2364/2364/2364 2365/2365/2365
f 2363/2363/2363 2365/2365/2365 2360/2360/2360
f 2364/2364/2364 2366/2366/2366 2367/2367/2367
f 2364/2364/2364 2367/2367/2367 2365/2365/2365
f 2366/2366/2366 2338/2338/2338 2337/2337/2337
f 2366/2366/2366 2337/2337/2337 2367/2367/2367
f 2363/2363/2363 2362/2362/2362 2368/2368/2368
f 2363/2363/2363 2368/2368/2368 2369/2369/2369
f 2369/2369/2369 2370/2370/2370 2364/2364/2364
f 2369/2369/2369 2364/2364/2364 2363/2363/2363
f 2370/2370/2370 2371/2371/2371 2366/2366/2366
f 2370/2370/2370 2366/2366/2366 2364/2364/2364
f 2371/2371/2371 2339/2339/2339 2338/2338/2338
f 2371/2371/2371 2338/2338/2338 2366/2366/2366
f 2369/2369/2369 2368/2368/2368 2372/2372/2372
f 2369/2369/2369 2372/2372/2372 2373/2373/2373
f 2373/2373/2373 2374/2374/2374 2370/2370/2370
f 2373/2373/2373 2370/2370/2370 2369/2369/2369
f 2374/2374/2374 2375/2375/2375 2371/2371/2371
f 2374/2374/2374 2371/2371/2371 2370/2370/2370
f 2375/2375/2375 2340/2340/2340 2339/2339/2339
f 2375/2375/2375 2339/2339/2339 2371/2371/2371
f 2373/2373/2373 2372/2372/2372 2376/2376/2376
f 2373/2373/2373 2376/2376/2376 2377/2377/2377
f 2377/2377/2377 2378/2378/2378 2374/2374/2374
f 2377/2377/2377 2374/2374/2374 2373/2373/2373
f 2378/2378/2378 2379/2379/2379 2375/2375/2375
f 2378/2378/2378 2375/2375/2375 2374/2374/2374
f 2379/2379/2379 2341/2341/2341 2340/2340/2340
f 2379/2379/2379 2340/2340/2340 2375/2375/2375
f 2377/2377/2377 2376/2376/2376 2380/2380/2380
f 2377/2377/2377 2380/2380/2380 2381/2381/2381
f 2381/2381/2381 2382/2382/2382 2378/2378/2378
f 2381/2381/2381 2378/2378/2378 2377/2377/2377
f 2382/2382/2382 2383/2383/2383 2379/2379/2379
f 2382/2382/2382 2379/2379/2379 2378/2378/2378
f 2383/2383/2383 2342/2342/2342 2341/2341/2341
f 2383/2383/2383 2341/2341/2341 2379/2379/2379
f 2381/2381/2381 2380/2380/2380 2384/2384/2384
f 2381/2381/2381 2384/2384/2384 2385/2385/2385
f 2385/2385/2385 2386/2386/2386 2382/2382/2382
f 2385/2385/2385 2382/2382/2382 2381/2381/2381
f 2386/2386/2386 2387/2387/2387 2383/2383/2383
f 2386/2386/2386 2383/2383/2383 2382/2382/2382
f 2387/2387/2387 2343/2343/2343 2342/2342/2342
f 2387/2387/2387 2342/2342/2342 2383/2383/2383
f 2385/2385/2385 2384/2384/2384 2388/2388/2388
f 2385/2385/2385 2388/2388/2388 2389/2389/2389
f 2389/2389/2389 2390/2390/2390 2386/2386/2386
f 2389/2389/2389 2386/2386/2386 2385/2385/2385
f 2390/2390/2390 2391/2391/2391 2387/2387/2387
f 2390/2390/2390 2387/2387/2387 2386/2386/2386
f 2391/2391/2391 2344/2344/2344 2343/2343/2343
f 2391/2391/2391 2343/2343/2343 2387/2387/2387
f 2389/2389/2389 2388/2388/2388 2392/2392/2392
f 2389/2389/2389 2392/2392/2392 2393/2393/2393
f 2393/2393/2393 2394/2394/2394 2390/2390/2390
f 2393/2393/2393 2390/2390/2390 2389/2389/2389
f 2394/2394/2394 2395/2395/2395 2391/2391/2391
f 2394/2394/2394 2391/2391/2391 2390/2390/2390
f 2395/2395/2395 2345/2345/2345 2344/2344/2344
f 2395/2395/2395 2344/2344/2344 2391/2391/2391
f 2393/2393/2393 2392/2392/2392 2396/2396/2396
f 2393/2393/2393 2396/2396/2396 2397/2397/2397
f 2397/2397/2397 2398/2398/2398 2394/2394/2394
f 2397/2397/2397 2394/2394/2394 2393/2393/2393
f 2398/2398/2398 2399/2399/2399 2395/2395/2395
f 2398/2398/2398 2395/2395/2395 2394/2394/2394
f 2399/2399/2399 2346/2346/2346 2345/2345/2345
f 2399/2399/2399 2345/2345/2345 2395/2395/2395
f 2397/2397/2397 2396/2396/2396 2400/2400/2400
f 2397/2397/2397 2400/2400/2400 2401/2401/2401
f 2401/2401/2401 2402/2402/2402 2398/2398/2398
f 2401/2401/2401 2398/2398/2398 2397/2397/2397
f 2402/2402/2402 2403/2403/2403 2399/2399/2399
f 2402/2402/2402 2399/2399/2399 2398/2398/2398
f 2403/2403/2403 2347/2347/2347 2346/2346/2346
f 2403/2403/2403 2346/2346/2346 2399/2399/2399
f 2401/2401/2401 2400/2400/2400 2404/2404/2404
f 2401/2401/2401 2404/2404/2404 2405/2405/2405
f 2405/2405/2405 2406/2406/2406 2402/2402/2402
f 2405/2405/2405 2402/2402/2402 2401/2401/2401
f 2406/2406/2406 2407/2407/2407 2403/2403/2403
f 2406/2406/2406 2403/2403/2403 2402/2402/2402
f 2407/2407/2407 2348/2348/2348 2347/2347/2347
f 2407/2407/2407 2347/2347/2347 2403/2403/2403
f 2405/2405/2405 2404/2404/2404 2408/2408/2408
f 2405/2405/2405 2408/2408/2408 2409/2409/2409
f 2409/2409/2409 2410/2410/2410 2406/2406/2406
f 2409/2409/2409 2406/2406/2406 2405/2405/2405
f 2410/2410/2410 2411/2411/2411 2407/2407/2407
f 2410/2410/2410 2407/2407/2407 2406/2406/2406
f 2411/2411/2411 2349/2349/2349 2348/2348/2348
f 2411/2411/2411 2348/2348/2348 2407/2407/2407
f 2409/2409/2409 2408/2408/2408 2412/2412/2412
f 2409/2409/2409 2412/2412/2412 2413/2413/2413
f 2413/2413/2413 2414/2414/2414 2410/2410/2410
f 2413/2413/2413 2410/2410/2410 2409/2409/2409
f 2414/2414/2414 2415/2415/2415 2411/2411/2411
f 2414/2414/2414 2411/2411/2411 2410/2410/2410
f 2415/2415/2415 2350/2350/2350 2349/2349/2349
f 2415/2415/2415 2349/2349/2349 2411/2411/2411
f 2413/2413/2413 2412/2412/2412 2416/2416/2416
f 2413/2413/2413 2416/2416/2416 2417/2417/2417
f 2417/2417/2417 2418/2418/2418 2414/2414/2414
f 2417/2417/2417 2414/2414/2414 2413/2413/2413
f 2418/2418/2418 2419/2419/2419 2415/2415/2415
f 2418/2418/2418 2415/2415/2415 2414/2414/2414
f 2419/2419/2419 2351/2351/2351 2350/2350/2350
f 2419/2419/2419 2350/2350/2350 2415/2415/2415
f 2417/2417/2417 2416/2416/2416 2353/2353/2353
f 2417/2417/2417 2353/2353/2353 2352/2352/2352
f 2352/2352/2352 2357/2357/2357 2418/2418/2418
f 2352/2352/2352 2418/2418/2418 2417/2417/2417
f 2357/2357/2357 2359/2359/2359 2419/2419/2419
f 2357/2357/2357 2419/2419/2419 2418/2418/2418
f 2359/2359/2359 2335/2335/2335 2351/2351/2351
f 2359/2359/2359 2351/2351/2351 2419/2419/2419
f 2420/2420/2420 2354/2354/2354 2353/2353/2353
f 2420/2420/2420 2353/2353/2353 2421/2421/2421
f 2422/2422/2422 2362/2362/2362 2361/2361/2361
f 2422/2422/2422 2361/2361/2361 2423/2423/2423
f 2424/2424/2424 2368/2368/2368 2362/2362/2362
f 2424/2424/2424 2362/2362/2362 2422/2422/2422
f 2425/2425/2425 2372/2372/2372 2368/2368/2368
f 2425/2425/2425 2368/2368/2368 2424/2424/2424
f 2426/2426/2426 2376/2376/2376 2372/2372/2372
f 2426/2426/2426 2372/2372/2372 2425/2425/2425
f 2427/2427/2427 2380/2380/2380 2376/2376/2376
f 2427/2427/2427 2376/2376/2376 2426/2426/2426
f 2428/2428/2428 2384/2384/2384 2380/2380/2380
f 2428/2428/2428 2380/2380/2380 2427/2427/2427
f 2429/2429/2429 2388/2388/2388 2384/2384/2384
f 2429/2429/2429 2384/2384/2384 2428/2428/2428
f 2430/2430/2430 2392/2392/2392 2388/2388/2388
f 2430/2430/2430 2388/2388/2388 2429/2429/2429
f 2431/2431/2431 2396/2396/2396 2392/2392/2392
f 2431/2431/2431 2392/2392/2392 2430/2430/2430
f 2432/2432/2432 2400/2400/2400 2396/2396/2396
f 2432/2432/2432 2396/2396/2396 2431/2431/2431
f 2433/2433/2433 2404/2404/2404 2400/2400/2400
f 2433/2433/2433 2400/2400/2400 2432/2432/2432
f 2434/2434/2434 2408/2408/2408 2404/2404/2404
f 2434/2434/2434 2404/2404/2404 2433/2433/2433
f 2435/2435/2435 2412/2412/2412 2408/2408/2408
f 2435/2435/2435 2408/2408/2408 2434/2434/2434
f 2436/2436/2436 2416/2416/2416 2412/2412/2412
f 2436/2436/2436 2412/2412/2412 2435/2435/2435
f 2421/2421/2421 2353/2353/2353 2416/2416/2416
f 2421/2421/2421 2416/2416/2416 2436/2436/2436
f 2437/2437/2437 2438/2438/2438 2439/2439/2439
f 2437/2437/2437 2439/2439/2439 2440/2440/2440
f 2440/2440/2440 2441/2441/2441 2442/2442/2442
f 2440/2440/2440 2442/2442/2442 2437/2437/2437
f 2441/2441/2441 2443/2443/2443 2444/2444/2444
f 2441/2441/2441 2444/2444/2444 2442/2442/2442
f 2443/2443/2443 2445/2445/2445 2446/2446/2446
f 2443/2443/2443 2446/2446/2446 2444/2444/2444
f 2445/2445/2445 2447/2447/2447 2448/2448/2448
f 2445/2445/2445 2448/2448/2448 2446/2446/2446
f 2447/2447/2447 2216/2216/2216 2219/2219/2219
f 2447/2447/2447 2219/2219/2219 2448/2448/2448
f 2440/2440/2440 2439/2439/2439 2449/2449/2449
f 2440/2440/2440 2449/2449/2449 2450/2450/2450
f 2450/2450/2450 2451/2451/2451 2441/2441/2441
f 2450/2450/2450 2441/2441/2441 2440/2440/2440
f 2451/2451/2451 2452/2452/2452 2443/2443/2443
f 2451/2451/2451 2443/2443/2443 2441/2441/2441
f 2452/2452/2452 2453/2453/2453 2445/2445/2445
f 2452/2452/2452 2445/2445/2445 2443/2443/2443
f 2453/2453/2453 2454/2454/2454 2447/2447/2447
f 2453/2453/2453 2447/2447/2447 2445/2445/2445
f 2454/2454/2454 2220/2220/2220 2216/2216/2216
f 2454/2454/2454 2216/2216/2216 2447/2447/2447
f 2450/2450/2450 2449/2449/2449 2455/2455/2455
f 2450/2450/2450 2455/2455/2455 2456/2456/2456
f 2456/2456/2456 2457/2457/2457 2451/2451/2451
f 2456/2456/2456 2451/2451/2451 2450/2450/2450
f 2457/2457/2457 2458/2458/2458 2452/2452/2452
f 2457/2457/2457 2452/2452/2452 2451/2451/2451
f 2458/2458/2458 2459/2459/2459 2453/2453/2453
f 2458/2458/2458 2453/2453/2453 2452/2452/2452
f 2459/2459/2459 2460/2460/2460 2454/2454/2454
f 2459/2459/2459 2454/2454/2454 2453/2453/2453
f 2460/2460/2460 2222/2222/2222 2220/2220/2220
f 2460/2460/2460 2220/2220/2220 2454/2454/2454
f 2456/2456/2456 2455/2455/2455 2461/2461/2461
f 2456/2456/2456 2461/2461/2461 2462/2462/2462
f 2462/2462/2462 2463/2463/2463 2457/2457/2457
f 2462/2462/2462 2457/2457/2457 2456/2456/2456
f 2463/2463/2463 2464/2464/2464 2458/2458/2458
f 2463/2463/2463 2458/2458/2458 2457/2457/2457
f 2464/2464/2464 2465/2465/2465 2459/2459/2459
f 2464/2464/2464 2459/2459/2459 2458/2458/2458
f 2465/2465/2465 2466/2466/2466 2460/2460/2460
f 2465/2465/2465 2460/2460/2460 2459/2459/2459
f 2466/2466/2466 2224/2224/2224 2222/2222/2222
f 2466/2466/2466 2222/2222/2222 2460/2460/2460
f 2462/2462/2462 2461/2461/2461 2467/2467/2467
f 2462/2462/2462 2467/2467/2467 2468/2468/2468
f 2468/2468/2468 2469/2469/2469 2463/2463/2463
f 2468/2468/2468 2463/2463/2463 2462/2462/2462
f 2469/2469/2469 2470/2470/2470 2464/2464/2464
f 2469/2469/2469 2464/2464/2464 2463/2463/2463
f 2470/2470/2470 2471/2471/2471 2465/2465/2465
f 2470/2470/2470 2465/2465/2465 2464/2464/2464
f 2471/2471/2471 2472/2472/2472 2466/2466/2466
f 2471/2471/2471 2466/2466/2466 2465/2465/2465
f 2472/2472/2472 2226/2226/2226 2224/2224/2224
f 2472/2472/2472 2224/2224/2224 2466/2466/2466
f 2468/2468/2468 2467/2467/2467 2473/2473/2473
f 2468/2468/2468 2473/2473/2473 2474/2474/2474
f 2474/2474/2474 2475/2475/2475 2469/2469/2469
f 2474/2474/2474 2469/2469/2469 2468/2468/2468
f 2475/2475/2475 2476/2476/2476 2470/2470/2470
f 2475/2475/2475 2470/2470/2470 2469/2469/2469
f 2476/2476/2476 2477/2477/2477 2471/2471/2471
f 2476/2476/2476 2471/2471/2471 2470/2470/2470
f 2477/2477/2477 2478/2478/2478 2472/2472/2472
f 2477/2477/2477 2472/2472/2472 2471/2471/2471
f 2478/2478/2478 2228/2228/2228 2226/2226/2226
f 2478/2478/2478 2226/2226/2226 2472/2472/2472
f 2474/2474/2474 2473/2473/2473 2479/2479/2479
f 2474/2474/2474 2479/2479/2479 2480/2480/2480
f 2480/2480/2480 2481/2481/2481 2475/2475/2475
f 2480/2480/2480 2475/2475/2475 2474/2474/2474
f 2481/2481/2481 2482/2482/2482 2476/2476/2476
f 2481/2481/2481 2476/2476/2476 2475/2475/2475
f 2482/2482/2482 2483/2483/2483 2477/2477/2477
f 2482/2482/2482 2477/2477/2477 2476/2476/2476
f 2483/2483/2483 2484/2484/2484 2478/2478/2478
f 2483/2483/2483 2478/2478/2478 2477/2477/2477
f 2484/2484/2484 2230/2230/2230 2228/2228/2228
f 2484/2484/2484 2228/2228/2228 2478/2478/2478
f 2480/2480/2480 2479/2479/2479 2485/2485/2485
f 2480/2480/2480 2485/2485/2485 2486/2486/2486
f 2486/2486/2486 2487/2487/2487 2481/2481/2481
f 2486/2486/2486 2481/2481/2481 2480/2480/2480
f 2487/2487/2487 2488/2488/2488 2482/2482/2482
f 2487/2487/2487 2482/2482/2482 2481/2481/2481
f 2488/2488/2488 2489/2489/2489 2483/2483/2483
f 2488/2488/2488 2483/2483/2483 2482/2482/2482
f 2489/2489/2489 2490/2490/2490 2484/2484/2484
f 2489/2489/2489 2484/2484/2484 2483/2483/2483
f 2490/2490/2490 2232/2232/2232 2230/2230/2230
f 2490/2490/2490 2230/2230/2230 2484/2484/2484
f 2486/2486/2486 2485/2485/2485 2491/2491/2491
f 2486/2486/2486 2491/2491/2491 2492/2492/2492
f 2492/2492/2492 2493/2493/2493 2487/2487/2487
f 2492/2492/2492 2487/2487/2487 2486/2486/2486
f 2493/2493/2493 2494/2494/2494 2488/2488/2488
f 2493/2493/2493 2488/2488/2488 2487/2487/2487
f 2494/2494/2494 2495/2495/2495 2489/2489/2489
f 2494/2494/2494 2489/2489/2489 2488/2488/2488
f 2495/2495/2495 2496/2496/2496 2490/2490/2490
f 2495/2495/2495 2490/2490/2490 2489/2489/2489
f 2496/2496/2496 2234/2234/2234 2232/2232/2232
f 2496/2496/2496 2232/2232/2232 2490/2490/2490
f 2492/2492/2492 2491/2491/2491 2497/2497/2497
f 2492/2492/2492 2497/2497/2497 2498/2498/2498
f 2498/2498/2498 2499/2499/2499 2493/2493/2493
f 2498/2498/2498 2493/2493/2493 2492/2492/2492
f 2499/2499/2499 2500/2500/2500 2494/2494/2494
f 2499/2499/2499 2494/2494/2494 2493/2493/2493
f 2500/2500/2500 2501/2501/2501 2495/2495/2495
f 2500/2500/2500 2495/2495/2495 2494/2494/2494
f 2501/2501/2501 2502/2502/2502 2496/2496/2496
f 2501/2501/2501 2496/2496/2496 2495/2495/2495
f 2502/2502/2502 2236/2236/2236 2234/2234/2234
f 2502/2502/2502 2234/2234/2234 2496/2496/2496
f 2498/2498/2498 2497/2497/2497 2503/2503/2503
f 2498/2498/2498 2503/2503/2503 2504/2504/2504
f 2504/2504/2504 2505/2505/2505 2499/2499/2499
f 2504/2504/2504 2499/2499/2499 2498/2498/2498
f 2505/2505/2505 2506/2506/2506 2500/2500/2500
f 2505/2505/2505 2500/2500/2500 2499/2499/2499
f 2506/2506/2506 2507/2507/2507 2501/2501/2501
f 2506/2506/2506 2501/2501/2501 2500/2500/2500
f 2507/2507/2507 2508/2508/2508 2502/2502/2502
f 2507/2507/2507 2502/2502/2502 2501/2501/2501
f 2508/2508/2508 2238/2238/2238 2236/2236/2236
f 2508/2508/2508 2236/2236/2236 2502/2502/2502
f 2504/2504/2504 2503/2503/2503 2509/2509/2509
f 2504/2504/2504 2509/2509/2509 2510/2510/2510
f 2510/2510/2510 2511/2511/2511 2505/2505/2505
f 2510/2510/2510 2505/2505/2505 2504/2504/2504
f 2511/2511/2511 2512/2512/2512 2506/2506/2506
f 2511/2511/2511 2506/2506/2506 2505/2505/2505
f 2512/2512/2512 2513/2513/2513 2507/2507/2507
f 2512/2512/2512 2507/2507/2507 2506/2506/2506
f 2513/2513/2513 2514/2514/2514 2508/2508/2508
f 2513/2513/2513 2508/2508/2508 2507/2507/2507
f 2514/2514/2514 2240/2240/2240 2238/2238/2238
f 2514/2514/2514 2238/2238/2238 2508/2508/2508
f 2510/2510/2510 2509/2509/2509 2515/2515/2515
f 2510/2510/2510 2515/2515/2515 2516/2516/2516
f 2516/2516/2516 2517/2517/2517 2511/2511/2511
f 2516/2516/2516 2511/2511/2511 2510/2510/2510
f 2517/2517/2517 2518/2518/2518 2512/2512/2512
f 2517/2517/2517 2512/2512/2512 2511/2511/2511
f 2518/2518/2518 2519/2519/2519 2513/2513/2513
f 2518/2518/2518 2513/2513/2513 2512/2512/2512
f 2519/2519/2519 2520/2520/2520 2514/2514/2514
f 2519/2519/2519 2514/2514/2514 2513/2513/2513
f 2520/2520/2520 2242/2242/2242 2240/2240/2240
f 2520/2520/2520 2240/2240/2240 2514/2514/2514
f 2516/2516/2516 2515/2515/2515 2521/2521/2521
f 2516/2516/2516 2521/2521/2521 2522/2522/2522
f 2522/2522/2522 2523/2523/2523 2517/2517/2517
f 2522/2522/2522 2517/2517/2517 2516/2516/2516
f 2523/2523/2523 2524/2524/2524 2518/2518/2518
f 2523/2523/2523 2518/2518/2518 2517/2517/2517
f 2524/2524/2524 2525/2525/2525 2519/2519/2519
f 2524/2524/2524 2519/2519/2519 2518/2518/2518
f 2525/2525/2525 2526/2526/2526 2520/2520/2520
f 2525/2525/2525 2520/2520/2520 2519/2519/2519
f 2526/2526/2526 2244/2244/2244 2242/2242/2242
f 2526/2526/2526 2242/2242/2242 2520/2520/2520
f 2522/2522/2522 2521/2521/2521 2527/2527/2527
f 2522/2522/2522 2527/2527/2527 2528/2528/2528
f 2528/2528/2528 2529/2529/2529 2523/2523/2523
f 2528/2528/2528 2523/2523/2523 2522/2522/2522
f 2529/2529/2529 2530/2530/2530 2524/2524/2524
f 2529/2529/2529 2524/2524/2524 2523/2523/2523
f 2530/2530/2530 2531/2531/2531 2525/2525/2525
f 2530/2530/2530 2525/2525/2525 2524/2524/2524
f 2531/2531/2531 2532/2532/2532 2526/2526/2526
f 2531/2531/2531 2526/2526/2526 2525/2525/2525
f 2532/2532/2532 2246/2246/2246 2244/2244/2244
f 2532/2532/2532 2244/2244/2244 2526/2526/2526
f 2528/2528/2528 2527/2527/2527 2533/2533/2533
f 2528/2528/2528 2533/2533/2533 2534/2534/2534
f 2534/2534/2534 2535/2535/2535 2529/2529/2529
f 2534/2534/2534 2529/2529/2529 2528/2528/2528
f 2535/2535/2535 2536/2536/2536 2530/2530/2530
f 2535/2535/2535 2530/2530/2530 2529/2529/2529
f 2536/2536/2536 2537/2537/2537 2531/2531/2531
f 2536/2536/2536 2531/2531/2531 2530/2530/2530
f 2537/2537/2537 2538/2538/2538 2532/2532/2532
f 2537/2537/2537 2532/2532/2532 2531/2531/2531
f 2538/2538/2538 2248/2248/2248 2246/2246/2246
f 2538/2538/2538 2246/2246/2246 2532/2532/2532
f 2539/2539/2539 2439/2439/2439 2438/2438/2438
f 2539/2539/2539 2438/2438/2438 2540/2540/2540
f 2540/2540/2540 2101/2101/2101 2104/2104/2104
f 2540/2540/2540 2104/2104/2104 2539/2539/2539
f 2541/2541/2541 2533/2533/2533 2527/2527/2527
f 2541/2541/2541 2527/2527/2527 2542/2542/2542
f 2542/2542/2542 2132/2132/2132 2134/2134/2134
f 2542/2542/2542 2134/2134/2134 2541/2541/2541
f 2542/2542/2542 2527/2527/2527 2521/2521/2521
f 2542/2542/2542 2521/2521/2521 2543/2543/2543
f 2543/2543/2543 2130/2130/2130 2132/2132/2132
f 2543/2543/2543 2132/2132/2132 2542/2542/2542
f 2543/2543/2543 2521/2521/2521 2515/2515/2515
f 2543/2543/2543 2515/2515/2515 2544/2544/2544
f 2544/2544/2544 2128/2128/2128 2130/2130/2130
f 2544/2544/2544 2130/2130/2130 2543/2543/2543
f 2544/2544/2544 2515/2515/2515 2509/2509/2509
f 2544/2544/2544 2509/2509/2509 2545/2545/2545
f 2545/2545/2545 2126/2126/2126 2128/2128/2128
f 2545/2545/2545 2128/2128/2128 2544/2544/2544
f 2545/2545/2545 2509/2509/2509 2503/2503/2503
f 2545/2545/2545 2503/2503/2503 2546/2546/2546
f 2546/2546/2546 2124/2124/2124 2126/2126/2126
f 2546/2546/2546 2126/2126/2126 2545/2545/2545
f 2546/2546/2546 2503/2503/2503 2497/2497/2497
f 2546/2546/2546 2497/2497/2497 2547/2547/2547
f 2547/2547/2547 2122/2122/2122 2124/2124/2124
f 2547/2547/2547 2124/2124/2124 2546/2546/2546
f 2547/2547/2547 2497/2497/2497 2491/2491/2491
f 2547/2547/2547 2491/2491/2491 2548/2548/2548
f 2548/2548/2548 2120/2120/2120 2122/2122/2122
f 2548/2548/2548 2122/2122/2122 2547/2547/2547
f 2548/2548/2548 2491/2491/2491 2485/2485/2485
f 2548/2548/2548 2485/2485/2485 2549/2549/2549
f 2549/2549/2549 2118/2118/2118 2120/2120/2120
f 2549/2549/2549 2120/2120/2120 2548/2548/2548
f 2549/2549/2549 2485/2485/2485 2479/2479/2479
f 2549/2549/2549 2479/2479/2479 2550/2550/2550
f 2550/2550/2550 2116/2116/2116 2118/2118/2118
f 2550/2550/2550 2118/2118/2118 2549/2549/2549
f 2550/2550/2550 2479/2479/2479 2473/2473/2473
f 2550/2550/2550 2473/2473/2473 2551/2551/2551
f 2551/2551/2551 2114/2114/2114 2116/2116/2116
f 2551/2551/2551 2116/2116/2116 2550/2550/2550
f 2551/2551/2551 2473/2473/2473 2467/2467/2467
f 2551/2551/2551 2467/2467/2467 2552/2552/2552
f 2552/2552/2552 2112/2112/2112 2114/2114/2114
f 2552/2552/2552 2114/2114/2114 2551/2551/2551
f 2552/2552/2552 2467/2467/2467 2461/2461/2461
f 2552/2552/2552 2461/2461/2461 2553/2553/2553
f 2553/2553/2553 2110/2110/2110 2112/2112/2112
f 2553/2553/2553 2112/2112/2112 2552/2552/2552
f 2553/2553/2553 2461/2461/2461 2455/2455/2455
f 2553/2553/2553 2455/2455/2455 2554/2554/2554
f 2554/2554/2554 2108/2108/2108 2110/2110/2110
f 2554/2554/2554 2110/2110/2110 2553/2553/2553
f 2554/2554/2554 2455/2455/2455 2449/2449/2449
f 2554/2554/2554 2449/2449/2449 2555/2555/2555
f 2555/2555/2555 2106/2106/2106 2108/2108/2108
f 2555/2555/2555 2108/2108/2108 2554/2554/2554
f 2555/2555/2555 2449/2449/2449 2439/2439/2439
f 2555/2555/2555 2439/2439/2439 2539/2539/2539
f 2539/2539/2539 2104/2104/2104 2106/2106/2106
f 2539/2539/2539 2106/2106/2106 2555/2555/2555
f 2556/2556/2556 2557/2557/2557 2558/2558/2558
f 2556/2556/2556 2558/2558/2558 2559/2559/2559
f 2556/2556/2556 2559/2559/2559 2560/2560/2560
f 2556/2556/2556 2560/2560/2560 2561/2561/2561
f 2556/2556/2556 2562/2562/2562 2563/2563/2563
f 2556/2556/2556 2563/2563/2563 2564/2564/2564
f 2556/2556/2556 2564/2564/2564 2565/2565/2565
f 2556/2556/2556 2565/2565/2565 2566/2566/2566
f 2556/2556/2556 2566/2566/2566 2567/2567/2567
f 2556/2556/2556 2567/2567/2567 2568/2568/2568
f 2556/2556/2556 2568/2568/2568 2569/2569/2569
f 2556/2556/2556 2569/2569/2569 2570/2570/2570
f 2556/2556/2556 2570/2570/2570 2571/2571/2571
f 2556/2556/2556 2571/2571/2571 2557/2557/2557
f 2556/2556/2556 2561/2561/2561 2572/2572/2572
f 2556/2556/2556 2572/2572/2572 2562/2562/2562
f 2573/2573/2573 2201/2201/2201 2200/2200/2200
f 2573/2573/2573 2200/2200/2200 2574/2574/2574
f 2574/2574/2574 2575/2575/2575 2576/2576/2576
f 2574/2574/2574 2576/2576/2576 2573/2573/2573
f 2577/2577/2577 2202/2202/2202 2201/2201/2201
f 2577/2577/2577 2201/2201/2201 2573/2573/2573
f 2573/2573/2573 2576/2576/2576 2578/2578/2578
f 2573/2573/2573 2578/2578/2578 2577/2577/2577
f 2579/2579/2579 2204/2204/2204 2203/2203/2203
f 2579/2579/2579 2203/2203/2203 2580/2580/2580
f 2580/2580/2580 2581/2581/2581 2582/2582/2582
f 2580/2580/2580 2582/2582/2582 2579/2579/2579
f 2583/2583/2583 2206/2206/2206 2205/2205/2205
f 2583/2583/2583 2205/2205/2205 2584/2584/2584
f 2584/2584/2584 2585/2585/2585 2586/2586/2586
f 2584/2584/2584 2586/2586/2586 2583/2583/2583
f 2587/2587/2587 2208/2208/2208 2207/2207/2207
f 2587/2587/2587 2207/2207/2207 2588/2588/2588
f 2588/2588/2588 2589/2589/2589 2590/2590/2590
f 2588/2588/2588 2590/2590/2590 2587/2587/2587
f 2591/2591/2591 2211/2211/2211 2210/2210/2210
f 2591/2591/2591 2210/2210/2210 2592/2592/2592
f 2592/2592/2592 2593/2593/2593 2594/2594/2594
f 2592/2592/2592 2594/2594/2594 2591/2591/2591
f 2595/2595/2595 2213/2213/2213 2212/2212/2212
f 2595/2595/2595 2212/2212/2212 2596/2596/2596
f 2596/2596/2596 2597/2597/2597 2598/2598/2598
f 2596/2596/2596 2598/2598/2598 2595/2595/2595
f 2599/2599/2599 2215/2215/2215 2214/2214/2214
f 2599/2599/2599 2214/2214/2214 2600/2600/2600
f 2600/2600/2600 2601/2601/2601 2602/2602/2602
f 2600/2600/2600 2602/2602/2602 2599/2599/2599
f 2603/2603/2603 2209/2209/2209 2208/2208/2208
f 2603/2603/2603 2208/2208/2208 2587/2587/2587
f 2587/2587/2587 2590/2590/2590 2604/2604/2604
f 2587/2587/2587 2604/2604/2604 2603/2603/2603
f 2574/2574/2574 2200/2200/2200 2215/2215/2215
f 2574/2574/2574 2215/2215/2215 2599/2599/2599
f 2599/2599/2599 2602/2602/2602 2575/2575/2575
f 2599/2599/2599 2575/2575/2575 2574/2574/2574
f 2584/2584/2584 2205/2205/2205 2204/2204/2204
f 2584/2584/2584 2204/2204/2204 2579/2579/2579
f 2579/2579/2579 2582/2582/2582 2585/2585/2585
f 2579/2579/2579 2585/2585/2585 2584/2584/2584
f 2596/2596/2596 2212/2212/2212 2211/2211/2211
f 2596/2596/2596 2211/2211/2211 2591/2591/2591
f 2591/2591/2591 2594/2594/2594 2597/2597/2597
f 2591/2591/2591 2597/2597/2597 2596/2596/2596
f 2588/2588/2588 2207/2207/2207 2206/2206/2206
f 2588/2588/2588 2206/2206/2206 2583/2583/2583
f 2583/2583/2583 2586/2586/2586 2589/2589/2589
f 2583/2583/2583 2589/2589/2589 2588/2588/2588
f 2600/2600/2600 2214/2214/2214 2213/2213/2213
f 2600/2600/2600 2213/2213/2213 2595/2595/2595
f 2595/2595/2595 2598/2598/2598 2601/2601/2601
f 2595/2595/2595 2601/2601/2601 2600/2600/2600
f 2580/2580/2580 2203/2203/2203 2202/2202/2202
f 2580/2580/2580 2202/2202/2202 2577/2577/2577
f 2577/2577/2577 2578/2578/2578 2581/2581/2581
f 2577/2577/2577 2581/2581/2581 2580/2580/2580
f 2592/2592/2592 2210/2210/2210 2209/2209/2209
f 2592/2592/2592 2209/2209/2209 2603/2603/2603
f 2603/2603/2603 2604/2604/2604 2593/2593/2593
f 2603/2603/2603 2593/2593/2593 2592/2592/2592
f 2590/2590/2590 2589/2589/2589 2572/2572/2572
f 2590/2590/2590 2572/2572/2572 2561/2561/2561
f 2589/2589/2589 2586/2586/2586 2562/2562/2562
f 2589/2589/2589 2562/2562/2562 2572/2572/2572
f 2586/2586/2586 2585/2585/2585 2563/2563/2563
f 2586/2586/2586 2563/2563/2563 2562/2562/2562
f 2585/2585/2585 2582/2582/2582 2564/2564/2564
f 2585/2585/2585 2564/2564/2564 2563/2563/2563
f 2582/2582/2582 2581/2581/2581 2565/2565/2565
f 2582/2582/2582 2565/2565/2565 2564/2564/2564
f 2581/2581/2581 2578/2578/2578 2566/2566/2566
f 2581/2581/2581 2566/2566/2566 2565/2565/2565
f 2578/2578/2578 2576/2576/2576 2567/2567/2567
f 2578/2578/2578 2567/2567/2567 2566/2566/2566
f 2576/2576/2576 2575/2575/2575 2568/2568/2568
f 2576/2576/2576 2568/2568/2568 2567/2567/2567
f 2575/2575/2575 2602/2602/2602 2569/2569/2569
f 2575/2575/2575 2569/2569/2569 2568/2568/2568
f 2602/2602/2602 2601/2601/2601 2570/2570/2570
f 2602/2602/2602 2570/2570/2570 2569/2569/2569
f 2601/2601/2601 2598/2598/2598 2571/2571/2571
f 2601/2601/2601 2571/2571/2571 2570/2570/2570
f 2598/2598/2598 2597/2597/2597 2557/2557/2557
f 2598/2598/2598 2557/2557/2557 2571/2571/2571
f 2597/2597/2597 2594/2594/2594 2558/2558/2558
f 2597/2597/2597 2558/2558/2558 2557/2557/2557
f 2594/2594/2594 2593/2593/2593 2559/2559/2559
f 2594/2594/2594 2559/2559/2559 2558/2558/2558
f 2593/2593/2593 2604/2604/2604 2560/2560/2560
f 2593/2593/2593 2560/2560/2560 2559/2559/2559
f 2604/2604/2604 2590/2590/2590 2561/2561/2561
f 2604/2604/2604 2561/2561/2561 2560/2560/2560
f 2613/2613/2613 2611/2611/2611 2612/2612/2612
f 2611/2611/2611 2613/2613/2613 2614/2614/2614
f 2611/2611/2611 2614/2614/2614 2610/2610/2610
f 2610/2610/2610 2614/2614/2614 2615/2615/2615
f 2610/2610/2610 2615/2615/2615 2609/2609/2609
f 2609/2609/2609 2615/2615/2615 2616/2616/2616
f 2609/2609/2609 2616/2616/2616 2608/2608/2608
f 2608/2608/2608 2616/2616/2616 2617/2617/2617
f 2608/2608/2608 2617/2617/2617 2607/2607/2607
f 2607/2607/2607 2617/2617/2617 2618/2618/2618
f 2607/2607/2607 2618/2618/2618 2606/2606/2606
f 2606/2606/2606 2618/2618/2618 2619/2619/2619
f 2606/2606/2606 2619/2619/2619 2605/2605/2605
f 2605/2605/2605 2619/2619/2619 2620/2620/2620

o GARRAFA_TAMPA_0
usemtl TAMPA
v 0.68368065 47.33616257 -2.41967630
v 0.60891008 47.33616257 -1.66357362
v 1.20630884 47.33616257 -2.21443248
v -0.60891008 47.33616257 -1.66357362
v -0.68368053 47.33616257 -2.41967630
v -1.20630884 47.33616257 -2.21443248
v -2.41967630 47.33616257 -0.68368053
v -1.66357362 47.33616257 -0.60891008
v -2.21443248 47.33616257 -1.20630884
v -1.66357362 47.33616257 0.60891008
v -2.41967630 47.33616257 0.68368071
v -2.21443248 47.33616257 1.20630884
v 1.66357362 47.33616257 -0.60891008
v 2.41967630 47.33616257 -0.68368053
v 2.21443248 47.33616257 -1.20630884
v 2.41967630 47.33616257 0.68368071
v 1.66357362 47.33616257 0.60891008
v 2.21443248 47.33616257 1.20630884
v 0.60891008 47.33616257 1.66357362
v 0.68368065 47.33616257 2.41967630
v 1.20630884 47.33616257 2.21443248
v -0.68368053 47.33616257 2.41967630
v -0.60891008 47.33616257 1.66357362
v -1.20630884 47.33616257 2.21443248
v -0.71909714 46.91559601 -2.68370748
v 0.00000005 46.91559601 -2.77837873
v -0.22046384 46.76202393 -2.74892688
v -0.49852264 46.76202393 -2.71231914
v -1.38918936 46.91559601 -2.40614676
v -0.92442620 46.76202393 -2.59819913
v -1.18353593 46.76202393 -2.49087214
v -1.96461046 46.91559601 -1.96461010
v -1.56539047 46.76202393 -2.27040863
v -1.78789330 46.76202393 -2.09967613
v -2.40614676 46.91559601 -1.38918900
v -2.09967613 46.76202393 -1.78789306
v -2.27040863 46.76202393 -1.56539023
v -2.68370748 46.91559601 -0.71909714
v -2.49087214 46.76202393 -1.18353581
v -2.59819913 46.76202393 -0.92442620
v -2.77837873 46.91559601 0.00000011
v -2.71231914 46.76202393 -0.49852258
v -2.74892688 46.76202393 -0.22046377
v -2.68370748 46.91559601 0.71909738
v -2.74892688 46.76202393 0.22046401
v -2.71231914 46.76202393 0.49852288
v -2.40614676 46.91559601 1.38918936
v -2.59819913 46.76202393 0.92442650
v -2.49087214 46.76202393 1.18353605
v -1.96461046 46.91559601 1.96461046
v -2.27040863 46.76202393 1.56539059
v -2.09967613 46.76202393 1.78789330
v -1.38918936 46.91559601 2.40614676
v -1.78789330 46.76202393 2.09967613
v -1.56539047 46.76202393 2.27040863
v -0.71909714 46.91559601 2.68370748
v -1.18353593 46.76202393 2.49087214
v -0.92442620 46.76202393 2.59819913
v 0.00000005 46.91559601 2.77837873
v -0.49852264 46.76202393 2.71231914
v -0.22046384 46.76202393 2.74892688
v 0.71909732 46.91559601 2.68370748
v 0.22046396 46.76202393 2.74892688
v 0.49852282 46.76202393 2.71231914
v 1.38918936 46.91559601 2.40614676
v 0.92442644 46.76202393 2.59819913
v 1.18353593 46.76202393 2.49087214
v 1.96461046 46.91559601 1.96461046
v 1.56539047 46.76202393 2.27040863
v 1.78789330 46.76202393 2.09967613
v 2.40614676 46.91559601 1.38918936
v 2.09967613 46.76202393 1.78789330
v 2.27040863 46.76202393 1.56539059
v 2.68370748 46.91559601 0.71909738
v 2.49087214 46.76202393 1.18353605
v 2.59819913 46.76202393 0.92442650
v 2.77837873 46.91559601 0.00000011
v 2.71231914 46.76202393 0.49852288
v 2.74892688 46.76202393 0.22046401
v 2.68370748 46.91559601 -0.71909714
v 2.74892688 46.76202393 -0.22046377
v 2.71231914 46.76202393 -0.49852258
v 2.40614676 46.91559601 -1.38918900
v 2.59819913 46.76202393 -0.92442620
v 2.49087214 46.76202393 -1.18353581
v 1.96461046 46.91559601 -1.96461010
v 2.27040863 46.76202393 -1.56539023
v 2.09967613 46.76202393 -1.78789306
v 1.38918936 46.91559601 -2.40614676
v 1.78789330 46.76202393 -2.09967613
v 1.56539047 46.76202393 -2.27040863
v 0.71909732 46.91559601 -2.68370748
v 1.18353593 46.76202393 -2.49087214
v 0.92442644 46.76202393 -2.59819913
v 0.00000005 46.91559601 -2.77837873
v 0.49852282 46.76202393 -2.71231914
v 0.22046396 46.76202393 -2.74892688
v 0.49542800 46.76335526 -2.65631294
v 0.20895687 46.76335144 -2.69402146
v 1.16634381 46.76377487 -2.43828249
v 0.89939141 46.76376724 -2.54884434
v 1.75794065 46.76401520 -2.05367303
v 1.52870333 46.76401138 -2.22956491
v 2.22956491 46.76401138 -1.52870321
v 2.05367303 46.76401520 -1.75794029
v 2.54884434 46.76376724 -0.89939135
v 2.43828249 46.76377487 -1.16634369
v 2.69402146 46.76335144 -0.20895670
v 2.65631294 46.76335526 -0.49542779
v 2.65631294 46.76335526 0.49542803
v 2.69402146 46.76335144 0.20895693
v 2.43828249 46.76377487 1.16634393
v 2.54884434 46.76376724 0.89939153
v 2.05367303 46.76401520 1.75794041
v 2.22956491 46.76401138 1.52870345
v 1.52870333 46.76401138 2.22956491
v 1.75794065 46.76401520 2.05367303
v 0.89939141 46.76376724 2.54884434
v 1.16634381 46.76377487 2.43828249
v 0.20895687 46.76335144 2.69402146
v 0.49542800 46.76335526 2.65631294
v -0.49542791 46.76335526 2.65631294
v -0.20895678 46.76335144 2.69402146
v -1.16634393 46.76377487 2.43828249
v -0.89939141 46.76376724 2.54884434
v -1.75794065 46.76401520 2.05367303
v -1.52870333 46.76401138 2.22956491
v -2.22956491 46.76401138 1.52870345
v -2.05367303 46.76401520 1.75794041
v -2.54884434 46.76376724 0.89939153
v -2.43828249 46.76377487 1.16634393
v -2.69402146 46.76335144 0.20895693
v -2.65631294 46.76335526 0.49542803
v -2.65631294 46.76335526 -0.49542779
v -2.69402146 46.76335144 -0.20895670
v -2.43828249 46.76377487 -1.16634369
v -2.54884434 46.76376724 -0.89939135
v -2.05367303 46.76401520 -1.75794029
v -2.22956491 46.76401138 -1.52870321
v -1.52870333 46.76401138 -2.22956491
v -1.75794065 46.76401520 -2.05367303
v -0.89939141 46.76376724 -2.54884434
v -1.16634393 46.76377487 -2.43828249
v -0.20895678 46.76335144 -2.69402146
v -0.49542791 46.76335526 -2.65631294
v 0.00000005 47.33616257 -2.51138592
v 0.00000006 47.33616257 -1.74168706
v 0.00000005 46.91559601 -2.77837873
v 0.00000005 47.12806702 -2.74958611
v 0.71164531 47.12806702 -2.65589595
v 0.71909732 46.91559601 -2.68370748
v -0.21423689 46.33333969 -2.76240659
v -0.20799698 46.27883148 -2.68194866
v -0.49322951 46.27883148 -2.64439678
v -0.50802630 46.33333969 -2.72372866
v -0.92190039 46.33333969 -2.61283135
v -0.89504904 46.27883148 -2.53672981
v -1.16084337 46.27883148 -2.42663407
v -1.19566882 46.33333969 -2.49943280
v -1.56673813 46.33333969 -2.28519654
v -1.52110481 46.27883148 -2.21863699
v -1.74934769 46.27883148 -2.04349995
v -1.80182827 46.33333969 -2.10480475
v -2.10480523 46.33333969 -1.80182815
v -2.04350019 46.27883148 -1.74934757
v -2.21863699 46.27883148 -1.52110481
v -2.28519654 46.33333969 -1.56673813
v -2.49943280 46.33333969 -1.19566858
v -2.42663407 46.27883148 -1.16084313
v -2.53672981 46.27883148 -0.89504898
v -2.61283135 46.33333969 -0.92190039
v -2.72372866 46.33333969 -0.50802624
v -2.64439678 46.27883148 -0.49322942
v -2.68194866 46.27883148 -0.20799690
v -2.76240659 46.33333969 -0.21423680
v -2.76240659 46.33333969 0.21423702
v -2.68194866 46.27883148 0.20799714
v -2.64439678 46.27883148 0.49322966
v -2.72372866 46.33333969 0.50802648
v -2.61283135 46.33333969 0.92190057
v -2.53672981 46.27883148 0.89504921
v -2.42663407 46.27883148 1.16084337
v -2.49943280 46.33333969 1.19566882
v -2.28519654 46.33333969 1.56673825
v -2.21863699 46.27883148 1.52110493
v -2.04350019 46.27883148 1.74934769
v -2.10480523 46.33333969 1.80182850
v -1.80182827 46.33333969 2.10480523
v -1.74934769 46.27883148 2.04350019
v -1.52110481 46.27883148 2.21863699
v -1.56673813 46.33333969 2.28519654
v -1.19566882 46.33333969 2.49943280
v -1.16084337 46.27883148 2.42663407
v -0.89504904 46.27883148 2.53672981
v -0.92190039 46.33333969 2.61283135
v -0.50802630 46.33333969 2.72372866
v -0.49322951 46.27883148 2.64439678
v -0.20799698 46.27883148 2.68194866
v -0.21423689 46.33333969 2.76240659
v 0.21423697 46.33333969 2.76240659
v 0.20799707 46.27883148 2.68194866
v 0.49322960 46.27883148 2.64439678
v 0.50802648 46.33333969 2.72372866
v 0.92190045 46.33333969 2.61283135
v 0.89504915 46.27883148 2.53672981
v 1.16084325 46.27883148 2.42663407
v 1.19566858 46.33333969 2.49943280
v 1.56673813 46.33333969 2.28519654
v 1.52110481 46.27883148 2.21863699
v 1.74934769 46.27883148 2.04350019
v 1.80182827 46.33333969 2.10480523
v 2.10480523 46.33333969 1.80182850
v 2.04350019 46.27883148 1.74934769
v 2.21863699 46.27883148 1.52110493
v 2.28519654 46.33333969 1.56673825
v 2.49943280 46.33333969 1.19566882
v 2.42663407 46.27883148 1.16084337
v 2.53672981 46.27883148 0.89504921
v 2.61283135 46.33333969 0.92190057
v 2.72372866 46.33333969 0.50802648
v 2.64439678 46.27883148 0.49322966
v 2.68194866 46.27883148 0.20799714
v 2.76240659 46.33333969 0.21423702
v 2.76240659 46.33333969 -0.21423680
v 2.68194866 46.27883148 -0.20799690
v 2.64439678 46.27883148 -0.49322942
v 2.72372866 46.33333969 -0.50802624
v 2.61283135 46.33333969 -0.92190039
v 2.53672981 46.27883148 -0.89504898
v 2.42663407 46.27883148 -1.16084313
v 2.49943280 46.33333969 -1.19566858
v 2.28519654 46.33333969 -1.56673813
v 2.21863699 46.27883148 -1.52110481
v 2.04350019 46.27883148 -1.74934757
v 2.10480523 46.33333969 -1.80182815
v 1.80182827 46.33333969 -2.10480475
v 1.74934769 46.27883148 -2.04349995
v 1.52110481 46.27883148 -2.21863699
v 1.56673813 46.33333969 -2.28519654
v 1.19566858 46.33333969 -2.49943280
v 1.16084325 46.27883148 -2.42663407
v 0.89504915 46.27883148 -2.53672981
v 0.92190045 46.33333969 -2.61283135
v 0.50802648 46.33333969 -2.72372866
v 0.49322960 46.27883148 -2.64439678
v 0.20799707 46.27883148 -2.68194866
v 0.21423697 46.33333969 -2.76240659
v 0.00000005 46.32968521 -2.94935584
v 0.00000005 46.27883148 -2.89236355
v -0.22615154 46.27883148 -2.81984591
v -0.22615154 46.33333969 -2.81984591
v -0.51138395 46.33333969 -2.78229380
v -0.51138395 46.27883148 -2.78229380
v -0.74859858 46.27883148 -2.79380822
v -0.76334929 46.32968521 -2.84885883
v -0.94827533 46.27883148 -2.66522956
v -0.94827533 46.33333969 -2.66522956
v -1.21406972 46.33333969 -2.55513382
v -1.21406972 46.27883148 -2.55513382
v -1.44618177 46.27883148 -2.50486040
v -1.47467792 46.32968521 -2.55421734
v -1.60577571 46.27883148 -2.32898235
v -1.60577571 46.33333969 -2.32898235
v -1.83401871 46.33333969 -2.15384531
v -1.83401871 46.27883148 -2.15384531
v -2.04520988 46.27883148 -2.04520941
v -2.08550954 46.32968521 -2.08550906
v -2.15384531 46.27883148 -1.83401847
v -2.15384531 46.33333969 -1.83401847
v -2.32898235 46.33333969 -1.60577559
v -2.32898235 46.27883148 -1.60577559
v -2.50486040 46.27883148 -1.44618142
v -2.55421734 46.32968521 -1.47467756
v -2.55513382 46.27883148 -1.21406972
v -2.55513382 46.33333969 -1.21406972
v -2.66522956 46.33333969 -0.94827533
v -2.66522956 46.27883148 -0.94827533
v -2.79380822 46.27883148 -0.74859852
v -2.84885883 46.32968521 -0.76334924
v -2.78229380 46.27883148 -0.51138389
v -2.78229380 46.33333969 -0.51138389
v -2.81984591 46.33333969 -0.22615148
v -2.81984591 46.27883148 -0.22615148
v -2.89236355 46.27883148 0.00000012
v -2.94935584 46.32968521 0.00000012
v -2.81984591 46.27883148 0.22615170
v -2.81984591 46.33333969 0.22615170
v -2.78229380 46.33333969 0.51138419
v -2.78229380 46.27883148 0.51138419
v -2.79380822 46.27883148 0.74859875
v -2.84885883 46.32968521 0.76334947
v -2.66522956 46.27883148 0.94827563
v -2.66522956 46.33333969 0.94827563
v -2.55513382 46.33333969 1.21406984
v -2.55513382 46.27883148 1.21406984
v -2.50486040 46.27883148 1.44618177
v -2.55421734 46.32968521 1.47467792
v -2.32898235 46.27883148 1.60577595
v -2.32898235 46.33333969 1.60577595
v -2.15384531 46.33333969 1.83401871
v -2.15384531 46.27883148 1.83401871
v -2.04520988 46.27883148 2.04520988
v -2.08550954 46.32968521 2.08550954
v -1.83401871 46.27883148 2.15384531
v -1.83401871 46.33333969 2.15384531
v -1.60577571 46.33333969 2.32898235
v -1.60577571 46.27883148 2.32898235
v -1.44618177 46.27883148 2.50486040
v -1.47467792 46.32968521 2.55421734
v -1.21406972 46.27883148 2.55513382
v -1.21406972 46.33333969 2.55513382
v -0.94827533 46.33333969 2.66522956
v -0.94827533 46.27883148 2.66522956
v -0.74859858 46.27883148 2.79380822
v -0.76334929 46.32968521 2.84885883
v -0.51138395 46.27883148 2.78229380
v -0.51138395 46.33333969 2.78229380
v -0.22615154 46.33333969 2.81984591
v -0.22615154 46.27883148 2.81984591
v 0.00000005 46.27883148 2.89236355
v 0.00000005 46.32968521 2.94935584
v 0.22615166 46.27883148 2.81984591
v 0.22615166 46.33333969 2.81984591
v 0.51138413 46.33333969 2.78229380
v 0.51138413 46.27883148 2.78229380
v 0.74859869 46.27883148 2.79380822
v 0.76334941 46.32968521 2.84885883
v 0.94827551 46.27883148 2.66522956
v 0.94827551 46.33333969 2.66522956
v 1.21406972 46.33333969 2.55513382
v 1.21406972 46.27883148 2.55513382
v 1.44618177 46.27883148 2.50486040
v 1.47467792 46.32968521 2.55421734
v 1.60577571 46.27883148 2.32898235
v 1.60577571 46.33333969 2.32898235
v 1.83401871 46.33333969 2.15384531
v 1.83401871 46.27883148 2.15384531
v 2.04520988 46.27883148 2.04520988
v 2.08550954 46.32968521 2.08550954
v 2.15384531 46.27883148 1.83401871
v 2.15384531 46.33333969 1.83401871
v 2.32898235 46.33333969 1.60577595
v 2.32898235 46.27883148 1.60577595
v 2.50486040 46.27883148 1.44618177
v 2.55421734 46.32968521 1.47467792
v 2.55513382 46.27883148 1.21406984
v 2.55513382 46.33333969 1.21406984
v 2.66522956 46.33333969 0.94827563
v 2.66522956 46.27883148 0.94827563
v 2.79380822 46.27883148 0.74859875
v 2.84885883 46.32968521 0.76334947
v 2.78229380 46.27883148 0.51138419
v 2.78229380 46.33333969 0.51138419
v 2.81984591 46.33333969 0.22615170
v 2.81984591 46.27883148 0.22615170
v 2.89236355 46.27883148 0.00000012
v 2.94935584 46.32968521 0.00000012
v 2.81984591 46.27883148 -0.22615148
v 2.81984591 46.33333969 -0.22615148
v 2.78229380 46.33333969 -0.51138389
v 2.78229380 46.27883148 -0.51138389
v 2.79380822 46.27883148 -0.74859852
v 2.84885883 46.32968521 -0.76334924
v 2.66522956 46.27883148 -0.94827533
v 2.66522956 46.33333969 -0.94827533
v 2.55513382 46.33333969 -1.21406972
v 2.55513382 46.27883148 -1.21406972
v 2.50486040 46.27883148 -1.44618142
v 2.55421734 46.32968521 -1.47467756
v 2.32898235 46.27883148 -1.60577559
v 2.32898235 46.33333969 -1.60577559
v 2.15384531 46.33333969 -1.83401847
v 2.15384531 46.27883148 -1.83401847
v 2.04520988 46.27883148 -2.04520941
v 2.08550954 46.32968521 -2.08550906
v 1.83401871 46.27883148 -2.15384531
v 1.83401871 46.33333969 -2.15384531
v 1.60577571 46.33333969 -2.32898235
v 1.60577571 46.27883148 -2.32898235
v 1.44618177 46.27883148 -2.50486040
v 1.47467792 46.32968521 -2.55421734
v 1.21406972 46.27883148 -2.55513382
v 1.21406972 46.33333969 -2.55513382
v 0.94827551 46.33333969 -2.66522956
v 0.94827551 46.27883148 -2.66522956
v 0.74859869 46.27883148 -2.79380822
v 0.76334941 46.32968521 -2.84885883
v 0.51138413 46.27883148 -2.78229380
v 0.51138413 46.33333969 -2.78229380
v 0.22615166 46.33333969 -2.81984591
v 0.22615166 46.27883148 -2.81984591
v 0.00000005 46.27883148 -2.89236355
v 0.00000005 46.32968521 -2.94935584
v -0.71909714 46.91559601 -2.68370748
v -0.71164519 47.12806702 -2.65589595
v -1.23155868 47.33616257 -1.23155868
v -1.77581799 47.33616257 -1.77581799
v -2.51138592 47.33616257 0.00000010
v -1.74168706 47.33616257 0.00000007
v -2.77837873 46.91559601 0.00000011
v -2.74958611 47.12806702 0.00000011
v -2.65589595 47.12806702 -0.71164513
v -2.68370748 46.91559601 -0.71909714
v -2.68370748 46.91559601 0.71909738
v -2.40614676 46.91559601 1.38918936
v -2.38121176 47.12806702 1.37479305
v -2.65589595 47.12806702 0.71164536
v 1.77581799 47.33616257 -1.77581799
v 1.23155868 47.33616257 -1.23155868
v 2.51138592 47.33616257 0.00000010
v 1.74168706 47.33616257 0.00000007
v 2.68370748 46.91559601 -0.71909714
v 2.65589595 47.12806702 -0.71164513
v 2.74958611 47.12806702 0.00000011
v 2.77837873 46.91559601 0.00000011
v 0.00000005 47.33616257 0.00000000
v -1.23155868 47.33616257 1.23155880
v 0.00000006 47.33616257 1.74168706
v 2.65589595 47.12806702 0.71164536
v 2.68370748 46.91559601 0.71909738
v -2.71519160 46.27883148 -0.56287330
v -2.57729435 46.27883148 -0.54471868
v -2.73466635 46.27883148 -0.73275149
v -2.63286161 46.27883148 -0.87013310
v -2.50436211 46.27883148 -0.81690663
v -2.34849167 46.27883148 -1.19321072
v -2.47699142 46.27883148 -1.24643731
v -2.45183492 46.27883148 -1.41556752
v -2.31794238 46.27883148 -1.52191877
v -2.20759726 46.27883148 -1.43724751
v -1.95964313 46.27883148 -1.76038742
v -2.06998825 46.27883148 -1.84505844
v -2.00191450 46.27883148 -2.00191450
v -1.84505856 46.27883148 -2.06998801
v -1.76038742 46.27883148 -1.95964313
v -1.43724787 46.27883148 -2.20759726
v -1.52191877 46.27883148 -2.31794238
v -1.41556752 46.27883148 -2.45183492
v -1.24643743 46.27883148 -2.47699142
v -1.19321108 46.27883148 -2.34849167
v -0.81690669 46.27883148 -2.50436211
v -0.87013310 46.27883148 -2.63286161
v -0.73275161 46.27883148 -2.73466635
v -0.56287336 46.27883148 -2.71519160
v -0.54471880 46.27883148 -2.57729435
v -0.14089467 46.27883148 -2.63045907
v -0.15904923 46.27883148 -2.76835608
v 0.00000005 46.27883148 -2.83113503
v 0.15904933 46.27883148 -2.76835608
v 0.00000005 46.27883148 -2.83113503
v 0.14089477 46.27883148 -2.63045907
v 0.54471892 46.27883148 -2.57729435
v 0.56287348 46.27883148 -2.71519160
v 0.73275173 46.27883148 -2.73466635
v 0.87013328 46.27883148 -2.63286161
v 0.81690681 46.27883148 -2.50436211
v 1.19321084 46.27883148 -2.34849167
v 1.24643743 46.27883148 -2.47699142
v 1.41556752 46.27883148 -2.45183492
v 1.52191877 46.27883148 -2.31794238
v 1.43724787 46.27883148 -2.20759726
v 1.76038742 46.27883148 -1.95964313
v 1.84505856 46.27883148 -2.06998801
v 2.00191450 46.27883148 -2.00191450
v 2.06998825 46.27883148 -1.84505844
v 1.95964313 46.27883148 -1.76038742
v 2.20759726 46.27883148 -1.43724751
v 2.31794238 46.27883148 -1.52191877
v 2.45183492 46.27883148 -1.41556752
v 2.47699142 46.27883148 -1.24643731
v 2.34849167 46.27883148 -1.19321072
v 2.50436211 46.27883148 -0.81690663
v 2.63286161 46.27883148 -0.87013310
v 2.73466635 46.27883148 -0.73275149
v 2.71519160 46.27883148 -0.56287330
v 2.57729435 46.27883148 -0.54471868
v 2.63045907 46.27883148 -0.14089461
v 2.76835608 46.27883148 -0.15904917
v 2.83113503 46.27883148 0.00000012
v 2.76835608 46.27883148 0.15904941
v 2.63045907 46.27883148 0.14089482
v 2.57729435 46.27883148 0.54471898
v 2.71519160 46.27883148 0.56287354
v 2.73466635 46.27883148 0.73275179
v 2.63286161 46.27883148 0.87013328
v 2.50436211 46.27883148 0.81690681
v 2.34849167 46.27883148 1.19321108
v 2.47699142 46.27883148 1.24643755
v 2.45183492 46.27883148 1.41556764
v 2.31794238 46.27883148 1.52191913
v 2.20759726 46.27883148 1.43724787
v 1.95964313 46.27883148 1.76038766
v 2.06998825 46.27883148 1.84505880
v 2.00191450 46.27883148 2.00191474
v 1.84505880 46.27883148 2.06998825
v 1.76038742 46.27883148 1.95964313
v 1.43724787 46.27883148 2.20759726
v 1.52191877 46.27883148 2.31794238
v 1.41556752 46.27883148 2.45183492
v 1.24643743 46.27883148 2.47699142
v 1.19321084 46.27883148 2.34849167
v 0.81690681 46.27883148 2.50436211
v 0.87013328 46.27883148 2.63286161
v 0.73275173 46.27883148 2.73466635
v 0.56287348 46.27883148 2.71519160
v 0.54471892 46.27883148 2.57729435
v 0.14089477 46.27883148 2.63045907
v 0.15904933 46.27883148 2.76835608
v 0.00000005 46.27883148 2.83113503
v -0.15904923 46.27883148 2.76835608
v -0.14089467 46.27883148 2.63045907
v -0.54471880 46.27883148 2.57729435
v -0.56287336 46.27883148 2.71519160
v -0.73275161 46.27883148 2.73466635
v -0.87013310 46.27883148 2.63286161
v -0.81690669 46.27883148 2.50436211
v -1.19321108 46.27883148 2.34849167
v -1.24643743 46.27883148 2.47699142
v -1.41556752 46.27883148 2.45183492
v -1.52191877 46.27883148 2.31794238
v -1.43724787 46.27883148 2.20759726
v -1.76038742 46.27883148 1.95964313
v -1.84505880 46.27883148 2.06998825
v -2.00191450 46.27883148 2.00191474
v -2.06998825 46.27883148 1.84505880
v -1.95964313 46.27883148 1.76038766
v -2.20759726 46.27883148 1.43724787
v -2.31794238 46.27883148 1.52191913
v -2.45183492 46.27883148 1.41556764
v -2.47699142 46.27883148 1.24643755
v -2.34849167 46.27883148 1.19321108
v -2.50436211 46.27883148 0.81690681
v -2.63286161 46.27883148 0.87013328
v -2.73466635 46.27883148 0.73275179
v -2.71519160 46.27883148 0.56287354
v -2.57729435 46.27883148 0.54471898
v -2.63045907 46.27883148 0.14089482
v -2.76835608 46.27883148 0.15904941
v -2.83113503 46.27883148 0.00000012
v -2.76835608 46.27883148 -0.15904917
v -2.63045907 46.27883148 -0.14089461
v -0.20800559 46.61533737 -2.68176603
v -0.49317473 46.61534119 -2.64422894
v -0.89529407 46.61574936 -2.53723669
v -1.16103351 46.61575699 -2.42717743
v -1.52173781 46.61598969 -2.21940875
v -1.74993312 46.61599350 -2.04431629
v -2.04431629 46.61599350 -1.74993300
v -2.21940875 46.61598969 -1.52173758
v -2.42717743 46.61575699 -1.16103315
v -2.53723669 46.61574936 -0.89529401
v -2.64422894 46.61534119 -0.49317464
v -2.68176603 46.61533737 -0.20800552
v -2.68176603 46.61533737 0.20800576
v -2.64422894 46.61534119 0.49317488
v -2.53723669 46.61574936 0.89529425
v -2.42717743 46.61575699 1.16103351
v -2.21940875 46.61598969 1.52173781
v -2.04431629 46.61599350 1.74993312
v -1.74993312 46.61599350 2.04431629
v -1.52173769 46.61598969 2.21940875
v -1.16103351 46.61575699 2.42717743
v -0.89529407 46.61574936 2.53723669
v -0.49317473 46.61534119 2.64422894
v -0.20800559 46.61533737 2.68176603
v 0.20800568 46.61533737 2.68176603
v 0.49317485 46.61534119 2.64422894
v 0.89529419 46.61574936 2.53723669
v 1.16103327 46.61575699 2.42717743
v 1.52173769 46.61598969 2.21940875
v 1.74993312 46.61599350 2.04431629
v 2.04431629 46.61599350 1.74993312
v 2.21940875 46.61598969 1.52173781
v 2.42717743 46.61575699 1.16103351
v 2.53723669 46.61574936 0.89529425
v 2.64422894 46.61534119 0.49317488
v 2.68176603 46.61533737 0.20800576
v 2.68176603 46.61533737 -0.20800552
v 2.64422894 46.61534119 -0.49317464
v 2.53723669 46.61574936 -0.89529401
v 2.42717743 46.61575699 -1.16103315
v 2.21940875 46.61598969 -1.52173758
v 2.04431629 46.61599350 -1.74993300
v 1.74993312 46.61599350 -2.04431629
v 1.52173781 46.61598969 -2.21940875
v 1.16103327 46.61575699 -2.42717743
v 0.89529419 46.61574936 -2.53723669
v 0.49317485 46.61534119 -2.64422894
v 0.20800568 46.61533737 -2.68176603
v 0.00000005 46.61983490 -2.90511537
v -0.22275928 46.61618042 -2.77754831
v -0.50371319 46.61618042 -2.74055934
v -0.75189906 46.61983490 -2.80612588
v -0.93405128 46.61618042 -2.62525105
v -1.19585872 46.61618042 -2.51680660
v -1.45255768 46.61983490 -2.51590395
v -1.58168912 46.61618042 -2.29404783
v -1.80650842 46.61618042 -2.12153745
v -2.05422688 46.61983490 -2.05422664
v -2.12153745 46.61618042 -1.80650818
v -2.29404783 46.61618042 -1.58168900
v -2.51590395 46.61983490 -1.45255733
v -2.51680660 46.61618042 -1.19585860
v -2.62525105 46.61618042 -0.93405128
v -2.80612588 46.61983490 -0.75189900
v -2.74055934 46.61618042 -0.50371319
v -2.77754831 46.61618042 -0.22275920
v -2.90511537 46.61983490 0.00000012
v -2.77754831 46.61618042 0.22275944
v -2.74055934 46.61618042 0.50371343
v -2.80612588 46.61983490 0.75189924
v -2.62525105 46.61618042 0.93405151
v -2.51680660 46.61618042 1.19585884
v -2.51590395 46.61983490 1.45255768
v -2.29404783 46.61618042 1.58168936
v -2.12153745 46.61618042 1.80650842
v -2.05422688 46.61983490 2.05422688
v -1.80650842 46.61618042 2.12153745
v -1.58168912 46.61618042 2.29404783
v -1.45255768 46.61983490 2.51590395
v -1.19585872 46.61618042 2.51680660
v -0.93405128 46.61618042 2.62525105
v -0.75189906 46.61983490 2.80612588
v -0.50371319 46.61618042 2.74055934
v -0.22275928 46.61618042 2.77754831
v 0.00000005 46.61983490 2.90511537
v 0.22275940 46.61618042 2.77754831
v 0.50371343 46.61618042 2.74055934
v 0.75189918 46.61983490 2.80612588
v 0.93405145 46.61618042 2.62525105
v 1.19585872 46.61618042 2.51680660
v 1.45255768 46.61983490 2.51590395
v 1.58168912 46.61618042 2.29404783
v 1.80650842 46.61618042 2.12153745
v 2.05422688 46.61983490 2.05422688
v 2.12153745 46.61618042 1.80650842
v 2.29404783 46.61618042 1.58168936
v 2.51590395 46.61983490 1.45255768
v 2.51680660 46.61618042 1.19585884
v 2.62525105 46.61618042 0.93405151
v 2.80612588 46.61983490 0.75189924
v 2.74055934 46.61618042 0.50371343
v 2.77754831 46.61618042 0.22275944
v 2.90511537 46.61983490 0.00000012
v 2.77754831 46.61618042 -0.22275920
v 2.74055934 46.61618042 -0.50371319
v 2.80612588 46.61983490 -0.75189900
v 2.62525105 46.61618042 -0.93405128
v 2.51680660 46.61618042 -1.19585860
v 2.51590395 46.61983490 -1.45255733
v 2.29404783 46.61618042 -1.58168900
v 2.12153745 46.61618042 -1.80650818
v 2.05422688 46.61983490 -2.05422664
v 1.80650842 46.61618042 -2.12153745
v 1.58168912 46.61618042 -2.29404783
v 1.45255768 46.61983490 -2.51590395
v 1.19585872 46.61618042 -2.51680660
v 0.93405145 46.61618042 -2.62525105
v 0.75189918 46.61983490 -2.80612588
v 0.50371343 46.61618042 -2.74055934
v 0.22275940 46.61618042 -2.77754831
v 0.00000005 46.61983490 -2.90511537
v 0.00000005 47.33616257 2.51138592
v 1.38918936 46.91559601 2.40614676
v 1.37479305 47.12806702 2.38121176
v 0.71164531 47.12806702 2.65589595
v 0.71909732 46.91559601 2.68370748
v -1.77581799 47.33616257 1.77581811
v 0.00000005 46.91559601 2.77837873
v 0.00000005 47.12806702 2.74958611
v -0.71164519 47.12806702 2.65589595
v -0.71909714 46.91559601 2.68370748
v 1.23155868 47.33616257 1.23155880
v 1.77581799 47.33616257 1.77581811
v 2.40614676 46.91559601 -1.38918900
v 2.38121176 47.12806702 -1.37479281
v 2.38121176 47.12806702 1.37479305
v 2.40614676 46.91559601 1.38918936
v 1.96461046 46.91559601 -1.96461010
v 1.38918936 46.91559601 -2.40614676
v 1.37479305 47.12806702 -2.38121176
v 1.94425094 47.12806702 -1.94425082
v -1.38918936 46.91559601 -2.40614676
v -1.37479305 47.12806702 -2.38121176
v -1.96461046 46.91559601 1.96461046
v -1.94425094 47.12806702 1.94425118
v -2.40614676 46.91559601 -1.38918900
v -2.38121176 47.12806702 -1.37479281
v 1.96461046 46.91559601 1.96461046
v 1.94425094 47.12806702 1.94425118
v -1.38918936 46.91559601 2.40614676
v -1.37479305 47.12806702 2.38121176
v -1.96461046 46.91559601 -1.96461010
v -1.94425094 47.12806702 -1.94425082
v -1.88764596 47.27681351 -1.88764596
v -2.32311440 47.27674484 -1.32063603
v -2.66953468 47.27681351 0.00000011
v -2.57680464 47.27679062 0.70053285
v -0.70053273 47.27679062 2.57680464
v -1.32063615 47.27674484 2.32311440
v 1.88764596 47.27681351 -1.88764596
v 2.32311440 47.27674484 -1.32063603
v 0.70053285 47.27679062 -2.57680464
v 1.32063615 47.27674484 -2.32311440
v 0.70053285 47.27679062 2.57680464
v 0.00000005 47.27681351 2.66953468
v -1.32063615 47.27674484 -2.32311440
v 2.32311440 47.27674484 1.32063615
v 1.88764596 47.27681351 1.88764608
v -1.88764596 47.27681351 1.88764608
v 1.32063615 47.27674484 2.32311440
v -2.57680464 47.27679062 -0.70053267
v -2.32311440 47.27674484 1.32063615
v -0.70053273 47.27679062 -2.57680464
v 2.57680464 47.27679062 0.70053285
v 2.57680464 47.27679062 -0.70053267
v 2.66953468 47.27681351 0.00000011
v 0.00000005 47.27681351 -2.66953468
vt 1.14408219 1.08460496
vt 1.13990092 1.12893085
vt 1.17481351 1.09639464
vt 1.06819594 1.12893371
vt 1.06397009 1.08457313
vt 1.03327668 1.09646086
vt 0.96062362 1.18607305
vt 1.00560904 1.19087361
vt 0.97329706 1.15518229
vt 1.00560462 1.26301938
vt 0.96064907 1.26776636
vt 0.97322065 1.29870778
vt 1.20249975 1.19086985
vt 1.24748564 1.18607251
vt 1.23481655 1.15518026
vt 1.24745905 1.26776028
vt 1.20250523 1.26301676
vt 1.23489499 1.29869622
vt 1.13990450 1.32497171
vt 1.14407384 1.36929670
vt 1.17480946 1.35752064
vt 1.06402767 1.36929321
vt 1.06820178 1.32496938
vt 1.03329432 1.35751227
vt 1.06293821 0.91802506
vt 1.06293821 0.95497959
vt 1.07673788 0.94368272
vt 1.07673788 0.92932193
vt 1.06293821 0.88107060
vt 1.07673788 0.90672885
vt 1.07673788 0.89236747
vt 1.06293821 0.84411673
vt 1.07673788 0.86977433
vt 1.07673788 0.85541295
vt 1.06293821 0.80716221
vt 1.07673788 0.83282046
vt 1.07673788 0.81845908
vt 1.06293821 0.77020828
vt 1.07673788 0.79586594
vt 1.07673788 0.78150456
vt 1.06293821 0.73325390
vt 1.07673788 0.75891213
vt 1.07673788 0.74455076
vt 1.06293821 0.69629997
vt 1.07673788 0.72195762
vt 1.07673788 0.70759624
vt 1.06293821 0.65934545
vt 1.07673788 0.68500370
vt 1.07673788 0.67064232
vt 1.06293821 0.62239164
vt 1.07673788 0.64804929
vt 1.07673788 0.63368791
vt 1.06293821 0.58543712
vt 1.07673788 0.61109477
vt 1.07673788 0.59673339
vt 1.06293821 0.54848319
vt 1.07673788 0.57414085
vt 1.07673788 0.55977947
vt 1.06293821 0.51152879
vt 1.07673788 0.53718644
vt 1.07673788 0.52282506
vt 1.06293821 0.47457486
vt 1.07673788 0.50023252
vt 1.07673788 0.48587114
vt 1.06293821 0.43762034
vt 1.07673788 0.46327800
vt 1.07673788 0.44891661
vt 1.06293821 0.40066653
vt 1.07673788 0.42632419
vt 1.07673788 0.41196281
vt 1.06293821 0.36371201
vt 1.07673788 0.38936967
vt 1.07673788 0.37500829
vt 1.06293821 0.32675809
vt 1.07673788 0.35241514
vt 1.07673788 0.33805436
vt 1.06293821 0.28980368
vt 1.07673788 0.31546134
vt 1.07673788 0.30110043
vt 1.06293821 0.25284976
vt 1.07673788 0.27850741
vt 1.07673788 0.26414543
vt 1.06293821 0.21589464
vt 1.07673788 0.24155289
vt 1.07673788 0.22719151
vt 1.06293821 0.17894083
vt 1.07673788 0.20459896
vt 1.07673788 0.19023758
vt 1.06293821 0.14198691
vt 1.07673788 0.16764456
vt 1.07673788 0.15328318
vt 1.06293821 0.10503238
vt 1.07673788 0.13069063
vt 1.07673788 0.11632925
vt 1.06293821 0.06807858
vt 1.07673788 0.09373623
vt 1.07673788 0.07937485
vt 1.07673788 0.09410721
vt 1.07673788 0.07900375
vt 1.07673788 0.13106102
vt 1.07673788 0.11595768
vt 1.07673788 0.16801554
vt 1.07673788 0.15291220
vt 1.07673788 0.20496947
vt 1.07673788 0.18986613
vt 1.07673788 0.24192446
vt 1.07673788 0.22681993
vt 1.07673788 0.27887839
vt 1.07673788 0.26377445
vt 1.07673788 0.31583232
vt 1.07673788 0.30072898
vt 1.07673788 0.35278672
vt 1.07673788 0.33768338
vt 1.07673788 0.38974124
vt 1.07673788 0.37463731
vt 1.07673788 0.42669517
vt 1.07673788 0.41159183
vt 1.07673788 0.46364957
vt 1.07673788 0.44854563
vt 1.07673788 0.50060350
vt 1.07673788 0.48550016
vt 1.07673788 0.53755802
vt 1.07673788 0.52245456
vt 1.07673788 0.57451183
vt 1.07673788 0.55940849
vt 1.07673788 0.61146635
vt 1.07673788 0.59636241
vt 1.07673788 0.64842027
vt 1.07673788 0.63331693
vt 1.07673788 0.68537468
vt 1.07673788 0.67027074
vt 1.07673788 0.72232860
vt 1.07673788 0.70722526
vt 1.07673788 0.75928311
vt 1.07673788 0.74417919
vt 1.07673788 0.79623692
vt 1.07673788 0.78113358
vt 1.07673788 0.83319144
vt 1.07673788 0.81808810
vt 1.07673788 0.87014531
vt 1.07673788 0.85504197
vt 1.07673788 0.90709983
vt 1.07673788 0.89199589
vt 1.07673788 0.94405370
vt 1.07673788 0.92895035
vt 1.10404992 1.07923697
vt 1.10404849 1.12435542
vt 1.10408545 1.04072272
vt 1.10406756 1.05396103
vt 1.14858961 1.05986147
vt 1.15201151 1.04710673
vt 1.10860944 0.94405370
vt 1.12015676 0.94405370
vt 1.12015676 0.92895035
vt 1.10860944 0.92895035
vt 1.10860944 0.90709983
vt 1.12015676 0.90709983
vt 1.12015676 0.89199589
vt 1.10860944 0.89199589
vt 1.10860944 0.87014531
vt 1.12015676 0.87014531
vt 1.12015676 0.85504197
vt 1.10860944 0.85504197
vt 1.10860944 0.83319144
vt 1.12015676 0.83319144
vt 1.12015676 0.81808810
vt 1.10860944 0.81808810
vt 1.10860944 0.79623692
vt 1.12015676 0.79623692
vt 1.12015676 0.78113358
vt 1.10860944 0.78113358
vt 1.10860944 0.75928311
vt 1.12015676 0.75928311
vt 1.12015676 0.74417919
vt 1.10860944 0.74417919
vt 1.10860944 0.72232860
vt 1.12015676 0.72232860
vt 1.12015676 0.70722526
vt 1.10860944 0.70722526
vt 1.10860944 0.68537468
vt 1.12015676 0.68537468
vt 1.12015676 0.67027074
vt 1.10860944 0.67027074
vt 1.10860944 0.64842027
vt 1.12015676 0.64842027
vt 1.12015676 0.63331693
vt 1.10860944 0.63331693
vt 1.10860944 0.61146635
vt 1.12015676 0.61146635
vt 1.12015676 0.59636241
vt 1.10860944 0.59636241
vt 1.10860944 0.57451183
vt 1.12015676 0.57451183
vt 1.12015676 0.55940849
vt 1.10860944 0.55940849
vt 1.10860944 0.53755802
vt 1.12015676 0.53755802
vt 1.12015676 0.52245456
vt 1.10860944 0.52245456
vt 1.10860944 0.50060350
vt 1.12015676 0.50060350
vt 1.12015676 0.48550016
vt 1.10860944 0.48550016
vt 1.10860944 0.46364957
vt 1.12015676 0.46364957
vt 1.12015676 0.44854563
vt 1.10860944 0.44854563
vt 1.10860944 0.42669517
vt 1.12015676 0.42669517
vt 1.12015676 0.41159183
vt 1.10860944 0.41159183
vt 1.10860944 0.38974124
vt 1.12015676 0.38974124
vt 1.12015676 0.37463731
vt 1.10860944 0.37463731
vt 1.10860944 0.35278672
vt 1.12015676 0.35278672
vt 1.12015676 0.33768338
vt 1.10860944 0.33768338
vt 1.10860944 0.31583232
vt 1.12015676 0.31583232
vt 1.12015676 0.30072898
vt 1.10860944 0.30072898
vt 1.10860944 0.27887839
vt 1.12015676 0.27887839
vt 1.12015676 0.26377445
vt 1.10860944 0.26377445
vt 1.10860944 0.24192446
vt 1.12015676 0.24192446
vt 1.12015676 0.22681993
vt 1.10860944 0.22681993
vt 1.10860944 0.20496947
vt 1.12015676 0.20496947
vt 1.12015676 0.18986613
vt 1.10860944 0.18986613
vt 1.10860944 0.16801554
vt 1.12015676 0.16801554
vt 1.12015676 0.15291220
vt 1.10860944 0.15291220
vt 1.10860944 0.13106102
vt 1.12015676 0.13106102
vt 1.12015676 0.11595768
vt 1.10860944 0.11595768
vt 1.10860944 0.09410721
vt 1.12015676 0.09410721
vt 1.12015676 0.07900375
vt 1.10860944 0.07900375
vt 1.10860944 0.95497959
vt 1.12015676 0.95497959
vt 1.12015676 0.94368272
vt 1.10860944 0.94368272
vt 1.10860944 0.92932193
vt 1.12015676 0.92932193
vt 1.12015676 0.91802506
vt 1.10860944 0.91802506
vt 1.12015676 0.90672885
vt 1.10860944 0.90672885
vt 1.10860944 0.89236747
vt 1.12015676 0.89236747
vt 1.12015676 0.88107060
vt 1.10860944 0.88107060
vt 1.12015676 0.86977433
vt 1.10860944 0.86977433
vt 1.10860944 0.85541295
vt 1.12015676 0.85541295
vt 1.12015676 0.84411673
vt 1.10860944 0.84411673
vt 1.12015676 0.83282046
vt 1.10860944 0.83282046
vt 1.10860944 0.81845908
vt 1.12015676 0.81845908
vt 1.12015676 0.80716221
vt 1.10860944 0.80716221
vt 1.12015676 0.79586594
vt 1.10860944 0.79586594
vt 1.10860944 0.78150456
vt 1.12015676 0.78150456
vt 1.12015676 0.77020828
vt 1.10860944 0.77020828
vt 1.12015676 0.75891213
vt 1.10860944 0.75891213
vt 1.10860944 0.74455076
vt 1.12015676 0.74455076
vt 1.12015676 0.73325390
vt 1.10860944 0.73325390
vt 1.12015676 0.72195762
vt 1.10860944 0.72195762
vt 1.10860944 0.70759624
vt 1.12015676 0.70759624
vt 1.12015676 0.69629997
vt 1.10860944 0.69629997
vt 1.12015676 0.68500370
vt 1.10860944 0.68500370
vt 1.10860944 0.67064232
vt 1.12015676 0.67064232
vt 1.12015676 0.65934545
vt 1.10860944 0.65934545
vt 1.12015676 0.64804929
vt 1.10860944 0.64804929
vt 1.10860944 0.63368791
vt 1.12015676 0.63368791
vt 1.12015676 0.62239164
vt 1.10860944 0.62239164
vt 1.12015676 0.61109477
vt 1.10860944 0.61109477
vt 1.10860944 0.59673339
vt 1.12015676 0.59673339
vt 1.12015676 0.58543712
vt 1.10860944 0.58543712
vt 1.12015676 0.57414085
vt 1.10860944 0.57414085
vt 1.10860944 0.55977947
vt 1.12015676 0.55977947
vt 1.12015676 0.54848319
vt 1.10860944 0.54848319
vt 1.12015676 0.53718644
vt 1.10860944 0.53718644
vt 1.10860944 0.52282506
vt 1.12015676 0.52282506
vt 1.12015676 0.51152879
vt 1.10860944 0.51152879
vt 1.12015676 0.50023252
vt 1.10860944 0.50023252
vt 1.10860944 0.48587114
vt 1.12015676 0.48587114
vt 1.12015676 0.47457486
vt 1.10860944 0.47457486
vt 1.12015676 0.46327800
vt 1.10860944 0.46327800
vt 1.10860944 0.44891661
vt 1.12015676 0.44891661
vt 1.12015676 0.43762034
vt 1.10860944 0.43762034
vt 1.12015676 0.42632419
vt 1.10860944 0.42632419
vt 1.10860944 0.41196281
vt 1.12015676 0.41196281
vt 1.12015676 0.40066653
vt 1.10860944 0.40066653
vt 1.12015676 0.38936967
vt 1.10860944 0.38936967
vt 1.10860944 0.37500829
vt 1.12015676 0.37500829
vt 1.12015676 0.36371201
vt 1.10860944 0.36371201
vt 1.12015676 0.35241514
vt 1.10860944 0.35241514
vt 1.10860944 0.33805436
vt 1.12015676 0.33805436
vt 1.12015676 0.32675809
vt 1.10860944 0.32675809
vt 1.12015676 0.31546134
vt 1.10860944 0.31546134
vt 1.10860944 0.30110043
vt 1.12015676 0.30110043
vt 1.12015676 0.28980368
vt 1.10860944 0.28980368
vt 1.12015676 0.27850741
vt 1.10860944 0.27850741
vt 1.10860944 0.26414543
vt 1.12015676 0.26414543
vt 1.12015676 0.25284976
vt 1.10860944 0.25284976
vt 1.12015676 0.24155289
vt 1.10860944 0.24155289
vt 1.10860944 0.22719151
vt 1.12015676 0.22719151
vt 1.12015676 0.21589464
vt 1.10860944 0.21589464
vt 1.12015676 0.20459896
vt 1.10860944 0.20459896
vt 1.10860944 0.19023758
vt 1.12015676 0.19023758
vt 1.12015676 0.17894083
vt 1.10860944 0.17894083
vt 1.12015676 0.16764456
vt 1.10860944 0.16764456
vt 1.10860944 0.15328318
vt 1.12015676 0.15328318
vt 1.12015676 0.14198691
vt 1.10860944 0.14198691
vt 1.12015676 0.13069063
vt 1.10860944 0.13069063
vt 1.10860944 0.11632925
vt 1.12015676 0.11632925
vt 1.12015676 0.10503238
vt 1.10860944 0.10503238
vt 1.12015676 0.09373623
vt 1.10860944 0.09373623
vt 1.10860944 0.07937485
vt 1.12015676 0.07937485
vt 1.12015676 0.06807858
vt 1.10860944 0.06807858
vt 1.05616808 1.04699187
vt 1.05951977 1.05978363
vt 1.03138387 1.15420936
vt 0.99955660 1.12188064
vt 0.95472139 1.22694461
vt 1.00088954 1.22694604
vt 0.91462570 1.22698162
vt 0.92851830 1.22696285
vt 0.93539977 1.18113743
vt 0.92234087 1.17745273
vt 0.92246616 1.27650917
vt 0.94203204 1.32152808
vt 0.95356041 1.31465876
vt 0.93547875 1.27275532
vt 1.20856047 1.12186502
vt 1.17672372 1.15420042
vt 1.25338614 1.22694258
vt 1.20722008 1.22694288
vt 1.28576696 1.17745708
vt 1.27270901 1.18113969
vt 1.27958727 1.22696196
vt 1.29347837 1.22698162
vt 1.10405362 1.22695009
vt 1.03137457 1.29970038
vt 1.10405278 1.32954478
vt 1.27262557 1.27274925
vt 1.28563499 1.27650392
vt 1.12015676 0.76210742
vt 1.12015676 0.76265495
vt 1.12015676 0.77020828
vt 1.12015676 0.77830927
vt 1.12015676 0.77776174
vt 1.12015676 0.79960935
vt 1.12015676 0.79906194
vt 1.12015676 0.80716221
vt 1.12015676 0.81526314
vt 1.12015676 0.81471621
vt 1.12015676 0.83656327
vt 1.12015676 0.83601581
vt 1.12015676 0.84411673
vt 1.12015676 0.85221760
vt 1.12015676 0.85167013
vt 1.12015676 0.87351780
vt 1.12015676 0.87297027
vt 1.12015676 0.88107060
vt 1.12015676 0.88917212
vt 1.12015676 0.88862459
vt 1.12015676 0.91047166
vt 1.12015676 0.90992413
vt 1.12015676 0.91802506
vt 1.12015676 0.92612599
vt 1.12015676 0.92557852
vt 1.12015676 0.94742613
vt 1.12015676 0.94687866
vt 1.12015676 0.95497959
vt 1.12015676 0.07617944
vt 1.12015676 0.06807858
vt 1.12015676 0.07563192
vt 1.12015676 0.09747905
vt 1.12015676 0.09693152
vt 1.12015676 0.10503238
vt 1.12015676 0.11313337
vt 1.12015676 0.11258584
vt 1.12015676 0.13443345
vt 1.12015676 0.13388604
vt 1.12015676 0.14198691
vt 1.12015676 0.15008730
vt 1.12015676 0.14953977
vt 1.12015676 0.17138737
vt 1.12015676 0.17083985
vt 1.12015676 0.17894083
vt 1.12015676 0.18704170
vt 1.12015676 0.18649477
vt 1.12015676 0.20834190
vt 1.12015676 0.20779437
vt 1.12015676 0.21589464
vt 1.12015676 0.22399622
vt 1.12015676 0.22344869
vt 1.12015676 0.24529630
vt 1.12015676 0.24474889
vt 1.12015676 0.25284976
vt 1.12015676 0.26095015
vt 1.12015676 0.26040322
vt 1.12015676 0.28225023
vt 1.12015676 0.28170270
vt 1.12015676 0.28980368
vt 1.12015676 0.29790455
vt 1.12015676 0.29735702
vt 1.12015676 0.31920475
vt 1.12015676 0.31865722
vt 1.12015676 0.32675809
vt 1.12015676 0.33485848
vt 1.12015676 0.33431095
vt 1.12015676 0.35615855
vt 1.12015676 0.35561115
vt 1.12015676 0.36371201
vt 1.12015676 0.37181288
vt 1.12015676 0.37126547
vt 1.12015676 0.39311248
vt 1.12015676 0.39256555
vt 1.12015676 0.40066653
vt 1.12015676 0.40876681
vt 1.12015676 0.40821987
vt 1.12015676 0.43006700
vt 1.12015676 0.42952007
vt 1.12015676 0.43762034
vt 1.12015676 0.44572133
vt 1.12015676 0.44517380
vt 1.12015676 0.46702093
vt 1.12015676 0.46647400
vt 1.12015676 0.47457486
vt 1.12015676 0.48267525
vt 1.12015676 0.48212832
vt 1.12015676 0.50397533
vt 1.12015676 0.50342780
vt 1.12015676 0.51152879
vt 1.12015676 0.51962966
vt 1.12015676 0.51908213
vt 1.12015676 0.54092926
vt 1.12015676 0.54038233
vt 1.12015676 0.54848319
vt 1.12015676 0.55658418
vt 1.12015676 0.55603606
vt 1.12015676 0.57788378
vt 1.12015676 0.57733625
vt 1.12015676 0.58543712
vt 1.12015676 0.59353811
vt 1.12015676 0.59299058
vt 1.12015676 0.61483818
vt 1.12015676 0.61429065
vt 1.12015676 0.62239164
vt 1.12015676 0.63049191
vt 1.12015676 0.62994498
vt 1.12015676 0.65179211
vt 1.12015676 0.65124458
vt 1.12015676 0.65934545
vt 1.12015676 0.66744643
vt 1.12015676 0.66689891
vt 1.12015676 0.68874651
vt 1.12015676 0.68819910
vt 1.12015676 0.69629997
vt 1.12015676 0.70440096
vt 1.12015676 0.70385343
vt 1.12015676 0.72570044
vt 1.12015676 0.72515351
vt 1.12015676 0.73325390
vt 1.12015676 0.74135476
vt 1.12015676 0.74080724
vt 1.08984280 0.94405370
vt 1.08984280 0.92895035
vt 1.08984280 0.90709983
vt 1.08984280 0.89199589
vt 1.08984280 0.87014531
vt 1.08984280 0.85504197
vt 1.08984280 0.83319144
vt 1.08984280 0.81808810
vt 1.08984280 0.79623692
vt 1.08984280 0.78113358
vt 1.08984280 0.75928311
vt 1.08984280 0.74417919
vt 1.08984280 0.72232860
vt 1.08984280 0.70722526
vt 1.08984280 0.68537468
vt 1.08984280 0.67027074
vt 1.08984280 0.64842027
vt 1.08984280 0.63331693
vt 1.08984280 0.61146635
vt 1.08984280 0.59636241
vt 1.08984280 0.57451183
vt 1.08984280 0.55940849
vt 1.08984280 0.53755802
vt 1.08984280 0.52245456
vt 1.08984280 0.50060350
vt 1.08984280 0.48550016
vt 1.08984280 0.46364957
vt 1.08984280 0.44854563
vt 1.08984280 0.42669517
vt 1.08984280 0.41159183
vt 1.08984280 0.38974124
vt 1.08984280 0.37463731
vt 1.08984280 0.35278672
vt 1.08984280 0.33768338
vt 1.08984280 0.31583232
vt 1.08984280 0.30072898
vt 1.08984280 0.27887839
vt 1.08984280 0.26377445
vt 1.08984280 0.24192446
vt 1.08984280 0.22681993
vt 1.08984280 0.20496947
vt 1.08984280 0.18986613
vt 1.08984280 0.16801554
vt 1.08984280 0.15291220
vt 1.08984280 0.13106102
vt 1.08984280 0.11595768
vt 1.08984280 0.09410721
vt 1.08984280 0.07900375
vt 1.08984280 0.95497959
vt 1.08984280 0.94368272
vt 1.08984280 0.92932193
vt 1.08984280 0.91802506
vt 1.08984280 0.90672885
vt 1.08984280 0.89236747
vt 1.08984280 0.88107060
vt 1.08984280 0.86977433
vt 1.08984280 0.85541295
vt 1.08984280 0.84411673
vt 1.08984280 0.83282046
vt 1.08984280 0.81845908
vt 1.08984280 0.80716221
vt 1.08984280 0.79586594
vt 1.08984280 0.78150456
vt 1.08984280 0.77020828
vt 1.08984280 0.75891213
vt 1.08984280 0.74455076
vt 1.08984280 0.73325390
vt 1.08984280 0.72195762
vt 1.08984280 0.70759624
vt 1.08984280 0.69629997
vt 1.08984280 0.68500370
vt 1.08984280 0.67064232
vt 1.08984280 0.65934545
vt 1.08984280 0.64804929
vt 1.08984280 0.63368791
vt 1.08984280 0.62239164
vt 1.08984280 0.61109477
vt 1.08984280 0.59673339
vt 1.08984280 0.58543712
vt 1.08984280 0.57414085
vt 1.08984280 0.55977947
vt 1.08984280 0.54848319
vt 1.08984280 0.53718644
vt 1.08984280 0.52282506
vt 1.08984280 0.51152879
vt 1.08984280 0.50023252
vt 1.08984280 0.48587114
vt 1.08984280 0.47457486
vt 1.08984280 0.46327800
vt 1.08984280 0.44891661
vt 1.08984280 0.43762034
vt 1.08984280 0.42632419
vt 1.08984280 0.41196281
vt 1.08984280 0.40066653
vt 1.08984280 0.38936967
vt 1.08984280 0.37500829
vt 1.08984280 0.36371201
vt 1.08984280 0.35241514
vt 1.08984280 0.33805436
vt 1.08984280 0.32675809
vt 1.08984280 0.31546134
vt 1.08984280 0.30110043
vt 1.08984280 0.28980368
vt 1.08984280 0.27850741
vt 1.08984280 0.26414543
vt 1.08984280 0.25284976
vt 1.08984280 0.24155289
vt 1.08984280 0.22719151
vt 1.08984280 0.21589464
vt 1.08984280 0.20459896
vt 1.08984280 0.19023758
vt 1.08984280 0.17894083
vt 1.08984280 0.16764456
vt 1.08984280 0.15328318
vt 1.08984280 0.14198691
vt 1.08984280 0.13069063
vt 1.08984280 0.11632925
vt 1.08984280 0.10503238
vt 1.08984280 0.09373623
vt 1.08984280 0.07937485
vt 1.08984280 0.06807858
vt 1.10405052 1.37464821
vt 1.19671500 1.38880819
vt 1.19020545 1.37725118
vt 1.14857078 1.39404076
vt 1.15198576 1.40679637
vt 0.99953139 1.33204851
vt 1.10404873 1.41315636
vt 1.10404932 1.39991894
vt 1.05952787 1.39403757
vt 1.05611145 1.40679348
vt 1.17673564 1.29970300
vt 1.20858634 1.33206528
vt 1.26603842 1.13250612
vt 1.25448430 1.13930164
vt 1.25454485 1.31464285
vt 1.26606131 1.32151043
vt 1.23574841 1.09415077
vt 1.19674253 1.06511401
vt 1.19022214 1.07666902
vt 1.22640145 1.10369484
vt 1.01149070 1.06515573
vt 1.01793802 1.07673149
vt 0.97237074 1.35979143
vt 0.98170298 1.35023433
vt 0.94207805 1.13249801
vt 0.95363128 1.13929819
vt 1.23571479 1.35982528
vt 1.22639966 1.35026184
vt 1.01137865 1.38879862
vt 1.01789320 1.37724164
vt 0.97239590 1.09414266
vt 0.98173046 1.10369973
vt 0.99064338 1.11279033
vt 0.96346414 1.14724021
vt 0.94161999 1.22695385
vt 0.94806391 1.27026081
vt 1.06177771 1.38166541
vt 1.02559364 1.36737695
vt 1.21748102 1.11277990
vt 1.24465060 1.14724110
vt 1.14633584 1.07223307
vt 1.18251777 1.08653198
vt 1.14632225 1.38166887
vt 1.10404992 1.38728344
vt 1.02560747 1.08659618
vt 1.24472010 1.30666953
vt 1.21749282 1.34116369
vt 0.99061733 1.34114143
vt 1.18250728 1.36738592
vt 0.94801182 1.18360524
vt 0.96339065 1.30668342
vt 1.06174481 1.07217841
vt 1.26004219 1.27025473
vt 1.26009715 1.18360613
vt 1.26648664 1.22695212
vt 1.10405862 1.06659882
vn 0.18548472 0.69742423 -0.69223893
vn 0.00000000 1.00000000 0.00000000
vn 0.27135161 0.83992445 -0.46999481
vn 0.00000000 1.00000000 0.00000000
vn -0.18548471 0.69742423 -0.69223893
vn -0.27135161 0.83992457 -0.46999487
vn -0.69223893 0.69742423 -0.18548468
vn 0.00000000 1.00000000 0.00000000
vn -0.46999499 0.83992445 -0.27135167
vn 0.00000000 1.00000000 0.00000000
vn -0.69223893 0.69742423 0.18548472
vn -0.46999481 0.83992445 0.27135158
vn 0.00000000 1.00000000 0.00000000
vn 0.69223893 0.69742423 -0.18548468
vn 0.46999499 0.83992445 -0.27135167
vn 0.69223893 0.69742423 0.18548472
vn 0.00000000 1.00000000 0.00000000
vn 0.46999481 0.83992445 0.27135158
vn 0.00000000 1.00000000 0.00000000
vn 0.18548472 0.69742423 0.69223893
vn 0.27135158 0.83992457 0.46999487
vn -0.18548471 0.69742423 0.69223893
vn 0.00000000 1.00000000 0.00000000
vn -0.27135155 0.83992457 0.46999487
vn -0.25492123 0.17288771 -0.95138061
vn -0.00000001 0.17288865 -0.98494148
vn -0.58262724 -0.35758525 -0.72984815
vn 0.37388650 -0.35759795 -0.85576433
vn -0.49247068 0.17288761 -0.85298449
vn -0.75249583 -0.35871810 -0.55233264
vn 0.14156540 -0.35873723 -0.92264134
vn -0.69645900 0.17288795 -0.69645864
vn -0.87000090 -0.35938680 -0.33754936
vn -0.10086086 -0.35939473 -0.92771900
vn -0.85298455 0.17288753 -0.49247059
vn -0.92771906 -0.35939455 -0.10086104
vn -0.33754975 -0.35938644 -0.87000090
vn -0.95138055 0.17288776 -0.25492123
vn -0.92264163 -0.35873646 0.14156468
vn -0.55233240 -0.35871828 -0.75249594
vn -0.98494148 0.17288864 0.00000000
vn -0.85576445 -0.35759780 0.37388638
vn -0.72984815 -0.35758525 -0.58262724
vn -0.95138067 0.17288780 0.25492123
vn -0.72984815 -0.35758525 0.58262724
vn -0.85576457 -0.35759759 -0.37388629
vn -0.85298467 0.17288767 0.49247056
vn -0.55233210 -0.35871845 0.75249606
vn -0.92264140 -0.35873693 -0.14156497
vn -0.69645888 0.17288773 0.69645888
vn -0.33754927 -0.35938656 0.87000102
vn -0.92771882 -0.35939506 0.10086101
vn -0.49247056 0.17288750 0.85298455
vn -0.10086028 -0.35939538 0.92771882
vn -0.87000090 -0.35938680 0.33754936
vn -0.25492123 0.17288771 0.95138061
vn 0.14156540 -0.35873723 0.92264134
vn -0.75249583 -0.35871810 0.55233264
vn -0.00000001 0.17288865 0.98494148
vn 0.37388650 -0.35759795 0.85576433
vn -0.58262724 -0.35758525 0.72984815
vn 0.25492123 0.17288777 0.95138055
vn 0.58262724 -0.35758534 0.72984809
vn -0.37388629 -0.35759759 0.85576457
vn 0.49247059 0.17288749 0.85298455
vn 0.75249606 -0.35871851 0.55233204
vn -0.14156473 -0.35873672 0.92264163
vn 0.69645888 0.17288773 0.69645888
vn 0.87000090 -0.35938680 0.33754936
vn 0.10086028 -0.35939538 0.92771882
vn 0.85298467 0.17288767 0.49247056
vn 0.92771882 -0.35939506 0.10086101
vn 0.33754927 -0.35938656 0.87000102
vn 0.95138067 0.17288780 0.25492123
vn 0.92264140 -0.35873693 -0.14156497
vn 0.55233210 -0.35871845 0.75249606
vn 0.98494148 0.17288864 0.00000000
vn 0.85576457 -0.35759759 -0.37388629
vn 0.72984815 -0.35758525 0.58262724
vn 0.95138055 0.17288776 -0.25492123
vn 0.72984815 -0.35758525 -0.58262724
vn 0.85576445 -0.35759780 0.37388638
vn 0.85298455 0.17288753 -0.49247059
vn 0.55233240 -0.35871828 -0.75249594
vn 0.92264163 -0.35873646 0.14156468
vn 0.69645900 0.17288795 -0.69645864
vn 0.33754975 -0.35938644 -0.87000090
vn 0.92771906 -0.35939455 -0.10086104
vn 0.49247068 0.17288759 -0.85298449
vn 0.10086086 -0.35939473 -0.92771900
vn 0.87000090 -0.35938680 -0.33754936
vn 0.25492123 0.17288777 -0.95138055
vn -0.14156473 -0.35873672 -0.92264163
vn 0.75249606 -0.35871851 -0.55233204
vn -0.00000001 0.17288865 -0.98494148
vn -0.37388629 -0.35759759 -0.85576457
vn 0.58262724 -0.35758534 -0.72984809
vn -0.50752771 -0.62415630 -0.59400731
vn 0.64396006 -0.62414896 -0.44244039
vn -0.33939007 -0.62578964 -0.70228320
vn 0.73656225 -0.62577605 -0.25667167
vn -0.14813665 -0.62672889 -0.76502711
vn 0.77730316 -0.62672198 -0.05495056
vn 0.05495081 -0.62672192 -0.77730304
vn 0.76502758 -0.62672859 0.14813530
vn 0.25667220 -0.62577605 -0.73656207
vn 0.70228320 -0.62578964 0.33939007
vn 0.44244057 -0.62414891 -0.64396000
vn 0.59400696 -0.62415642 0.50752783
vn 0.59400725 -0.62415630 -0.50752765
vn 0.44244057 -0.62414891 0.64396000
vn 0.70228273 -0.62578994 -0.33939061
vn 0.25667170 -0.62577605 0.73656225
vn 0.76502758 -0.62672859 -0.14813530
vn 0.05494980 -0.62672234 0.77730280
vn 0.77730280 -0.62672222 0.05495052
vn -0.14813665 -0.62672889 0.76502711
vn 0.73656225 -0.62577605 0.25667167
vn -0.33939007 -0.62578964 0.70228320
vn 0.64396006 -0.62414896 0.44244039
vn -0.50752771 -0.62415630 0.59400731
vn 0.50752801 -0.62415653 0.59400666
vn -0.64396000 -0.62414891 0.44244057
vn 0.33939114 -0.62579018 0.70228219
vn -0.73656201 -0.62577587 0.25667292
vn 0.14813665 -0.62672889 0.76502711
vn -0.77730280 -0.62672222 0.05495052
vn -0.05494980 -0.62672234 0.77730280
vn -0.76502758 -0.62672859 -0.14813530
vn -0.25667170 -0.62577605 0.73656225
vn -0.70228273 -0.62578994 -0.33939061
vn -0.44244057 -0.62414891 0.64396000
vn -0.59400725 -0.62415630 -0.50752765
vn -0.59400696 -0.62415642 0.50752783
vn -0.44244057 -0.62414891 -0.64396000
vn -0.70228320 -0.62578964 0.33939007
vn -0.25667220 -0.62577605 -0.73656207
vn -0.76502758 -0.62672859 0.14813530
vn -0.05495081 -0.62672192 -0.77730304
vn -0.77730316 -0.62672198 -0.05495056
vn 0.14813665 -0.62672889 -0.76502711
vn -0.73656201 -0.62577587 -0.25667292
vn 0.33939114 -0.62579018 -0.70228219
vn -0.64396000 -0.62414891 -0.44244057
vn 0.50752801 -0.62415653 -0.59400666
vn -0.00000000 0.84338725 -0.53730619
vn 0.00000000 1.00000000 0.00000000
vn -0.00000001 0.17288865 -0.98494148
vn -0.00000001 0.49582869 -0.86842042
vn 0.24081574 0.36643997 -0.89873767
vn 0.25492123 0.17288777 -0.95138055
vn -0.87602609 -0.16579343 -0.45286980
vn -0.35647598 -0.92331958 -0.14284971
vn 0.30735675 -0.92331976 -0.23024425
vn 0.72896314 -0.16580141 -0.66417074
vn -0.96317631 -0.16674270 -0.21092245
vn -0.38130149 -0.92331952 -0.04571946
vn 0.23729241 -0.92331964 -0.30194929
vn 0.53191996 -0.16675746 -0.83021271
vn -0.98486030 -0.16729878 0.04540171
vn -0.38014153 -0.92331970 0.05452713
vn 0.15105668 -0.92331952 -0.35307637
vn 0.29875186 -0.16730638 -0.93955088
vn -0.93955117 -0.16730779 0.29875055
vn -0.35307604 -0.92331970 0.15105659
vn 0.05452702 -0.92331976 -0.38014129
vn 0.04540036 -0.16729987 -0.98486018
vn -0.83021349 -0.16675854 0.53191835
vn -0.30194947 -0.92331958 0.23729208
vn -0.04571918 -0.92331958 -0.38130137
vn -0.21092217 -0.16674313 -0.96317631
vn -0.66417074 -0.16580114 0.72896314
vn -0.23024437 -0.92331976 0.30735675
vn -0.14284971 -0.92331946 -0.35647601
vn -0.45286965 -0.16579317 -0.87602621
vn -0.45286965 -0.16579317 0.87602621
vn -0.14284971 -0.92331946 0.35647601
vn -0.23024443 -0.92331976 -0.30735669
vn -0.66417104 -0.16580142 -0.72896278
vn -0.21092165 -0.16674221 0.96317667
vn -0.04571928 -0.92331958 0.38130161
vn -0.30194935 -0.92331958 -0.23729222
vn -0.83021313 -0.16675802 -0.53191912
vn 0.04540155 -0.16729908 0.98486024
vn 0.05452731 -0.92331976 0.38014126
vn -0.35307616 -0.92331970 -0.15105678
vn -0.93955088 -0.16730604 -0.29875225
vn 0.29875067 -0.16730775 0.93955106
vn 0.15105663 -0.92331976 0.35307610
vn -0.38014147 -0.92331970 -0.05452707
vn -0.98486030 -0.16729869 -0.04540139
vn 0.53191996 -0.16675746 0.83021271
vn 0.23729241 -0.92331964 0.30194929
vn -0.38130149 -0.92331952 0.04571946
vn -0.96317631 -0.16674270 0.21092245
vn 0.72896314 -0.16580141 0.66417074
vn 0.30735675 -0.92331976 0.23024425
vn -0.35647598 -0.92331958 0.14284971
vn -0.87602609 -0.16579343 0.45286980
vn 0.87602621 -0.16579330 0.45286962
vn 0.35647601 -0.92331958 0.14284967
vn -0.30735669 -0.92331976 0.23024443
vn -0.72896278 -0.16580142 0.66417104
vn 0.96317661 -0.16674219 0.21092157
vn 0.38130164 -0.92331958 0.04571927
vn -0.23729205 -0.92331958 0.30194944
vn -0.53191835 -0.16675854 0.83021349
vn 0.98486030 -0.16729869 -0.04540139
vn 0.38014147 -0.92331970 -0.05452707
vn -0.15105663 -0.92331976 0.35307610
vn -0.29875067 -0.16730775 0.93955106
vn 0.93955088 -0.16730604 -0.29875225
vn 0.35307616 -0.92331970 -0.15105678
vn -0.05452731 -0.92331976 0.38014126
vn -0.04540155 -0.16729908 0.98486024
vn 0.83021313 -0.16675802 -0.53191912
vn 0.30194935 -0.92331958 -0.23729222
vn 0.04571928 -0.92331958 0.38130161
vn 0.21092165 -0.16674221 0.96317667
vn 0.66417104 -0.16580142 -0.72896278
vn 0.23024443 -0.92331976 -0.30735669
vn 0.14284971 -0.92331946 0.35647601
vn 0.45286965 -0.16579317 0.87602621
vn 0.45286965 -0.16579317 -0.87602621
vn 0.14284971 -0.92331946 -0.35647601
vn 0.23024437 -0.92331976 0.30735675
vn 0.66417074 -0.16580114 0.72896314
vn 0.21092217 -0.16674313 -0.96317631
vn 0.04571918 -0.92331958 -0.38130137
vn 0.30194947 -0.92331958 0.23729208
vn 0.83021349 -0.16675854 0.53191835
vn -0.04540036 -0.16729987 -0.98486018
vn -0.05452702 -0.92331976 -0.38014129
vn 0.35307604 -0.92331970 0.15105659
vn 0.93955117 -0.16730779 0.29875055
vn -0.29875186 -0.16730638 -0.93955088
vn -0.15105668 -0.92331952 -0.35307637
vn 0.38014153 -0.92331970 0.05452713
vn 0.98486030 -0.16729878 0.04540171
vn -0.53191835 -0.16675854 -0.83021349
vn -0.23729205 -0.92331958 -0.30194944
vn 0.38130164 -0.92331958 -0.04571927
vn 0.96317661 -0.16674219 -0.21092157
vn -0.72896278 -0.16580142 -0.66417104
vn -0.30735669 -0.92331976 -0.23024443
vn 0.35647601 -0.92331958 -0.14284967
vn 0.87602621 -0.16579330 -0.45286962
vn -0.00000002 -0.35541764 -0.93470770
vn -0.00000000 -0.93588758 -0.35229880
vn -0.51433665 -0.79324627 -0.32591137
vn -0.91170722 0.03589739 -0.40926927
vn 0.77471554 0.03589736 -0.63129014
vn 0.41245955 -0.79324615 -0.44792625
vn -0.09118118 -0.93588781 -0.34029397
vn -0.24191931 -0.35541868 -0.90285802
vn -0.58116311 -0.79324621 -0.18168634
vn -0.98656833 0.03589730 -0.15935603
vn 0.58492917 0.03589730 -0.81028974
vn 0.28247359 -0.79324591 -0.53941596
vn -0.17614903 -0.93588781 -0.30509922
vn -0.46735337 -0.35541844 -0.80948043
vn -0.60838467 -0.79324609 -0.02507887
vn -0.99419606 0.03589722 0.10141811
vn 0.35527894 0.03589738 -0.93407083
vn 0.13323677 -0.79324615 -0.59414524
vn -0.24911302 -0.93588769 -0.24911276
vn -0.66093844 -0.35541797 -0.66093755
vn -0.59414548 -0.79324591 0.13323689
vn -0.93407118 0.03589746 0.35527784
vn 0.10141677 0.03589731 -0.99419618
vn -0.02507912 -0.79324597 -0.60838467
vn -0.30509925 -0.93588781 -0.17614901
vn -0.80948049 -0.35541844 -0.46735325
vn -0.53941631 -0.79324579 0.28247330
vn -0.81029052 0.03589740 0.58492792
vn -0.15935609 0.03589731 -0.98656833
vn -0.18168616 -0.79324627 -0.58116305
vn -0.34029400 -0.93588781 -0.09118116
vn -0.90285814 -0.35541868 -0.24191928
vn -0.44792631 -0.79324603 0.41245943
vn -0.63129014 0.03589736 0.77471554
vn -0.40926909 0.03589738 -0.91170728
vn -0.32591137 -0.79324627 -0.51433665
vn -0.35229880 -0.93588758 0.00000000
vn -0.93470770 -0.35541764 0.00000001
vn -0.32591137 -0.79324627 0.51433665
vn -0.40926906 0.03589738 0.91170728
vn -0.63129044 0.03589739 -0.77471530
vn -0.44792646 -0.79324609 -0.41245946
vn -0.34029400 -0.93588781 0.09118114
vn -0.90285808 -0.35541865 0.24191917
vn -0.18168619 -0.79324627 0.58116305
vn -0.15935545 0.03589726 0.98656839
vn -0.81029010 0.03589735 -0.58492851
vn -0.53941619 -0.79324597 -0.28247347
vn -0.30509928 -0.93588781 0.17614895
vn -0.80948061 -0.35541841 0.46735311
vn -0.02507888 -0.79324621 0.60838449
vn 0.10141780 0.03589724 0.99419606
vn -0.93407071 0.03589736 -0.35527918
vn -0.59414554 -0.79324585 -0.13323700
vn -0.24911287 -0.93588769 0.24911287
vn -0.66093802 -0.35541806 0.66093802
vn 0.13323700 -0.79324585 0.59414554
vn 0.35527793 0.03589745 0.93407118
vn -0.99419606 0.03589722 -0.10141811
vn -0.60838467 -0.79324609 0.02507887
vn -0.17614903 -0.93588781 0.30509922
vn -0.46735337 -0.35541844 0.80948043
vn 0.28247359 -0.79324591 0.53941596
vn 0.58492917 0.03589730 0.81028974
vn -0.98656833 0.03589730 0.15935603
vn -0.58116311 -0.79324621 0.18168634
vn -0.09118118 -0.93588781 0.34029397
vn -0.24191931 -0.35541868 0.90285802
vn 0.41245955 -0.79324615 0.44792625
vn 0.77471554 0.03589736 0.63129014
vn -0.91170722 0.03589739 0.40926927
vn -0.51433665 -0.79324627 0.32591137
vn -0.00000000 -0.93588758 0.35229880
vn -0.00000002 -0.35541764 0.93470770
vn 0.51433671 -0.79324639 0.32591134
vn 0.91170728 0.03589738 0.40926909
vn -0.77471530 0.03589739 0.63129044
vn -0.41245946 -0.79324609 0.44792646
vn 0.09118116 -0.93588781 0.34029400
vn 0.24191923 -0.35541868 0.90285808
vn 0.58116305 -0.79324627 0.18168616
vn 0.98656851 0.03589726 0.15935540
vn -0.58492792 0.03589740 0.81029052
vn -0.28247339 -0.79324585 0.53941637
vn 0.17614903 -0.93588781 0.30509922
vn 0.46735337 -0.35541844 0.80948043
vn 0.60838467 -0.79324609 0.02507887
vn 0.99419606 0.03589722 -0.10141811
vn -0.35527793 0.03589745 0.93407118
vn -0.13323700 -0.79324585 0.59414554
vn 0.24911287 -0.93588769 0.24911287
vn 0.66093802 -0.35541806 0.66093802
vn 0.59414554 -0.79324585 -0.13323700
vn 0.93407071 0.03589736 -0.35527918
vn -0.10141780 0.03589724 0.99419606
vn 0.02507888 -0.79324621 0.60838449
vn 0.30509928 -0.93588781 0.17614895
vn 0.80948061 -0.35541841 0.46735311
vn 0.53941619 -0.79324597 -0.28247347
vn 0.81029010 0.03589735 -0.58492851
vn 0.15935545 0.03589726 0.98656839
vn 0.18168619 -0.79324627 0.58116305
vn 0.34029400 -0.93588781 0.09118114
vn 0.90285808 -0.35541865 0.24191917
vn 0.44792646 -0.79324609 -0.41245946
vn 0.63129044 0.03589739 -0.77471530
vn 0.40926906 0.03589738 0.91170728
vn 0.32591137 -0.79324627 0.51433665
vn 0.35229880 -0.93588758 0.00000000
vn 0.93470770 -0.35541764 0.00000001
vn 0.32591137 -0.79324627 -0.51433665
vn 0.40926909 0.03589738 -0.91170728
vn 0.63129014 0.03589736 0.77471554
vn 0.44792631 -0.79324603 0.41245943
vn 0.34029400 -0.93588781 -0.09118116
vn 0.90285814 -0.35541868 -0.24191928
vn 0.18168616 -0.79324627 -0.58116305
vn 0.15935609 0.03589731 -0.98656833
vn 0.81029052 0.03589740 0.58492792
vn 0.53941631 -0.79324579 0.28247330
vn 0.30509925 -0.93588781 -0.17614901
vn 0.80948049 -0.35541844 -0.46735325
vn 0.02507912 -0.79324597 -0.60838467
vn -0.10141677 0.03589731 -0.99419618
vn 0.93407118 0.03589746 0.35527784
vn 0.59414548 -0.79324591 0.13323689
vn 0.24911302 -0.93588769 -0.24911276
vn 0.66093844 -0.35541797 -0.66093755
vn -0.13323677 -0.79324615 -0.59414524
vn -0.35527894 0.03589738 -0.93407083
vn 0.99419606 0.03589722 0.10141811
vn 0.60838467 -0.79324609 -0.02507887
vn 0.17614903 -0.93588781 -0.30509922
vn 0.46735337 -0.35541844 -0.80948043
vn -0.28247339 -0.79324585 -0.53941637
vn -0.58492792 0.03589740 -0.81029052
vn 0.98656851 0.03589726 -0.15935540
vn 0.58116305 -0.79324627 -0.18168616
vn 0.09118116 -0.93588781 -0.34029400
vn 0.24191923 -0.35541868 -0.90285808
vn -0.41245946 -0.79324609 -0.44792646
vn -0.77471530 0.03589739 -0.63129044
vn 0.91170728 0.03589738 -0.40926909
vn 0.51433671 -0.79324639 -0.32591134
vn -0.00000000 -0.93588758 -0.35229880
vn -0.00000002 -0.35541764 -0.93470770
vn -0.25492123 0.17288771 -0.95138061
vn -0.24081573 0.36643994 -0.89873773
vn 0.00000000 1.00000000 0.00000000
vn -0.37993306 0.84338713 -0.37993306
vn -0.53730619 0.84338725 0.00000000
vn 0.00000000 1.00000000 0.00000000
vn -0.98494148 0.17288864 0.00000000
vn -0.86842042 0.49582869 0.00000000
vn -0.89873767 0.36643997 -0.24081573
vn -0.95138055 0.17288776 -0.25492123
vn -0.95138067 0.17288780 0.25492123
vn -0.85298467 0.17288767 0.49247056
vn -0.75207448 0.49582815 0.43421015
vn -0.89873767 0.36644000 0.24081573
vn 0.37993306 0.84338713 -0.37993306
vn 0.00000000 1.00000000 0.00000000
vn 0.53730619 0.84338725 0.00000000
vn 0.00000000 1.00000000 0.00000000
vn 0.95138055 0.17288776 -0.25492123
vn 0.89873767 0.36643997 -0.24081573
vn 0.86842042 0.49582869 0.00000000
vn 0.98494148 0.17288864 0.00000000
vn 0.00000000 1.00000000 0.00000000
vn 0.00000000 1.00000000 0.00000000
vn 0.00000000 1.00000000 0.00000000
vn 0.89873767 0.36644000 0.24081573
vn 0.95138067 0.17288780 0.25492123
vn 0.00000000 -1.00000000 0.00000000
vn 0.00000000 -1.00000000 0.00000000
vn 0.00000000 -1.00000000 0.00000000
vn 0.00000000 -1.00000000 0.00000000
vn 0.00000000 -1.00000000 0.00000000
vn 0.00000000 -1.00000000 0.00000000
vn 0.00000000 -1.00000000 0.00000000
vn 0.00000000 -1.00000000 0.00000000
vn 0.00000000 -1.00000000 0.00000000
vn 0.00000000 -1.00000000 0.00000000
vn 0.00000000 -1.00000000 0.00000000
vn 0.00000000 -1.00000000 0.00000000
vn 0.00000000 -1.00000000 0.00000000
vn 0.00000000 -1.00000000 0.00000000
vn 0.00000000 -1.00000000 0.00000000
vn 0.00000000 -1.00000000 0.00000000
vn 0.00000000 -1.00000000 0.00000000
vn 0.00000000 -1.00000000 0.00000000
vn 0.00000000 -1.00000000 0.00000000
vn 0.00000000 -1.00000000 0.00000000
vn 0.00000000 -1.00000000 0.00000000
vn 0.00000000 -1.00000000 0.00000000
vn 0.00000000 -1.00000000 0.00000000
vn 0.00000000 -1.00000000 0.00000000
vn 0.00000000 -1.00000000 0.00000000
vn 0.00000000 -1.00000000 0.00000000
vn 0.00000000 -1.00000000 0.00000000
vn 0.00000000 -1.00000000 0.00000000
vn 0.00000000 -1.00000000 0.00000000
vn 0.00000000 -1.00000000 0.00000000
vn 0.00000000 -1.00000000 0.00000000
vn 0.00000000 -1.00000000 0.00000000
vn 0.00000000 -1.00000000 0.00000000
vn 0.00000000 -1.00000000 0.00000000
vn 0.00000000 -1.00000000 0.00000000
vn 0.00000000 -1.00000000 0.00000000
vn 0.00000000 -1.00000000 0.00000000
vn 0.00000000 -1.00000000 0.00000000
vn 0.00000000 -1.00000000 0.00000000
vn 0.00000000 -1.00000000 0.00000000
vn 0.00000000 -1.00000000 0.00000000
vn 0.00000000 -1.00000000 0.00000000
vn 0.00000000 -1.00000000 0.00000000
vn 0.00000000 -1.00000000 0.00000000
vn 0.00000000 -1.00000000 0.00000000
vn 0.00000000 -1.00000000 0.00000000
vn 0.00000000 -1.00000000 0.00000000
vn 0.00000000 -1.00000000 0.00000000
vn 0.00000000 -1.00000000 0.00000000
vn 0.00000000 -1.00000000 0.00000000
vn 0.00000000 -1.00000000 0.00000000
vn 0.00000000 -1.00000000 0.00000000
vn 0.00000000 -1.00000000 0.00000000
vn 0.00000000 -1.00000000 0.00000000
vn 0.00000000 -1.00000000 0.00000000
vn 0.00000000 -1.00000000 0.00000000
vn 0.00000000 -1.00000000 0.00000000
vn 0.00000000 -1.00000000 0.00000000
vn 0.00000000 -1.00000000 0.00000000
vn 0.00000000 -1.00000000 0.00000000
vn 0.00000000 -1.00000000 0.00000000
vn 0.00000000 -1.00000000 0.00000000
vn 0.00000000 -1.00000000 0.00000000
vn 0.00000000 -1.00000000 0.00000000
vn 0.00000000 -1.00000000 0.00000000
vn 0.00000000 -1.00000000 0.00000000
vn 0.00000000 -1.00000000 0.00000000
vn 0.00000000 -1.00000000 0.00000000
vn 0.00000000 -1.00000000 0.00000000
vn 0.00000000 -1.00000000 0.00000000
vn 0.00000000 -1.00000000 0.00000000
vn 0.00000000 -1.00000000 0.00000000
vn 0.00000000 -1.00000000 0.00000000
vn 0.00000000 -1.00000000 0.00000000
vn 0.00000000 -1.00000000 0.00000000
vn 0.00000000 -1.00000000 0.00000000
vn 0.00000000 -1.00000000 0.00000000
vn 0.00000000 -1.00000000 0.00000000
vn 0.00000000 -1.00000000 0.00000000
vn 0.00000000 -1.00000000 0.00000000
vn 0.00000000 -1.00000000 0.00000000
vn 0.00000000 -1.00000000 0.00000000
vn 0.00000000 -1.00000000 0.00000000
vn 0.00000000 -1.00000000 0.00000000
vn 0.00000000 -1.00000000 0.00000000
vn 0.00000000 -1.00000000 0.00000000
vn 0.00000000 -1.00000000 0.00000000
vn 0.00000000 -1.00000000 0.00000000
vn 0.00000000 -1.00000000 0.00000000
vn 0.00000000 -1.00000000 0.00000000
vn 0.00000000 -1.00000000 0.00000000
vn 0.00000000 -1.00000000 0.00000000
vn 0.00000000 -1.00000000 0.00000000
vn 0.00000000 -1.00000000 0.00000000
vn 0.00000000 -1.00000000 0.00000000
vn 0.00000000 -1.00000000 0.00000000
vn 0.00000000 -1.00000000 0.00000000
vn 0.00000000 -1.00000000 0.00000000
vn 0.00000000 -1.00000000 0.00000000
vn 0.00000000 -1.00000000 0.00000000
vn 0.00000000 -1.00000000 0.00000000
vn 0.00000000 -1.00000000 0.00000000
vn 0.00000000 -1.00000000 0.00000000
vn 0.00000000 -1.00000000 0.00000000
vn 0.00000000 -1.00000000 0.00000000
vn 0.00000000 -1.00000000 0.00000000
vn 0.00000000 -1.00000000 0.00000000
vn 0.00000000 -1.00000000 0.00000000
vn 0.00000000 -1.00000000 0.00000000
vn 0.00000000 -1.00000000 0.00000000
vn 0.00000000 -1.00000000 0.00000000
vn 0.00000000 -1.00000000 0.00000000
vn 0.00000000 -1.00000000 0.00000000
vn 0.00000000 -1.00000000 0.00000000
vn 0.00000000 -1.00000000 0.00000000
vn 0.00000000 -1.00000000 0.00000000
vn 0.00000000 -1.00000000 0.00000000
vn 0.00000000 -1.00000000 0.00000000
vn 0.00000000 -1.00000000 0.00000000
vn 0.00000000 -1.00000000 0.00000000
vn 0.00000000 -1.00000000 0.00000000
vn -0.80473894 0.06392793 -0.59017664
vn 0.62458551 0.06391815 -0.77833629
vn -0.93008786 0.06292051 -0.36190829
vn 0.40180317 0.06290094 -0.91356319
vn -0.99209619 0.06233928 -0.10889991
vn 0.15160504 0.06232913 -0.98647404
vn -0.98647410 0.06232966 0.15160511
vn -0.10889987 0.06233928 -0.99209619
vn -0.91356361 0.06290101 0.40180221
vn -0.36190775 0.06292062 -0.93008804
vn -0.77833647 0.06391811 0.62458533
vn -0.59017664 0.06392790 -0.80473894
vn -0.59017664 0.06392790 0.80473894
vn -0.77833658 0.06391814 -0.62458515
vn -0.36190775 0.06292076 0.93008804
vn -0.91356343 0.06290098 -0.40180263
vn -0.10889909 0.06233921 0.99209619
vn -0.98647410 0.06232960 -0.15160513
vn 0.15160520 0.06232974 0.98647398
vn -0.99209613 0.06233909 0.10889958
vn 0.40180317 0.06290094 0.91356319
vn -0.93008786 0.06292051 0.36190829
vn 0.62458551 0.06391815 0.77833629
vn -0.80473894 0.06392793 0.59017664
vn 0.80473900 0.06392792 0.59017658
vn -0.62458515 0.06391814 0.77833658
vn 0.93008804 0.06292076 0.36190769
vn -0.40180215 0.06290102 0.91356361
vn 0.99209613 0.06233909 0.10889958
vn -0.15160520 0.06232974 0.98647398
vn 0.98647410 0.06232960 -0.15160513
vn 0.10889909 0.06233921 0.99209619
vn 0.91356343 0.06290098 -0.40180263
vn 0.36190775 0.06292076 0.93008804
vn 0.77833658 0.06391814 -0.62458515
vn 0.59017664 0.06392790 0.80473894
vn 0.59017664 0.06392790 -0.80473894
vn 0.77833647 0.06391811 0.62458533
vn 0.36190775 0.06292062 -0.93008804
vn 0.91356361 0.06290101 0.40180221
vn 0.10889987 0.06233928 -0.99209619
vn 0.98647410 0.06232966 0.15160511
vn -0.15160504 0.06232913 -0.98647404
vn 0.99209619 0.06233928 -0.10889991
vn -0.40180215 0.06290102 -0.91356361
vn 0.93008804 0.06292076 -0.36190769
vn -0.62458515 0.06391814 -0.77833658
vn 0.80473900 0.06392792 -0.59017658
vn -0.00000002 0.27543029 -0.96132106
vn -0.89980137 0.08637577 -0.42766428
vn 0.75845504 0.08637552 -0.64597619
vn -0.24880743 0.27543038 -0.92856503
vn -0.97985071 0.08635904 -0.18009648
vn 0.56551373 0.08635860 -0.82020509
vn -0.48065990 0.27543044 -0.83252877
vn -0.99307114 0.08634934 0.07971025
vn 0.33402029 0.08634928 -0.93860239
vn -0.67975706 0.27543035 -0.67975622
vn -0.93860209 0.08634918 0.33402082
vn 0.07971010 0.08634936 -0.99307114
vn -0.83252883 0.27543044 -0.48065975
vn -0.82020563 0.08635873 0.56551296
vn -0.18009610 0.08635898 -0.97985077
vn -0.92856514 0.27543041 -0.24880740
vn -0.64597636 0.08637556 0.75845486
vn -0.42766428 0.08637577 -0.89980137
vn -0.96132106 0.27543029 0.00000001
vn -0.42766428 0.08637577 0.89980137
vn -0.64597654 0.08637559 -0.75845474
vn -0.92856514 0.27543041 0.24880731
vn -0.18009616 0.08635899 0.97985077
vn -0.82020539 0.08635867 -0.56551331
vn -0.83252901 0.27543047 0.48065969
vn 0.07971069 0.08634926 0.99307102
vn -0.93860209 0.08634917 -0.33402091
vn -0.67975664 0.27543035 0.67975664
vn 0.33402091 0.08634917 0.93860209
vn -0.99307102 0.08634927 -0.07971062
vn -0.48065990 0.27543044 0.83252877
vn 0.56551373 0.08635860 0.82020509
vn -0.97985071 0.08635904 0.18009648
vn -0.24880743 0.27543038 0.92856503
vn 0.75845504 0.08637552 0.64597619
vn -0.89980137 0.08637577 0.42766428
vn -0.00000002 0.27543029 0.96132106
vn 0.89980143 0.08637575 0.42766419
vn -0.75845474 0.08637559 0.64597654
vn 0.24880734 0.27543038 0.92856503
vn 0.97985089 0.08635899 0.18009612
vn -0.56551296 0.08635873 0.82020563
vn 0.48065990 0.27543044 0.83252877
vn 0.99307102 0.08634927 -0.07971062
vn -0.33402091 0.08634917 0.93860209
vn 0.67975664 0.27543035 0.67975664
vn 0.93860209 0.08634917 -0.33402091
vn -0.07971069 0.08634926 0.99307102
vn 0.83252901 0.27543047 0.48065969
vn 0.82020539 0.08635867 -0.56551331
vn 0.18009616 0.08635899 0.97985077
vn 0.92856514 0.27543041 0.24880731
vn 0.64597654 0.08637559 -0.75845474
vn 0.42766428 0.08637577 0.89980137
vn 0.96132106 0.27543029 0.00000001
vn 0.42766428 0.08637577 -0.89980137
vn 0.64597636 0.08637556 0.75845486
vn 0.92856514 0.27543041 -0.24880740
vn 0.18009610 0.08635898 -0.97985077
vn 0.82020563 0.08635873 0.56551296
vn 0.83252883 0.27543044 -0.48065975
vn -0.07971010 0.08634936 -0.99307114
vn 0.93860209 0.08634918 0.33402082
vn 0.67975706 0.27543035 -0.67975622
vn -0.33402029 0.08634928 -0.93860239
vn 0.99307114 0.08634934 0.07971025
vn 0.48065990 0.27543044 -0.83252877
vn -0.56551296 0.08635873 -0.82020563
vn 0.97985089 0.08635899 -0.18009612
vn 0.24880734 0.27543038 -0.92856503
vn -0.75845474 0.08637559 -0.64597654
vn 0.89980143 0.08637575 -0.42766419
vn -0.00000002 0.27543029 -0.96132106
vn -0.00000000 0.84338725 0.53730619
vn 0.49247059 0.17288749 0.85298455
vn 0.43421018 0.49582809 0.75207448
vn 0.24081574 0.36643997 0.89873767
vn 0.25492123 0.17288777 0.95138055
vn -0.37993294 0.84338713 0.37993294
vn -0.00000001 0.17288865 0.98494148
vn -0.00000001 0.49582869 0.86842042
vn -0.24081573 0.36643994 0.89873773
vn -0.25492123 0.17288771 0.95138061
vn 0.00000000 1.00000000 0.00000000
vn 0.37993294 0.84338713 0.37993294
vn 0.85298455 0.17288753 -0.49247059
vn 0.75207454 0.49582803 -0.43421024
vn 0.75207448 0.49582815 0.43421015
vn 0.85298467 0.17288767 0.49247056
vn 0.69645900 0.17288795 -0.69645864
vn 0.49247068 0.17288759 -0.85298449
vn 0.43421027 0.49582815 -0.75207442
vn 0.61406624 0.49582824 -0.61406606
vn -0.49247068 0.17288761 -0.85298449
vn -0.43421027 0.49582815 -0.75207442
vn -0.69645888 0.17288773 0.69645888
vn -0.61406612 0.49582815 0.61406612
vn -0.85298455 0.17288753 -0.49247059
vn -0.75207454 0.49582803 -0.43421024
vn 0.69645888 0.17288773 0.69645888
vn 0.61406612 0.49582815 0.61406612
vn -0.49247056 0.17288750 0.85298455
vn -0.43421015 0.49582809 0.75207448
vn -0.69645900 0.17288795 -0.69645864
vn -0.61406624 0.49582824 -0.61406606
vn -0.40970376 0.81503719 -0.40970376
vn -0.50471365 0.81262064 -0.29139647
vn -0.72262365 0.69124162 0.00000000
vn -0.81476980 0.53711069 0.21831667
vn -0.21831666 0.53711069 0.81476986
vn -0.29139635 0.81262082 0.50471354
vn 0.40970376 0.81503719 -0.40970376
vn 0.50471365 0.81262064 -0.29139647
vn 0.21831667 0.53711069 -0.81476980
vn 0.29139644 0.81262076 -0.50471348
vn 0.21831667 0.53711069 0.81476980
vn -0.00000000 0.69124162 0.72262365
vn -0.29139641 0.81262076 -0.50471348
vn 0.50471348 0.81262076 0.29139641
vn 0.00000000 1.00000000 0.00000000
vn -0.40970367 0.81503731 0.40970367
vn 0.36236942 0.68902344 0.62764245
vn -0.81476980 0.53711069 -0.21831664
vn -0.62764239 0.68902344 0.36236936
vn -0.21831666 0.53711069 -0.81476986
vn 0.81476980 0.53711069 0.21831667
vn 0.81476980 0.53711069 -0.21831664
vn 0.72262365 0.69124162 0.00000000
vn -0.00000000 0.69124162 -0.72262365
f 2621/2621/2621 2622/2622/2622 2623/2623/2623
f 2624/2624/2624 2625/2625/2625 2626/2626/2626
f 2627/2627/2627 2628/2628/2628 2629/2629/2629
f 2630/2630/2630 2631/2631/2631 2632/2632/2632
f 2633/2633/2633 2634/2634/2634 2635/2635/2635
f 2636/2636/2636 2637/2637/2637 2638/2638/2638
f 2639/2639/2639 2640/2640/2640 2641/2641/2641
f 2642/2642/2642 2643/2643/2643 2644/2644/2644
f 2645/2645/2645 2646/2646/2646 2647/2647/2647
f 2645/2645/2645 2647/2647/2647 2648/2648/2648
f 2649/2649/2649 2645/2645/2645 2650/2650/2650
f 2649/2649/2649 2650/2650/2650 2651/2651/2651
f 2652/2652/2652 2649/2649/2649 2653/2653/2653
f 2652/2652/2652 2653/2653/2653 2654/2654/2654
f 2655/2655/2655 2652/2652/2652 2656/2656/2656
f 2655/2655/2655 2656/2656/2656 2657/2657/2657
f 2658/2658/2658 2655/2655/2655 2659/2659/2659
f 2658/2658/2658 2659/2659/2659 2660/2660/2660
f 2661/2661/2661 2658/2658/2658 2662/2662/2662
f 2661/2661/2661 2662/2662/2662 2663/2663/2663
f 2664/2664/2664 2661/2661/2661 2665/2665/2665
f 2664/2664/2664 2665/2665/2665 2666/2666/2666
f 2667/2667/2667 2664/2664/2664 2668/2668/2668
f 2667/2667/2667 2668/2668/2668 2669/2669/2669
f 2670/2670/2670 2667/2667/2667 2671/2671/2671
f 2670/2670/2670 2671/2671/2671 2672/2672/2672
f 2673/2673/2673 2670/2670/2670 2674/2674/2674
f 2673/2673/2673 2674/2674/2674 2675/2675/2675
f 2676/2676/2676 2673/2673/2673 2677/2677/2677
f 2676/2676/2676 2677/2677/2677 2678/2678/2678
f 2679/2679/2679 2676/2676/2676 2680/2680/2680
f 2679/2679/2679 2680/2680/2680 2681/2681/2681
f 2682/2682/2682 2679/2679/2679 2683/2683/2683
f 2682/2682/2682 2683/2683/2683 2684/2684/2684
f 2685/2685/2685 2682/2682/2682 2686/2686/2686
f 2685/2685/2685 2686/2686/2686 2687/2687/2687
f 2688/2688/2688 2685/2685/2685 2689/2689/2689
f 2688/2688/2688 2689/2689/2689 2690/2690/2690
f 2691/2691/2691 2688/2688/2688 2692/2692/2692
f 2691/2691/2691 2692/2692/2692 2693/2693/2693
f 2694/2694/2694 2691/2691/2691 2695/2695/2695
f 2694/2694/2694 2695/2695/2695 2696/2696/2696
f 2697/2697/2697 2694/2694/2694 2698/2698/2698
f 2697/2697/2697 2698/2698/2698 2699/2699/2699
f 2700/2700/2700 2697/2697/2697 2701/2701/2701
f 2700/2700/2700 2701/2701/2701 2702/2702/2702
f 2703/2703/2703 2700/2700/2700 2704/2704/2704
f 2703/2703/2703 2704/2704/2704 2705/2705/2705
f 2706/2706/2706 2703/2703/2703 2707/2707/2707
f 2706/2706/2706 2707/2707/2707 2708/2708/2708
f 2709/2709/2709 2706/2706/2706 2710/2710/2710
f 2709/2709/2709 2710/2710/2710 2711/2711/2711
f 2712/2712/2712 2709/2709/2709 2713/2713/2713
f 2712/2712/2712 2713/2713/2713 2714/2714/2714
f 2715/2715/2715 2712/2712/2712 2716/2716/2716
f 2715/2715/2715 2716/2716/2716 2717/2717/2717
f 2717/2717/2717 2716/2716/2716 2718/2718/2718
f 2717/2717/2717 2718/2718/2718 2719/2719/2719
f 2714/2714/2714 2713/2713/2713 2720/2720/2720
f 2714/2714/2714 2720/2720/2720 2721/2721/2721
f 2711/2711/2711 2710/2710/2710 2722/2722/2722
f 2711/2711/2711 2722/2722/2722 2723/2723/2723
f 2708/2708/2708 2707/2707/2707 2724/2724/2724
f 2708/2708/2708 2724/2724/2724 2725/2725/2725
f 2705/2705/2705 2704/2704/2704 2726/2726/2726
f 2705/2705/2705 2726/2726/2726 2727/2727/2727
f 2702/2702/2702 2701/2701/2701 2728/2728/2728
f 2702/2702/2702 2728/2728/2728 2729/2729/2729
f 2699/2699/2699 2698/2698/2698 2730/2730/2730
f 2699/2699/2699 2730/2730/2730 2731/2731/2731
f 2696/2696/2696 2695/2695/2695 2732/2732/2732
f 2696/2696/2696 2732/2732/2732 2733/2733/2733
f 2693/2693/2693 2692/2692/2692 2734/2734/2734
f 2693/2693/2693 2734/2734/2734 2735/2735/2735
f 2690/2690/2690 2689/2689/2689 2736/2736/2736
f 2690/2690/2690 2736/2736/2736 2737/2737/2737
f 2687/2687/2687 2686/2686/2686 2738/2738/2738
f 2687/2687/2687 2738/2738/2738 2739/2739/2739
f 2684/2684/2684 2683/2683/2683 2740/2740/2740
f 2684/2684/2684 2740/2740/2740 2741/2741/2741
f 2681/2681/2681 2680/2680/2680 2742/2742/2742
f 2681/2681/2681 2742/2742/2742 2743/2743/2743
f 2678/2678/2678 2677/2677/2677 2744/2744/2744
f 2678/2678/2678 2744/2744/2744 2745/2745/2745
f 2675/2675/2675 2674/2674/2674 2746/2746/2746
f 2675/2675/2675 2746/2746/2746 2747/2747/2747
f 2672/2672/2672 2671/2671/2671 2748/2748/2748
f 2672/2672/2672 2748/2748/2748 2749/2749/2749
f 2669/2669/2669 2668/2668/2668 2750/2750/2750
f 2669/2669/2669 2750/2750/2750 2751/2751/2751
f 2666/2666/2666 2665/2665/2665 2752/2752/2752
f 2666/2666/2666 2752/2752/2752 2753/2753/2753
f 2663/2663/2663 2662/2662/2662 2754/2754/2754
f 2663/2663/2663 2754/2754/2754 2755/2755/2755
f 2660/2660/2660 2659/2659/2659 2756/2756/2756
f 2660/2660/2660 2756/2756/2756 2757/2757/2757
f 2657/2657/2657 2656/2656/2656 2758/2758/2758
f 2657/2657/2657 2758/2758/2758 2759/2759/2759
f 2654/2654/2654 2653/2653/2653 2760/2760/2760
f 2654/2654/2654 2760/2760/2760 2761/2761/2761
f 2651/2651/2651 2650/2650/2650 2762/2762/2762
f 2651/2651/2651 2762/2762/2762 2763/2763/2763
f 2648/2648/2648 2647/2647/2647 2764/2764/2764
f 2648/2648/2648 2764/2764/2764 2765/2765/2765
f 2766/2766/2766 2767/2767/2767 2622/2622/2622
f 2766/2766/2766 2622/2622/2622 2621/2621/2621
f 2768/2768/2768 2769/2769/2769 2770/2770/2770
f 2768/2768/2768 2770/2770/2770 2771/2771/2771
f 2766/2766/2766 2625/2625/2625 2624/2624/2624
f 2766/2766/2766 2624/2624/2624 2767/2767/2767
f 2772/2772/2772 2773/2773/2773 2774/2774/2774
f 2772/2772/2772 2774/2774/2774 2775/2775/2775
f 2776/2776/2776 2777/2777/2777 2778/2778/2778
f 2776/2776/2776 2778/2778/2778 2779/2779/2779
f 2780/2780/2780 2781/2781/2781 2782/2782/2782
f 2780/2780/2780 2782/2782/2782 2783/2783/2783
f 2784/2784/2784 2785/2785/2785 2786/2786/2786
f 2784/2784/2784 2786/2786/2786 2787/2787/2787
f 2788/2788/2788 2789/2789/2789 2790/2790/2790
f 2788/2788/2788 2790/2790/2790 2791/2791/2791
f 2792/2792/2792 2793/2793/2793 2794/2794/2794
f 2792/2792/2792 2794/2794/2794 2795/2795/2795
f 2796/2796/2796 2797/2797/2797 2798/2798/2798
f 2796/2796/2796 2798/2798/2798 2799/2799/2799
f 2800/2800/2800 2801/2801/2801 2802/2802/2802
f 2800/2800/2800 2802/2802/2802 2803/2803/2803
f 2804/2804/2804 2805/2805/2805 2806/2806/2806
f 2804/2804/2804 2806/2806/2806 2807/2807/2807
f 2808/2808/2808 2809/2809/2809 2810/2810/2810
f 2808/2808/2808 2810/2810/2810 2811/2811/2811
f 2812/2812/2812 2813/2813/2813 2814/2814/2814
f 2812/2812/2812 2814/2814/2814 2815/2815/2815
f 2816/2816/2816 2817/2817/2817 2818/2818/2818
f 2816/2816/2816 2818/2818/2818 2819/2819/2819
f 2820/2820/2820 2821/2821/2821 2822/2822/2822
f 2820/2820/2820 2822/2822/2822 2823/2823/2823
f 2824/2824/2824 2825/2825/2825 2826/2826/2826
f 2824/2824/2824 2826/2826/2826 2827/2827/2827
f 2828/2828/2828 2829/2829/2829 2830/2830/2830
f 2828/2828/2828 2830/2830/2830 2831/2831/2831
f 2832/2832/2832 2833/2833/2833 2834/2834/2834
f 2832/2832/2832 2834/2834/2834 2835/2835/2835
f 2836/2836/2836 2837/2837/2837 2838/2838/2838
f 2836/2836/2836 2838/2838/2838 2839/2839/2839
f 2840/2840/2840 2841/2841/2841 2842/2842/2842
f 2840/2840/2840 2842/2842/2842 2843/2843/2843
f 2844/2844/2844 2845/2845/2845 2846/2846/2846
f 2844/2844/2844 2846/2846/2846 2847/2847/2847
f 2848/2848/2848 2849/2849/2849 2850/2850/2850
f 2848/2848/2848 2850/2850/2850 2851/2851/2851
f 2852/2852/2852 2853/2853/2853 2854/2854/2854
f 2852/2852/2852 2854/2854/2854 2855/2855/2855
f 2856/2856/2856 2857/2857/2857 2858/2858/2858
f 2856/2856/2856 2858/2858/2858 2859/2859/2859
f 2860/2860/2860 2861/2861/2861 2862/2862/2862
f 2860/2860/2860 2862/2862/2862 2863/2863/2863
f 2864/2864/2864 2865/2865/2865 2866/2866/2866
f 2864/2864/2864 2866/2866/2866 2867/2867/2867
f 2868/2868/2868 2869/2869/2869 2870/2870/2870
f 2868/2868/2868 2870/2870/2870 2871/2871/2871
f 2872/2872/2872 2873/2873/2873 2874/2874/2874
f 2872/2872/2872 2874/2874/2874 2875/2875/2875
f 2875/2875/2875 2874/2874/2874 2876/2876/2876
f 2875/2875/2875 2876/2876/2876 2877/2877/2877
f 2878/2878/2878 2879/2879/2879 2880/2880/2880
f 2878/2878/2878 2880/2880/2880 2881/2881/2881
f 2881/2881/2881 2880/2880/2880 2882/2882/2882
f 2881/2881/2881 2882/2882/2882 2883/2883/2883
f 2884/2884/2884 2885/2885/2885 2886/2886/2886
f 2884/2884/2884 2886/2886/2886 2887/2887/2887
f 2887/2887/2887 2886/2886/2886 2888/2888/2888
f 2887/2887/2887 2888/2888/2888 2889/2889/2889
f 2890/2890/2890 2891/2891/2891 2892/2892/2892
f 2890/2890/2890 2892/2892/2892 2893/2893/2893
f 2893/2893/2893 2892/2892/2892 2894/2894/2894
f 2893/2893/2893 2894/2894/2894 2895/2895/2895
f 2896/2896/2896 2897/2897/2897 2898/2898/2898
f 2896/2896/2896 2898/2898/2898 2899/2899/2899
f 2899/2899/2899 2898/2898/2898 2900/2900/2900
f 2899/2899/2899 2900/2900/2900 2901/2901/2901
f 2902/2902/2902 2903/2903/2903 2904/2904/2904
f 2902/2902/2902 2904/2904/2904 2905/2905/2905
f 2905/2905/2905 2904/2904/2904 2906/2906/2906
f 2905/2905/2905 2906/2906/2906 2907/2907/2907
f 2908/2908/2908 2909/2909/2909 2910/2910/2910
f 2908/2908/2908 2910/2910/2910 2911/2911/2911
f 2911/2911/2911 2910/2910/2910 2912/2912/2912
f 2911/2911/2911 2912/2912/2912 2913/2913/2913
f 2914/2914/2914 2915/2915/2915 2916/2916/2916
f 2914/2914/2914 2916/2916/2916 2917/2917/2917
f 2917/2917/2917 2916/2916/2916 2918/2918/2918
f 2917/2917/2917 2918/2918/2918 2919/2919/2919
f 2920/2920/2920 2921/2921/2921 2922/2922/2922
f 2920/2920/2920 2922/2922/2922 2923/2923/2923
f 2923/2923/2923 2922/2922/2922 2924/2924/2924
f 2923/2923/2923 2924/2924/2924 2925/2925/2925
f 2926/2926/2926 2927/2927/2927 2928/2928/2928
f 2926/2926/2926 2928/2928/2928 2929/2929/2929
f 2929/2929/2929 2928/2928/2928 2930/2930/2930
f 2929/2929/2929 2930/2930/2930 2931/2931/2931
f 2932/2932/2932 2933/2933/2933 2934/2934/2934
f 2932/2932/2932 2934/2934/2934 2935/2935/2935
f 2935/2935/2935 2934/2934/2934 2936/2936/2936
f 2935/2935/2935 2936/2936/2936 2937/2937/2937
f 2938/2938/2938 2939/2939/2939 2940/2940/2940
f 2938/2938/2938 2940/2940/2940 2941/2941/2941
f 2941/2941/2941 2940/2940/2940 2942/2942/2942
f 2941/2941/2941 2942/2942/2942 2943/2943/2943
f 2944/2944/2944 2945/2945/2945 2946/2946/2946
f 2944/2944/2944 2946/2946/2946 2947/2947/2947
f 2947/2947/2947 2946/2946/2946 2948/2948/2948
f 2947/2947/2947 2948/2948/2948 2949/2949/2949
f 2950/2950/2950 2951/2951/2951 2952/2952/2952
f 2950/2950/2950 2952/2952/2952 2953/2953/2953
f 2953/2953/2953 2952/2952/2952 2954/2954/2954
f 2953/2953/2953 2954/2954/2954 2955/2955/2955
f 2956/2956/2956 2957/2957/2957 2958/2958/2958
f 2956/2956/2956 2958/2958/2958 2959/2959/2959
f 2959/2959/2959 2958/2958/2958 2960/2960/2960
f 2959/2959/2959 2960/2960/2960 2961/2961/2961
f 2962/2962/2962 2963/2963/2963 2964/2964/2964
f 2962/2962/2962 2964/2964/2964 2965/2965/2965
f 2965/2965/2965 2964/2964/2964 2966/2966/2966
f 2965/2965/2965 2966/2966/2966 2967/2967/2967
f 2968/2968/2968 2969/2969/2969 2970/2970/2970
f 2968/2968/2968 2970/2970/2970 2971/2971/2971
f 2971/2971/2971 2970/2970/2970 2972/2972/2972
f 2971/2971/2971 2972/2972/2972 2973/2973/2973
f 2974/2974/2974 2975/2975/2975 2976/2976/2976
f 2974/2974/2974 2976/2976/2976 2977/2977/2977
f 2977/2977/2977 2976/2976/2976 2978/2978/2978
f 2977/2977/2977 2978/2978/2978 2979/2979/2979
f 2980/2980/2980 2981/2981/2981 2982/2982/2982
f 2980/2980/2980 2982/2982/2982 2983/2983/2983
f 2983/2983/2983 2982/2982/2982 2984/2984/2984
f 2983/2983/2983 2984/2984/2984 2985/2985/2985
f 2986/2986/2986 2987/2987/2987 2988/2988/2988
f 2986/2986/2986 2988/2988/2988 2989/2989/2989
f 2989/2989/2989 2988/2988/2988 2990/2990/2990
f 2989/2989/2989 2990/2990/2990 2991/2991/2991
f 2992/2992/2992 2993/2993/2993 2994/2994/2994
f 2992/2992/2992 2994/2994/2994 2995/2995/2995
f 2995/2995/2995 2994/2994/2994 2996/2996/2996
f 2995/2995/2995 2996/2996/2996 2997/2997/2997
f 2998/2998/2998 2999/2999/2999 3000/3000/3000
f 2998/2998/2998 3000/3000/3000 3001/3001/3001
f 3001/3001/3001 3000/3000/3000 3002/3002/3002
f 3001/3001/3001 3002/3002/3002 3003/3003/3003
f 3004/3004/3004 3005/3005/3005 3006/3006/3006
f 3004/3004/3004 3006/3006/3006 3007/3007/3007
f 3007/3007/3007 3006/3006/3006 3008/3008/3008
f 3007/3007/3007 3008/3008/3008 3009/3009/3009
f 3010/3010/3010 3011/3011/3011 3012/3012/3012
f 3010/3010/3010 3012/3012/3012 3013/3013/3013
f 3009/3009/3009 3008/3008/3008 2865/2865/2865
f 3009/3009/3009 2865/2865/2865 2864/2864/2864
f 2867/2867/2867 2866/2866/2866 3011/3011/3011
f 2867/2867/2867 3011/3011/3011 3010/3010/3010
f 3003/3003/3003 3002/3002/3002 2861/2861/2861
f 3003/3003/3003 2861/2861/2861 2860/2860/2860
f 2863/2863/2863 2862/2862/2862 3005/3005/3005
f 2863/2863/2863 3005/3005/3005 3004/3004/3004
f 2997/2997/2997 2996/2996/2996 2857/2857/2857
f 2997/2997/2997 2857/2857/2857 2856/2856/2856
f 2859/2859/2859 2858/2858/2858 2999/2999/2999
f 2859/2859/2859 2999/2999/2999 2998/2998/2998
f 2991/2991/2991 2990/2990/2990 2853/2853/2853
f 2991/2991/2991 2853/2853/2853 2852/2852/2852
f 2855/2855/2855 2854/2854/2854 2993/2993/2993
f 2855/2855/2855 2993/2993/2993 2992/2992/2992
f 2985/2985/2985 2984/2984/2984 2849/2849/2849
f 2985/2985/2985 2849/2849/2849 2848/2848/2848
f 2851/2851/2851 2850/2850/2850 2987/2987/2987
f 2851/2851/2851 2987/2987/2987 2986/2986/2986
f 2979/2979/2979 2978/2978/2978 2845/2845/2845
f 2979/2979/2979 2845/2845/2845 2844/2844/2844
f 2847/2847/2847 2846/2846/2846 2981/2981/2981
f 2847/2847/2847 2981/2981/2981 2980/2980/2980
f 2973/2973/2973 2972/2972/2972 2841/2841/2841
f 2973/2973/2973 2841/2841/2841 2840/2840/2840
f 2843/2843/2843 2842/2842/2842 2975/2975/2975
f 2843/2843/2843 2975/2975/2975 2974/2974/2974
f 2967/2967/2967 2966/2966/2966 2837/2837/2837
f 2967/2967/2967 2837/2837/2837 2836/2836/2836
f 2839/2839/2839 2838/2838/2838 2969/2969/2969
f 2839/2839/2839 2969/2969/2969 2968/2968/2968
f 2961/2961/2961 2960/2960/2960 2833/2833/2833
f 2961/2961/2961 2833/2833/2833 2832/2832/2832
f 2835/2835/2835 2834/2834/2834 2963/2963/2963
f 2835/2835/2835 2963/2963/2963 2962/2962/2962
f 2955/2955/2955 2954/2954/2954 2829/2829/2829
f 2955/2955/2955 2829/2829/2829 2828/2828/2828
f 2831/2831/2831 2830/2830/2830 2957/2957/2957
f 2831/2831/2831 2957/2957/2957 2956/2956/2956
f 2949/2949/2949 2948/2948/2948 2825/2825/2825
f 2949/2949/2949 2825/2825/2825 2824/2824/2824
f 2827/2827/2827 2826/2826/2826 2951/2951/2951
f 2827/2827/2827 2951/2951/2951 2950/2950/2950
f 2943/2943/2943 2942/2942/2942 2821/2821/2821
f 2943/2943/2943 2821/2821/2821 2820/2820/2820
f 2823/2823/2823 2822/2822/2822 2945/2945/2945
f 2823/2823/2823 2945/2945/2945 2944/2944/2944
f 2937/2937/2937 2936/2936/2936 2817/2817/2817
f 2937/2937/2937 2817/2817/2817 2816/2816/2816
f 2819/2819/2819 2818/2818/2818 2939/2939/2939
f 2819/2819/2819 2939/2939/2939 2938/2938/2938
f 2931/2931/2931 2930/2930/2930 2813/2813/2813
f 2931/2931/2931 2813/2813/2813 2812/2812/2812
f 2815/2815/2815 2814/2814/2814 2933/2933/2933
f 2815/2815/2815 2933/2933/2933 2932/2932/2932
f 2925/2925/2925 2924/2924/2924 2809/2809/2809
f 2925/2925/2925 2809/2809/2809 2808/2808/2808
f 2811/2811/2811 2810/2810/2810 2927/2927/2927
f 2811/2811/2811 2927/2927/2927 2926/2926/2926
f 2919/2919/2919 2918/2918/2918 2805/2805/2805
f 2919/2919/2919 2805/2805/2805 2804/2804/2804
f 2807/2807/2807 2806/2806/2806 2921/2921/2921
f 2807/2807/2807 2921/2921/2921 2920/2920/2920
f 2913/2913/2913 2912/2912/2912 2801/2801/2801
f 2913/2913/2913 2801/2801/2801 2800/2800/2800
f 2803/2803/2803 2802/2802/2802 2915/2915/2915
f 2803/2803/2803 2915/2915/2915 2914/2914/2914
f 2907/2907/2907 2906/2906/2906 2797/2797/2797
f 2907/2907/2907 2797/2797/2797 2796/2796/2796
f 2799/2799/2799 2798/2798/2798 2909/2909/2909
f 2799/2799/2799 2909/2909/2909 2908/2908/2908
f 2901/2901/2901 2900/2900/2900 2793/2793/2793
f 2901/2901/2901 2793/2793/2793 2792/2792/2792
f 2795/2795/2795 2794/2794/2794 2903/2903/2903
f 2795/2795/2795 2903/2903/2903 2902/2902/2902
f 2895/2895/2895 2894/2894/2894 2789/2789/2789
f 2895/2895/2895 2789/2789/2789 2788/2788/2788
f 2791/2791/2791 2790/2790/2790 2897/2897/2897
f 2791/2791/2791 2897/2897/2897 2896/2896/2896
f 2889/2889/2889 2888/2888/2888 2785/2785/2785
f 2889/2889/2889 2785/2785/2785 2784/2784/2784
f 2787/2787/2787 2786/2786/2786 2891/2891/2891
f 2787/2787/2787 2891/2891/2891 2890/2890/2890
f 2883/2883/2883 2882/2882/2882 2781/2781/2781
f 2883/2883/2883 2781/2781/2781 2780/2780/2780
f 2783/2783/2783 2782/2782/2782 2885/2885/2885
f 2783/2783/2783 2885/2885/2885 2884/2884/2884
f 2877/2877/2877 2876/2876/2876 2777/2777/2777
f 2877/2877/2877 2777/2777/2777 2776/2776/2776
f 2779/2779/2779 2778/2778/2778 2879/2879/2879
f 2779/2779/2779 2879/2879/2879 2878/2878/2878
f 2871/2871/2871 2870/2870/2870 2773/2773/2773
f 2871/2871/2871 2773/2773/2773 2772/2772/2772
f 2775/2775/2775 2774/2774/2774 2873/2873/2873
f 2775/2775/2775 2873/2873/2873 2872/2872/2872
f 2768/2768/2768 3014/3014/3014 3015/3015/3015
f 2768/2768/2768 3015/3015/3015 2769/2769/2769
f 2628/2628/2628 3016/3016/3016 3017/3017/3017
f 2628/2628/2628 3017/3017/3017 2629/2629/2629
f 3018/3018/3018 3019/3019/3019 2628/2628/2628
f 3018/3018/3018 2628/2628/2628 2627/2627/2627
f 3020/3020/3020 3021/3021/3021 3022/3022/3022
f 3020/3020/3020 3022/3022/3022 3023/3023/3023
f 3018/3018/3018 2631/2631/2631 2630/2630/2630
f 3018/3018/3018 2630/2630/2630 3019/3019/3019
f 3024/3024/3024 3025/3025/3025 3026/3026/3026
f 3024/3024/3024 3026/3026/3026 3027/3027/3027
f 2633/2633/2633 2635/2635/2635 3028/3028/3028
f 2633/2633/2633 3028/3028/3028 3029/3029/3029
f 3030/3030/3030 2634/2634/2634 2633/2633/2633
f 3030/3030/3030 2633/2633/2633 3031/3031/3031
f 3032/3032/3032 3033/3033/3033 3034/3034/3034
f 3032/3032/3032 3034/3034/3034 3035/3035/3035
f 3036/3036/3036 3016/3016/3016 2628/2628/2628
f 3036/3036/3036 2628/2628/2628 3019/3019/3019
f 3036/3036/3036 3037/3037/3037 2643/2643/2643
f 3036/3036/3036 2643/2643/2643 3038/3038/3038
f 3030/3030/3030 3031/3031/3031 2637/2637/2637
f 3030/3030/3030 2637/2637/2637 2636/2636/2636
f 3035/3035/3035 3034/3034/3034 3039/3039/3039
f 3035/3035/3035 3039/3039/3039 3040/3040/3040
f 3036/3036/3036 3031/3031/3031 2633/2633/2633
f 3036/3036/3036 2633/2633/2633 3029/3029/3029
f 2793/2793/2793 2900/2900/2900 3041/3041/3041
f 2793/2793/2793 3041/3041/3041 3042/3042/3042
f 2900/2900/2900 2898/2898/2898 3043/3043/3043
f 2900/2900/2900 3043/3043/3043 3041/3041/3041
f 2898/2898/2898 2897/2897/2897 3044/3044/3044
f 2898/2898/2898 3044/3044/3044 3043/3043/3043
f 2897/2897/2897 2790/2790/2790 3045/3045/3045
f 2897/2897/2897 3045/3045/3045 3044/3044/3044
f 2790/2790/2790 2789/2789/2789 3046/3046/3046
f 2790/2790/2790 3046/3046/3046 3045/3045/3045
f 2789/2789/2789 2894/2894/2894 3047/3047/3047
f 2789/2789/2789 3047/3047/3047 3046/3046/3046
f 2894/2894/2894 2892/2892/2892 3048/3048/3048
f 2894/2894/2894 3048/3048/3048 3047/3047/3047
f 2892/2892/2892 2891/2891/2891 3049/3049/3049
f 2892/2892/2892 3049/3049/3049 3048/3048/3048
f 2891/2891/2891 2786/2786/2786 3050/3050/3050
f 2891/2891/2891 3050/3050/3050 3049/3049/3049
f 2786/2786/2786 2785/2785/2785 3051/3051/3051
f 2786/2786/2786 3051/3051/3051 3050/3050/3050
f 2785/2785/2785 2888/2888/2888 3052/3052/3052
f 2785/2785/2785 3052/3052/3052 3051/3051/3051
f 2888/2888/2888 2886/2886/2886 3053/3053/3053
f 2888/2888/2888 3053/3053/3053 3052/3052/3052
f 2886/2886/2886 2885/2885/2885 3054/3054/3054
f 2886/2886/2886 3054/3054/3054 3053/3053/3053
f 2885/2885/2885 2782/2782/2782 3055/3055/3055
f 2885/2885/2885 3055/3055/3055 3054/3054/3054
f 2782/2782/2782 2781/2781/2781 3056/3056/3056
f 2782/2782/2782 3056/3056/3056 3055/3055/3055
f 2781/2781/2781 2882/2882/2882 3057/3057/3057
f 2781/2781/2781 3057/3057/3057 3056/3056/3056
f 2882/2882/2882 2880/2880/2880 3058/3058/3058
f 2882/2882/2882 3058/3058/3058 3057/3057/3057
f 2880/2880/2880 2879/2879/2879 3059/3059/3059
f 2880/2880/2880 3059/3059/3059 3058/3058/3058
f 2879/2879/2879 2778/2778/2778 3060/3060/3060
f 2879/2879/2879 3060/3060/3060 3059/3059/3059
f 2778/2778/2778 2777/2777/2777 3061/3061/3061
f 2778/2778/2778 3061/3061/3061 3060/3060/3060
f 2777/2777/2777 2876/2876/2876 3062/3062/3062
f 2777/2777/2777 3062/3062/3062 3061/3061/3061
f 2876/2876/2876 2874/2874/2874 3063/3063/3063
f 2876/2876/2876 3063/3063/3063 3062/3062/3062
f 2874/2874/2874 2873/2873/2873 3064/3064/3064
f 2874/2874/2874 3064/3064/3064 3063/3063/3063
f 2873/2873/2873 2774/2774/2774 3065/3065/3065
f 2873/2873/2873 3065/3065/3065 3064/3064/3064
f 2774/2774/2774 2773/2773/2773 3066/3066/3066
f 2774/2774/2774 3066/3066/3066 3065/3065/3065
f 2773/2773/2773 2870/2870/2870 3067/3067/3067
f 2773/2773/2773 3067/3067/3067 3066/3066/3066
f 2870/2870/2870 2869/2869/2869 3068/3068/3068
f 2870/2870/2870 3068/3068/3068 3067/3067/3067
f 3012/3012/3012 3011/3011/3011 3069/3069/3069
f 3012/3012/3012 3069/3069/3069 3070/3070/3070
f 3011/3011/3011 2866/2866/2866 3071/3071/3071
f 3011/3011/3011 3071/3071/3071 3069/3069/3069
f 2866/2866/2866 2865/2865/2865 3072/3072/3072
f 2866/2866/2866 3072/3072/3072 3071/3071/3071
f 2865/2865/2865 3008/3008/3008 3073/3073/3073
f 2865/2865/2865 3073/3073/3073 3072/3072/3072
f 3008/3008/3008 3006/3006/3006 3074/3074/3074
f 3008/3008/3008 3074/3074/3074 3073/3073/3073
f 3006/3006/3006 3005/3005/3005 3075/3075/3075
f 3006/3006/3006 3075/3075/3075 3074/3074/3074
f 3005/3005/3005 2862/2862/2862 3076/3076/3076
f 3005/3005/3005 3076/3076/3076 3075/3075/3075
f 2862/2862/2862 2861/2861/2861 3077/3077/3077
f 2862/2862/2862 3077/3077/3077 3076/3076/3076
f 2861/2861/2861 3002/3002/3002 3078/3078/3078
f 2861/2861/2861 3078/3078/3078 3077/3077/3077
f 3002/3002/3002 3000/3000/3000 3079/3079/3079
f 3002/3002/3002 3079/3079/3079 3078/3078/3078
f 3000/3000/3000 2999/2999/2999 3080/3080/3080
f 3000/3000/3000 3080/3080/3080 3079/3079/3079
f 2999/2999/2999 2858/2858/2858 3081/3081/3081
f 2999/2999/2999 3081/3081/3081 3080/3080/3080
f 2858/2858/2858 2857/2857/2857 3082/3082/3082
f 2858/2858/2858 3082/3082/3082 3081/3081/3081
f 2857/2857/2857 2996/2996/2996 3083/3083/3083
f 2857/2857/2857 3083/3083/3083 3082/3082/3082
f 2996/2996/2996 2994/2994/2994 3084/3084/3084
f 2996/2996/2996 3084/3084/3084 3083/3083/3083
f 2994/2994/2994 2993/2993/2993 3085/3085/3085
f 2994/2994/2994 3085/3085/3085 3084/3084/3084
f 2993/2993/2993 2854/2854/2854 3086/3086/3086
f 2993/2993/2993 3086/3086/3086 3085/3085/3085
f 2854/2854/2854 2853/2853/2853 3087/3087/3087
f 2854/2854/2854 3087/3087/3087 3086/3086/3086
f 2853/2853/2853 2990/2990/2990 3088/3088/3088
f 2853/2853/2853 3088/3088/3088 3087/3087/3087
f 2990/2990/2990 2988/2988/2988 3089/3089/3089
f 2990/2990/2990 3089/3089/3089 3088/3088/3088
f 2988/2988/2988 2987/2987/2987 3090/3090/3090
f 2988/2988/2988 3090/3090/3090 3089/3089/3089
f 2987/2987/2987 2850/2850/2850 3091/3091/3091
f 2987/2987/2987 3091/3091/3091 3090/3090/3090
f 2850/2850/2850 2849/2849/2849 3092/3092/3092
f 2850/2850/2850 3092/3092/3092 3091/3091/3091
f 2849/2849/2849 2984/2984/2984 3093/3093/3093
f 2849/2849/2849 3093/3093/3093 3092/3092/3092
f 2984/2984/2984 2982/2982/2982 3094/3094/3094
f 2984/2984/2984 3094/3094/3094 3093/3093/3093
f 2982/2982/2982 2981/2981/2981 3095/3095/3095
f 2982/2982/2982 3095/3095/3095 3094/3094/3094
f 2981/2981/2981 2846/2846/2846 3096/3096/3096
f 2981/2981/2981 3096/3096/3096 3095/3095/3095
f 2846/2846/2846 2845/2845/2845 3097/3097/3097
f 2846/2846/2846 3097/3097/3097 3096/3096/3096
f 2845/2845/2845 2978/2978/2978 3098/3098/3098
f 2845/2845/2845 3098/3098/3098 3097/3097/3097
f 2978/2978/2978 2976/2976/2976 3099/3099/3099
f 2978/2978/2978 3099/3099/3099 3098/3098/3098
f 2976/2976/2976 2975/2975/2975 3100/3100/3100
f 2976/2976/2976 3100/3100/3100 3099/3099/3099
f 2975/2975/2975 2842/2842/2842 3101/3101/3101
f 2975/2975/2975 3101/3101/3101 3100/3100/3100
f 2842/2842/2842 2841/2841/2841 3102/3102/3102
f 2842/2842/2842 3102/3102/3102 3101/3101/3101
f 2841/2841/2841 2972/2972/2972 3103/3103/3103
f 2841/2841/2841 3103/3103/3103 3102/3102/3102
f 2972/2972/2972 2970/2970/2970 3104/3104/3104
f 2972/2972/2972 3104/3104/3104 3103/3103/3103
f 2970/2970/2970 2969/2969/2969 3105/3105/3105
f 2970/2970/2970 3105/3105/3105 3104/3104/3104
f 2969/2969/2969 2838/2838/2838 3106/3106/3106
f 2969/2969/2969 3106/3106/3106 3105/3105/3105
f 2838/2838/2838 2837/2837/2837 3107/3107/3107
f 2838/2838/2838 3107/3107/3107 3106/3106/3106
f 2837/2837/2837 2966/2966/2966 3108/3108/3108
f 2837/2837/2837 3108/3108/3108 3107/3107/3107
f 2966/2966/2966 2964/2964/2964 3109/3109/3109
f 2966/2966/2966 3109/3109/3109 3108/3108/3108
f 2964/2964/2964 2963/2963/2963 3110/3110/3110
f 2964/2964/2964 3110/3110/3110 3109/3109/3109
f 2963/2963/2963 2834/2834/2834 3111/3111/3111
f 2963/2963/2963 3111/3111/3111 3110/3110/3110
f 2834/2834/2834 2833/2833/2833 3112/3112/3112
f 2834/2834/2834 3112/3112/3112 3111/3111/3111
f 2833/2833/2833 2960/2960/2960 3113/3113/3113
f 2833/2833/2833 3113/3113/3113 3112/3112/3112
f 2960/2960/2960 2958/2958/2958 3114/3114/3114
f 2960/2960/2960 3114/3114/3114 3113/3113/3113
f 2958/2958/2958 2957/2957/2957 3115/3115/3115
f 2958/2958/2958 3115/3115/3115 3114/3114/3114
f 2957/2957/2957 2830/2830/2830 3116/3116/3116
f 2957/2957/2957 3116/3116/3116 3115/3115/3115
f 2830/2830/2830 2829/2829/2829 3117/3117/3117
f 2830/2830/2830 3117/3117/3117 3116/3116/3116
f 2829/2829/2829 2954/2954/2954 3118/3118/3118
f 2829/2829/2829 3118/3118/3118 3117/3117/3117
f 2954/2954/2954 2952/2952/2952 3119/3119/3119
f 2954/2954/2954 3119/3119/3119 3118/3118/3118
f 2952/2952/2952 2951/2951/2951 3120/3120/3120
f 2952/2952/2952 3120/3120/3120 3119/3119/3119
f 2951/2951/2951 2826/2826/2826 3121/3121/3121
f 2951/2951/2951 3121/3121/3121 3120/3120/3120
f 2826/2826/2826 2825/2825/2825 3122/3122/3122
f 2826/2826/2826 3122/3122/3122 3121/3121/3121
f 2825/2825/2825 2948/2948/2948 3123/3123/3123
f 2825/2825/2825 3123/3123/3123 3122/3122/3122
f 2948/2948/2948 2946/2946/2946 3124/3124/3124
f 2948/2948/2948 3124/3124/3124 3123/3123/3123
f 2946/2946/2946 2945/2945/2945 3125/3125/3125
f 2946/2946/2946 3125/3125/3125 3124/3124/3124
f 2945/2945/2945 2822/2822/2822 3126/3126/3126
f 2945/2945/2945 3126/3126/3126 3125/3125/3125
f 2822/2822/2822 2821/2821/2821 3127/3127/3127
f 2822/2822/2822 3127/3127/3127 3126/3126/3126
f 2821/2821/2821 2942/2942/2942 3128/3128/3128
f 2821/2821/2821 3128/3128/3128 3127/3127/3127
f 2942/2942/2942 2940/2940/2940 3129/3129/3129
f 2942/2942/2942 3129/3129/3129 3128/3128/3128
f 2940/2940/2940 2939/2939/2939 3130/3130/3130
f 2940/2940/2940 3130/3130/3130 3129/3129/3129
f 2939/2939/2939 2818/2818/2818 3131/3131/3131
f 2939/2939/2939 3131/3131/3131 3130/3130/3130
f 2818/2818/2818 2817/2817/2817 3132/3132/3132
f 2818/2818/2818 3132/3132/3132 3131/3131/3131
f 2817/2817/2817 2936/2936/2936 3133/3133/3133
f 2817/2817/2817 3133/3133/3133 3132/3132/3132
f 2936/2936/2936 2934/2934/2934 3134/3134/3134
f 2936/2936/2936 3134/3134/3134 3133/3133/3133
f 2934/2934/2934 2933/2933/2933 3135/3135/3135
f 2934/2934/2934 3135/3135/3135 3134/3134/3134
f 2933/2933/2933 2814/2814/2814 3136/3136/3136
f 2933/2933/2933 3136/3136/3136 3135/3135/3135
f 2814/2814/2814 2813/2813/2813 3137/3137/3137
f 2814/2814/2814 3137/3137/3137 3136/3136/3136
f 2813/2813/2813 2930/2930/2930 3138/3138/3138
f 2813/2813/2813 3138/3138/3138 3137/3137/3137
f 2930/2930/2930 2928/2928/2928 3139/3139/3139
f 2930/2930/2930 3139/3139/3139 3138/3138/3138
f 2928/2928/2928 2927/2927/2927 3140/3140/3140
f 2928/2928/2928 3140/3140/3140 3139/3139/3139
f 2927/2927/2927 2810/2810/2810 3141/3141/3141
f 2927/2927/2927 3141/3141/3141 3140/3140/3140
f 2810/2810/2810 2809/2809/2809 3142/3142/3142
f 2810/2810/2810 3142/3142/3142 3141/3141/3141
f 2809/2809/2809 2924/2924/2924 3143/3143/3143
f 2809/2809/2809 3143/3143/3143 3142/3142/3142
f 2924/2924/2924 2922/2922/2922 3144/3144/3144
f 2924/2924/2924 3144/3144/3144 3143/3143/3143
f 2922/2922/2922 2921/2921/2921 3145/3145/3145
f 2922/2922/2922 3145/3145/3145 3144/3144/3144
f 2921/2921/2921 2806/2806/2806 3146/3146/3146
f 2921/2921/2921 3146/3146/3146 3145/3145/3145
f 2806/2806/2806 2805/2805/2805 3147/3147/3147
f 2806/2806/2806 3147/3147/3147 3146/3146/3146
f 2805/2805/2805 2918/2918/2918 3148/3148/3148
f 2805/2805/2805 3148/3148/3148 3147/3147/3147
f 2918/2918/2918 2916/2916/2916 3149/3149/3149
f 2918/2918/2918 3149/3149/3149 3148/3148/3148
f 2916/2916/2916 2915/2915/2915 3150/3150/3150
f 2916/2916/2916 3150/3150/3150 3149/3149/3149
f 2915/2915/2915 2802/2802/2802 3151/3151/3151
f 2915/2915/2915 3151/3151/3151 3150/3150/3150
f 2802/2802/2802 2801/2801/2801 3152/3152/3152
f 2802/2802/2802 3152/3152/3152 3151/3151/3151
f 2801/2801/2801 2912/2912/2912 3153/3153/3153
f 2801/2801/2801 3153/3153/3153 3152/3152/3152
f 2912/2912/2912 2910/2910/2910 3154/3154/3154
f 2912/2912/2912 3154/3154/3154 3153/3153/3153
f 2910/2910/2910 2909/2909/2909 3155/3155/3155
f 2910/2910/2910 3155/3155/3155 3154/3154/3154
f 2909/2909/2909 2798/2798/2798 3156/3156/3156
f 2909/2909/2909 3156/3156/3156 3155/3155/3155
f 2798/2798/2798 2797/2797/2797 3157/3157/3157
f 2798/2798/2798 3157/3157/3157 3156/3156/3156
f 2797/2797/2797 2906/2906/2906 3158/3158/3158
f 2797/2797/2797 3158/3158/3158 3157/3157/3157
f 2906/2906/2906 2904/2904/2904 3159/3159/3159
f 2906/2906/2906 3159/3159/3159 3158/3158/3158
f 2904/2904/2904 2903/2903/2903 3160/3160/3160
f 2904/2904/2904 3160/3160/3160 3159/3159/3159
f 2903/2903/2903 2794/2794/2794 3161/3161/3161
f 2903/2903/2903 3161/3161/3161 3160/3160/3160
f 2794/2794/2794 2793/2793/2793 3042/3042/3042
f 2794/2794/2794 3042/3042/3042 3161/3161/3161
f 3162/3162/3162 2772/2772/2772 2775/2775/2775
f 3162/3162/3162 2775/2775/2775 3163/3163/3163
f 3163/3163/3163 2765/2765/2765 2764/2764/2764
f 3163/3163/3163 2764/2764/2764 3162/3162/3162
f 3164/3164/3164 2776/2776/2776 2779/2779/2779
f 3164/3164/3164 2779/2779/2779 3165/3165/3165
f 3165/3165/3165 2763/2763/2763 2762/2762/2762
f 3165/3165/3165 2762/2762/2762 3164/3164/3164
f 3166/3166/3166 2780/2780/2780 2783/2783/2783
f 3166/3166/3166 2783/2783/2783 3167/3167/3167
f 3167/3167/3167 2761/2761/2761 2760/2760/2760
f 3167/3167/3167 2760/2760/2760 3166/3166/3166
f 3168/3168/3168 2784/2784/2784 2787/2787/2787
f 3168/3168/3168 2787/2787/2787 3169/3169/3169
f 3169/3169/3169 2759/2759/2759 2758/2758/2758
f 3169/3169/3169 2758/2758/2758 3168/3168/3168
f 3170/3170/3170 2788/2788/2788 2791/2791/2791
f 3170/3170/3170 2791/2791/2791 3171/3171/3171
f 3171/3171/3171 2757/2757/2757 2756/2756/2756
f 3171/3171/3171 2756/2756/2756 3170/3170/3170
f 3172/3172/3172 2792/2792/2792 2795/2795/2795
f 3172/3172/3172 2795/2795/2795 3173/3173/3173
f 3173/3173/3173 2755/2755/2755 2754/2754/2754
f 3173/3173/3173 2754/2754/2754 3172/3172/3172
f 3174/3174/3174 2796/2796/2796 2799/2799/2799
f 3174/3174/3174 2799/2799/2799 3175/3175/3175
f 3175/3175/3175 2753/2753/2753 2752/2752/2752
f 3175/3175/3175 2752/2752/2752 3174/3174/3174
f 3176/3176/3176 2800/2800/2800 2803/2803/2803
f 3176/3176/3176 2803/2803/2803 3177/3177/3177
f 3177/3177/3177 2751/2751/2751 2750/2750/2750
f 3177/3177/3177 2750/2750/2750 3176/3176/3176
f 3178/3178/3178 2804/2804/2804 2807/2807/2807
f 3178/3178/3178 2807/2807/2807 3179/3179/3179
f 3179/3179/3179 2749/2749/2749 2748/2748/2748
f 3179/3179/3179 2748/2748/2748 3178/3178/3178
f 3180/3180/3180 2808/2808/2808 2811/2811/2811
f 3180/3180/3180 2811/2811/2811 3181/3181/3181
f 3181/3181/3181 2747/2747/2747 2746/2746/2746
f 3181/3181/3181 2746/2746/2746 3180/3180/3180
f 3182/3182/3182 2812/2812/2812 2815/2815/2815
f 3182/3182/3182 2815/2815/2815 3183/3183/3183
f 3183/3183/3183 2745/2745/2745 2744/2744/2744
f 3183/3183/3183 2744/2744/2744 3182/3182/3182
f 3184/3184/3184 2816/2816/2816 2819/2819/2819
f 3184/3184/3184 2819/2819/2819 3185/3185/3185
f 3185/3185/3185 2743/2743/2743 2742/2742/2742
f 3185/3185/3185 2742/2742/2742 3184/3184/3184
f 3186/3186/3186 2820/2820/2820 2823/2823/2823
f 3186/3186/3186 2823/2823/2823 3187/3187/3187
f 3187/3187/3187 2741/2741/2741 2740/2740/2740
f 3187/3187/3187 2740/2740/2740 3186/3186/3186
f 3188/3188/3188 2824/2824/2824 2827/2827/2827
f 3188/3188/3188 2827/2827/2827 3189/3189/3189
f 3189/3189/3189 2739/2739/2739 2738/2738/2738
f 3189/3189/3189 2738/2738/2738 3188/3188/3188
f 3190/3190/3190 2828/2828/2828 2831/2831/2831
f 3190/3190/3190 2831/2831/2831 3191/3191/3191
f 3191/3191/3191 2737/2737/2737 2736/2736/2736
f 3191/3191/3191 2736/2736/2736 3190/3190/3190
f 3192/3192/3192 2832/2832/2832 2835/2835/2835
f 3192/3192/3192 2835/2835/2835 3193/3193/3193
f 3193/3193/3193 2735/2735/2735 2734/2734/2734
f 3193/3193/3193 2734/2734/2734 3192/3192/3192
f 3194/3194/3194 2836/2836/2836 2839/2839/2839
f 3194/3194/3194 2839/2839/2839 3195/3195/3195
f 3195/3195/3195 2733/2733/2733 2732/2732/2732
f 3195/3195/3195 2732/2732/2732 3194/3194/3194
f 3196/3196/3196 2840/2840/2840 2843/2843/2843
f 3196/3196/3196 2843/2843/2843 3197/3197/3197
f 3197/3197/3197 2731/2731/2731 2730/2730/2730
f 3197/3197/3197 2730/2730/2730 3196/3196/3196
f 3198/3198/3198 2844/2844/2844 2847/2847/2847
f 3198/3198/3198 2847/2847/2847 3199/3199/3199
f 3199/3199/3199 2729/2729/2729 2728/2728/2728
f 3199/3199/3199 2728/2728/2728 3198/3198/3198
f 3200/3200/3200 2848/2848/2848 2851/2851/2851
f 3200/3200/3200 2851/2851/2851 3201/3201/3201
f 3201/3201/3201 2727/2727/2727 2726/2726/2726
f 3201/3201/3201 2726/2726/2726 3200/3200/3200
f 3202/3202/3202 2852/2852/2852 2855/2855/2855
f 3202/3202/3202 2855/2855/2855 3203/3203/3203
f 3203/3203/3203 2725/2725/2725 2724/2724/2724
f 3203/3203/3203 2724/2724/2724 3202/3202/3202
f 3204/3204/3204 2856/2856/2856 2859/2859/2859
f 3204/3204/3204 2859/2859/2859 3205/3205/3205
f 3205/3205/3205 2723/2723/2723 2722/2722/2722
f 3205/3205/3205 2722/2722/2722 3204/3204/3204
f 3206/3206/3206 2860/2860/2860 2863/2863/2863
f 3206/3206/3206 2863/2863/2863 3207/3207/3207
f 3207/3207/3207 2721/2721/2721 2720/2720/2720
f 3207/3207/3207 2720/2720/2720 3206/3206/3206
f 3208/3208/3208 2864/2864/2864 2867/2867/2867
f 3208/3208/3208 2867/2867/2867 3209/3209/3209
f 3209/3209/3209 2719/2719/2719 2718/2718/2718
f 3209/3209/3209 2718/2718/2718 3208/3208/3208
f 3210/3210/3210 2868/2868/2868 2871/2871/2871
f 3210/3210/3210 2871/2871/2871 3211/3211/3211
f 3211/3211/3211 2647/2647/2647 2646/2646/2646
f 3211/3211/3211 2646/2646/2646 3210/3210/3210
f 3212/3212/3212 2872/2872/2872 2875/2875/2875
f 3212/3212/3212 2875/2875/2875 3213/3213/3213
f 3213/3213/3213 2645/2645/2645 2648/2648/2648
f 3213/3213/3213 2648/2648/2648 3212/3212/3212
f 3213/3213/3213 2875/2875/2875 2877/2877/2877
f 3213/3213/3213 2877/2877/2877 3214/3214/3214
f 3214/3214/3214 2650/2650/2650 2645/2645/2645
f 3214/3214/3214 2645/2645/2645 3213/3213/3213
f 3215/3215/3215 2878/2878/2878 2881/2881/2881
f 3215/3215/3215 2881/2881/2881 3216/3216/3216
f 3216/3216/3216 2649/2649/2649 2651/2651/2651
f 3216/3216/3216 2651/2651/2651 3215/3215/3215
f 3216/3216/3216 2881/2881/2881 2883/2883/2883
f 3216/3216/3216 2883/2883/2883 3217/3217/3217
f 3217/3217/3217 2653/2653/2653 2649/2649/2649
f 3217/3217/3217 2649/2649/2649 3216/3216/3216
f 3218/3218/3218 2884/2884/2884 2887/2887/2887
f 3218/3218/3218 2887/2887/2887 3219/3219/3219
f 3219/3219/3219 2652/2652/2652 2654/2654/2654
f 3219/3219/3219 2654/2654/2654 3218/3218/3218
f 3219/3219/3219 2887/2887/2887 2889/2889/2889
f 3219/3219/3219 2889/2889/2889 3220/3220/3220
f 3220/3220/3220 2656/2656/2656 2652/2652/2652
f 3220/3220/3220 2652/2652/2652 3219/3219/3219
f 3221/3221/3221 2890/2890/2890 2893/2893/2893
f 3221/3221/3221 2893/2893/2893 3222/3222/3222
f 3222/3222/3222 2655/2655/2655 2657/2657/2657
f 3222/3222/3222 2657/2657/2657 3221/3221/3221
f 3222/3222/3222 2893/2893/2893 2895/2895/2895
f 3222/3222/3222 2895/2895/2895 3223/3223/3223
f 3223/3223/3223 2659/2659/2659 2655/2655/2655
f 3223/3223/3223 2655/2655/2655 3222/3222/3222
f 3224/3224/3224 2896/2896/2896 2899/2899/2899
f 3224/3224/3224 2899/2899/2899 3225/3225/3225
f 3225/3225/3225 2658/2658/2658 2660/2660/2660
f 3225/3225/3225 2660/2660/2660 3224/3224/3224
f 3225/3225/3225 2899/2899/2899 2901/2901/2901
f 3225/3225/3225 2901/2901/2901 3226/3226/3226
f 3226/3226/3226 2662/2662/2662 2658/2658/2658
f 3226/3226/3226 2658/2658/2658 3225/3225/3225
f 3227/3227/3227 2902/2902/2902 2905/2905/2905
f 3227/3227/3227 2905/2905/2905 3228/3228/3228
f 3228/3228/3228 2661/2661/2661 2663/2663/2663
f 3228/3228/3228 2663/2663/2663 3227/3227/3227
f 3228/3228/3228 2905/2905/2905 2907/2907/2907
f 3228/3228/3228 2907/2907/2907 3229/3229/3229
f 3229/3229/3229 2665/2665/2665 2661/2661/2661
f 3229/3229/3229 2661/2661/2661 3228/3228/3228
f 3230/3230/3230 2908/2908/2908 2911/2911/2911
f 3230/3230/3230 2911/2911/2911 3231/3231/3231
f 3231/3231/3231 2664/2664/2664 2666/2666/2666
f 3231/3231/3231 2666/2666/2666 3230/3230/3230
f 3231/3231/3231 2911/2911/2911 2913/2913/2913
f 3231/3231/3231 2913/2913/2913 3232/3232/3232
f 3232/3232/3232 2668/2668/2668 2664/2664/2664
f 3232/3232/3232 2664/2664/2664 3231/3231/3231
f 3233/3233/3233 2914/2914/2914 2917/2917/2917
f 3233/3233/3233 2917/2917/2917 3234/3234/3234
f 3234/3234/3234 2667/2667/2667 2669/2669/2669
f 3234/3234/3234 2669/2669/2669 3233/3233/3233
f 3234/3234/3234 2917/2917/2917 2919/2919/2919
f 3234/3234/3234 2919/2919/2919 3235/3235/3235
f 3235/3235/3235 2671/2671/2671 2667/2667/2667
f 3235/3235/3235 2667/2667/2667 3234/3234/3234
f 3236/3236/3236 2920/2920/2920 2923/2923/2923
f 3236/3236/3236 2923/2923/2923 3237/3237/3237
f 3237/3237/3237 2670/2670/2670 2672/2672/2672
f 3237/3237/3237 2672/2672/2672 3236/3236/3236
f 3237/3237/3237 2923/2923/2923 2925/2925/2925
f 3237/3237/3237 2925/2925/2925 3238/3238/3238
f 3238/3238/3238 2674/2674/2674 2670/2670/2670
f 3238/3238/3238 2670/2670/2670 3237/3237/3237
f 3239/3239/3239 2926/2926/2926 2929/2929/2929
f 3239/3239/3239 2929/2929/2929 3240/3240/3240
f 3240/3240/3240 2673/2673/2673 2675/2675/2675
f 3240/3240/3240 2675/2675/2675 3239/3239/3239
f 3240/3240/3240 2929/2929/2929 2931/2931/2931
f 3240/3240/3240 2931/2931/2931 3241/3241/3241
f 3241/3241/3241 2677/2677/2677 2673/2673/2673
f 3241/3241/3241 2673/2673/2673 3240/3240/3240
f 3242/3242/3242 2932/2932/2932 2935/2935/2935
f 3242/3242/3242 2935/2935/2935 3243/3243/3243
f 3243/3243/3243 2676/2676/2676 2678/2678/2678
f 3243/3243/3243 2678/2678/2678 3242/3242/3242
f 3243/3243/3243 2935/2935/2935 2937/2937/2937
f 3243/3243/3243 2937/2937/2937 3244/3244/3244
f 3244/3244/3244 2680/2680/2680 2676/2676/2676
f 3244/3244/3244 2676/2676/2676 3243/3243/3243
f 3245/3245/3245 2938/2938/2938 2941/2941/2941
f 3245/3245/3245 2941/2941/2941 3246/3246/3246
f 3246/3246/3246 2679/2679/2679 2681/2681/2681
f 3246/3246/3246 2681/2681/2681 3245/3245/3245
f 3246/3246/3246 2941/2941/2941 2943/2943/2943
f 3246/3246/3246 2943/2943/2943 3247/3247/3247
f 3247/3247/3247 2683/2683/2683 2679/2679/2679
f 3247/3247/3247 2679/2679/2679 3246/3246/3246
f 3248/3248/3248 2944/2944/2944 2947/2947/2947
f 3248/3248/3248 2947/2947/2947 3249/3249/3249
f 3249/3249/3249 2682/2682/2682 2684/2684/2684
f 3249/3249/3249 2684/2684/2684 3248/3248/3248
f 3249/3249/3249 2947/2947/2947 2949/2949/2949
f 3249/3249/3249 2949/2949/2949 3250/3250/3250
f 3250/3250/3250 2686/2686/2686 2682/2682/2682
f 3250/3250/3250 2682/2682/2682 3249/3249/3249
f 3251/3251/3251 2950/2950/2950 2953/2953/2953
f 3251/3251/3251 2953/2953/2953 3252/3252/3252
f 3252/3252/3252 2685/2685/2685 2687/2687/2687
f 3252/3252/3252 2687/2687/2687 3251/3251/3251
f 3252/3252/3252 2953/2953/2953 2955/2955/2955
f 3252/3252/3252 2955/2955/2955 3253/3253/3253
f 3253/3253/3253 2689/2689/2689 2685/2685/2685
f 3253/3253/3253 2685/2685/2685 3252/3252/3252
f 3254/3254/3254 2956/2956/2956 2959/2959/2959
f 3254/3254/3254 2959/2959/2959 3255/3255/3255
f 3255/3255/3255 2688/2688/2688 2690/2690/2690
f 3255/3255/3255 2690/2690/2690 3254/3254/3254
f 3255/3255/3255 2959/2959/2959 2961/2961/2961
f 3255/3255/3255 2961/2961/2961 3256/3256/3256
f 3256/3256/3256 2692/2692/2692 2688/2688/2688
f 3256/3256/3256 2688/2688/2688 3255/3255/3255
f 3257/3257/3257 2962/2962/2962 2965/2965/2965
f 3257/3257/3257 2965/2965/2965 3258/3258/3258
f 3258/3258/3258 2691/2691/2691 2693/2693/2693
f 3258/3258/3258 2693/2693/2693 3257/3257/3257
f 3258/3258/3258 2965/2965/2965 2967/2967/2967
f 3258/3258/3258 2967/2967/2967 3259/3259/3259
f 3259/3259/3259 2695/2695/2695 2691/2691/2691
f 3259/3259/3259 2691/2691/2691 3258/3258/3258
f 3260/3260/3260 2968/2968/2968 2971/2971/2971
f 3260/3260/3260 2971/2971/2971 3261/3261/3261
f 3261/3261/3261 2694/2694/2694 2696/2696/2696
f 3261/3261/3261 2696/2696/2696 3260/3260/3260
f 3261/3261/3261 2971/2971/2971 2973/2973/2973
f 3261/3261/3261 2973/2973/2973 3262/3262/3262
f 3262/3262/3262 2698/2698/2698 2694/2694/2694
f 3262/3262/3262 2694/2694/2694 3261/3261/3261
f 3263/3263/3263 2974/2974/2974 2977/2977/2977
f 3263/3263/3263 2977/2977/2977 3264/3264/3264
f 3264/3264/3264 2697/2697/2697 2699/2699/2699
f 3264/3264/3264 2699/2699/2699 3263/3263/3263
f 3264/3264/3264 2977/2977/2977 2979/2979/2979
f 3264/3264/3264 2979/2979/2979 3265/3265/3265
f 3265/3265/3265 2701/2701/2701 2697/2697/2697
f 3265/3265/3265 2697/2697/2697 3264/3264/3264
f 3266/3266/3266 2980/2980/2980 2983/2983/2983
f 3266/3266/3266 2983/2983/2983 3267/3267/3267
f 3267/3267/3267 2700/2700/2700 2702/2702/2702
f 3267/3267/3267 2702/2702/2702 3266/3266/3266
f 3267/3267/3267 2983/2983/2983 2985/2985/2985
f 3267/3267/3267 2985/2985/2985 3268/3268/3268
f 3268/3268/3268 2704/2704/2704 2700/2700/2700
f 3268/3268/3268 2700/2700/2700 3267/3267/3267
f 3269/3269/3269 2986/2986/2986 2989/2989/2989
f 3269/3269/3269 2989/2989/2989 3270/3270/3270
f 3270/3270/3270 2703/2703/2703 2705/2705/2705
f 3270/3270/3270 2705/2705/2705 3269/3269/3269
f 3270/3270/3270 2989/2989/2989 2991/2991/2991
f 3270/3270/3270 2991/2991/2991 3271/3271/3271
f 3271/3271/3271 2707/2707/2707 2703/2703/2703
f 3271/3271/3271 2703/2703/2703 3270/3270/3270
f 3272/3272/3272 2992/2992/2992 2995/2995/2995
f 3272/3272/3272 2995/2995/2995 3273/3273/3273
f 3273/3273/3273 2706/2706/2706 2708/2708/2708
f 3273/3273/3273 2708/2708/2708 3272/3272/3272
f 3273/3273/3273 2995/2995/2995 2997/2997/2997
f 3273/3273/3273 2997/2997/2997 3274/3274/3274
f 3274/3274/3274 2710/2710/2710 2706/2706/2706
f 3274/3274/3274 2706/2706/2706 3273/3273/3273
f 3275/3275/3275 2998/2998/2998 3001/3001/3001
f 3275/3275/3275 3001/3001/3001 3276/3276/3276
f 3276/3276/3276 2709/2709/2709 2711/2711/2711
f 3276/3276/3276 2711/2711/2711 3275/3275/3275
f 3276/3276/3276 3001/3001/3001 3003/3003/3003
f 3276/3276/3276 3003/3003/3003 3277/3277/3277
f 3277/3277/3277 2713/2713/2713 2709/2709/2709
f 3277/3277/3277 2709/2709/2709 3276/3276/3276
f 3278/3278/3278 3004/3004/3004 3007/3007/3007
f 3278/3278/3278 3007/3007/3007 3279/3279/3279
f 3279/3279/3279 2712/2712/2712 2714/2714/2714
f 3279/3279/3279 2714/2714/2714 3278/3278/3278
f 3279/3279/3279 3007/3007/3007 3009/3009/3009
f 3279/3279/3279 3009/3009/3009 3280/3280/3280
f 3280/3280/3280 2716/2716/2716 2712/2712/2712
f 3280/3280/3280 2712/2712/2712 3279/3279/3279
f 3281/3281/3281 3010/3010/3010 3013/3013/3013
f 3281/3281/3281 3013/3013/3013 3282/3282/3282
f 3282/3282/3282 2715/2715/2715 2717/2717/2717
f 3282/3282/3282 2717/2717/2717 3281/3281/3281
f 3280/3280/3280 3009/3009/3009 2864/2864/2864
f 3280/3280/3280 2864/2864/2864 3208/3208/3208
f 3208/3208/3208 2718/2718/2718 2716/2716/2716
f 3208/3208/3208 2716/2716/2716 3280/3280/3280
f 3209/3209/3209 2867/2867/2867 3010/3010/3010
f 3209/3209/3209 3010/3010/3010 3281/3281/3281
f 3281/3281/3281 2717/2717/2717 2719/2719/2719
f 3281/3281/3281 2719/2719/2719 3209/3209/3209
f 3277/3277/3277 3003/3003/3003 2860/2860/2860
f 3277/3277/3277 2860/2860/2860 3206/3206/3206
f 3206/3206/3206 2720/2720/2720 2713/2713/2713
f 3206/3206/3206 2713/2713/2713 3277/3277/3277
f 3207/3207/3207 2863/2863/2863 3004/3004/3004
f 3207/3207/3207 3004/3004/3004 3278/3278/3278
f 3278/3278/3278 2714/2714/2714 2721/2721/2721
f 3278/3278/3278 2721/2721/2721 3207/3207/3207
f 3274/3274/3274 2997/2997/2997 2856/2856/2856
f 3274/3274/3274 2856/2856/2856 3204/3204/3204
f 3204/3204/3204 2722/2722/2722 2710/2710/2710
f 3204/3204/3204 2710/2710/2710 3274/3274/3274
f 3205/3205/3205 2859/2859/2859 2998/2998/2998
f 3205/3205/3205 2998/2998/2998 3275/3275/3275
f 3275/3275/3275 2711/2711/2711 2723/2723/2723
f 3275/3275/3275 2723/2723/2723 3205/3205/3205
f 3271/3271/3271 2991/2991/2991 2852/2852/2852
f 3271/3271/3271 2852/2852/2852 3202/3202/3202
f 3202/3202/3202 2724/2724/2724 2707/2707/2707
f 3202/3202/3202 2707/2707/2707 3271/3271/3271
f 3203/3203/3203 2855/2855/2855 2992/2992/2992
f 3203/3203/3203 2992/2992/2992 3272/3272/3272
f 3272/3272/3272 2708/2708/2708 2725/2725/2725
f 3272/3272/3272 2725/2725/2725 3203/3203/3203
f 3268/3268/3268 2985/2985/2985 2848/2848/2848
f 3268/3268/3268 2848/2848/2848 3200/3200/3200
f 3200/3200/3200 2726/2726/2726 2704/2704/2704
f 3200/3200/3200 2704/2704/2704 3268/3268/3268
f 3201/3201/3201 2851/2851/2851 2986/2986/2986
f 3201/3201/3201 2986/2986/2986 3269/3269/3269
f 3269/3269/3269 2705/2705/2705 2727/2727/2727
f 3269/3269/3269 2727/2727/2727 3201/3201/3201
f 3265/3265/3265 2979/2979/2979 2844/2844/2844
f 3265/3265/3265 2844/2844/2844 3198/3198/3198
f 3198/3198/3198 2728/2728/2728 2701/2701/2701
f 3198/3198/3198 2701/2701/2701 3265/3265/3265
f 3199/3199/3199 2847/2847/2847 2980/2980/2980
f 3199/3199/3199 2980/2980/2980 3266/3266/3266
f 3266/3266/3266 2702/2702/2702 2729/2729/2729
f 3266/3266/3266 2729/2729/2729 3199/3199/3199
f 3262/3262/3262 2973/2973/2973 2840/2840/2840
f 3262/3262/3262 2840/2840/2840 3196/3196/3196
f 3196/3196/3196 2730/2730/2730 2698/2698/2698
f 3196/3196/3196 2698/2698/2698 3262/3262/3262
f 3197/3197/3197 2843/2843/2843 2974/2974/2974
f 3197/3197/3197 2974/2974/2974 3263/3263/3263
f 3263/3263/3263 2699/2699/2699 2731/2731/2731
f 3263/3263/3263 2731/2731/2731 3197/3197/3197
f 3259/3259/3259 2967/2967/2967 2836/2836/2836
f 3259/3259/3259 2836/2836/2836 3194/3194/3194
f 3194/3194/3194 2732/2732/2732 2695/2695/2695
f 3194/3194/3194 2695/2695/2695 3259/3259/3259
f 3195/3195/3195 2839/2839/2839 2968/2968/2968
f 3195/3195/3195 2968/2968/2968 3260/3260/3260
f 3260/3260/3260 2696/2696/2696 2733/2733/2733
f 3260/3260/3260 2733/2733/2733 3195/3195/3195
f 3256/3256/3256 2961/2961/2961 2832/2832/2832
f 3256/3256/3256 2832/2832/2832 3192/3192/3192
f 3192/3192/3192 2734/2734/2734 2692/2692/2692
f 3192/3192/3192 2692/2692/2692 3256/3256/3256
f 3193/3193/3193 2835/2835/2835 2962/2962/2962
f 3193/3193/3193 2962/2962/2962 3257/3257/3257
f 3257/3257/3257 2693/2693/2693 2735/2735/2735
f 3257/3257/3257 2735/2735/2735 3193/3193/3193
f 3253/3253/3253 2955/2955/2955 2828/2828/2828
f 3253/3253/3253 2828/2828/2828 3190/3190/3190
f 3190/3190/3190 2736/2736/2736 2689/2689/2689
f 3190/3190/3190 2689/2689/2689 3253/3253/3253
f 3191/3191/3191 2831/2831/2831 2956/2956/2956
f 3191/3191/3191 2956/2956/2956 3254/3254/3254
f 3254/3254/3254 2690/2690/2690 2737/2737/2737
f 3254/3254/3254 2737/2737/2737 3191/3191/3191
f 3250/3250/3250 2949/2949/2949 2824/2824/2824
f 3250/3250/3250 2824/2824/2824 3188/3188/3188
f 3188/3188/3188 2738/2738/2738 2686/2686/2686
f 3188/3188/3188 2686/2686/2686 3250/3250/3250
f 3189/3189/3189 2827/2827/2827 2950/2950/2950
f 3189/3189/3189 2950/2950/2950 3251/3251/3251
f 3251/3251/3251 2687/2687/2687 2739/2739/2739
f 3251/3251/3251 2739/2739/2739 3189/3189/3189
f 3247/3247/3247 2943/2943/2943 2820/2820/2820
f 3247/3247/3247 2820/2820/2820 3186/3186/3186
f 3186/3186/3186 2740/2740/2740 2683/2683/2683
f 3186/3186/3186 2683/2683/2683 3247/3247/3247
f 3187/3187/3187 2823/2823/2823 2944/2944/2944
f 3187/3187/3187 2944/2944/2944 3248/3248/3248
f 3248/3248/3248 2684/2684/2684 2741/2741/2741
f 3248/3248/3248 2741/2741/2741 3187/3187/3187
f 3244/3244/3244 2937/2937/2937 2816/2816/2816
f 3244/3244/3244 2816/2816/2816 3184/3184/3184
f 3184/3184/3184 2742/2742/2742 2680/2680/2680
f 3184/3184/3184 2680/2680/2680 3244/3244/3244
f 3185/3185/3185 2819/2819/2819 2938/2938/2938
f 3185/3185/3185 2938/2938/2938 3245/3245/3245
f 3245/3245/3245 2681/2681/2681 2743/2743/2743
f 3245/3245/3245 2743/2743/2743 3185/3185/3185
f 3241/3241/3241 2931/2931/2931 2812/2812/2812
f 3241/3241/3241 2812/2812/2812 3182/3182/3182
f 3182/3182/3182 2744/2744/2744 2677/2677/2677
f 3182/3182/3182 2677/2677/2677 3241/3241/3241
f 3183/3183/3183 2815/2815/2815 2932/2932/2932
f 3183/3183/3183 2932/2932/2932 3242/3242/3242
f 3242/3242/3242 2678/2678/2678 2745/2745/2745
f 3242/3242/3242 2745/2745/2745 3183/3183/3183
f 3238/3238/3238 2925/2925/2925 2808/2808/2808
f 3238/3238/3238 2808/2808/2808 3180/3180/3180
f 3180/3180/3180 2746/2746/2746 2674/2674/2674
f 3180/3180/3180 2674/2674/2674 3238/3238/3238
f 3181/3181/3181 2811/2811/2811 2926/2926/2926
f 3181/3181/3181 2926/2926/2926 3239/3239/3239
f 3239/3239/3239 2675/2675/2675 2747/2747/2747
f 3239/3239/3239 2747/2747/2747 3181/3181/3181
f 3235/3235/3235 2919/2919/2919 2804/2804/2804
f 3235/3235/3235 2804/2804/2804 3178/3178/3178
f 3178/3178/3178 2748/2748/2748 2671/2671/2671
f 3178/3178/3178 2671/2671/2671 3235/3235/3235
f 3179/3179/3179 2807/2807/2807 2920/2920/2920
f 3179/3179/3179 2920/2920/2920 3236/3236/3236
f 3236/3236/3236 2672/2672/2672 2749/2749/2749
f 3236/3236/3236 2749/2749/2749 3179/3179/3179
f 3232/3232/3232 2913/2913/2913 2800/2800/2800
f 3232/3232/3232 2800/2800/2800 3176/3176/3176
f 3176/3176/3176 2750/2750/2750 2668/2668/2668
f 3176/3176/3176 2668/2668/2668 3232/3232/3232
f 3177/3177/3177 2803/2803/2803 2914/2914/2914
f 3177/3177/3177 2914/2914/2914 3233/3233/3233
f 3233/3233/3233 2669/2669/2669 2751/2751/2751
f 3233/3233/3233 2751/2751/2751 3177/3177/3177
f 3229/3229/3229 2907/2907/2907 2796/2796/2796
f 3229/3229/3229 2796/2796/2796 3174/3174/3174
f 3174/3174/3174 2752/2752/2752 2665/2665/2665
f 3174/3174/3174 2665/2665/2665 3229/3229/3229
f 3175/3175/3175 2799/2799/2799 2908/2908/2908
f 3175/3175/3175 2908/2908/2908 3230/3230/3230
f 3230/3230/3230 2666/2666/2666 2753/2753/2753
f 3230/3230/3230 2753/2753/2753 3175/3175/3175
f 3226/3226/3226 2901/2901/2901 2792/2792/2792
f 3226/3226/3226 2792/2792/2792 3172/3172/3172
f 3172/3172/3172 2754/2754/2754 2662/2662/2662
f 3172/3172/3172 2662/2662/2662 3226/3226/3226
f 3173/3173/3173 2795/2795/2795 2902/2902/2902
f 3173/3173/3173 2902/2902/2902 3227/3227/3227
f 3227/3227/3227 2663/2663/2663 2755/2755/2755
f 3227/3227/3227 2755/2755/2755 3173/3173/3173
f 3223/3223/3223 2895/2895/2895 2788/2788/2788
f 3223/3223/3223 2788/2788/2788 3170/3170/3170
f 3170/3170/3170 2756/2756/2756 2659/2659/2659
f 3170/3170/3170 2659/2659/2659 3223/3223/3223
f 3171/3171/3171 2791/2791/2791 2896/2896/2896
f 3171/3171/3171 2896/2896/2896 3224/3224/3224
f 3224/3224/3224 2660/2660/2660 2757/2757/2757
f 3224/3224/3224 2757/2757/2757 3171/3171/3171
f 3220/3220/3220 2889/2889/2889 2784/2784/2784
f 3220/3220/3220 2784/2784/2784 3168/3168/3168
f 3168/3168/3168 2758/2758/2758 2656/2656/2656
f 3168/3168/3168 2656/2656/2656 3220/3220/3220
f 3169/3169/3169 2787/2787/2787 2890/2890/2890
f 3169/3169/3169 2890/2890/2890 3221/3221/3221
f 3221/3221/3221 2657/2657/2657 2759/2759/2759
f 3221/3221/3221 2759/2759/2759 3169/3169/3169
f 3217/3217/3217 2883/2883/2883 2780/2780/2780
f 3217/3217/3217 2780/2780/2780 3166/3166/3166
f 3166/3166/3166 2760/2760/2760 2653/2653/2653
f 3166/3166/3166 2653/2653/2653 3217/3217/3217
f 3167/3167/3167 2783/2783/2783 2884/2884/2884
f 3167/3167/3167 2884/2884/2884 3218/3218/3218
f 3218/3218/3218 2654/2654/2654 2761/2761/2761
f 3218/3218/3218 2761/2761/2761 3167/3167/3167
f 3214/3214/3214 2877/2877/2877 2776/2776/2776
f 3214/3214/3214 2776/2776/2776 3164/3164/3164
f 3164/3164/3164 2762/2762/2762 2650/2650/2650
f 3164/3164/3164 2650/2650/2650 3214/3214/3214
f 3165/3165/3165 2779/2779/2779 2878/2878/2878
f 3165/3165/3165 2878/2878/2878 3215/3215/3215
f 3215/3215/3215 2651/2651/2651 2763/2763/2763
f 3215/3215/3215 2763/2763/2763 3165/3165/3165
f 3211/3211/3211 2871/2871/2871 2772/2772/2772
f 3211/3211/3211 2772/2772/2772 3162/3162/3162
f 3162/3162/3162 2764/2764/2764 2647/2647/2647
f 3162/3162/3162 2647/2647/2647 3211/3211/3211
f 3163/3163/3163 2775/2775/2775 2872/2872/2872
f 3163/3163/3163 2872/2872/2872 3212/3212/3212
f 3212/3212/3212 2648/2648/2648 2765/2765/2765
f 3212/3212/3212 2765/2765/2765 3163/3163/3163
f 3283/3283/3283 2640/2640/2640 2639/2639/2639
f 3283/3283/3283 2639/2639/2639 3038/3038/3038
f 3284/3284/3284 3285/3285/3285 3286/3286/3286
f 3284/3284/3284 3286/3286/3286 3287/3287/3287
f 3283/3283/3283 3038/3038/3038 2643/2643/2643
f 3283/3283/3283 2643/2643/2643 2642/2642/2642
f 2643/2643/2643 3037/3037/3037 3288/3288/3288
f 2643/2643/2643 3288/3288/3288 2644/2644/2644
f 3289/3289/3289 3290/3290/3290 3291/3291/3291
f 3289/3289/3289 3291/3291/3291 3292/3292/3292
f 2622/2622/2622 3029/3029/3029 3028/3028/3028
f 2622/2622/2622 3028/3028/3028 2623/2623/2623
f 3036/3036/3036 3038/3038/3038 2639/2639/2639
f 3036/3036/3036 2639/2639/2639 3293/3293/3293
f 2637/2637/2637 3293/3293/3293 3294/3294/3294
f 2637/2637/2637 3294/3294/3294 2638/2638/2638
f 3036/3036/3036 3293/3293/3293 2637/2637/2637
f 3036/3036/3036 2637/2637/2637 3031/3031/3031
f 2639/2639/2639 2641/2641/2641 3294/3294/3294
f 2639/2639/2639 3294/3294/3294 3293/3293/3293
f 2630/2630/2630 2632/2632/2632 3288/3288/3288
f 2630/2630/2630 3288/3288/3288 3037/3037/3037
f 2624/2624/2624 2626/2626/2626 3017/3017/3017
f 2624/2624/2624 3017/3017/3017 3016/3016/3016
f 3032/3032/3032 3295/3295/3295 3296/3296/3296
f 3032/3032/3032 3296/3296/3296 3033/3033/3033
f 3040/3040/3040 3039/3039/3039 3297/3297/3297
f 3040/3040/3040 3297/3297/3297 3298/3298/3298
f 3299/3299/3299 3300/3300/3300 3301/3301/3301
f 3299/3299/3299 3301/3301/3301 3302/3302/3302
f 3014/3014/3014 3303/3303/3303 3304/3304/3304
f 3014/3014/3014 3304/3304/3304 3015/3015/3015
f 3025/3025/3025 3305/3305/3305 3306/3306/3306
f 3025/3025/3025 3306/3306/3306 3026/3026/3026
f 3307/3307/3307 3023/3023/3023 3022/3022/3022
f 3307/3307/3307 3022/3022/3022 3308/3308/3308
f 3036/3036/3036 3019/3019/3019 2630/2630/2630
f 3036/3036/3036 2630/2630/2630 3037/3037/3037
f 3284/3284/3284 3309/3309/3309 3310/3310/3310
f 3284/3284/3284 3310/3310/3310 3285/3285/3285
f 3311/3311/3311 3312/3312/3312 3306/3306/3306
f 3311/3311/3311 3306/3306/3306 3305/3305/3305
f 3298/3298/3298 3297/3297/3297 3310/3310/3310
f 3298/3298/3298 3310/3310/3310 3309/3309/3309
f 3303/3303/3303 3313/3313/3313 3314/3314/3314
f 3303/3303/3303 3314/3314/3314 3304/3304/3304
f 3289/3289/3289 3287/3287/3287 3286/3286/3286
f 3289/3289/3289 3286/3286/3286 3290/3290/3290
f 3300/3300/3300 2771/2771/2771 2770/2770/2770
f 3300/3300/3300 2770/2770/2770 3301/3301/3301
f 3295/3295/3295 3299/3299/3299 3302/3302/3302
f 3295/3295/3295 3302/3302/3302 3296/3296/3296
f 3036/3036/3036 2767/2767/2767 2624/2624/2624
f 3036/3036/3036 2624/2624/2624 3016/3016/3016
f 3311/3311/3311 3292/3292/3292 3291/3291/3291
f 3311/3311/3311 3291/3291/3291 3312/3312/3312
f 3036/3036/3036 3029/3029/3029 2622/2622/2622
f 3036/3036/3036 2622/2622/2622 2767/2767/2767
f 3020/3020/3020 3024/3024/3024 3027/3027/3027
f 3020/3020/3020 3027/3027/3027 3021/3021/3021
f 3313/3313/3313 3307/3307/3307 3308/3308/3308
f 3313/3313/3313 3308/3308/3308 3314/3314/3314
f 2629/2629/2629 3017/3017/3017 3315/3315/3315
f 2629/2629/2629 3315/3315/3315 3316/3316/3316
f 3316/3316/3316 3315/3315/3315 3314/3314/3314
f 3316/3316/3316 3314/3314/3314 3308/3308/3308
f 2631/2631/2631 3018/3018/3018 3317/3317/3317
f 2631/2631/2631 3317/3317/3317 3318/3318/3318
f 3318/3318/3318 3317/3317/3317 3021/3021/3021
f 3318/3318/3318 3021/3021/3021 3027/3027/3027
f 3312/3312/3312 3291/3291/3291 3319/3319/3319
f 3312/3312/3312 3319/3319/3319 3320/3320/3320
f 3320/3320/3320 3319/3319/3319 2642/2642/2642
f 3320/3320/3320 2642/2642/2642 2644/2644/2644
f 3296/3296/3296 3302/3302/3302 3321/3321/3321
f 3296/3296/3296 3321/3321/3321 3322/3322/3322
f 3322/3322/3322 3321/3321/3321 3028/3028/3028
f 3322/3322/3322 3028/3028/3028 2635/2635/2635
f 3301/3301/3301 2770/2770/2770 3323/3323/3323
f 3301/3301/3301 3323/3323/3323 3324/3324/3324
f 3324/3324/3324 3323/3323/3323 2621/2621/2621
f 3324/3324/3324 2621/2621/2621 2623/2623/2623
f 3290/3290/3290 3286/3286/3286 3325/3325/3325
f 3290/3290/3290 3325/3325/3325 3326/3326/3326
f 3326/3326/3326 3325/3325/3325 2640/2640/2640
f 3326/3326/3326 2640/2640/2640 3283/3283/3283
f 3304/3304/3304 3314/3314/3314 3315/3315/3315
f 3304/3304/3304 3315/3315/3315 3327/3327/3327
f 3327/3327/3327 3315/3315/3315 3017/3017/3017
f 3327/3327/3327 3017/3017/3017 2626/2626/2626
f 3310/3310/3310 3297/3297/3297 3328/3328/3328
f 3310/3310/3310 3328/3328/3328 3329/3329/3329
f 3329/3329/3329 3328/3328/3328 2638/2638/2638
f 3329/3329/3329 2638/2638/2638 3294/3294/3294
f 3306/3306/3306 3312/3312/3312 3320/3320/3320
f 3306/3306/3306 3320/3320/3320 3330/3330/3330
f 3330/3330/3330 3320/3320/3320 2644/2644/2644
f 3330/3330/3330 2644/2644/2644 3288/3288/3288
f 3285/3285/3285 3310/3310/3310 3329/3329/3329
f 3285/3285/3285 3329/3329/3329 3331/3331/3331
f 3331/3331/3331 3329/3329/3329 3294/3294/3294
f 3331/3331/3331 3294/3294/3294 2641/2641/2641
f 2627/2627/2627 2629/2629/2629 3316/3316/3316
f 2627/2627/2627 3316/3316/3316 3332/3332/3332
f 3332/3332/3332 3316/3316/3316 3308/3308/3308
f 3332/3332/3332 3308/3308/3308 3022/3022/3022
f 3288/3288/3288 2632/2632/2632 3333/3333/3333
f 3288/3288/3288 3333/3333/3333 3330/3330/3330
f 3330/3330/3330 3333/3333/3333 3026/3026/3026
f 3330/3330/3330 3026/3026/3026 3306/3306/3306
f 3015/3015/3015 3304/3304/3304 3327/3327/3327
f 3015/3015/3015 3327/3327/3327 3334/3334/3334
f 3334/3334/3334 3327/3327/3327 2626/2626/2626
f 3334/3334/3334 2626/2626/2626 2625/2625/2625
f 3302/3302/3302 3301/3301/3301 3324/3324/3324
f 3302/3302/3302 3324/3324/3324 3321/3321/3321
f 3321/3321/3321 3324/3324/3324 2623/2623/2623
f 3321/3321/3321 2623/2623/2623 3028/3028/3028
f 3297/3297/3297 3039/3039/3039 3335/3335/3335
f 3297/3297/3297 3335/3335/3335 3328/3328/3328
f 3328/3328/3328 3335/3335/3335 2636/2636/2636
f 3328/3328/3328 2636/2636/2636 2638/2638/2638
f 3033/3033/3033 3296/3296/3296 3322/3322/3322
f 3033/3033/3033 3322/3322/3322 3336/3336/3336
f 3336/3336/3336 3322/3322/3322 2635/2635/2635
f 3336/3336/3336 2635/2635/2635 2634/2634/2634
f 3291/3291/3291 3290/3290/3290 3326/3326/3326
f 3291/3291/3291 3326/3326/3326 3319/3319/3319
f 3319/3319/3319 3326/3326/3326 3283/3283/3283
f 3319/3319/3319 3283/3283/3283 2642/2642/2642
f 3286/3286/3286 3285/3285/3285 3331/3331/3331
f 3286/3286/3286 3331/3331/3331 3325/3325/3325
f 3325/3325/3325 3331/3331/3331 2641/2641/2641
f 3325/3325/3325 2641/2641/2641 2640/2640/2640
f 3039/3039/3039 3034/3034/3034 3337/3337/3337
f 3039/3039/3039 3337/3337/3337 3335/3335/3335
f 3335/3335/3335 3337/3337/3337 3030/3030/3030
f 3335/3335/3335 3030/3030/3030 2636/2636/2636
f 3034/3034/3034 3033/3033/3033 3336/3336/3336
f 3034/3034/3034 3336/3336/3336 3337/3337/3337
f 3337/3337/3337 3336/3336/3336 2634/2634/2634
f 3337/3337/3337 2634/2634/2634 3030/3030/3030
f 2632/2632/2632 2631/2631/2631 3318/3318/3318
f 2632/2632/2632 3318/3318/3318 3333/3333/3333
f 3333/3333/3333 3318/3318/3318 3027/3027/3027
f 3333/3333/3333 3027/3027/3027 3026/3026/3026
f 3018/3018/3018 2627/2627/2627 3332/3332/3332
f 3018/3018/3018 3332/3332/3332 3317/3317/3317
f 3317/3317/3317 3332/3332/3332 3022/3022/3022
f 3317/3317/3317 3022/3022/3022 3021/3021/3021
f 2769/2769/2769 3015/3015/3015 3334/3334/3334
f 2769/2769/2769 3334/3334/3334 3338/3338/3338
f 3338/3338/3338 3334/3334/3334 2625/2625/2625
f 3338/3338/3338 2625/2625/2625 2766/2766/2766
f 2770/2770/2770 2769/2769/2769 3338/3338/3338
f 2770/2770/2770 3338/3338/3338 3323/3323/3323
f 3323/3323/3323 3338/3338/3338 2766/2766/2766
f 3323/3323/3323 2766/2766/2766 2621/2621/2621

o GARRAFA_LIMITE_LIQUIDO_0
usemtl LIMITE_LIQUIDO
v -0.00000006 40.02944565 0.00000000
v 1.15999186 39.99654770 1.15999174
v 1.50968230 39.97194290 0.62533092
v 1.64047623 39.99654770 -0.00000004
v -0.00000007 39.99654770 1.64047623
v 0.62533087 39.97194290 1.50968230
v -1.64047623 39.99654770 -0.00000004
v -1.50968230 39.97194290 0.62533092
v -1.15999186 39.99654770 1.15999174
v -1.15999186 39.99654770 -1.15999186
v -1.50968230 39.97194290 -0.62533110
v -0.00000007 39.99654770 -1.64047623
v -0.62533110 39.97194290 -1.50968230
v 1.15999186 39.99654770 -1.15999186
v 0.62533092 39.97194290 -1.50968230
v 1.50968230 39.97194290 -0.62533110
v -0.62533104 39.97194290 1.50968230
v -0.00000007 39.89538956 -2.63748503
v -1.00932193 39.89538956 -2.43671775
v -0.89885962 39.91453171 -2.17003846
v -0.00000006 39.91453171 -2.34883332
v -1.86498356 39.89538956 -1.86498356
v -1.66087604 39.91453171 -1.66087604
v -2.43671775 39.89538956 -1.00932193
v -2.63748503 39.89538956 -0.00000005
v -2.34883332 39.91453171 -0.00000004
v -2.17003846 39.91453171 -0.89885962
v -2.43671775 39.89538956 1.00932181
v -1.86498356 39.89538956 1.86498332
v -1.66087604 39.91453171 1.66087556
v -2.17003846 39.91453171 0.89885944
v -1.00932193 39.89538956 2.43671775
v -0.00000007 39.89538956 2.63748503
v -0.00000006 39.91453171 2.34883332
v -0.89885962 39.91453171 2.17003846
v 1.86498356 39.89538956 1.86498332
v 2.43671775 39.89538956 1.00932181
v 2.17003846 39.91453171 0.89885944
v 1.66087604 39.91453171 1.66087556
v 2.63748503 39.89538956 -0.00000005
v 2.43671775 39.89538956 -1.00932193
v 2.17003846 39.91453171 -0.89885962
v 2.34883332 39.91453171 -0.00000004
v 1.86498356 39.89538956 -1.86498356
v 1.00932169 39.89538956 -2.43671775
v 0.89885938 39.91453171 -2.17003846
v 1.66087604 39.91453171 -1.66087604
v 1.00932169 39.89538956 2.43671775
v 0.89885938 39.91453171 2.17003846
v 0.00000006 40.11043167 0.00000000
v -1.15999186 40.14332581 1.15999174
v -1.50968230 40.16793060 0.62533092
v -1.64047623 40.14332581 -0.00000004
v 0.00000007 40.14332581 1.64047623
v -0.62533087 40.16793060 1.50968230
v 1.64047623 40.14332581 -0.00000004
v 1.50968230 40.16793060 0.62533092
v 1.15999186 40.14332581 1.15999174
v 1.15999186 40.14332581 -1.15999186
v 1.50968230 40.16793060 -0.62533110
v 0.00000007 40.14332581 -1.64047623
v 0.62533110 40.16793060 -1.50968230
v -1.15999186 40.14332581 -1.15999186
v -0.62533092 40.16793060 -1.50968230
v -1.50968230 40.16793060 -0.62533110
v 0.62533104 40.16793060 1.50968230
v 0.00000007 40.24448395 -2.63748503
v 1.00932193 40.24448395 -2.43671775
v 0.89885962 40.22534561 -2.17003846
v 0.00000006 40.22534561 -2.34883332
v 1.86498356 40.24448395 -1.86498356
v 1.66087604 40.22534561 -1.66087604
v 2.43671775 40.24448395 -1.00932193
v 2.63748503 40.24448395 -0.00000005
v 2.34883332 40.22534561 -0.00000004
v 2.17003846 40.22534561 -0.89885962
v 2.43671775 40.24448395 1.00932181
v 1.86498356 40.24448395 1.86498332
v 1.66087604 40.22534561 1.66087556
v 2.17003846 40.22534561 0.89885944
v 1.00932193 40.24448395 2.43671775
v 0.00000007 40.24448395 2.63748503
v 0.00000006 40.22534561 2.34883332
v 0.89885962 40.22534561 2.17003846
v -1.86498356 40.24448395 1.86498332
v -2.43671775 40.24448395 1.00932181
v -2.17003846 40.22534561 0.89885944
v -1.66087604 40.22534561 1.66087556
v -2.63748503 40.24448395 -0.00000005
v -2.43671775 40.24448395 -1.00932193
v -2.17003846 40.22534561 -0.89885962
v -2.34883332 40.22534561 -0.00000004
v -1.86498356 40.24448395 -1.86498356
v -1.00932169 40.24448395 -2.43671775
v -0.89885938 40.22534561 -2.17003846
v -1.66087604 40.22534561 -1.66087604
v -1.00932169 40.24448395 2.43671775
v -0.89885938 40.22534561 2.17003846
v 0.00000007 40.24448395 2.63748503
v 1.00932193 40.24448395 2.43671775
v 1.00932169 39.89538956 2.43671775
v -0.00000007 39.89538956 2.63748503
v 1.86498356 40.24448395 1.86498332
v 1.86498356 39.89538956 1.86498332
v 2.43671775 40.24448395 1.00932181
v 2.43671775 39.89538956 1.00932181
v 2.63748503 40.24448395 -0.00000005
v 2.63748503 39.89538956 -0.00000005
v 2.43671775 40.24448395 -1.00932193
v 2.43671775 39.89538956 -1.00932193
v 1.86498356 40.24448395 -1.86498356
v 1.86498356 39.89538956 -1.86498356
v 1.00932193 40.24448395 -2.43671775
v 1.00932169 39.89538956 -2.43671775
v 0.00000007 40.24448395 -2.63748503
v -0.00000007 39.89538956 -2.63748503
v 0.00000007 40.24448395 -2.63748503
v -1.00932169 40.24448395 -2.43671775
v -1.00932193 39.89538956 -2.43671775
v -0.00000007 39.89538956 -2.63748503
v -1.86498356 40.24448395 -1.86498356
v -1.86498356 39.89538956 -1.86498356
v -2.43671775 40.24448395 -1.00932193
v -2.43671775 39.89538956 -1.00932193
v -2.63748503 40.24448395 -0.00000005
v -2.63748503 39.89538956 -0.00000005
v -2.43671775 40.24448395 1.00932181
v -2.43671775 39.89538956 1.00932181
v -1.86498356 40.24448395 1.86498332
v -1.86498356 39.89538956 1.86498332
v -1.00932169 40.24448395 2.43671775
v -1.00932193 39.89538956 2.43671775
vt 0.97026706 0.39657408
vt 0.98317450 0.38365000
vt 0.98719895 0.38954425
vt 0.98853320 0.39656240
vt 0.97025532 0.37830883
vt 0.97726864 0.37963104
vt 0.95200104 0.39658582
vt 0.95332354 0.38957226
vt 0.95734310 0.38366657
vt 0.95735967 0.40949816
vt 0.95333523 0.40360403
vt 0.97027868 0.41483933
vt 0.96326554 0.41351712
vt 0.98319095 0.40948159
vt 0.97729659 0.41350555
vt 0.98721057 0.40357602
vt 0.96323740 0.37964272
vt 0.97026658 0.42632854
vt 0.95888203 0.42406833
vt 0.96014124 0.42102909
vt 0.97026598 0.42303765
vt 0.94922721 0.41761470
vt 0.95155370 0.41528684
vt 0.94277388 0.40796614
vt 0.94050932 0.39657384
vt 0.94380122 0.39657319
vt 0.94581360 0.40670711
vt 0.94277161 0.38518727
vt 0.94922751 0.37553293
vt 0.95155501 0.37785989
vt 0.94581103 0.38644707
vt 0.95887691 0.36908185
vt 0.97026747 0.36681944
vt 0.97026813 0.37011033
vt 0.96013534 0.37212139
vt 0.99130696 0.37553352
vt 0.99776036 0.38518208
vt 0.99472058 0.38644111
vt 0.98898053 0.37786132
vt 1.00002503 0.39657432
vt 0.99776262 0.40796119
vt 0.99472308 0.40670127
vt 0.99673313 0.39657503
vt 0.99130636 0.41761541
vt 0.98165691 0.42406636
vt 0.98039860 0.42102683
vt 0.98897898 0.41528851
vt 0.98165220 0.36907977
vt 0.98039299 0.37211901
vt 0.96803069 0.23058718
vt 0.98093808 0.21766311
vt 0.98496258 0.22355729
vt 0.98629677 0.23057544
vt 0.96801895 0.21232194
vt 0.97503227 0.21364415
vt 0.94976461 0.23059887
vt 0.95108712 0.22358537
vt 0.95510674 0.21767968
vt 0.95512336 0.24351126
vt 0.95109880 0.23761708
vt 0.96804231 0.24885249
vt 0.96102911 0.24753016
vt 0.98095453 0.24349475
vt 0.97506022 0.24751866
vt 0.98497415 0.23758906
vt 0.96100110 0.21365577
vt 0.96803021 0.26034164
vt 0.95664567 0.25808138
vt 0.95790488 0.25504220
vt 0.96802956 0.25705081
vt 0.94699085 0.25162780
vt 0.94931728 0.24929994
vt 0.94053745 0.24197924
vt 0.93827289 0.23058695
vt 0.94156480 0.23058623
vt 0.94357723 0.24072021
vt 0.94053519 0.21920037
vt 0.94699109 0.20954603
vt 0.94931865 0.21187294
vt 0.94357467 0.22046012
vt 0.95664054 0.20309496
vt 0.96803105 0.20083255
vt 0.96803176 0.20412344
vt 0.95789903 0.20613444
vt 0.98907059 0.20954657
vt 0.99552393 0.21919519
vt 0.99248421 0.22045422
vt 0.98674417 0.21187443
vt 0.99778861 0.23058742
vt 0.99552613 0.24197423
vt 0.99248672 0.24071431
vt 0.99449664 0.23058814
vt 0.98907000 0.25162852
vt 0.97942054 0.25807941
vt 0.97816217 0.25503993
vt 0.98674256 0.24930155
vt 0.97941583 0.20309293
vt 0.97815663 0.20613205
vt 0.98398191 0.50299570
vt 0.98398191 0.49356717
vt 0.99051762 0.49356717
vt 0.99051762 0.50299570
vt 0.98398191 0.48413867
vt 0.99051762 0.48413867
vt 0.98398191 0.47471005
vt 0.99051762 0.47471005
vt 0.98398191 0.46528149
vt 0.99051762 0.46528149
vt 0.98398191 0.45585299
vt 0.99051762 0.45585299
vt 0.98398191 0.44642442
vt 0.99051762 0.44642442
vt 0.98398191 0.43699586
vt 0.99051762 0.43699586
vt 0.98398191 0.42756730
vt 0.99051762 0.42756730
vt 0.98398191 0.57842407
vt 0.98398191 0.56899551
vt 0.99051762 0.56899551
vt 0.99051762 0.57842407
vt 0.98398191 0.55956694
vt 0.99051762 0.55956694
vt 0.98398191 0.55013838
vt 0.99051762 0.55013838
vt 0.98398191 0.54070988
vt 0.99051762 0.54070988
vt 0.98398191 0.53128132
vt 0.99051762 0.53128132
vt 0.98398191 0.52185276
vt 0.99051762 0.52185276
vt 0.98398191 0.51242426
vt 0.99051762 0.51242426
vn -0.00000000 1.00000000 0.00000000
vn 0.04779032 0.99771345 0.04779030
vn 0.11214154 0.99260598 0.04645055
vn 0.06758570 0.99771357 0.00000000
vn 0.00000000 0.99771357 0.06758570
vn 0.04645056 0.99260598 0.11214153
vn -0.06758570 0.99771357 0.00000000
vn -0.11214155 0.99260598 0.04645055
vn -0.04779032 0.99771345 0.04779031
vn -0.04779030 0.99771345 -0.04779030
vn -0.11214154 0.99260598 -0.04645055
vn 0.00000000 0.99771357 -0.06758570
vn -0.04645055 0.99260598 -0.11214154
vn 0.04779030 0.99771345 -0.04779030
vn 0.04645056 0.99260598 -0.11214157
vn 0.11214154 0.99260598 -0.04645055
vn -0.04645055 0.99260598 0.11214153
vn -0.00000001 0.73713851 0.67574167
vn 0.25859529 0.73713833 0.62430406
vn -0.02798208 0.99732310 -0.06755470
vn 0.00000000 0.99588567 -0.09061970
vn 0.47782153 0.73713851 0.47782153
vn -0.06407780 0.99588555 -0.06407780
vn 0.62430394 0.73713845 0.25859523
vn 0.67574167 0.73713851 -0.00000001
vn -0.09061970 0.99588567 0.00000000
vn -0.06755470 0.99732310 -0.02798208
vn 0.62430394 0.73713845 -0.25859526
vn 0.47782159 0.73713851 -0.47782150
vn -0.06407781 0.99588555 0.06407779
vn -0.06755470 0.99732310 0.02798209
vn 0.25859532 0.73713833 -0.62430406
vn -0.00000001 0.73713851 -0.67574167
vn 0.00000000 0.99588567 0.09061970
vn -0.02798209 0.99732310 0.06755470
vn -0.47782153 0.73713851 -0.47782153
vn -0.62430394 0.73713845 -0.25859526
vn 0.06755470 0.99732310 0.02798209
vn 0.06407780 0.99588555 0.06407779
vn -0.67574167 0.73713851 -0.00000001
vn -0.62430394 0.73713845 0.25859523
vn 0.06755470 0.99732310 -0.02798208
vn 0.09061970 0.99588567 0.00000000
vn -0.47782150 0.73713851 0.47782156
vn -0.25859517 0.73713851 0.62430388
vn 0.02798208 0.99732310 -0.06755471
vn 0.06407779 0.99588555 -0.06407781
vn -0.25859520 0.73713851 -0.62430388
vn 0.02798209 0.99732310 0.06755470
vn 0.00000000 -1.00000000 0.00000000
vn -0.04779032 -0.99771345 0.04779030
vn -0.11214154 -0.99260598 0.04645055
vn -0.06758570 -0.99771357 0.00000000
vn -0.00000000 -0.99771357 0.06758570
vn -0.04645056 -0.99260598 0.11214153
vn 0.06758570 -0.99771357 0.00000000
vn 0.11214155 -0.99260598 0.04645055
vn 0.04779032 -0.99771345 0.04779031
vn 0.04779030 -0.99771345 -0.04779030
vn 0.11214154 -0.99260598 -0.04645055
vn -0.00000000 -0.99771357 -0.06758570
vn 0.04645055 -0.99260598 -0.11214154
vn -0.04779030 -0.99771345 -0.04779030
vn -0.04645056 -0.99260598 -0.11214157
vn -0.11214154 -0.99260598 -0.04645055
vn 0.04645055 -0.99260598 0.11214153
vn 0.00000001 -0.73713499 0.67574555
vn -0.25859675 -0.73713481 0.62430763
vn 0.02798012 -0.99732357 -0.06754997
vn -0.00000000 -0.99588603 -0.09061457
vn -0.47782424 -0.73713499 0.47782424
vn 0.06407418 -0.99588603 -0.06407418
vn -0.62430757 -0.73713493 0.25859675
vn -0.67574555 -0.73713499 -0.00000001
vn 0.09061457 -0.99588603 0.00000000
vn 0.06754997 -0.99732357 -0.02798012
vn -0.62430757 -0.73713493 -0.25859675
vn -0.47782430 -0.73713493 -0.47782424
vn 0.06407419 -0.99588603 0.06407417
vn 0.06754997 -0.99732357 0.02798013
vn -0.25859681 -0.73713481 -0.62430757
vn 0.00000001 -0.73713499 -0.67574555
vn -0.00000000 -0.99588603 0.09061457
vn 0.02798013 -0.99732357 0.06754997
vn 0.47782427 -0.73713493 -0.47782427
vn 0.62430757 -0.73713493 -0.25859675
vn -0.06754997 -0.99732357 0.02798013
vn -0.06407418 -0.99588603 0.06407418
vn 0.67574555 -0.73713499 -0.00000001
vn 0.62430757 -0.73713493 0.25859675
vn -0.06754997 -0.99732357 -0.02798012
vn -0.09061457 -0.99588603 0.00000000
vn 0.47782421 -0.73713499 0.47782430
vn 0.25859663 -0.73713499 0.62430745
vn -0.02798012 -0.99732357 -0.06754998
vn -0.06407418 -0.99588603 -0.06407419
vn 0.25859672 -0.73713505 -0.62430745
vn -0.02798013 -0.99732357 0.06754997
vn 0.00000001 -0.73713499 -0.67574555
vn -0.25859681 -0.73713481 -0.62430757
vn -0.25859520 0.73713851 -0.62430388
vn -0.00000001 0.73713851 -0.67574167
vn -0.47782430 -0.73713493 -0.47782424
vn -0.47782153 0.73713851 -0.47782153
vn -0.62430757 -0.73713493 -0.25859675
vn -0.62430394 0.73713845 -0.25859526
vn -0.67574555 -0.73713499 -0.00000001
vn -0.67574167 0.73713851 -0.00000001
vn -0.62430757 -0.73713493 0.25859675
vn -0.62430394 0.73713845 0.25859523
vn -0.47782424 -0.73713499 0.47782424
vn -0.47782150 0.73713851 0.47782156
vn -0.25859675 -0.73713481 0.62430763
vn -0.25859517 0.73713851 0.62430388
vn 0.00000001 -0.73713499 0.67574555
vn -0.00000001 0.73713851 0.67574167
vn 0.00000001 -0.73713499 0.67574555
vn 0.25859663 -0.73713499 0.62430745
vn 0.25859529 0.73713833 0.62430406
vn -0.00000001 0.73713851 0.67574167
vn 0.47782421 -0.73713499 0.47782430
vn 0.47782153 0.73713851 0.47782153
vn 0.62430757 -0.73713493 0.25859675
vn 0.62430394 0.73713845 0.25859523
vn 0.67574555 -0.73713499 -0.00000001
vn 0.67574167 0.73713851 -0.00000001
vn 0.62430757 -0.73713493 -0.25859675
vn 0.62430394 0.73713845 -0.25859526
vn 0.47782427 -0.73713493 -0.47782427
vn 0.47782159 0.73713851 -0.47782150
vn 0.25859672 -0.73713505 -0.62430745
vn 0.25859532 0.73713833 -0.62430406
f 3339/3339/3339 3340/3340/3340 3341/3341/3341
f 3339/3339/3339 3341/3341/3341 3342/3342/3342
f 3339/3339/3339 3343/3343/3343 3344/3344/3344
f 3339/3339/3339 3344/3344/3344 3340/3340/3340
f 3339/3339/3339 3345/3345/3345 3346/3346/3346
f 3339/3339/3339 3346/3346/3346 3347/3347/3347
f 3339/3339/3339 3348/3348/3348 3349/3349/3349
f 3339/3339/3339 3349/3349/3349 3345/3345/3345
f 3339/3339/3339 3350/3350/3350 3351/3351/3351
f 3339/3339/3339 3351/3351/3351 3348/3348/3348
f 3339/3339/3339 3352/3352/3352 3353/3353/3353
f 3339/3339/3339 3353/3353/3353 3350/3350/3350
f 3339/3339/3339 3342/3342/3342 3354/3354/3354
f 3339/3339/3339 3354/3354/3354 3352/3352/3352
f 3339/3339/3339 3347/3347/3347 3355/3355/3355
f 3339/3339/3339 3355/3355/3355 3343/3343/3343
f 3356/3356/3356 3357/3357/3357 3358/3358/3358
f 3356/3356/3356 3358/3358/3358 3359/3359/3359
f 3357/3357/3357 3360/3360/3360 3361/3361/3361
f 3357/3357/3357 3361/3361/3361 3358/3358/3358
f 3362/3362/3362 3363/3363/3363 3364/3364/3364
f 3362/3362/3362 3364/3364/3364 3365/3365/3365
f 3366/3366/3366 3367/3367/3367 3368/3368/3368
f 3366/3366/3366 3368/3368/3368 3369/3369/3369
f 3370/3370/3370 3371/3371/3371 3372/3372/3372
f 3370/3370/3370 3372/3372/3372 3373/3373/3373
f 3374/3374/3374 3375/3375/3375 3376/3376/3376
f 3374/3374/3374 3376/3376/3376 3377/3377/3377
f 3378/3378/3378 3379/3379/3379 3380/3380/3380
f 3378/3378/3378 3380/3380/3380 3381/3381/3381
f 3382/3382/3382 3383/3383/3383 3384/3384/3384
f 3382/3382/3382 3384/3384/3384 3385/3385/3385
f 3371/3371/3371 3386/3386/3386 3387/3387/3387
f 3371/3371/3371 3387/3387/3387 3372/3372/3372
f 3383/3383/3383 3356/3356/3356 3359/3359/3359
f 3383/3383/3383 3359/3359/3359 3384/3384/3384
f 3363/3363/3363 3366/3366/3366 3369/3369/3369
f 3363/3363/3363 3369/3369/3369 3364/3364/3364
f 3375/3375/3375 3378/3378/3378 3381/3381/3381
f 3375/3375/3375 3381/3381/3381 3376/3376/3376
f 3367/3367/3367 3370/3370/3370 3373/3373/3373
f 3367/3367/3367 3373/3373/3373 3368/3368/3368
f 3379/3379/3379 3382/3382/3382 3385/3385/3385
f 3379/3379/3379 3385/3385/3385 3380/3380/3380
f 3360/3360/3360 3362/3362/3362 3365/3365/3365
f 3360/3360/3360 3365/3365/3365 3361/3361/3361
f 3386/3386/3386 3374/3374/3374 3377/3377/3377
f 3386/3386/3386 3377/3377/3377 3387/3387/3387
f 3372/3372/3372 3343/3343/3343 3355/3355/3355
f 3372/3372/3372 3355/3355/3355 3373/3373/3373
f 3373/3373/3373 3355/3355/3355 3347/3347/3347
f 3373/3373/3373 3347/3347/3347 3368/3368/3368
f 3368/3368/3368 3347/3347/3347 3346/3346/3346
f 3368/3368/3368 3346/3346/3346 3369/3369/3369
f 3369/3369/3369 3346/3346/3346 3345/3345/3345
f 3369/3369/3369 3345/3345/3345 3364/3364/3364
f 3364/3364/3364 3345/3345/3345 3349/3349/3349
f 3364/3364/3364 3349/3349/3349 3365/3365/3365
f 3365/3365/3365 3349/3349/3349 3348/3348/3348
f 3365/3365/3365 3348/3348/3348 3361/3361/3361
f 3361/3361/3361 3348/3348/3348 3351/3351/3351
f 3361/3361/3361 3351/3351/3351 3358/3358/3358
f 3358/3358/3358 3351/3351/3351 3350/3350/3350
f 3358/3358/3358 3350/3350/3350 3359/3359/3359
f 3359/3359/3359 3350/3350/3350 3353/3353/3353
f 3359/3359/3359 3353/3353/3353 3384/3384/3384
f 3384/3384/3384 3353/3353/3353 3352/3352/3352
f 3384/3384/3384 3352/3352/3352 3385/3385/3385
f 3385/3385/3385 3352/3352/3352 3354/3354/3354
f 3385/3385/3385 3354/3354/3354 3380/3380/3380
f 3380/3380/3380 3354/3354/3354 3342/3342/3342
f 3380/3380/3380 3342/3342/3342 3381/3381/3381
f 3381/3381/3381 3342/3342/3342 3341/3341/3341
f 3381/3381/3381 3341/3341/3341 3376/3376/3376
f 3376/3376/3376 3341/3341/3341 3340/3340/3340
f 3376/3376/3376 3340/3340/3340 3377/3377/3377
f 3377/3377/3377 3340/3340/3340 3344/3344/3344
f 3377/3377/3377 3344/3344/3344 3387/3387/3387
f 3387/3387/3387 3344/3344/3344 3343/3343/3343
f 3387/3387/3387 3343/3343/3343 3372/3372/3372
f 3388/3388/3388 3389/3389/3389 3390/3390/3390
f 3388/3388/3388 3390/3390/3390 3391/3391/3391
f 3388/3388/3388 3392/3392/3392 3393/3393/3393
f 3388/3388/3388 3393/3393/3393 3389/3389/3389
f 3388/3388/3388 3394/3394/3394 3395/3395/3395
f 3388/3388/3388 3395/3395/3395 3396/3396/3396
f 3388/3388/3388 3397/3397/3397 3398/3398/3398
f 3388/3388/3388 3398/3398/3398 3394/3394/3394
f 3388/3388/3388 3399/3399/3399 3400/3400/3400
f 3388/3388/3388 3400/3400/3400 3397/3397/3397
f 3388/3388/3388 3401/3401/3401 3402/3402/3402
f 3388/3388/3388 3402/3402/3402 3399/3399/3399
f 3388/3388/3388 3391/3391/3391 3403/3403/3403
f 3388/3388/3388 3403/3403/3403 3401/3401/3401
f 3388/3388/3388 3396/3396/3396 3404/3404/3404
f 3388/3388/3388 3404/3404/3404 3392/3392/3392
f 3405/3405/3405 3406/3406/3406 3407/3407/3407
f 3405/3405/3405 3407/3407/3407 3408/3408/3408
f 3406/3406/3406 3409/3409/3409 3410/3410/3410
f 3406/3406/3406 3410/3410/3410 3407/3407/3407
f 3411/3411/3411 3412/3412/3412 3413/3413/3413
f 3411/3411/3411 3413/3413/3413 3414/3414/3414
f 3415/3415/3415 3416/3416/3416 3417/3417/3417
f 3415/3415/3415 3417/3417/3417 3418/3418/3418
f 3419/3419/3419 3420/3420/3420 3421/3421/3421
f 3419/3419/3419 3421/3421/3421 3422/3422/3422
f 3423/3423/3423 3424/3424/3424 3425/3425/3425
f 3423/3423/3423 3425/3425/3425 3426/3426/3426
f 3427/3427/3427 3428/3428/3428 3429/3429/3429
f 3427/3427/3427 3429/3429/3429 3430/3430/3430
f 3431/3431/3431 3432/3432/3432 3433/3433/3433
f 3431/3431/3431 3433/3433/3433 3434/3434/3434
f 3420/3420/3420 3435/3435/3435 3436/3436/3436
f 3420/3420/3420 3436/3436/3436 3421/3421/3421
f 3432/3432/3432 3405/3405/3405 3408/3408/3408
f 3432/3432/3432 3408/3408/3408 3433/3433/3433
f 3412/3412/3412 3415/3415/3415 3418/3418/3418
f 3412/3412/3412 3418/3418/3418 3413/3413/3413
f 3424/3424/3424 3427/3427/3427 3430/3430/3430
f 3424/3424/3424 3430/3430/3430 3425/3425/3425
f 3416/3416/3416 3419/3419/3419 3422/3422/3422
f 3416/3416/3416 3422/3422/3422 3417/3417/3417
f 3428/3428/3428 3431/3431/3431 3434/3434/3434
f 3428/3428/3428 3434/3434/3434 3429/3429/3429
f 3409/3409/3409 3411/3411/3411 3414/3414/3414
f 3409/3409/3409 3414/3414/3414 3410/3410/3410
f 3435/3435/3435 3423/3423/3423 3426/3426/3426
f 3435/3435/3435 3426/3426/3426 3436/3436/3436
f 3421/3421/3421 3392/3392/3392 3404/3404/3404
f 3421/3421/3421 3404/3404/3404 3422/3422/3422
f 3422/3422/3422 3404/3404/3404 3396/3396/3396
f 3422/3422/3422 3396/3396/3396 3417/3417/3417
f 3417/3417/3417 3396/3396/3396 3395/3395/3395
f 3417/3417/3417 3395/3395/3395 3418/3418/3418
f 3418/3418/3418 3395/3395/3395 3394/3394/3394
f 3418/3418/3418 3394/3394/3394 3413/3413/3413
f 3413/3413/3413 3394/3394/3394 3398/3398/3398
f 3413/3413/3413 3398/3398/3398 3414/3414/3414
f 3414/3414/3414 3398/3398/3398 3397/3397/3397
f 3414/3414/3414 3397/3397/3397 3410/3410/3410
f 3410/3410/3410 3397/3397/3397 3400/3400/3400
f 3410/3410/3410 3400/3400/3400 3407/3407/3407
f 3407/3407/3407 3400/3400/3400 3399/3399/3399
f 3407/3407/3407 3399/3399/3399 3408/3408/3408
f 3408/3408/3408 3399/3399/3399 3402/3402/3402
f 3408/3408/3408 3402/3402/3402 3433/3433/3433
f 3433/3433/3433 3402/3402/3402 3401/3401/3401
f 3433/3433/3433 3401/3401/3401 3434/3434/3434
f 3434/3434/3434 3401/3401/3401 3403/3403/3403
f 3434/3434/3434 3403/3403/3403 3429/3429/3429
f 3429/3429/3429 3403/3403/3403 3391/3391/3391
f 3429/3429/3429 3391/3391/3391 3430/3430/3430
f 3430/3430/3430 3391/3391/3391 3390/3390/3390
f 3430/3430/3430 3390/3390/3390 3425/3425/3425
f 3425/3425/3425 3390/3390/3390 3389/3389/3389
f 3425/3425/3425 3389/3389/3389 3426/3426/3426
f 3426/3426/3426 3389/3389/3389 3393/3393/3393
f 3426/3426/3426 3393/3393/3393 3436/3436/3436
f 3436/3436/3436 3393/3393/3393 3392/3392/3392
f 3436/3436/3436 3392/3392/3392 3421/3421/3421
f 3437/3437/3437 3438/3438/3438 3439/3439/3439
f 3437/3437/3437 3439/3439/3439 3440/3440/3440
f 3438/3438/3438 3441/3441/3441 3442/3442/3442
f 3438/3438/3438 3442/3442/3442 3439/3439/3439
f 3441/3441/3441 3443/3443/3443 3444/3444/3444
f 3441/3441/3441 3444/3444/3444 3442/3442/3442
f 3443/3443/3443 3445/3445/3445 3446/3446/3446
f 3443/3443/3443 3446/3446/3446 3444/3444/3444
f 3445/3445/3445 3447/3447/3447 3448/3448/3448
f 3445/3445/3445 3448/3448/3448 3446/3446/3446
f 3447/3447/3447 3449/3449/3449 3450/3450/3450
f 3447/3447/3447 3450/3450/3450 3448/3448/3448
f 3449/3449/3449 3451/3451/3451 3452/3452/3452
f 3449/3449/3449 3452/3452/3452 3450/3450/3450
f 3451/3451/3451 3453/3453/3453 3454/3454/3454
f 3451/3451/3451 3454/3454/3454 3452/3452/3452
f 3455/3455/3455 3456/3456/3456 3457/3457/3457
f 3455/3455/3455 3457/3457/3457 3458/3458/3458
f 3456/3456/3456 3459/3459/3459 3460/3460/3460
f 3456/3456/3456 3460/3460/3460 3457/3457/3457
f 3459/3459/3459 3461/3461/3461 3462/3462/3462
f 3459/3459/3459 3462/3462/3462 3460/3460/3460
f 3461/3461/3461 3463/3463/3463 3464/3464/3464
f 3461/3461/3461 3464/3464/3464 3462/3462/3462
f 3463/3463/3463 3465/3465/3465 3466/3466/3466
f 3463/3463/3463 3466/3466/3466 3464/3464/3464
f 3465/3465/3465 3467/3467/3467 3468/3468/3468
f 3465/3465/3465 3468/3468/3468 3466/3466/3466
f 3467/3467/3467 3469/3469/3469 3470/3470/3470
f 3467/3467/3467 3470/3470/3470 3468/3468/3468
f 3469/3469/3469 3437/3437/3437 3440/3440/3440
f 3469/3469/3469 3440/3440/3440 3470/3470/3470
