# Old Pen by djetty (https://sketchfab.com/djetty).
# License: CC-BY-4.0 (http://creativecommons.org/licenses/by/4.0/).
# Source: https://sketchfab.com/3d-models/old-pen-7a09c75d40e84b10acfd4f8c40e08375.
mtllib Old_Pen.mtl

o Object_0
usemtl None
v -0.08386800 2.46780992 0.40724599
v -0.11128600 2.46666288 0.39105701
v -0.08745000 2.24846101 0.39105701
v -0.06594900 2.24819493 0.40373999
v -0.05662300 2.12146592 0.39105701
v -0.04277100 2.12011003 0.39980501
v 0.06837100 2.47983694 0.40415299
v 0.08105300 2.47886395 0.39105701
v 0.08105300 3.40805292 0.39105701
v 0.06080800 3.40787601 0.40728000
v 0.08172000 2.46780992 0.40724599
v 0.10913800 2.46666288 0.39105701
v -0.01506800 2.11342311 0.41416201
v -0.01573600 2.07802796 0.39122200
v -0.00107400 2.07318401 0.39105701
v -0.00107400 2.11123991 0.41572800
v 0.01292000 2.11342311 0.41416201
v 0.01358800 2.07802796 0.39122200
v 0.10845700 3.67871594 0.38974401
v 0.08461600 3.67913103 0.40689000
v 0.03979000 3.40785289 0.42015201
v 0.14047500 4.57741022 0.30801401
v 0.14533000 4.60948610 0.26458299
v 0.13866900 4.62176180 0.26426101
v 0.13566300 4.58924389 0.30780500
v -0.04459300 4.45943880 0.42943299
v -0.00107400 4.41267920 0.43472201
v -0.00107400 4.44259501 0.43345299
v -0.03938200 4.46974182 0.42940500
v -0.02170000 3.40792394 0.43180400
v -0.00107400 3.40805292 0.43472201
v -0.00107400 3.67941093 0.43472201
v -0.04478200 3.67917609 0.43155900
v -0.02882400 2.46857691 0.43246201
v -0.00107400 2.46666288 0.43472201
v -0.00107400 2.47886395 0.43087500
v -0.02400700 2.48136401 0.42892200
v 0.02069500 2.24801898 0.42361099
v -0.00107400 2.24846101 0.42498299
v 0.02667600 2.46857691 0.43246201
v -0.00107400 2.46666288 0.43472201
v -0.12592000 4.56374407 0.35752299
v 0.12377100 4.56374407 0.35752299
v -0.00008500 4.62176180 0.29316801
v -0.02882200 2.11673999 0.40783501
v 0.03723400 4.46974182 0.42940500
v 0.08019800 4.51137495 0.40261599
v -0.08234600 4.51137495 0.40261599
v 0.08172000 2.46780992 0.40724599
v 0.05405100 2.46858811 0.42165500
v 0.04213100 2.24803305 0.41515601
v 0.06380100 2.24819493 0.40373999
v 0.02667400 2.11673999 0.40783501
v 0.04062300 2.12011003 0.39980501
v -0.07051900 2.47983694 0.40415299
v -0.05076600 2.48074293 0.41926700
v -0.04193800 3.40785289 0.42015201
v -0.06295600 3.40787601 0.40728000
v -0.08386800 2.46780992 0.40724599
v -0.05619900 2.46858811 0.42165500
v -0.08676400 3.67913103 0.40689000
v -0.11060500 3.67871594 0.38974401
v -0.10955500 4.52624083 0.38425499
v -0.08667100 4.50052881 0.40267199
v -0.10468100 4.53743219 0.38418299
v 0.04244500 4.45943880 0.42943299
v 0.08452300 4.50052881 0.40267199
v 0.01955200 3.40792394 0.43180400
v 0.04263400 3.67917609 0.43155900
v 0.02667600 2.46857691 0.43246201
v 0.05405100 2.46858811 0.42165500
v 0.04861900 2.48074293 0.41926700
v 0.02185900 2.48136401 0.42892200
v -0.02284300 2.24801898 0.42361099
v -0.04427900 2.24803305 0.41515601
v -0.02882400 2.46857691 0.43246201
v -0.05619900 2.46858811 0.42165500
v -0.14165901 4.57737112 0.30797699
v -0.13062800 4.55221224 0.35760599
v -0.13684700 4.58920717 0.30776799
v 0.10253300 4.53743219 0.38418299
v 0.10740700 4.52624083 0.38425499
v 0.12848000 4.55221224 0.35760599
v 0.14303100 3.68106198 0.32381800
v 0.11021600 3.54479098 0.33798501
v 0.15207499 3.67976093 0.28896999
v -0.14419800 3.68105507 0.32382700
v -0.15224300 3.67976093 0.28896999
v -0.11164200 3.54471111 0.33794501
v -0.00107400 2.46666288 0.43472201
v 0.02667600 2.46857691 0.43246201
v -0.05619900 2.46858811 0.42165500
v -0.02882400 2.46857691 0.43246201
v -0.08320100 3.40805292 0.39105701
v -0.13165499 3.67883801 0.36388201
v -0.11128600 2.46666288 0.39105701
v -0.08386800 2.46780992 0.40724599
v -0.08320100 2.47886395 0.39105701
v 0.08530200 2.24846101 0.39105701
v 0.05447500 2.12146592 0.39105701
v 0.10913800 2.46666288 0.39105701
v 0.12950601 3.67883801 0.36388201
v 0.05405100 2.46858811 0.42165500
v 0.08172000 2.46780992 0.40724599
v 0.05231700 3.40808296 0.37946600
v 0.08105300 3.40805292 0.39105701
v 0.08105300 2.47886395 0.39105701
v 0.04265000 2.48917103 0.37803701
v -0.05433800 2.48305011 0.36923400
v -0.11128600 2.46666288 0.39105701
v -0.08320100 2.47886395 0.39105701
v -0.04479800 2.48917103 0.37803701
v -0.06030800 2.23857689 0.37439799
v -0.08745000 2.24846101 0.39105701
v -0.11128600 2.46666288 0.39105701
v -0.05433800 2.48305011 0.36923400
v -0.03603900 2.12253594 0.38127300
v -0.05662300 2.12146592 0.39105701
v -0.00107400 2.08802104 0.38081199
v -0.00107400 2.12090611 0.37096101
v 0.11021600 3.54479098 0.33798501
v 0.10478600 3.56493092 0.32169601
v 0.15207499 3.67976093 0.28896999
v -0.00107400 3.40795207 0.37174201
v -0.00107400 3.51926303 0.33155501
v 0.03389100 2.12253594 0.38127300
v -0.00107400 2.24690008 0.36323801
v 0.05816100 2.23857689 0.37439799
v -0.00107400 2.46619391 0.36602199
v 0.05219000 2.48305011 0.36923400
v 0.05219000 2.48305011 0.36923400
v -0.00107400 2.46619391 0.36602199
v -0.00107400 2.47802591 0.37072101
v -0.05446500 3.40808296 0.37946600
v -0.08320100 3.40805292 0.39105701
v 0.10913800 2.46666288 0.39105701
v 0.05219000 2.48305011 0.36923400
v 0.08530200 2.24846101 0.39105701
v 0.10913800 2.46666288 0.39105701
v 0.05447500 2.12146592 0.39105701
v 0.01358800 2.07802796 0.39122200
v -0.00107400 2.07318401 0.39105701
v -0.10693500 3.56493092 0.32169601
v -0.01573600 2.07802796 0.39122200
v -0.00107400 2.46619391 0.36602199
v -0.05433800 2.48305011 0.36923400
v 0.17945801 -3.69942093 -0.08236800
v 0.17954300 -3.74572611 -0.08224800
v 0.17729500 -3.69762397 -0.11689300
v -0.15682900 -3.73702598 0.00736600
v -0.18015100 -3.73702598 -0.07110600
v -0.18525299 -3.86661291 -0.07314900
v -0.16004001 -3.86661291 0.00631900
v -0.19604000 -4.03101301 -0.07524500
v -0.17158000 -4.03101301 0.00326100
v -0.20562799 -4.15765619 -0.07524500
v -0.18454701 -4.15765619 0.00235700
v -0.19487201 -4.19541311 -0.06955400
v -0.17548700 -4.19541311 0.00443100
v -0.15578701 -4.25676823 0.00132700
v -0.13937099 -4.25676823 0.03834800
v -0.13161001 -4.29767084 0.02719600
v -0.11591300 -4.29767084 0.04945100
v -0.09700400 -4.35981178 0.03909600
v -0.08502800 -4.35981178 0.05278400
v -0.07037700 -4.41644812 0.04064800
v -0.06395400 -4.41644812 0.05133600
v -0.03913300 -4.49904203 0.03857900
v -0.03560000 -4.49904203 0.04755300
v -0.02872200 -4.54387808 0.03806100
v -0.02307600 -4.54387808 0.04598600
v -0.02038000 -4.57534218 0.04287600
v -0.01414800 -4.57534218 0.05203200
v -0.01447300 -4.61726618 0.04339200
v -0.00696200 -4.61726618 0.05032300
v 0.00789600 -4.57534218 0.05661000
v 0.00054800 -4.57534218 0.05791200
v 0.00054800 -4.61726618 0.05356700
v 0.00430300 -4.61726618 0.05245400
v 0.00054800 -4.62382078 0.04339200
v -0.00320700 -4.61726618 0.05245400
v 0.01548200 -4.54387808 0.05113900
v 0.00819000 -4.54386806 0.05357900
v 0.00054800 -4.54387808 0.05391000
v 0.01331300 -4.49916887 0.05593000
v 0.00054800 -4.49904203 0.05652700
v 0.05266700 -4.41644812 0.05551000
v 0.02572000 -4.49904203 0.05241900
v 0.03669600 -4.49904203 0.04755300
v 0.06505100 -4.41644812 0.05133600
v 0.03601700 -4.36008215 0.06530700
v 0.00054800 -4.35981178 0.06647200
v 0.00054800 -4.41644812 0.06202300
v 0.02689500 -4.41668892 0.06128600
v 0.05000300 -4.29791784 0.06925900
v 0.00054800 -4.29767084 0.07170600
v 0.06043900 -4.25680590 0.07160000
v 0.00054800 -4.25676823 0.07537000
v 0.07482900 -4.19563723 0.07290000
v 0.00054800 -4.19541311 0.07841700
v 0.08364600 -4.15792704 0.07478300
v 0.00054800 -4.15765619 0.07995900
v 0.08184500 -4.03070116 0.07428500
v 0.00054800 -4.03101301 0.08176800
v 0.07504500 -3.86638188 0.07608400
v 0.00054800 -3.86661291 0.08578700
v 0.06714800 -3.73710799 0.07471100
v 0.00054800 -3.73702598 0.08583800
v -0.03561900 -3.69526291 0.08423900
v -0.06694000 -3.73707294 0.07157500
v 0.18124700 -3.69494796 -0.07110600
v 0.17585300 -3.69666004 -0.02945600
v 0.18124700 -3.73702598 -0.07110600
v -0.06218600 -3.89893389 -0.22735099
v -0.06080000 -3.76872301 -0.24180099
v 0.00054800 -3.77724910 -0.25038499
v 0.00054800 -3.90700793 -0.23362200
v -0.06477400 -4.04103184 -0.20526500
v 0.00054800 -4.04049301 -0.20878699
v -0.06734000 -4.17132711 -0.17316900
v 0.00054800 -4.16466284 -0.17339800
v -0.05983200 -4.21994495 -0.14697300
v 0.00054800 -4.20977497 -0.14898001
v -0.04800200 -4.32670116 -0.08192300
v 0.00054800 -4.32732821 -0.08647800
v -0.03948800 -4.41611719 -0.02822400
v 0.00054800 -4.43349504 -0.02377200
v -0.02777300 -4.46207714 0.00663300
v 0.00054800 -4.48254299 0.01223800
v -0.03258900 -4.48614120 0.02602800
v -0.01553800 -4.51083422 0.03382800
v -0.03913300 -4.49904203 0.03857900
v -0.02395200 -4.47454977 0.01173100
v -0.04592100 -4.46068096 0.02133100
v -0.05371400 -4.43416309 0.01219000
v -0.01624400 -4.48566103 0.01692100
v 0.00054800 -4.51314116 0.03527600
v -0.02872200 -4.54387808 0.03806100
v 0.04023000 -4.49904203 0.03857900
v 0.02981800 -4.54387808 0.03806100
v 0.01663500 -4.51083422 0.03382800
v 0.08173100 -4.40022421 0.02426700
v 0.06708300 -4.42746019 0.02558100
v 0.05481000 -4.43416309 0.01219000
v 0.15792499 -3.73702598 0.00736600
v 0.06389600 -3.89870906 -0.22475301
v 0.06268200 -3.76857090 -0.23898099
v 0.06620300 -4.04067707 -0.20292200
v 0.06850900 -4.17064095 -0.17120300
v 0.06093500 -4.21910381 -0.14550100
v 0.04942400 -4.32568216 -0.08048200
v 0.04112600 -4.41483784 -0.02668200
v 0.02928500 -4.46177483 0.00740200
v 0.00054800 -4.62382078 0.04339200
v 0.00054800 -4.61726618 0.03308300
v 0.01556900 -4.61726618 0.04339200
v -0.01447300 -4.61726618 0.04339200
v 0.00054800 -4.57534218 0.02791700
v 0.02147700 -4.57534218 0.04287600
v -0.02038000 -4.57534218 0.04287600
v 0.00054800 -4.54387808 0.03515700
v 0.03368600 -4.48614120 0.02602800
v 0.02534300 -4.47419977 0.01249800
v 0.01746400 -4.48531580 0.01756200
v 0.04023000 -4.49904203 0.03857900
v 0.02417300 -4.54387808 0.04598600
v 0.02981800 -4.54387808 0.03806100
v 0.01524400 -4.57534218 0.05203200
v 0.02147700 -4.57534218 0.04287600
v 0.00805900 -4.61726618 0.05032300
v 0.01556900 -4.61726618 0.04339200
v -0.00680000 -4.57534218 0.05661000
v -0.01438500 -4.54387808 0.05113900
v -0.02462300 -4.49904203 0.05241900
v -0.05157100 -4.41644812 0.05551000
v -0.06973700 -4.35981178 0.05768600
v -0.09721300 -4.29767084 0.05618400
v -0.11641600 -4.25676823 0.05016900
v -0.14135499 -4.19541311 0.03893300
v -0.15451901 -4.15765619 0.03409900
v -0.15131800 -4.03101301 0.03028000
v -0.13987499 -3.86661291 0.03184800
v -0.12712200 -3.73702598 0.03327000
v 0.15741199 -3.69494796 0.00736600
v 0.13236900 -3.69494796 0.03392100
v 0.16113700 -3.86661291 0.00631900
v 0.18635000 -3.86661291 -0.07314900
v 0.17267600 -4.03101301 0.00326100
v 0.19713700 -4.03101301 -0.07524500
v 0.18564300 -4.15765619 0.00235700
v 0.20672400 -4.15765619 -0.07524500
v 0.17658301 -4.19541311 0.00443100
v 0.19596800 -4.19541311 -0.06955400
v 0.14046700 -4.25676823 0.03834800
v 0.15688400 -4.25676823 0.00132700
v 0.11701000 -4.29767084 0.04945100
v 0.13270700 -4.29767084 0.02719600
v 0.08612500 -4.35981178 0.05278400
v 0.09810000 -4.35981178 0.03909600
v 0.07147400 -4.41644812 0.04064800
v 0.12821800 -3.73702598 0.03327000
v 0.14097100 -3.86661291 0.03184800
v 0.15241501 -4.03101301 0.03028000
v 0.15561500 -4.15765619 0.03409900
v 0.14245200 -4.19541311 0.03893300
v 0.11751200 -4.25676823 0.05016900
v 0.09831000 -4.29767084 0.05618400
v 0.07083400 -4.35981178 0.05768600
v -0.07484400 -3.86642790 0.07257800
v -0.08155400 -4.03076410 0.07051300
v -0.08319800 -4.15803194 0.07115700
v -0.07424400 -4.19579220 0.06999400
v -0.05959800 -4.25690985 0.06971900
v -0.04902400 -4.29791403 0.06807100
v -0.03497400 -4.36003590 0.06459500
v -0.02583800 -4.41664600 0.06075600
v -0.01224800 -4.49914694 0.05563400
v -0.06951700 -3.69528389 0.07239200
v 0.10316400 -3.69537592 0.05885000
v 0.07688100 -4.38699484 -0.01840000
v 0.10597500 -4.34811401 0.00174200
v 0.09417700 -4.31581211 -0.06295200
v 0.13219200 -4.29377699 -0.03537900
v 0.11743100 -4.22173500 -0.13216600
v 0.15548100 -4.21547890 -0.10676500
v -0.13041900 -4.17171478 -0.15529799
v -0.11633400 -4.22173500 -0.13216600
v -0.15438400 -4.21547890 -0.10676500
v -0.17270000 -4.16827393 -0.12344000
v 0.13151599 -4.17171478 -0.15529799
v 0.17379700 -4.16827393 -0.12344000
v 0.17795800 -4.03491688 -0.13701200
v 0.12605000 -4.03801918 -0.17931800
v 0.12006400 -3.88808799 -0.19451401
v 0.17117000 -3.87750793 -0.14337499
v 0.11695900 -3.75841403 -0.20468000
v 0.16796400 -3.74797297 -0.14745900
v 0.06975500 -3.69541502 0.07560200
v -0.08063400 -4.40022421 0.02426700
v -0.10487900 -4.34811401 0.00174200
v -0.07578400 -4.38699484 -0.01840000
v -0.13109501 -4.29377699 -0.03537900
v -0.09308000 -4.31581211 -0.06295200
v -0.12495300 -4.03801918 -0.17931800
v -0.17686100 -4.03491688 -0.13701200
v -0.18738200 -4.20382595 -0.08037200
v -0.19678900 -4.16076899 -0.08651200
v -0.17007300 -3.87750793 -0.14337499
v -0.11896800 -3.88808799 -0.19451401
v -0.16686800 -3.74797297 -0.14745900
v -0.11586200 -3.75841403 -0.20468000
v -0.15631600 -3.69494796 0.00736600
v -0.04387300 -4.48055792 0.02948800
v -0.06142200 -4.44025707 0.02938800
v 0.06251900 -4.44025707 0.02938800
v 0.04497000 -4.48055792 0.02948800
v 0.04701700 -4.46068096 0.02133100
v 0.04533800 -4.48498392 0.03683400
v -0.06598600 -4.42746019 0.02558100
v 0.00836700 -4.49620295 0.02449600
v -0.00722700 -4.49652290 0.02392700
v 0.00054800 -4.49743080 0.02558300
v -0.06556000 -4.43981600 0.03529300
v -0.07037700 -4.41644812 0.04064800
v -0.06979900 -4.41605616 0.03391800
v 0.06665700 -4.43981600 0.03529300
v 0.07089500 -4.41605616 0.03391800
v 0.07147400 -4.41644812 0.04064800
v -0.06979900 -4.41605616 0.03391800
v -0.09074400 -4.36701298 0.03116900
v -0.04424200 -4.48498392 0.03683400
v -0.06556000 -4.43981600 0.03529300
v -0.13127200 -3.69494796 0.03392100
v -0.18232000 -3.87311196 -0.08496400
v -0.17844699 -3.74572611 -0.08224800
v -0.19056800 -4.03151083 -0.08606900
v 0.19788501 -4.16076899 -0.08651200
v 0.18847799 -4.20382595 -0.08037200
v -0.14851400 -4.26182413 -0.00871500
v -0.12416700 -4.30476522 0.02002300
v 0.06665700 -4.43981600 0.03529300
v -0.10237800 -3.69528890 0.05682000
v 0.18341599 -3.87311196 -0.08496400
v 0.19166499 -4.03151083 -0.08606900
v 0.14961100 -4.26182413 -0.00871500
v 0.12526400 -4.30476522 0.02002300
v 0.09184000 -4.36701298 0.03116900
v 0.07089500 -4.41605616 0.03391800
v -0.09700400 -4.35981178 0.03909600
v -0.13161001 -4.29767084 0.02719600
v -0.12416700 -4.30476522 0.02002300
v -0.09074400 -4.36701298 0.03116900
v -0.15578701 -4.25676823 0.00132700
v -0.14851400 -4.26182413 -0.00871500
v -0.19487201 -4.19541311 -0.06955400
v -0.18738200 -4.20382595 -0.08037200
v -0.20562799 -4.15765619 -0.07524500
v -0.19678900 -4.16076899 -0.08651200
v -0.19604000 -4.03101301 -0.07524500
v -0.19056800 -4.03151083 -0.08606900
v -0.18525299 -3.86661291 -0.07314900
v -0.18232000 -3.87311196 -0.08496400
v -0.18015100 -3.73702598 -0.07110600
v -0.17844699 -3.74572611 -0.08224800
v -0.18015100 -3.69494796 -0.07110600
v -0.17836200 -3.69942093 -0.08236800
v -0.03913300 -4.49904203 0.03857900
v -0.04424200 -4.48498392 0.03683400
v 0.09810000 -4.35981178 0.03909600
v 0.09184000 -4.36701298 0.03116900
v 0.12526400 -4.30476522 0.02002300
v 0.13270700 -4.29767084 0.02719600
v 0.14961100 -4.26182413 -0.00871500
v 0.15688400 -4.25676823 0.00132700
v 0.18847799 -4.20382595 -0.08037200
v 0.19596800 -4.19541311 -0.06955400
v 0.19788501 -4.16076899 -0.08651200
v 0.20672400 -4.15765619 -0.07524500
v 0.19166499 -4.03151083 -0.08606900
v 0.19713700 -4.03101301 -0.07524500
v 0.18341599 -3.87311196 -0.08496400
v 0.18635000 -3.86661291 -0.07314900
v 0.17954300 -3.74572611 -0.08224800
v 0.18124700 -3.73702598 -0.07110600
v 0.17945801 -3.69942093 -0.08236800
v 0.18124700 -3.69494796 -0.07110600
v 0.04023000 -4.49904203 0.03857900
v 0.04533800 -4.48498392 0.03683400
v 0.17124300 -3.67655396 0.08474000
v 0.20428801 -3.64047599 0.11778500
v 0.16049001 -3.64047599 0.15372901
v 0.13452700 -3.67655396 0.11487200
v -0.04735300 -3.67655396 0.15105000
v -0.05647000 -3.64047599 0.19688500
v -0.11068900 -3.64047599 0.18043800
v -0.09280500 -3.67655396 0.13726300
v -0.09280600 -3.67655396 -0.31043801
v -0.11069000 -3.64047599 -0.35361299
v -0.05647000 -3.64047599 -0.37006000
v -0.04735300 -3.67655396 -0.32422599
v 0.20137601 -3.67655396 0.04802300
v 0.24023201 -3.64047599 0.07398700
v -0.00008400 -3.67655396 0.15570600
v -0.00008400 -3.64047599 0.20243800
v -0.13469499 -3.67655396 -0.28804699
v -0.16065800 -3.64047599 -0.32690400
v 0.22376600 -3.67655396 0.00613400
v 0.26694101 -3.64047599 0.02401800
v -0.17141201 -3.67655396 -0.25791499
v -0.20445600 -3.64047599 -0.29096001
v 0.23755400 -3.67655396 -0.03931800
v 0.28338799 -3.64047599 -0.03020100
v -0.20154400 -3.67655396 -0.22119901
v -0.24040100 -3.64047599 -0.24716200
v 0.24221000 -3.67655396 -0.08658800
v 0.28894201 -3.64047599 -0.08658800
v -0.22393399 -3.67655396 -0.17930900
v -0.26710901 -3.64047599 -0.19719300
v 0.23755400 -3.67655396 -0.13385700
v 0.28338799 -3.64047599 -0.14297400
v -0.23772199 -3.67655396 -0.13385700
v -0.28355700 -3.64047599 -0.14297400
v 0.22376600 -3.67655396 -0.17930900
v 0.26694101 -3.64047599 -0.19719300
v -0.24237800 -3.67655396 -0.08658700
v -0.28911000 -3.64047599 -0.08658700
v 0.20137601 -3.67655396 -0.22119901
v 0.24023201 -3.64047599 -0.24716200
v -0.23772199 -3.67655396 -0.03931800
v -0.28355601 -3.64047599 -0.03020100
v 0.17124300 -3.67655396 -0.25791499
v 0.20428801 -3.64047599 -0.29096001
v -0.22393399 -3.67655396 0.00613400
v -0.26710901 -3.64047599 0.02401800
v 0.13452700 -3.67655396 -0.28804699
v 0.16049001 -3.64047599 -0.32690400
v -0.20154400 -3.67655396 0.04802400
v -0.24040000 -3.64047599 0.07398700
v 0.09263800 -3.67655396 -0.31043801
v 0.11052100 -3.64047599 -0.35361299
v 0.04718500 -3.67655396 0.15105000
v 0.05630200 -3.64047599 0.19688500
v -0.17141099 -3.67655396 0.08474000
v -0.20445600 -3.64047599 0.11778500
v 0.04718500 -3.67655396 -0.32422599
v 0.05630200 -3.64047599 -0.37006000
v 0.09263800 -3.67655396 0.13726200
v 0.11052100 -3.64047599 0.18043800
v -0.13469499 -3.67655396 0.11487200
v -0.16065800 -3.64047599 0.15372901
v -0.00008400 -3.67655396 -0.32888100
v -0.00008400 -3.64047599 -0.37561399
v -0.00008400 -3.64047599 -0.37561399
v -0.00008400 -3.67655396 -0.32888100
v -0.26710901 -3.64047599 0.02401800
v -0.29604501 -2.23783302 0.03600400
v -0.31427500 -2.23783302 -0.02409100
v -0.28355601 -3.64047599 -0.03020100
v 0.16049001 -3.64047599 -0.32690400
v 0.17789100 -2.23783302 -0.35294601
v 0.22643501 -2.23783302 -0.31310701
v 0.20428801 -3.64047599 -0.29096001
v -0.24040000 -3.64047599 0.07398700
v -0.26644200 -2.23783302 0.09138800
v 0.11052100 -3.64047599 -0.35361299
v 0.12250700 -2.23783302 -0.38254899
v 0.05630200 -3.64047599 0.19688500
v 0.06241200 -2.23783302 0.22760300
v -0.00008400 -2.23783302 0.23375900
v -0.00008400 -3.64047599 0.20243800
v -0.20445600 -3.64047599 0.11778500
v -0.22660300 -2.23783302 0.13993201
v 0.05630200 -3.64047599 -0.37006000
v 0.06241200 -2.23783302 -0.40077901
v 0.11052100 -3.64047599 0.18043800
v 0.12250700 -2.23783302 0.20937400
v -0.16065800 -3.64047599 0.15372901
v -0.17805900 -2.23783302 0.17977101
v -0.00008400 -3.64047599 -0.37561399
v -0.00008400 -2.23783302 -0.40693399
v 0.16049001 -3.64047599 0.15372901
v 0.17789100 -2.23783302 0.17977101
v -0.11068900 -3.64047599 0.18043800
v -0.12267500 -2.23783302 0.20937400
v -0.05647000 -3.64047599 -0.37006000
v -0.06258100 -2.23783302 -0.40077901
v -0.00008400 -2.23783302 -0.40693399
v -0.00008400 -3.64047599 -0.37561399
v 0.20428801 -3.64047599 0.11778500
v 0.22643501 -2.23783302 0.13993099
v -0.05647000 -3.64047599 0.19688500
v -0.06258000 -2.23783302 0.22760300
v -0.11069000 -3.64047599 -0.35361299
v -0.12267500 -2.23783302 -0.38254899
v 0.24023201 -3.64047599 0.07398700
v 0.26627401 -2.23783302 0.09138700
v -0.16065800 -3.64047599 -0.32690400
v -0.17805900 -2.23783302 -0.35294601
v 0.26694101 -3.64047599 0.02401800
v 0.29587701 -2.23783302 0.03600400
v -0.20445600 -3.64047599 -0.29096001
v -0.22660300 -2.23783302 -0.31310600
v 0.28338799 -3.64047599 -0.03020100
v 0.31410700 -2.23783302 -0.02409100
v -0.24040100 -3.64047599 -0.24716200
v -0.26644200 -2.23783302 -0.26456201
v 0.28894201 -3.64047599 -0.08658800
v 0.32026201 -2.23783302 -0.08658800
v -0.26710901 -3.64047599 -0.19719300
v -0.29604599 -2.23783302 -0.20917900
v 0.28338799 -3.64047599 -0.14297400
v 0.31410700 -2.23783302 -0.14908400
v -0.28355700 -3.64047599 -0.14297400
v -0.31427500 -2.23783302 -0.14908400
v 0.26694101 -3.64047599 -0.19719300
v 0.29587701 -2.23783302 -0.20917900
v -0.28911000 -3.64047599 -0.08658700
v -0.32043001 -2.23783302 -0.08658700
v 0.24023201 -3.64047599 -0.24716200
v 0.26627401 -2.23783302 -0.26456201
v 0.12250700 -2.23783302 0.20937400
v 0.14274000 -2.19231105 0.25821999
v 0.07272700 -2.19231105 0.27945799
v 0.06241200 -2.23783302 0.22760300
v -0.17805900 -2.23783302 0.17977101
v -0.20743200 -2.19231105 0.22373100
v -0.26398799 -2.19231105 0.17731699
v -0.22660300 -2.23783302 0.13993201
v -0.00008400 -2.23783302 -0.40693399
v -0.00008400 -2.19231105 -0.45980400
v 0.07272700 -2.19231105 -0.45263299
v 0.06241200 -2.23783302 -0.40077901
v 0.17789100 -2.23783302 0.17977101
v 0.20726401 -2.19231105 0.22373100
v -0.12267500 -2.23783302 0.20937400
v -0.14290801 -2.19231105 0.25821999
v -0.06258100 -2.23783302 -0.40077901
v -0.07289500 -2.19231105 -0.45263299
v -0.00008400 -2.19231105 -0.45980400
v -0.00008400 -2.23783302 -0.40693399
v 0.22643501 -2.23783302 0.13993099
v 0.26381999 -2.19231105 0.17731699
v -0.06258000 -2.23783302 0.22760300
v -0.07289500 -2.19231105 0.27945799
v -0.12267500 -2.23783302 -0.38254899
v -0.14290801 -2.19231105 -0.43139499
v 0.26627401 -2.23783302 0.09138700
v 0.31023401 -2.19231105 0.12076100
v -0.00008400 -2.23783302 0.23375900
v -0.00008400 -2.19231105 0.28662899
v -0.17805900 -2.23783302 -0.35294601
v -0.20743300 -2.19231105 -0.39690599
v 0.29587701 -2.23783302 0.03600400
v 0.34472299 -2.19231105 0.05623600
v -0.22660300 -2.23783302 -0.31310600
v -0.26398799 -2.19231105 -0.35049200
v 0.31410700 -2.23783302 -0.02409100
v 0.36596099 -2.19231105 -0.01377700
v -0.26644200 -2.23783302 -0.26456201
v -0.31040299 -2.19231105 -0.29393601
v 0.32026201 -2.23783302 -0.08658800
v 0.37313300 -2.19231105 -0.08658800
v -0.29604599 -2.23783302 -0.20917900
v -0.34489200 -2.19231105 -0.22941101
v 0.31410700 -2.23783302 -0.14908400
v 0.36596099 -2.19231105 -0.15939900
v -0.31427500 -2.23783302 -0.14908400
v -0.36612999 -2.19231105 -0.15939800
v 0.29587701 -2.23783302 -0.20917900
v 0.34472299 -2.19231105 -0.22941101
v -0.32043001 -2.23783302 -0.08658700
v -0.37330100 -2.19231105 -0.08658700
v 0.26627401 -2.23783302 -0.26456201
v 0.31023401 -2.19231105 -0.29393601
v -0.31427500 -2.23783302 -0.02409100
v -0.36612999 -2.19231105 -0.01377600
v 0.22643501 -2.23783302 -0.31310701
v 0.26381999 -2.19231105 -0.35049200
v -0.29604501 -2.23783302 0.03600400
v -0.34489101 -2.19231105 0.05623700
v 0.17789100 -2.23783302 -0.35294601
v 0.20726401 -2.19231105 -0.39690599
v -0.26644200 -2.23783302 0.09138800
v -0.31040201 -2.19231105 0.12076100
v 0.12250700 -2.23783302 -0.38254899
v 0.14274000 -2.19231105 -0.43139499
v 0.31023401 -2.19231105 0.12076100
v 0.31023401 1.40947497 0.12076100
v 0.26381999 1.40947497 0.17731699
v 0.26381999 -2.19231105 0.17731699
v -0.00008400 -2.19231105 0.28662899
v -0.00008400 1.40947497 0.28662899
v -0.07289500 1.40947497 0.27945799
v -0.07289500 -2.19231105 0.27945799
v -0.20743300 -2.19231105 -0.39690599
v -0.20743300 1.40947497 -0.39690599
v -0.14290901 1.40947497 -0.43139499
v -0.14290801 -2.19231105 -0.43139499
v 0.34472299 -2.19231105 0.05623600
v 0.34472299 1.40947497 0.05623600
v -0.26398799 -2.19231105 -0.35049200
v -0.26398900 1.40947497 -0.35049200
v 0.36596099 -2.19231105 -0.01377700
v 0.36596099 1.40947497 -0.01377700
v -0.31040299 -2.19231105 -0.29393601
v -0.31040299 1.40947497 -0.29393601
v 0.37313300 -2.19231105 -0.08658800
v 0.37313199 1.40947497 -0.08658800
v -0.34489200 -2.19231105 -0.22941101
v -0.34489200 1.40947497 -0.22941101
v 0.36596099 -2.19231105 -0.15939900
v 0.36596099 1.40947497 -0.15939900
v -0.36612999 -2.19231105 -0.15939800
v -0.36612999 1.40947497 -0.15939800
v 0.34472299 -2.19231105 -0.22941101
v 0.34472299 1.40947497 -0.22941101
v -0.37330100 -2.19231105 -0.08658700
v -0.37330100 1.40947497 -0.08658700
v 0.31023401 -2.19231105 -0.29393601
v 0.31023401 1.40947497 -0.29393601
v -0.36612999 -2.19231105 -0.01377600
v -0.36612999 1.40947497 -0.01377600
v 0.26381999 -2.19231105 -0.35049200
v 0.26381999 1.40947497 -0.35049200
v -0.34489101 -2.19231105 0.05623700
v -0.34489200 1.40947497 0.05623700
v 0.20726401 -2.19231105 -0.39690599
v 0.20726401 1.40947497 -0.39690599
v -0.31040201 -2.19231105 0.12076100
v -0.31040299 1.40947497 0.12076100
v 0.14274000 -2.19231105 -0.43139499
v 0.14273900 1.40947497 -0.43139499
v 0.07272700 -2.19231105 0.27945799
v 0.07272700 1.40947497 0.27945799
v -0.26398799 -2.19231105 0.17731699
v -0.26398799 1.40947497 0.17731699
v 0.07272700 -2.19231105 -0.45263299
v 0.07272600 1.40947497 -0.45263299
v 0.14274000 -2.19231105 0.25821999
v 0.14273900 1.40947497 0.25821999
v -0.20743200 -2.19231105 0.22373100
v -0.20743200 1.40947497 0.22373100
v -0.00008400 -2.19231105 -0.45980400
v -0.00008500 1.40947497 -0.45980400
v 0.20726401 -2.19231105 0.22373100
v 0.20726401 1.40947497 0.22373100
v -0.14290801 -2.19231105 0.25821999
v -0.14290801 1.40947497 0.25821999
v -0.07289500 -2.19231105 -0.45263299
v -0.07289600 1.40947497 -0.45263299
v -0.00008500 1.40947497 -0.45980400
v -0.00008400 -2.19231105 -0.45980400
v 0.37313199 1.40947497 -0.08658800
v 0.42275599 1.40947497 -0.08658800
v 0.41463101 1.40947497 -0.00409500
v 0.36596099 1.40947497 -0.01377700
v -0.34489200 1.40947497 -0.22941101
v -0.39073899 1.40947497 -0.24840100
v -0.35166401 1.40947497 -0.32150501
v -0.31040299 1.40947497 -0.29393601
v 0.36596099 1.40947497 -0.15939900
v 0.41463101 1.40947497 -0.16908000
v -0.36612999 1.40947497 -0.15939800
v -0.41479999 1.40947497 -0.16907901
v 0.34472299 1.40947497 -0.22941101
v 0.39056900 1.40947497 -0.24840200
v -0.37330100 1.40947497 -0.08658700
v -0.42292500 1.40947497 -0.08658700
v 0.31023401 1.40947497 -0.29393601
v 0.35149500 1.40947497 -0.32150501
v -0.36612999 1.40947497 -0.01377600
v -0.41479999 1.40947497 -0.00409500
v 0.26381999 1.40947497 -0.35049200
v 0.29890901 1.40947497 -0.38558099
v -0.34489200 1.40947497 0.05623700
v -0.39073801 1.40947497 0.07522700
v 0.20726401 1.40947497 -0.39690599
v 0.23483300 1.40947497 -0.43816701
v -0.31040299 1.40947497 0.12076100
v -0.35166299 1.40947497 0.14833000
v 0.14273900 1.40947497 -0.43139499
v 0.16173001 1.40947497 -0.47724199
v 0.07272700 1.40947497 0.27945799
v 0.08240800 1.40947497 0.32812801
v -0.00008400 1.40947497 0.33625299
v -0.00008400 1.40947497 0.28662899
v -0.26398799 1.40947497 0.17731699
v -0.29907799 1.40947497 0.21240599
v 0.07272600 1.40947497 -0.45263299
v 0.08240800 1.40947497 -0.50130397
v 0.14273900 1.40947497 0.25821999
v 0.16173001 1.40947497 0.30406600
v -0.20743200 1.40947497 0.22373100
v -0.23500200 1.40947497 0.26499200
v -0.00008500 1.40947497 -0.45980400
v -0.00008500 1.40947497 -0.50942802
v 0.20726401 1.40947497 0.22373100
v 0.23483300 1.40947497 0.26499200
v -0.14290801 1.40947497 0.25821999
v -0.16189800 1.40947497 0.30406699
v -0.07289600 1.40947497 -0.45263299
v -0.08257700 1.40947497 -0.50130397
v -0.00008500 1.40947497 -0.50942802
v -0.00008500 1.40947497 -0.45980400
v 0.26381999 1.40947497 0.17731699
v 0.29890901 1.40947497 0.21240599
v -0.07289500 1.40947497 0.27945799
v -0.08257600 1.40947497 0.32812801
v -0.14290901 1.40947497 -0.43139499
v -0.16189900 1.40947497 -0.47724101
v 0.31023401 1.40947497 0.12076100
v 0.35149500 1.40947497 0.14833000
v -0.20743300 1.40947497 -0.39690599
v -0.23500200 1.40947497 -0.43816701
v 0.34472299 1.40947497 0.05623600
v 0.39056900 1.40947497 0.07522600
v -0.26398900 1.40947497 -0.35049200
v -0.29907799 1.40947497 -0.38558099
v 0.35149500 1.57205701 -0.32150501
v 0.35149500 2.58298492 -0.32150501
v 0.39056900 2.58298492 -0.24840200
v 0.39056900 1.57205701 -0.24840200
v -0.41479999 1.57205701 -0.00409500
v -0.41479999 2.58298492 -0.00409500
v -0.42292500 2.58298492 -0.08658700
v -0.42292500 1.57205701 -0.08658700
v 0.29890901 1.57205701 -0.38558099
v 0.29890901 2.58298492 -0.38558099
v -0.39073801 1.57205701 0.07522700
v -0.39073801 2.58298492 0.07522700
v 0.23483300 1.57205701 -0.43816701
v 0.23483300 2.58298492 -0.43816701
v -0.35166299 1.57205701 0.14833000
v -0.35166401 2.58298492 0.14833000
v 0.16173001 1.57205701 -0.47724199
v 0.16172899 2.58298492 -0.47724101
v 0.08240800 1.57205701 0.32812801
v 0.08240800 2.58298492 0.32812801
v -0.00008500 2.58298492 0.33625299
v -0.00008500 1.57205701 0.33625299
v -0.29907799 1.57205701 0.21240599
v -0.29907799 2.58298492 0.21240599
v 0.08240700 1.57205701 -0.50130397
v 0.08240700 2.58298492 -0.50130397
v 0.16173001 1.57205701 0.30406600
v 0.16173001 2.58298492 0.30406600
v -0.23500200 1.57205701 0.26499200
v -0.23500200 2.58298492 0.26499200
v -0.00008500 1.57205701 -0.50942802
v -0.00008500 2.58298492 -0.50942802
v 0.23483300 1.57205701 0.26499200
v 0.23483300 2.58298492 0.26499200
v -0.16189800 1.57205701 0.30406699
v -0.16189800 2.58298492 0.30406699
v -0.08257700 1.57205701 -0.50130397
v -0.08257700 2.58298492 -0.50130302
v -0.00008500 2.58298492 -0.50942802
v -0.00008500 1.57205701 -0.50942802
v 0.29890901 1.57205701 0.21240599
v 0.29890901 2.58298492 0.21240599
v -0.08257600 1.57205701 0.32812801
v -0.08257600 2.58298492 0.32812801
v -0.16189900 1.57205701 -0.47724101
v -0.16189900 2.58298492 -0.47724101
v 0.35149500 1.57205701 0.14833000
v 0.35149500 2.58298492 0.14833000
v -0.23500200 1.57205701 -0.43816701
v -0.23500200 2.58298492 -0.43816701
v 0.39056900 1.57205701 0.07522600
v 0.39056900 2.58298492 0.07522600
v -0.29907799 1.57205701 -0.38558099
v -0.29907799 2.58298492 -0.38558099
v 0.41463101 1.57205701 -0.00409500
v 0.41463101 2.58298492 -0.00409500
v -0.35166401 1.57205701 -0.32150501
v -0.35166401 2.58298492 -0.32150501
v 0.42275599 1.57205701 -0.08658800
v 0.42275599 2.58298492 -0.08658800
v -0.39073899 1.57205701 -0.24840100
v -0.39073899 2.58298492 -0.24840100
v 0.41463101 1.57205701 -0.16908000
v 0.41463101 2.58298492 -0.16908000
v -0.41479999 1.57205701 -0.16907901
v -0.41480100 2.58298492 -0.16907901
v 0.15890799 3.42946196 -0.47042900
v 0.23073700 3.42946196 -0.43203601
v 0.08096900 3.42946196 0.32089701
v -0.00008500 3.42946196 0.32888001
v -0.29386401 3.42946196 0.20719200
v -0.34553301 3.42946196 0.14423400
v 0.08096900 3.42946196 -0.49407199
v 0.15890799 3.42946196 0.29725400
v -0.23090500 3.42946196 0.25886101
v -0.00008500 3.42946196 -0.50205499
v 0.23073700 3.42946196 0.25886101
v -0.15907700 3.42946196 0.29725400
v -0.08113800 3.42946196 -0.49407199
v -0.00008500 3.42946196 -0.50205499
v 0.29369500 3.42946196 0.20719200
v -0.08113800 3.42946196 0.32089701
v -0.15907700 3.42946196 -0.47042900
v 0.34536400 3.42946196 0.14423400
v -0.23090599 3.42946196 -0.43203601
v 0.38375700 3.42946196 0.07240500
v -0.29386500 3.42946196 -0.38036701
v 0.40740001 3.42946196 -0.00553400
v -0.34553301 3.42946196 -0.31740901
v 0.41538301 3.42946196 -0.08658800
v -0.38392699 3.42946196 -0.24558000
v 0.40740001 3.42946196 -0.16764100
v -0.40756899 3.42946196 -0.16764100
v 0.38375700 3.42946196 -0.24558000
v -0.41555199 3.42946196 -0.08658700
v 0.34536400 3.42946196 -0.31740901
v -0.40756899 3.42946196 -0.00553400
v 0.29369500 3.42946196 -0.38036701
v -0.38392600 3.42946196 0.07240500
v -0.07417100 4.62176180 -0.45904601
v -0.00008500 4.62176180 -0.46634299
v 0.26844299 4.62176180 0.18194000
v 0.21089600 4.62176180 0.22916700
v -0.00107400 3.51926303 0.33155501
v 0.10478600 3.56493092 0.32169601
v -0.14541100 4.62176180 -0.43743601
v 0.31567001 4.62176180 0.12439300
v -0.11164200 3.54471111 0.33794501
v -0.21106599 4.62176180 -0.40234199
v 0.35076299 4.62176180 0.05873800
v -0.26861200 4.62176180 -0.35511500
v 0.37237400 4.62176180 -0.01250100
v -0.31584001 4.62176180 -0.29756799
v 0.37967101 4.62176180 -0.08658800
v -0.35093299 4.62176180 -0.23191300
v 0.37237400 4.62176180 -0.16067401
v -0.37254301 4.62176180 -0.16067401
v 0.35076299 4.62176180 -0.23191400
v -0.37983999 4.62176180 -0.08658700
v 0.31567001 4.62176180 -0.29756799
v -0.37254301 4.62176180 -0.01250100
v 0.26844299 4.62176180 -0.35511500
v -0.35093299 4.62176180 0.05873900
v 0.21089600 4.62176180 -0.40234300
v -0.31584001 4.62176180 0.12439300
v 0.14524101 4.62176180 -0.43743601
v -0.07417100 4.62176180 0.28587100
v -0.26861200 4.62176180 0.18194000
v 0.07400200 4.62176180 -0.45904601
v -0.07417100 4.62176180 0.28587100
v -0.06807200 4.65559483 0.25521001
v -0.13344701 4.65559483 0.23537900
v -0.13883799 4.62176180 0.26426101
v -0.21106499 4.62176180 0.22916800
v -0.00008500 4.62176180 -0.46634299
v -0.19369701 4.65559483 0.20317499
v -0.21106499 4.62176180 0.22916800
v -0.10693500 3.56493092 0.32169601
v -0.26861200 4.62176180 -0.35511500
v -0.24650700 4.65559483 -0.33300999
v -0.19369800 4.65559483 -0.37634999
v -0.21106599 4.62176180 -0.40234199
v 0.37237400 4.62176180 -0.01250100
v 0.34171301 4.65559483 -0.01860000
v 0.32188201 4.65559483 0.04677500
v 0.35076299 4.62176180 0.05873800
v -0.31584001 4.62176180 -0.29756799
v -0.28984699 4.65559483 -0.28020000
v 0.37967101 4.62176180 -0.08658800
v 0.34840900 4.65559483 -0.08658800
v -0.35093299 4.62176180 -0.23191300
v -0.32205099 4.65559483 -0.21995001
v 0.37237400 4.62176180 -0.16067401
v 0.34171301 4.65559483 -0.15457501
v -0.37254301 4.62176180 -0.16067401
v -0.34188300 4.65559483 -0.15457501
v 0.35076299 4.62176180 -0.23191400
v 0.32188201 4.65559483 -0.21995001
v -0.37983999 4.62176180 -0.08658700
v -0.34857899 4.65559483 -0.08658700
v 0.31567001 4.62176180 -0.29756799
v 0.28967699 4.65559483 -0.28020000
v -0.37254301 4.62176180 -0.01250100
v -0.34188199 4.65559483 -0.01859900
v 0.26844299 4.62176180 -0.35511500
v 0.24633799 4.65559483 -0.33300999
v -0.35093299 4.62176180 0.05873900
v -0.32205099 4.65559483 0.04677600
v 0.21089600 4.62176180 -0.40234300
v 0.19352800 4.65559483 -0.37634999
v -0.31584001 4.62176180 0.12439300
v -0.28984699 4.65559483 0.10702600
v 0.14524101 4.62176180 -0.43743601
v 0.13327800 4.65559483 -0.40855399
v 0.07400200 4.62176180 0.28587100
v 0.06790300 4.65559483 0.25521001
v -0.00008500 4.65559483 0.26190600
v -0.00008500 4.62176180 0.29316801
v -0.26861200 4.62176180 0.18194000
v -0.24650700 4.65559483 0.15983500
v 0.07400200 4.62176180 -0.45904601
v 0.06790300 4.65559483 -0.42838499
v 0.13866900 4.62176180 0.26426101
v 0.14533000 4.60948610 0.26458299
v 0.15207499 3.67976093 0.28896999
v -0.00008500 4.62176180 -0.46634299
v -0.00008500 4.65559483 -0.43508199
v 0.07400200 4.62176180 0.28587100
v -0.07417100 4.62176180 -0.45904601
v -0.06807300 4.65559483 -0.42838499
v -0.00008500 4.65559483 -0.43508199
v -0.00008500 4.62176180 -0.46634299
v 0.26844299 4.62176180 0.18194000
v 0.24633799 4.65559483 0.15983500
v 0.19352800 4.65559483 0.20317499
v 0.21089600 4.62176180 0.22916700
v -0.15224300 3.67976093 0.28896999
v -0.14549901 4.60948610 0.26458299
v -0.13883799 4.62176180 0.26426101
v -0.14541100 4.62176180 -0.43743601
v -0.13344800 4.65559483 -0.40855399
v 0.31567001 4.62176180 0.12439300
v 0.28967699 4.65559483 0.10702500
v -0.37845701 4.68748379 -0.16185001
v -0.35650399 4.68748379 -0.23422100
v 0.35633501 4.68748379 -0.23422100
v 0.37828800 4.68748379 -0.16185100
v -0.38587001 4.68748379 -0.08658700
v 0.32068399 4.68748379 -0.30091900
v -0.37845701 4.68748379 -0.01132400
v 0.27270699 4.68748379 -0.35937899
v -0.35650399 4.68748379 0.06104600
v 0.21424600 4.68748379 -0.40735599
v -0.32085299 4.68748379 0.12774400
v 0.14754900 4.68748379 -0.44300699
v 0.07517800 4.68748379 0.29178500
v -0.00008500 4.68748379 0.29919800
v -0.27287599 4.68748379 0.18620400
v 0.07517800 4.68748379 -0.46496001
v 0.13327800 4.65559483 0.23537900
v 0.14754900 4.68748379 0.26983199
v -0.21441500 4.68748379 0.23418200
v -0.00008500 4.68748379 -0.47237301
v 0.21424600 4.68748379 0.23418100
v -0.14771800 4.68748379 0.26983199
v -0.07534800 4.68748379 -0.46496001
v -0.00008500 4.68748379 -0.47237301
v 0.27270699 4.68748379 0.18620400
v -0.07534700 4.68748379 0.29178500
v -0.14771900 4.68748379 -0.44300699
v 0.32068399 4.68748379 0.12774301
v -0.21441600 4.68748379 -0.40735599
v 0.35633501 4.68748379 0.06104600
v -0.27287599 4.68748379 -0.35937899
v 0.37828800 4.68748379 -0.01132500
v -0.32085401 4.68748379 -0.30091801
v 0.38570100 4.68748379 -0.08658800
v -0.35650399 4.68748379 0.06104600
v -0.27247599 5.20435190 0.02624100
v -0.28925300 5.20435190 -0.02906800
v -0.37845701 4.68748379 -0.01132400
v 0.21424600 4.68748379 -0.40735599
v 0.16371600 5.20435190 -0.33173299
v 0.20839401 5.20435190 -0.29506701
v 0.27270699 4.68748379 -0.35937899
v -0.32085299 4.68748379 0.12774400
v -0.24523000 5.20435190 0.07721400
v 0.14754900 4.68748379 -0.44300699
v 0.11274300 5.20435190 -0.35897899
v 0.07517800 4.68748379 0.29178500
v 0.05743400 5.20435190 0.20258100
v -0.00008500 5.20435190 0.20824599
v -0.00008500 4.68748379 0.29919800
v -0.27287599 4.68748379 0.18620400
v -0.20856400 5.20435190 0.12189200
v 0.07517800 4.68748379 -0.46496001
v 0.05743400 5.20435190 -0.37575701
v 0.14754900 4.68748379 0.26983199
v 0.11274300 5.20435190 0.18580399
v -0.21441500 4.68748379 0.23418200
v -0.16388500 5.20435190 0.15855800
v -0.00008500 4.68748379 -0.47237301
v -0.00008500 5.20435190 -0.38142201
v 0.21424600 4.68748379 0.23418100
v 0.16371600 5.20435190 0.15855800
v -0.14771800 4.68748379 0.26983199
v -0.11291200 5.20435190 0.18580399
v -0.07534800 4.68748379 -0.46496001
v -0.05760400 5.20435190 -0.37575600
v -0.00008500 5.20435190 -0.38142201
v -0.00008500 4.68748379 -0.47237301
v 0.27270699 4.68748379 0.18620400
v 0.20839401 5.20435190 0.12189100
v -0.07534700 4.68748379 0.29178500
v -0.05760400 5.20435190 0.20258100
v -0.14771900 4.68748379 -0.44300699
v -0.11291300 5.20435190 -0.35897899
v 0.32068399 4.68748379 0.12774301
v 0.24506100 5.20435190 0.07721300
v -0.21441600 4.68748379 -0.40735599
v -0.16388600 5.20435190 -0.33173299
v 0.35633501 4.68748379 0.06104600
v 0.27230600 5.20435190 0.02624000
v -0.27287599 4.68748379 -0.35937899
v -0.20856400 5.20435190 -0.29506701
v 0.37828800 4.68748379 -0.01132500
v 0.28908399 5.20435190 -0.02906800
v -0.32085401 4.68748379 -0.30091801
v -0.24523000 5.20435190 -0.25038800
v 0.38570100 4.68748379 -0.08658800
v 0.29474899 5.20435190 -0.08658800
v -0.35650399 4.68748379 -0.23422100
v -0.27247599 5.20435190 -0.19941500
v 0.37828800 4.68748379 -0.16185100
v 0.28908399 5.20435190 -0.14410700
v -0.37845701 4.68748379 -0.16185001
v -0.28925401 5.20435190 -0.14410700
v 0.35633501 4.68748379 -0.23422100
v 0.27230600 5.20435190 -0.19941600
v -0.38587001 4.68748379 -0.08658700
v -0.29491901 5.20435190 -0.08658700
v 0.32068399 4.68748379 -0.30091900
v 0.24506100 5.20435190 -0.25038901
v 0.11274300 5.20435190 0.18580399
v 0.05890100 5.24288321 0.05581600
v 0.02998600 5.24288321 0.06458700
v 0.05743400 5.20435190 0.20258100
v -0.16388500 5.20435190 0.15855800
v -0.08571800 5.24288321 0.04157200
v -0.10907500 5.24288321 0.02240300
v -0.20856400 5.20435190 0.12189200
v -0.00008500 5.20435190 -0.38142201
v -0.00008500 5.24288321 -0.24072400
v 0.02998600 5.24288321 -0.23776200
v 0.05743400 5.20435190 -0.37575701
v 0.16371600 5.20435190 0.15855800
v 0.08554900 5.24288321 0.04157200
v 0.05890100 5.24288321 0.05581600
v -0.11291200 5.20435190 0.18580399
v -0.05907000 5.24288321 0.05581600
v -0.08571800 5.24288321 0.04157200
v -0.05760400 5.20435190 -0.37575600
v -0.03015500 5.24288321 -0.23776200
v -0.00008500 5.24288321 -0.24072400
v -0.00008500 5.20435190 -0.38142201
v 0.20839401 5.20435190 0.12189100
v 0.10890600 5.24288321 0.02240300
v 0.08554900 5.24288321 0.04157200
v -0.05760400 5.20435190 0.20258100
v -0.03015500 5.24288321 0.06458700
v -0.05907000 5.24288321 0.05581600
v -0.11291300 5.20435190 -0.35897899
v -0.05907000 5.24288321 -0.22899100
v -0.03015500 5.24288321 -0.23776200
v 0.24506100 5.20435190 0.07721300
v 0.12807500 5.24288321 -0.00095400
v 0.10890600 5.24288321 0.02240300
v -0.00008500 5.20435190 0.20824599
v -0.00008500 5.24288321 0.06754800
v -0.03015500 5.24288321 0.06458700
v -0.16388600 5.20435190 -0.33173299
v -0.08571800 5.24288321 -0.21474700
v -0.05907000 5.24288321 -0.22899100
v 0.27230600 5.20435190 0.02624000
v 0.14231800 5.24288321 -0.02760200
v 0.12807500 5.24288321 -0.00095400
v -0.20856400 5.20435190 -0.29506701
v -0.10907500 5.24288321 -0.19557799
v -0.08571800 5.24288321 -0.21474700
v 0.28908399 5.20435190 -0.02906800
v 0.15109000 5.24288321 -0.05651700
v 0.14231800 5.24288321 -0.02760200
v -0.24523000 5.20435190 -0.25038800
v -0.12824400 5.24288321 -0.17222100
v -0.10907500 5.24288321 -0.19557799
v 0.29474899 5.20435190 -0.08658800
v 0.15405101 5.24288321 -0.08658800
v 0.15109000 5.24288321 -0.05651700
v -0.27247599 5.20435190 -0.19941500
v -0.14248800 5.24288321 -0.14557301
v -0.12824400 5.24288321 -0.17222100
v 0.28908399 5.20435190 -0.14410700
v 0.15109000 5.24288321 -0.11665800
v 0.15405101 5.24288321 -0.08658800
v -0.28925401 5.20435190 -0.14410700
v -0.15125901 5.24288321 -0.11665800
v -0.14248800 5.24288321 -0.14557301
v 0.27230600 5.20435190 -0.19941600
v 0.14231800 5.24288321 -0.14557301
v 0.15109000 5.24288321 -0.11665800
v -0.29491901 5.20435190 -0.08658700
v -0.15422100 5.24288321 -0.08658700
v -0.15125901 5.24288321 -0.11665800
v 0.24506100 5.20435190 -0.25038901
v 0.12807500 5.24288321 -0.17222100
v 0.14231800 5.24288321 -0.14557301
v -0.28925300 5.20435190 -0.02906800
v -0.15125901 5.24288321 -0.05651700
v -0.15422100 5.24288321 -0.08658700
v 0.20839401 5.20435190 -0.29506701
v 0.10890600 5.24288321 -0.19557799
v 0.12807500 5.24288321 -0.17222100
v -0.27247599 5.20435190 0.02624100
v -0.14248800 5.24288321 -0.02760200
v -0.15125901 5.24288321 -0.05651700
v 0.16371600 5.20435190 -0.33173299
v 0.08554900 5.24288321 -0.21474700
v 0.10890600 5.24288321 -0.19557799
v -0.24523000 5.20435190 0.07721400
v -0.12824400 5.24288321 -0.00095400
v -0.14248800 5.24288321 -0.02760200
v 0.11274300 5.20435190 -0.35897899
v 0.05890100 5.24288321 -0.22899100
v 0.08554900 5.24288321 -0.21474700
v 0.02998600 5.24288321 0.06458700
v -0.00008500 5.24288321 0.06754800
v -0.10907500 5.24288321 0.02240300
v -0.12824400 5.24288321 -0.00095400
v 0.02998600 5.24288321 -0.23776200
v 0.05890100 5.24288321 -0.22899100
v -0.00008500 5.24288177 -0.08658800
v -0.00008500 5.24288177 -0.08658800
v -0.00008500 5.24288177 -0.08658800
v -0.00008500 5.24288177 -0.08658800
v -0.00008500 5.24288177 -0.08658800
v -0.00008500 5.24288177 -0.08658800
v -0.00008500 5.24288177 -0.08658800
v -0.00008500 5.24288177 -0.08658800
v -0.00008500 5.24288177 -0.08658800
v -0.00008500 5.24288177 -0.08658800
v -0.00008500 5.24288177 -0.08658800
v -0.00008500 5.24288177 -0.08658800
v -0.00008500 5.24288177 -0.08658800
v -0.00008500 5.24288177 -0.08658800
v -0.00008500 5.24288177 -0.08658800
v -0.00008500 5.24288177 -0.08658800
v -0.00008500 5.24288177 -0.08658800
v -0.00008500 5.24288177 -0.08658800
v -0.00008500 5.24288177 -0.08658800
v -0.00008500 5.24288177 -0.08658800
v -0.00008500 5.24288177 -0.08658800
v -0.00008500 5.24288177 -0.08658800
v -0.00008500 5.24288177 -0.08658800
v -0.00008500 5.24288177 -0.08658800
v -0.00008500 5.24288177 -0.08658800
v -0.00008500 5.24288177 -0.08658800
v -0.00008500 5.24288177 -0.08658800
v -0.00008500 5.24288177 -0.08658800
v -0.00008500 5.24288177 -0.08658800
v -0.00008500 5.24288177 -0.08658800
v -0.00008500 5.24288177 -0.08658800
v -0.00008500 5.24288177 -0.08658800
v 0.00036200 -3.69530702 0.08639300
v 0.03634300 -3.69535089 0.08624300
v 0.00036200 -3.69530702 0.08639300
v 0.03634300 -3.69535089 0.08624300
v -0.03561900 -3.69526291 0.08423900
v -0.06951700 -3.69528389 0.07239200
v 0.06975500 -3.69541502 0.07560200
v -0.10237800 -3.69528890 0.05682000
v -0.13127200 -3.69494796 0.03392100
v -0.15631600 -3.69494796 0.00736600
v 0.10316400 -3.69537592 0.05885000
v 0.13236900 -3.69494796 0.03392100
v 0.15741199 -3.69494796 0.00736600
v -0.17474499 -3.69667196 -0.02946400
v -0.18015100 -3.69494796 -0.07110600
v -0.17836200 -3.69942093 -0.08236800
v -0.17619900 -3.69762397 -0.11689300
v -0.16694300 -3.69576097 -0.14803100
v -0.14656299 -3.69606805 -0.18064000
v -0.11601000 -3.69604707 -0.20650899
v -0.06112800 -3.69596601 -0.24451301
v -0.09070800 -3.69676900 -0.22959100
v 0.03252300 -3.69696093 -0.25084499
v 0.00054800 -3.69494796 -0.25348899
v -0.03127800 -3.69644809 -0.25337899
v 0.00054800 -3.69494796 -0.25348899
v 0.06302400 -3.69587708 -0.24155700
v 0.09209900 -3.69700503 -0.22774599
v 0.11710600 -3.69604707 -0.20650899
v 0.14779299 -3.69607306 -0.18084399
v 0.16803899 -3.69576097 -0.14803100
v 0.17729500 -3.69762397 -0.11689300
v 0.17945801 -3.69942093 -0.08236800
v 0.18124700 -3.69494796 -0.07110600
v 0.17585300 -3.69666004 -0.02945600
v 0.16803899 -3.69576097 -0.14803100
v 0.14779299 -3.69607306 -0.18084399
v 0.11710600 -3.69604707 -0.20650899
v 0.09209900 -3.69700503 -0.22774599
v 0.06302400 -3.69587708 -0.24155700
v 0.03252300 -3.69696093 -0.25084499
v 0.00054800 -3.69494796 -0.25348899
v -0.03127800 -3.69644809 -0.25337899
v -0.06112800 -3.69596601 -0.24451301
v -0.09070800 -3.69676900 -0.22959100
v -0.11601000 -3.69604707 -0.20650899
v -0.14656299 -3.69606805 -0.18064000
v -0.16694300 -3.69576097 -0.14803100
v -0.17619900 -3.69762397 -0.11689300
v -0.17836200 -3.69942093 -0.08236800
v -0.17474499 -3.69667196 -0.02946400
v -0.18015100 -3.69494796 -0.07110600
v -0.15224300 3.67976093 0.28896999
v 0.13866900 4.62176180 0.26426101
v -0.14549901 4.60948610 0.26458299
v -0.13883799 4.62176180 0.26426101
v -0.42292500 1.40947497 -0.08658700
v -0.41479999 1.40947497 -0.16907901
v 0.39056900 1.40947497 -0.24840200
v 0.41463101 1.40947497 -0.16908000
v -0.39073899 1.40947497 -0.24840100
v 0.42275599 1.40947497 -0.08658800
v -0.35166401 1.40947497 -0.32150501
v 0.41463101 1.40947497 -0.00409500
v -0.29907799 1.40947497 -0.38558099
v 0.39056900 1.40947497 0.07522600
v -0.23500200 1.40947497 -0.43816701
v 0.35149500 1.40947497 0.14833000
v -0.16189900 1.40947497 -0.47724101
v -0.00008400 1.40947497 0.33625299
v -0.08257600 1.40947497 0.32812801
v 0.29890901 1.40947497 0.21240599
v -0.08257700 1.40947497 -0.50130397
v -0.16189800 1.40947497 0.30406699
v 0.23483300 1.40947497 0.26499200
v -0.00008500 1.40947497 -0.50942802
v -0.23500200 1.40947497 0.26499200
v 0.16173001 1.40947497 0.30406600
v -0.00008500 1.40947497 -0.50942802
v 0.08240800 1.40947497 -0.50130397
v -0.29907799 1.40947497 0.21240599
v 0.08240800 1.40947497 0.32812801
v 0.16173001 1.40947497 -0.47724199
v -0.35166299 1.40947497 0.14833000
v 0.23483300 1.40947497 -0.43816701
v -0.39073801 1.40947497 0.07522700
v 0.29890901 1.40947497 -0.38558099
v -0.41479999 1.40947497 -0.00409500
v 0.35149500 1.40947497 -0.32150501
vt 0.17197900 0.13556200
vt 0.18008099 0.13484800
vt 0.17386700 0.07923400
vt 0.16748500 0.07939202
vt 0.16537200 0.04683000
vt 0.16116700 0.04709399
vt 0.12839700 0.13921499
vt 0.12358700 0.13932902
vt 0.12102300 0.38723397
vt 0.12781499 0.38729697
vt 0.12605800 0.13498700
vt 0.11797600 0.13406903
vt 0.15344700 0.04647899
vt 0.15431100 0.03600299
vt 0.15027900 0.03475398
vt 0.15013701 0.04602802
vt 0.14681700 0.04639602
vt 0.14621601 0.03590101
vt 0.11389600 0.45731300
vt 0.12132500 0.45747900
vt 0.13427000 0.38738197
vt 0.09604400 0.68280900
vt 0.08477700 0.69681999
vt 0.08653600 0.70163301
vt 0.09763400 0.68651301
vt 0.15236899 0.64493299
vt 0.14273000 0.63390100
vt 0.14258300 0.64072299
vt 0.15105800 0.64727700
vt 0.15131199 0.38763398
vt 0.14585400 0.38759899
vt 0.14496399 0.45781499
vt 0.15613900 0.45791399
vt 0.15619899 0.13615102
vt 0.14901300 0.13565499
vt 0.14897200 0.13897401
vt 0.15514100 0.13970798
vt 0.14411500 0.07948703
vt 0.14971501 0.07969803
vt 0.14181800 0.13597000
vt 0.14901300 0.13565499
vt 0.17567900 0.67552400
vt 0.10917700 0.67450199
vt 0.14173099 0.71165499
vt 0.15711500 0.04683697
vt 0.13397300 0.64669099
vt 0.12316900 0.65771300
vt 0.16180199 0.65856600
vt 0.12605800 0.13498700
vt 0.13418300 0.13581002
vt 0.13820399 0.07924497
vt 0.13195799 0.07894701
vt 0.14314100 0.04666197
vt 0.13908400 0.04681802
vt 0.16953400 0.13973099
vt 0.16280800 0.13964403
vt 0.15744001 0.38767201
vt 0.16389599 0.38774902
vt 0.17197900 0.13556200
vt 0.16383500 0.13618201
vt 0.16859999 0.45807600
vt 0.17603500 0.45809299
vt 0.16962300 0.66348001
vt 0.16307500 0.65597901
vt 0.16803500 0.66631499
vt 0.13276801 0.64435801
vt 0.12196200 0.65510699
vt 0.14039700 0.38749802
vt 0.13379000 0.45763201
vt 0.14181800 0.13597000
vt 0.13418300 0.13581002
vt 0.13512300 0.13929701
vt 0.14278699 0.13955301
vt 0.15531901 0.07962698
vt 0.16123401 0.07953298
vt 0.15619899 0.13615102
vt 0.16383500 0.13618201
vt 0.18835700 0.68403399
vt 0.17734601 0.67245501
vt 0.18669300 0.68770301
vt 0.11681800 0.66533399
vt 0.11530200 0.66245800
vt 0.10749400 0.67141801
vt 0.09458800 0.45754701
vt 0.10264300 0.42213303
vt 0.08531700 0.45693499
vt 0.19527000 0.45878798
vt 0.20450300 0.45838898
vt 0.18817000 0.42314798
vt 0.14901300 0.13565499
vt 0.14181800 0.13597000
vt 0.16383500 0.13618201
vt 0.15619899 0.13615102
vt 0.17068700 0.38785702
vt 0.18453600 0.45822698
vt 0.18008099 0.13484800
vt 0.17197900 0.13556200
vt 0.17433999 0.13996601
vt 0.12558199 0.07862800
vt 0.13488699 0.04644799
vt 0.11797600 0.13406903
vt 0.10539800 0.45723599
vt 0.13418300 0.13581002
vt 0.12605800 0.13498700
vt 0.39943501 0.60407600
vt 0.41054499 0.60337901
vt 0.41019401 0.24757898
vt 0.39499599 0.24993300
vt 0.35761601 0.24562198
vt 0.33496001 0.24198598
vt 0.34513000 0.24797499
vt 0.36035499 0.25014299
vt 0.35501200 0.15666300
vt 0.34309900 0.15993899
vt 0.33496001 0.24198598
vt 0.35761601 0.24562198
vt 0.36370799 0.11420602
vt 0.35532799 0.11307597
vt 0.37677601 0.10225302
vt 0.37685001 0.11436498
vt 0.41908199 0.65519801
vt 0.41606399 0.66390100
vt 0.43227199 0.70555300
vt 0.37983400 0.60467499
vt 0.38009501 0.64701200
vt 0.38998899 0.11404598
vt 0.37712601 0.15970701
vt 0.39920101 0.15639400
vt 0.37762201 0.24121499
vt 0.39768001 0.24537802
vt 0.39768001 0.24537802
vt 0.37762201 0.24121499
vt 0.37764901 0.24574298
vt 0.36022601 0.60431701
vt 0.34910801 0.60375300
vt 0.42028999 0.24146700
vt 0.39768001 0.24537802
vt 0.41115299 0.15952498
vt 0.42028999 0.24146700
vt 0.39835399 0.11281401
vt 0.38246000 0.09723502
vt 0.37673599 0.09562498
vt 0.34433901 0.66434699
vt 0.37103200 0.09730399
vt 0.37762201 0.24121499
vt 0.35761601 0.24562198
vt 0.92016900 0.07337803
vt 0.90006900 0.07529098
vt 0.92241800 0.08831298
vt 0.90633601 0.45410401
vt 0.90631598 0.41691798
vt 0.84768200 0.41554201
vt 0.84771901 0.45310301
vt 0.77380198 0.41422600
vt 0.77481002 0.45049202
vt 0.71998399 0.41696602
vt 0.72165197 0.44914299
vt 0.70399201 0.42063898
vt 0.70602602 0.45232099
vt 0.67862600 0.45594698
vt 0.68024302 0.47325999
vt 0.66180402 0.47239000
vt 0.66281098 0.48414201
vt 0.63406998 0.48859799
vt 0.63486898 0.49675202
vt 0.60766000 0.50004101
vt 0.60869199 0.50570801
vt 0.56948203 0.51413399
vt 0.57041901 0.51848200
vt 0.54906100 0.51947799
vt 0.54942697 0.52394199
vt 0.53479898 0.52409399
vt 0.53521901 0.52895001
vt 0.51645499 0.52833000
vt 0.51807398 0.53262800
vt 0.53533000 0.53909400
vt 0.53534800 0.53589100
vt 0.51868200 0.53586000
vt 0.51848298 0.53736699
vt 0.51345098 0.53584900
vt 0.51848900 0.53435200
vt 0.54951400 0.54314801
vt 0.54953998 0.53953400
vt 0.54955602 0.53593099
vt 0.57060403 0.54182899
vt 0.57067400 0.53590000
vt 0.60878199 0.56014001
vt 0.57056999 0.54780999
vt 0.57040501 0.55335599
vt 0.60868698 0.56614399
vt 0.63464600 0.55183601
vt 0.63471299 0.53589600
vt 0.60890001 0.53590199
vt 0.60879099 0.54798999
vt 0.66243398 0.55748600
vt 0.66241598 0.53587899
vt 0.68034202 0.56163999
vt 0.68022102 0.53586099
vt 0.70654398 0.56742501
vt 0.70653099 0.53582001
vt 0.72248697 0.57080001
vt 0.72253501 0.53579500
vt 0.77631497 0.57102799
vt 0.77650601 0.53576601
vt 0.84841299 0.56911701
vt 0.84858501 0.53580901
vt 0.90666199 0.56655401
vt 0.90675497 0.53582901
vt 0.92567599 0.51956600
vt 0.90664899 0.50447300
vt 0.92544198 0.65532300
vt 0.92478502 0.63643101
vt 0.90635997 0.65529400
vt 0.84147203 0.21923101
vt 0.89708400 0.21940798
vt 0.89401901 0.19283903
vt 0.83873397 0.19265598
vt 0.78185099 0.21909600
vt 0.78256601 0.19247001
vt 0.72779602 0.21968299
vt 0.73029202 0.19230801
vt 0.70538002 0.21724498
vt 0.70923901 0.19221997
vt 0.65183598 0.21337402
vt 0.65244901 0.19202101
vt 0.60588801 0.20970100
vt 0.59808600 0.19188303
vt 0.57930797 0.20554101
vt 0.57010299 0.19183302
vt 0.56503999 0.20808297
vt 0.55275100 0.19959301
vt 0.55694902 0.21162403
vt 0.57315701 0.20342302
vt 0.57587600 0.21589500
vt 0.58827502 0.22113299
vt 0.56758797 0.19975698
vt 0.55161601 0.19177002
vt 0.53666300 0.20534098
vt 0.55708700 0.17198300
vt 0.53675699 0.17810500
vt 0.55278802 0.18395698
vt 0.59806299 0.14453399
vt 0.58746099 0.15379000
vt 0.58851302 0.16279000
vt 0.90636301 0.61805099
vt 0.84157401 0.16568798
vt 0.89718902 0.16574597
vt 0.78194898 0.16560400
vt 0.72793102 0.16485298
vt 0.70558202 0.16718501
vt 0.65206200 0.17046899
vt 0.60607100 0.17365700
vt 0.57929999 0.17788202
vt 0.49959901 0.19159198
vt 0.50507098 0.19161099
vt 0.50286603 0.18371999
vt 0.50281101 0.19948697
vt 0.52235198 0.19167203
vt 0.52183199 0.18023902
vt 0.52175200 0.20310098
vt 0.53684598 0.19172102
vt 0.56514400 0.17560101
vt 0.57316500 0.18002599
vt 0.56758898 0.18377399
vt 0.56946701 0.55770499
vt 0.54940999 0.54788399
vt 0.54903698 0.55235201
vt 0.53519201 0.54284000
vt 0.53475702 0.54769900
vt 0.51806200 0.53908801
vt 0.51642501 0.54337999
vt 0.53534800 0.53268701
vt 0.54952103 0.52867499
vt 0.57058197 0.52402601
vt 0.60878599 0.51170900
vt 0.63479799 0.50398400
vt 0.66268301 0.49270600
vt 0.68023801 0.48422700
vt 0.70623201 0.47266799
vt 0.72200900 0.46696800
vt 0.77520198 0.46512300
vt 0.84785700 0.46764201
vt 0.90646499 0.47201198
vt 0.92542601 0.61792400
vt 0.92553002 0.60153499
vt 0.84772801 0.61905599
vt 0.84767401 0.65663999
vt 0.77481198 0.62162301
vt 0.77375901 0.65789399
vt 0.72164500 0.62288699
vt 0.71992499 0.65507200
vt 0.70602000 0.61968100
vt 0.70393199 0.65137199
vt 0.68026698 0.59868300
vt 0.67861801 0.61600301
vt 0.66283703 0.58776000
vt 0.66181201 0.59952101
vt 0.63487601 0.57511199
vt 0.63407099 0.58327299
vt 0.60765201 0.57181200
vt 0.90649301 0.60013700
vt 0.84786999 0.60451901
vt 0.77522200 0.60699600
vt 0.72203499 0.60505700
vt 0.70625901 0.59933099
vt 0.68028402 0.58770800
vt 0.66272098 0.57918400
vt 0.63480699 0.56787500
vt 0.84840298 0.50184900
vt 0.77625197 0.49995798
vt 0.72230101 0.50034201
vt 0.70633298 0.50387600
vt 0.68017799 0.50990799
vt 0.66235501 0.51419699
vt 0.63462698 0.51992300
vt 0.60878700 0.52378699
vt 0.57060999 0.52994499
vt 0.92557198 0.50347099
vt 0.92557198 0.58432499
vt 0.61474800 0.15522403
vt 0.62322599 0.13344699
vt 0.65220100 0.14880300
vt 0.65391600 0.12581903
vt 0.70322597 0.14337999
vt 0.70135599 0.12393099
vt 0.72539198 0.24570000
vt 0.70285797 0.24118000
vt 0.70086998 0.26063699
vt 0.72245300 0.26692802
vt 0.72573900 0.13900203
vt 0.72296101 0.11778599
vt 0.77840298 0.11093700
vt 0.78077102 0.13909000
vt 0.84403402 0.13838899
vt 0.84548002 0.10702199
vt 0.89994299 0.13785499
vt 0.90174001 0.10418802
vt 0.92556399 0.56756201
vt 0.59768099 0.23943597
vt 0.62277102 0.25068200
vt 0.61442798 0.22885501
vt 0.65341997 0.25848800
vt 0.65183401 0.23549998
vt 0.78046000 0.24610800
vt 0.77786601 0.27422798
vt 0.70120198 0.27997702
vt 0.72042400 0.28601402
vt 0.84490699 0.27867699
vt 0.84370500 0.24730498
vt 0.90113902 0.28193998
vt 0.89960098 0.24826199
vt 0.92534399 0.45422101
vt 0.56643802 0.21389300
vt 0.58133000 0.22698301
vt 0.58161002 0.15686899
vt 0.56659698 0.16980898
vt 0.57604700 0.16790301
vt 0.56293899 0.16852701
vt 0.58715302 0.23010898
vt 0.56130099 0.18798000
vt 0.56131500 0.19556701
vt 0.56049597 0.19177097
vt 0.59631199 0.50125900
vt 0.60766000 0.50004101
vt 0.60665202 0.49705702
vt 0.59630001 0.57058999
vt 0.60664302 0.57479700
vt 0.60765201 0.57181200
vt 0.58855402 0.23675299
vt 0.60600197 0.25270301
vt 0.56276602 0.21513897
vt 0.57985198 0.22992599
vt 0.92554897 0.47061002
vt 0.84406298 0.30454803
vt 0.89925200 0.31082302
vt 0.77570301 0.29674798
vt 0.72106999 0.09869498
vt 0.70180702 0.10460103
vt 0.65646201 0.27829897
vt 0.63184500 0.27163202
vt 0.58015901 0.15391302
vt 0.92556900 0.48715502
vt 0.84483600 0.08114499
vt 0.77642101 0.08840299
vt 0.65706903 0.10602999
vt 0.63242501 0.11255503
vt 0.60647398 0.13132101
vt 0.58891302 0.14715397
vt 0.63406998 0.48859799
vt 0.66180402 0.47239000
vt 0.65657902 0.47065502
vt 0.62882900 0.48667997
vt 0.67862600 0.45594698
vt 0.67398399 0.45231301
vt 0.70399201 0.42063898
vt 0.69875300 0.41630900
vt 0.71998399 0.41696602
vt 0.71770900 0.41101700
vt 0.77380198 0.41422600
vt 0.77361399 0.40876597
vt 0.84768200 0.41554201
vt 0.84486598 0.41000402
vt 0.90631598 0.41691798
vt 0.90241098 0.41178602
vt 0.92537302 0.41689801
vt 0.92335999 0.41176599
vt 0.56948203 0.51413399
vt 0.57538700 0.51056299
vt 0.63407099 0.58327299
vt 0.62882501 0.58518800
vt 0.65658200 0.60125199
vt 0.66181201 0.59952101
vt 0.67396700 0.61963099
vt 0.67861801 0.61600301
vt 0.69868398 0.65569401
vt 0.70393199 0.65137199
vt 0.71763903 0.66102001
vt 0.71992499 0.65507200
vt 0.77356499 0.66335499
vt 0.77375901 0.65789399
vt 0.84485102 0.66218001
vt 0.84767401 0.65663999
vt 0.90244800 0.66043001
vt 0.90635997 0.65529400
vt 0.92342401 0.66046101
vt 0.92544198 0.65532300
vt 0.56946701 0.55770499
vt 0.57537198 0.56127900
vt 0.04178900 0.87147200
vt 0.04864300 0.87169400
vt 0.04883100 0.86570300
vt 0.04196800 0.86552601
vt 0.04225600 0.84167600
vt 0.04909400 0.84162900
vt 0.04901100 0.83561300
vt 0.04216500 0.83572599
vt 0.03619900 0.76588200
vt 0.04291000 0.76402900
vt 0.04128000 0.75776701
vt 0.03432400 0.76021799
vt 0.04157800 0.87741400
vt 0.04842000 0.87766900
vt 0.04222000 0.84763300
vt 0.04910600 0.84765300
vt 0.03757600 0.77150600
vt 0.04420200 0.77011000
vt 0.04133400 0.88334200
vt 0.04816600 0.88362200
vt 0.03859600 0.77716701
vt 0.04521900 0.77610300
vt 0.04110500 0.88924300
vt 0.04789200 0.88954800
vt 0.03939400 0.78287300
vt 0.04602200 0.78205600
vt 0.04087300 0.89508700
vt 0.04759000 0.89545100
vt 0.03996400 0.78864101
vt 0.04664700 0.78800000
vt 0.04056400 0.90089600
vt 0.04722300 0.90134500
vt 0.04043400 0.79442701
vt 0.04714300 0.79392301
vt 0.04015000 0.90664600
vt 0.04676200 0.90722300
vt 0.04079300 0.80025500
vt 0.04754100 0.79984900
vt 0.03965000 0.91236700
vt 0.04617900 0.91309500
vt 0.04106600 0.80610700
vt 0.04786900 0.80577300
vt 0.03893300 0.91799900
vt 0.04542300 0.91895800
vt 0.04133000 0.81200901
vt 0.04816200 0.81170700
vt 0.03799700 0.92356200
vt 0.04445700 0.92483200
vt 0.04160400 0.81793199
vt 0.04843400 0.81765699
vt 0.03670000 0.92906700
vt 0.04321100 0.93077800
vt 0.04221900 0.85359900
vt 0.04907200 0.85367100
vt 0.04184200 0.82385901
vt 0.04867400 0.82362600
vt 0.03490900 0.93457700
vt 0.04160200 0.93688800
vt 0.04211000 0.85956401
vt 0.04897700 0.85969400
vt 0.04203200 0.82978500
vt 0.04886900 0.82961001
vt 0.03245900 0.94012500
vt 0.03952600 0.94339100
vt 0.03929900 0.75120100
vt 0.03169900 0.75437801
vt 0.04816200 0.81170700
vt 0.20195900 0.80486700
vt 0.20175800 0.79770701
vt 0.04786900 0.80577300
vt 0.04445700 0.92483200
vt 0.19926199 0.94070700
vt 0.19972800 0.93351600
vt 0.04542300 0.91895800
vt 0.04843400 0.81765699
vt 0.20212600 0.81201901
vt 0.04321100 0.93077800
vt 0.19873200 0.94788700
vt 0.04907200 0.85367100
vt 0.20241199 0.85483401
vt 0.20245001 0.84770399
vt 0.04910600 0.84765300
vt 0.04867400 0.82362600
vt 0.20225900 0.81916501
vt 0.04160200 0.93688800
vt 0.19809300 0.95502500
vt 0.04897700 0.85969400
vt 0.20234001 0.86196400
vt 0.04886900 0.82961001
vt 0.20235801 0.82630500
vt 0.03952600 0.94339100
vt 0.19720200 0.96205200
vt 0.04883100 0.86570300
vt 0.20223400 0.86909500
vt 0.04901100 0.83561300
vt 0.20242301 0.83344100
vt 0.04128000 0.75776701
vt 0.19858199 0.74005100
vt 0.19769099 0.73297599
vt 0.03929900 0.75120100
vt 0.04864300 0.87169400
vt 0.20209301 0.87622900
vt 0.04909400 0.84162900
vt 0.20245400 0.84057300
vt 0.04291000 0.76402900
vt 0.19924200 0.74727699
vt 0.04842000 0.87766900
vt 0.20191801 0.88336600
vt 0.04420200 0.77011000
vt 0.19976600 0.75451399
vt 0.04816600 0.88362200
vt 0.20170900 0.89050800
vt 0.04521900 0.77610300
vt 0.20021001 0.76174501
vt 0.04789200 0.88954800
vt 0.20146701 0.89765700
vt 0.04602200 0.78205600
vt 0.20060000 0.76896299
vt 0.04759000 0.89545100
vt 0.20118900 0.90481200
vt 0.04664700 0.78800000
vt 0.20094500 0.77616701
vt 0.04722300 0.90134500
vt 0.20087799 0.91197500
vt 0.04714300 0.79392301
vt 0.20125200 0.78335799
vt 0.04676200 0.90722300
vt 0.20053200 0.91914700
vt 0.04754100 0.79984900
vt 0.20152199 0.79053800
vt 0.04617900 0.91309500
vt 0.20014900 0.92632700
vt 0.20234001 0.86196400
vt 0.20973700 0.86210001
vt 0.20980801 0.85493501
vt 0.20241199 0.85483401
vt 0.20235801 0.82630500
vt 0.20976301 0.82626700
vt 0.20967001 0.81909201
vt 0.20225900 0.81916501
vt 0.19720200 0.96205200
vt 0.20467700 0.96358500
vt 0.20555501 0.95593200
vt 0.19809300 0.95502500
vt 0.20223400 0.86909500
vt 0.20963199 0.86926600
vt 0.20242301 0.83344100
vt 0.20982400 0.83343700
vt 0.19858199 0.74005100
vt 0.20629101 0.73922700
vt 0.20551699 0.73153901
vt 0.19769099 0.73297599
vt 0.20209301 0.87622900
vt 0.20949399 0.87643500
vt 0.20245400 0.84057300
vt 0.20985200 0.84060501
vt 0.19924200 0.74727699
vt 0.20685600 0.74669701
vt 0.20191801 0.88336600
vt 0.20932400 0.88360700
vt 0.20245001 0.84770399
vt 0.20984700 0.84777001
vt 0.19976600 0.75451399
vt 0.20732200 0.75406000
vt 0.20170900 0.89050800
vt 0.20912001 0.89078400
vt 0.20021001 0.76174501
vt 0.20773000 0.76136400
vt 0.20146701 0.89765700
vt 0.20888300 0.89796700
vt 0.20060000 0.76896299
vt 0.20809300 0.76863401
vt 0.20118900 0.90481200
vt 0.20861401 0.90515700
vt 0.20094500 0.77616701
vt 0.20841900 0.77588101
vt 0.20087799 0.91197500
vt 0.20831101 0.91235600
vt 0.20125200 0.78335799
vt 0.20871000 0.78310999
vt 0.20053200 0.91914700
vt 0.20797400 0.91956500
vt 0.20152199 0.79053800
vt 0.20896800 0.79032600
vt 0.20014900 0.92632700
vt 0.20760100 0.92678600
vt 0.20175800 0.79770701
vt 0.20919199 0.79753000
vt 0.19972800 0.93351600
vt 0.20718800 0.93402300
vt 0.20195900 0.80486700
vt 0.20938399 0.80472501
vt 0.19926199 0.94070700
vt 0.20672700 0.94128100
vt 0.20212600 0.81201901
vt 0.20954300 0.81191200
vt 0.19873200 0.94788700
vt 0.20619801 0.94857300
vt 0.20932400 0.88360700
vt 0.57878798 0.88826900
vt 0.57887900 0.88051800
vt 0.20949399 0.87643500
vt 0.20984700 0.84777001
vt 0.57914400 0.84951501
vt 0.57918602 0.84176300
vt 0.20985200 0.84060501
vt 0.20732200 0.75406000
vt 0.57886499 0.74851599
vt 0.57870799 0.74072501
vt 0.20685600 0.74669701
vt 0.20912001 0.89078400
vt 0.57868701 0.89602100
vt 0.20773000 0.76136400
vt 0.57897300 0.75630701
vt 0.20888300 0.89796700
vt 0.57857603 0.90377400
vt 0.20809300 0.76863401
vt 0.57905602 0.76409400
vt 0.20861401 0.90515700
vt 0.57845300 0.91152800
vt 0.20841900 0.77588101
vt 0.57912201 0.77187701
vt 0.20831101 0.91235600
vt 0.57831901 0.91928400
vt 0.20871000 0.78310999
vt 0.57917398 0.77965599
vt 0.20797400 0.91956500
vt 0.57817298 0.92704100
vt 0.20896800 0.79032600
vt 0.57921302 0.78743100
vt 0.20760100 0.92678600
vt 0.57801199 0.93479900
vt 0.20919199 0.79753000
vt 0.57924002 0.79520200
vt 0.20718800 0.93402300
vt 0.57783699 0.94255600
vt 0.20938399 0.80472501
vt 0.57925701 0.80297001
vt 0.20672700 0.94128100
vt 0.57764202 0.95030500
vt 0.20954300 0.81191200
vt 0.57926202 0.81073400
vt 0.20619801 0.94857300
vt 0.57741499 0.95802700
vt 0.20980801 0.85493501
vt 0.57909203 0.85726701
vt 0.20967001 0.81909201
vt 0.57925802 0.81849501
vt 0.20555501 0.95593200
vt 0.57711297 0.96566900
vt 0.20973700 0.86210001
vt 0.57902998 0.86501700
vt 0.20976301 0.82626700
vt 0.57924402 0.82625300
vt 0.20467700 0.96358500
vt 0.57655501 0.97311700
vt 0.20963199 0.86926600
vt 0.57895899 0.87276800
vt 0.20982400 0.83343700
vt 0.57922000 0.83400901
vt 0.20629101 0.73922700
vt 0.57843399 0.73294899
vt 0.57788801 0.72538301
vt 0.20551699 0.73153901
vt 0.57845300 0.91152800
vt 0.58341098 0.91164300
vt 0.58353299 0.90388100
vt 0.57857603 0.90377400
vt 0.57912201 0.77187701
vt 0.58409798 0.77187499
vt 0.58403599 0.76408200
vt 0.57905602 0.76409400
vt 0.57831901 0.91928400
vt 0.58327800 0.91940600
vt 0.57917398 0.77965599
vt 0.58414602 0.77966200
vt 0.57817298 0.92704100
vt 0.58313203 0.92717200
vt 0.57921302 0.78743100
vt 0.58418298 0.78744499
vt 0.57801199 0.93479900
vt 0.58297199 0.93494000
vt 0.57924002 0.79520200
vt 0.58420700 0.79522300
vt 0.57783699 0.94255600
vt 0.58279401 0.94271000
vt 0.57925701 0.80297001
vt 0.58422101 0.80299699
vt 0.57764202 0.95030500
vt 0.58258998 0.95048200
vt 0.57926202 0.81073400
vt 0.58422500 0.81076699
vt 0.57741499 0.95802700
vt 0.58233303 0.95825700
vt 0.57909203 0.85726701
vt 0.58404601 0.85733600
vt 0.58409899 0.84957901
vt 0.57914400 0.84951501
vt 0.57925802 0.81849501
vt 0.58421803 0.81853500
vt 0.57711297 0.96566900
vt 0.58194798 0.96604200
vt 0.57902998 0.86501700
vt 0.58398402 0.86509299
vt 0.57924402 0.82625300
vt 0.58420199 0.82629900
vt 0.57655501 0.97311700
vt 0.58127099 0.97396300
vt 0.57895899 0.87276800
vt 0.58391303 0.87284900
vt 0.57922000 0.83400901
vt 0.58417702 0.83406100
vt 0.57843399 0.73294899
vt 0.58349800 0.73268199
vt 0.58295101 0.72453600
vt 0.57788801 0.72538301
vt 0.57887900 0.88051800
vt 0.58383298 0.88060600
vt 0.57918602 0.84176300
vt 0.58414203 0.84182100
vt 0.57870799 0.74072501
vt 0.58372498 0.74061900
vt 0.57878798 0.88826900
vt 0.58374298 0.88836300
vt 0.57886499 0.74851599
vt 0.58386099 0.74846601
vt 0.57868701 0.89602100
vt 0.58364302 0.89612200
vt 0.57897300 0.75630701
vt 0.58395898 0.75628100
vt 0.63788301 0.93595800
vt 0.69279402 0.93697600
vt 0.69277000 0.92900900
vt 0.63795102 0.92809100
vt 0.63894099 0.79526100
vt 0.69367498 0.79530001
vt 0.69382399 0.78738900
vt 0.63900298 0.78741699
vt 0.63780802 0.94384000
vt 0.69282198 0.94496900
vt 0.63887799 0.80309400
vt 0.69353497 0.80319200
vt 0.63771999 0.95173800
vt 0.69284999 0.95299300
vt 0.63881499 0.81091800
vt 0.69340497 0.81106800
vt 0.63760501 0.95965400
vt 0.69287699 0.96105100
vt 0.63845599 0.85772499
vt 0.69286603 0.85811400
vt 0.69292599 0.85028601
vt 0.63851202 0.84993200
vt 0.63875198 0.81873301
vt 0.69328600 0.81893200
vt 0.63742501 0.96759400
vt 0.69290203 0.96914500
vt 0.63840097 0.86552000
vt 0.69281799 0.86594801
vt 0.63868999 0.82654200
vt 0.69317800 0.82678500
vt 0.63709599 0.97562000
vt 0.69292098 0.97727600
vt 0.63834703 0.87331900
vt 0.69278097 0.87378900
vt 0.63862902 0.83434200
vt 0.69308102 0.83462401
vt 0.63926798 0.73197499
vt 0.69503701 0.73126799
vt 0.69520998 0.72322899
vt 0.63907999 0.72388300
vt 0.63829303 0.88112200
vt 0.69275302 0.88163800
vt 0.63857001 0.84213801
vt 0.69299698 0.84245600
vt 0.63928998 0.74000299
vt 0.69485599 0.73938701
vt 0.63823903 0.88892900
vt 0.69273502 0.88949600
vt 0.63926703 0.74796700
vt 0.69467402 0.74746701
vt 0.63818502 0.89674300
vt 0.69272703 0.89736500
vt 0.63922697 0.75589600
vt 0.69449401 0.75551100
vt 0.63813001 0.90456500
vt 0.69272703 0.90524800
vt 0.63917702 0.76380201
vt 0.69431800 0.76352200
vt 0.63807303 0.91239600
vt 0.69273502 0.91314900
vt 0.63912201 0.77168900
vt 0.69414598 0.77150300
vt 0.63801402 0.92023700
vt 0.69274902 0.92106800
vt 0.63906401 0.77956000
vt 0.69398099 0.77945800
vt 0.77524501 0.95869500
vt 0.77476698 0.95080900
vt 0.77219099 0.85859500
vt 0.77220899 0.85101300
vt 0.77282602 0.82062501
vt 0.77308202 0.81301300
vt 0.77576399 0.96662800
vt 0.77222902 0.86620800
vt 0.77261400 0.82823700
vt 0.77632099 0.97453200
vt 0.77226299 0.87374300
vt 0.77244103 0.83579700
vt 0.77799600 0.73544601
vt 0.77872598 0.72747400
vt 0.77232802 0.88135600
vt 0.77228397 0.84342401
vt 0.77731001 0.74337000
vt 0.77243400 0.88898100
vt 0.77666903 0.75124800
vt 0.77258098 0.89662000
vt 0.77607000 0.75908400
vt 0.77276897 0.90427700
vt 0.77551502 0.76687901
vt 0.77299899 0.91195700
vt 0.77500200 0.77463900
vt 0.77327102 0.91966200
vt 0.77453297 0.78236599
vt 0.77358299 0.92739700
vt 0.77410698 0.79006299
vt 0.77393699 0.93516400
vt 0.77372301 0.79773501
vt 0.77433097 0.94296600
vt 0.77338099 0.80538400
vt 0.89120603 0.75045900
vt 0.89268899 0.74330100
vt 0.88077903 0.87881200
vt 0.88047898 0.87224901
vt 0.78045100 0.85098200
vt 0.78471398 0.86062700
vt 0.88981003 0.75752001
vt 0.88104898 0.88538400
vt 0.34143701 0.65564099
vt 0.88849598 0.76450600
vt 0.88143402 0.89200800
vt 0.88727200 0.77142499
vt 0.88184798 0.89873000
vt 0.88614500 0.77829000
vt 0.88244998 0.90549100
vt 0.88511300 0.78511100
vt 0.88315099 0.91227000
vt 0.88417101 0.79190201
vt 0.88394701 0.91906900
vt 0.88331199 0.79869200
vt 0.88482702 0.92588500
vt 0.88268101 0.80540900
vt 0.88573098 0.93281500
vt 0.88199401 0.81204900
vt 0.88682401 0.93980400
vt 0.88140601 0.81871100
vt 0.88800699 0.94684700
vt 0.17020901 0.70829901
vt 0.88088900 0.82537299
vt 0.88925302 0.95397300
vt 0.88018203 0.84587000
vt 0.88440800 0.84589000
vt 0.88446897 0.83925299
vt 0.88021201 0.83979300
vt 0.88039702 0.83203800
vt 0.89062297 0.96125700
vt 0.88476098 0.83238900
vt 0.88039702 0.83203800
vt 0.78473300 0.84146300
vt 0.88727200 0.77142499
vt 0.89167601 0.77222900
vt 0.89293998 0.76537500
vt 0.88849598 0.76450600
vt 0.88184798 0.89873000
vt 0.88611901 0.89842300
vt 0.88573700 0.89176500
vt 0.88143402 0.89200800
vt 0.88614500 0.77829000
vt 0.89051700 0.77902800
vt 0.88244998 0.90549100
vt 0.88678098 0.90510600
vt 0.88511300 0.78511100
vt 0.88946599 0.78578401
vt 0.88315099 0.91227000
vt 0.88749897 0.91182200
vt 0.88417101 0.79190201
vt 0.88852400 0.79250900
vt 0.88394701 0.91906900
vt 0.88831198 0.91855800
vt 0.88331199 0.79869200
vt 0.88772202 0.79920600
vt 0.88482702 0.92588500
vt 0.88926601 0.92532300
vt 0.88268101 0.80540900
vt 0.88686103 0.80585299
vt 0.88573098 0.93281500
vt 0.89014399 0.93219000
vt 0.88199401 0.81204900
vt 0.88624299 0.81248000
vt 0.88682401 0.93980400
vt 0.89132202 0.93909400
vt 0.88140601 0.81871100
vt 0.88567501 0.81909400
vt 0.88800699 0.94684700
vt 0.89256799 0.94607500
vt 0.88018501 0.85898800
vt 0.88450199 0.85896200
vt 0.88442200 0.85243200
vt 0.88018399 0.85241300
vt 0.88088900 0.82537299
vt 0.88518101 0.82572000
vt 0.88925302 0.95397300
vt 0.89392698 0.95311600
vt 0.88035703 0.86506200
vt 0.87922198 0.86563200
vt 0.79566598 0.86573100
vt 0.89062297 0.96125700
vt 0.89529401 0.96004700
vt 0.11326400 0.70739201
vt 0.89120603 0.75045900
vt 0.89571202 0.75143500
vt 0.89710701 0.74450099
vt 0.89268899 0.74330100
vt 0.88077903 0.87881200
vt 0.88487399 0.87863200
vt 0.88467801 0.87208000
vt 0.88047898 0.87224901
vt 0.79585898 0.83679600
vt 0.87886202 0.83895700
vt 0.88021201 0.83979300
vt 0.88981003 0.75752001
vt 0.89430201 0.75844800
vt 0.88104898 0.88538400
vt 0.88526398 0.88518400
vt 0.89307302 0.79316100
vt 0.89403403 0.78650799
vt 0.89287102 0.91800800
vt 0.89206702 0.91133600
vt 0.89221400 0.79979300
vt 0.89374799 0.92468300
vt 0.89139402 0.80638701
vt 0.89493001 0.93141300
vt 0.89073402 0.81293200
vt 0.89607000 0.93830000
vt 0.89017099 0.81949000
vt 0.89734000 0.94522400
vt 0.88892102 0.85895900
vt 0.88887399 0.85245600
vt 0.88969803 0.82606401
vt 0.89872098 0.95224600
vt 0.88451600 0.86551400
vt 0.88897800 0.86547700
vt 0.88931799 0.83268200
vt 0.90017402 0.95950300
vt 0.88912398 0.87197900
vt 0.88902998 0.83938500
vt 0.90062797 0.75248601
vt 0.90226299 0.74516401
vt 0.88934499 0.87847000
vt 0.88889802 0.84595101
vt 0.89905202 0.75947399
vt 0.88969398 0.88495600
vt 0.89761198 0.76632901
vt 0.89009202 0.89145300
vt 0.89630002 0.77310599
vt 0.89076102 0.89801100
vt 0.89510900 0.77982700
vt 0.89135998 0.90467800
vt 0.89073402 0.81293200
vt 0.93900299 0.81820400
vt 0.93964702 0.81249900
vt 0.89139402 0.80638701
vt 0.89607000 0.93830000
vt 0.94494802 0.92676300
vt 0.94368100 0.92111500
vt 0.89493001 0.93141300
vt 0.89017099 0.81949000
vt 0.93845803 0.82392199
vt 0.89734000 0.94522400
vt 0.94635302 0.93239600
vt 0.88892102 0.85895900
vt 0.93716300 0.85835500
vt 0.93715101 0.85261901
vt 0.88887399 0.85245600
vt 0.88969803 0.82606401
vt 0.93800998 0.82965200
vt 0.89872098 0.95224600
vt 0.94790399 0.93801100
vt 0.88897800 0.86547700
vt 0.93726403 0.86408700
vt 0.88931799 0.83268200
vt 0.93765700 0.83539100
vt 0.90017402 0.95950300
vt 0.94961500 0.94360400
vt 0.88912398 0.87197900
vt 0.93745500 0.86981501
vt 0.88902998 0.83938500
vt 0.93739599 0.84113500
vt 0.90062797 0.75248601
vt 0.94900203 0.76751100
vt 0.95077997 0.76213700
vt 0.90226299 0.74516401
vt 0.88934499 0.87847000
vt 0.93773800 0.87554000
vt 0.88889802 0.84595101
vt 0.93722802 0.84687801
vt 0.89905202 0.75947399
vt 0.94735700 0.77305600
vt 0.88969398 0.88495600
vt 0.93811601 0.88126000
vt 0.89761198 0.76632901
vt 0.94586700 0.77862699
vt 0.89009202 0.89145300
vt 0.93859100 0.88697600
vt 0.89630002 0.77310599
vt 0.94452000 0.78422201
vt 0.89076102 0.89801100
vt 0.93916798 0.89268900
vt 0.89510900 0.77982700
vt 0.94330603 0.78983900
vt 0.89135998 0.90467800
vt 0.93984699 0.89839100
vt 0.89403403 0.78650799
vt 0.94221902 0.79547800
vt 0.89206702 0.91133600
vt 0.94063199 0.90408600
vt 0.89307302 0.79316100
vt 0.94125098 0.80113600
vt 0.89287102 0.91800800
vt 0.94152898 0.90977200
vt 0.89221400 0.79979300
vt 0.94039500 0.80681001
vt 0.89374799 0.92468300
vt 0.94254303 0.91544800
vt 0.93726403 0.86408700
vt 0.95164198 0.86246599
vt 0.95158899 0.85946900
vt 0.93716300 0.85835500
vt 0.93765700 0.83539100
vt 0.95216101 0.83491001
vt 0.95234603 0.83191000
vt 0.93800998 0.82965200
vt 0.94961500 0.94360400
vt 0.96326101 0.93797200
vt 0.96236598 0.93504800
vt 0.94790399 0.93801100
vt 0.93745500 0.86981501
vt 0.95180303 0.86796901
vt 0.95170301 0.86497401
vt 0.93739599 0.84113500
vt 0.95189202 0.84041999
vt 0.95202798 0.83741599
vt 0.94900203 0.76751100
vt 0.96293002 0.77069700
vt 0.96385998 0.76788700
vt 0.95077997 0.76213700
vt 0.93773800 0.87554000
vt 0.95205402 0.87346300
vt 0.95190603 0.87047000
vt 0.93722802 0.84687801
vt 0.95169997 0.84593000
vt 0.95178699 0.84292699
vt 0.94735700 0.77305600
vt 0.96168202 0.77586700
vt 0.96254200 0.77296899
vt 0.93811601 0.88126000
vt 0.95240003 0.87894600
vt 0.95220202 0.87595500
vt 0.93715101 0.85261901
vt 0.95159298 0.85144299
vt 0.95163399 0.84844200
vt 0.94586700 0.77862699
vt 0.96021903 0.78104199
vt 0.96099800 0.77812999
vt 0.93859100 0.88697600
vt 0.95283997 0.88441800
vt 0.95259100 0.88143000
vt 0.94452000 0.78422201
vt 0.95889902 0.78627101
vt 0.95960402 0.78334600
vt 0.93916798 0.89268900
vt 0.95338500 0.88987800
vt 0.95308399 0.88689100
vt 0.94330603 0.78983900
vt 0.95771098 0.79154700
vt 0.95834601 0.78861000
vt 0.93984699 0.89839100
vt 0.95401299 0.89532500
vt 0.95365798 0.89234400
vt 0.94221902 0.79547800
vt 0.95664603 0.79686500
vt 0.95721501 0.79391700
vt 0.94063199 0.90408600
vt 0.95475501 0.90075300
vt 0.95434397 0.89777600
vt 0.94125098 0.80113600
vt 0.95569700 0.80221900
vt 0.95620400 0.79926100
vt 0.94152898 0.90977200
vt 0.95560199 0.90616200
vt 0.95513302 0.90318900
vt 0.94039500 0.80681001
vt 0.95485699 0.80760600
vt 0.95530403 0.80463900
vt 0.94254303 0.91544800
vt 0.95656300 0.91154600
vt 0.95603198 0.90857900
vt 0.93964702 0.81249900
vt 0.95411998 0.81302100
vt 0.95451099 0.81004700
vt 0.94368100 0.92111500
vt 0.95764703 0.91690300
vt 0.95705199 0.91394100
vt 0.93900299 0.81820400
vt 0.95349097 0.81846200
vt 0.95382798 0.81547900
vt 0.94494802 0.92676300
vt 0.95883799 0.92223200
vt 0.95817602 0.91927900
vt 0.93845803 0.82392199
vt 0.95295602 0.82392600
vt 0.95324099 0.82093699
vt 0.94635302 0.93239600
vt 0.96017200 0.92752300
vt 0.95943803 0.92457800
vt 0.95157403 0.85695601
vt 0.95156801 0.85395700
vt 0.95251399 0.82941000
vt 0.95274800 0.82641400
vt 0.96164203 0.93277200
vt 0.96083099 0.92983700
vt 0.96941400 0.81351900
vt 0.97238803 0.91240100
vt 0.96879900 0.81868100
vt 0.97349799 0.91739200
vt 0.96827400 0.82387701
vt 0.97475499 0.92232200
vt 0.96679503 0.85542400
vt 0.96783799 0.82910100
vt 0.97613800 0.92718700
vt 0.96682698 0.86070000
vt 0.96748501 0.83434799
vt 0.97765797 0.93197000
vt 0.96695602 0.86596400
vt 0.96720499 0.83961000
vt 0.97765797 0.77401100
vt 0.96717203 0.87121500
vt 0.96698701 0.84487399
vt 0.97682798 0.77878501
vt 0.96748298 0.87644700
vt 0.96684903 0.85014699
vt 0.97539300 0.78354099
vt 0.96788502 0.88166200
vt 0.97410101 0.78838301
vt 0.96839601 0.88685600
vt 0.97293800 0.79329801
vt 0.96896899 0.89203200
vt 0.97189599 0.79827601
vt 0.96966398 0.89718000
vt 0.97096598 0.80331001
vt 0.97045797 0.90229500
vt 0.97013998 0.80839300
vt 0.97136098 0.90737100
vt 0.92561102 0.53572401
vt 0.92568201 0.55184999
vt 0.03150000 0.84764101
vt 0.03170800 0.85376100
vt 0.03144900 0.84151500
vt 0.03138700 0.83535600
vt 0.03178000 0.85975599
vt 0.03175600 0.82923400
vt 0.03190700 0.82304899
vt 0.03231000 0.81698801
vt 0.03202000 0.86605300
vt 0.03199900 0.87250000
vt 0.03245500 0.87853400
vt 0.03217600 0.81007600
vt 0.03162600 0.80308799
vt 0.03105700 0.80132300
vt 0.03085400 0.79575300
vt 0.03041200 0.79054800
vt 0.02928000 0.78446600
vt 0.02777800 0.77831100
vt 0.02622800 0.76840100
vt 0.02733400 0.77314900
vt 0.02546600 0.93044300
vt 0.02341600 0.93433200
vt 0.02475300 0.76416700
vt 0.02234200 0.76030999
vt 0.02688300 0.92623600
vt 0.02795500 0.92176300
vt 0.02845200 0.91694400
vt 0.02984300 0.91087800
vt 0.03083800 0.90482100
vt 0.03121200 0.89965500
vt 0.03135200 0.89412100
vt 0.03190400 0.89236300
vt 0.03238500 0.88541200
vt 0.92450398 0.10234302
vt 0.92590302 0.11910999
vt 0.92709798 0.13653398
vt 0.92762500 0.15087003
vt 0.92869300 0.16490698
vt 0.92865002 0.17886299
vt 0.92959398 0.19287997
vt 0.92888403 0.20678401
vt 0.92860103 0.22040498
vt 0.92755598 0.23485601
vt 0.92674702 0.24980998
vt 0.92540401 0.26723701
vt 0.92388803 0.28395098
vt 0.92169899 0.29796600
vt 0.91933900 0.31288499
vt 0.92470300 0.43575698
vt 0.92537302 0.41689801
vt 0.32919499 0.70614001
vt 0.88035703 0.86506200
vt 0.19917201 0.69843900
vt 0.19729400 0.70323101
vt 0.58418298 0.78744499
vt 0.58414602 0.77966200
vt 0.58313203 0.92717200
vt 0.58327800 0.91940600
vt 0.58409798 0.77187499
vt 0.58341098 0.91164300
vt 0.58403599 0.76408200
vt 0.58353299 0.90388100
vt 0.58395898 0.75628100
vt 0.58364302 0.89612200
vt 0.58386099 0.74846601
vt 0.58374298 0.88836300
vt 0.58372498 0.74061900
vt 0.58409899 0.84957901
vt 0.58414203 0.84182100
vt 0.58383298 0.88060600
vt 0.58349800 0.73268199
vt 0.58417702 0.83406100
vt 0.58391303 0.87284900
vt 0.58295101 0.72453600
vt 0.58420199 0.82629900
vt 0.58398402 0.86509299
vt 0.58127099 0.97396300
vt 0.58194798 0.96604200
vt 0.58421803 0.81853500
vt 0.58404601 0.85733600
vt 0.58233303 0.95825700
vt 0.58422500 0.81076699
vt 0.58258998 0.95048200
vt 0.58422101 0.80299699
vt 0.58279401 0.94271000
vt 0.58420700 0.79522300
vt 0.58297199 0.93494000
vn -0.48530659 -0.05340073 0.87271184
vn -0.50679761 -0.05519974 0.86029601
vn -0.51231748 -0.08550292 0.85452914
vn -0.49391478 -0.08520254 0.86532587
vn -0.52154231 -0.23831934 0.81926650
vn -0.51361054 -0.29280600 0.80651653
vn 0.56401098 0.32780638 0.75791472
vn 0.55970114 0.50310099 0.65850133
vn 0.72102642 -0.04680171 0.69132525
vn 0.62252122 -0.02730093 0.78212667
vn 0.40784106 0.76177669 0.50335073
vn 0.40784106 0.76177669 0.50335073
vn -0.27691054 -0.30251154 0.91203481
vn -0.28371069 -0.52191967 0.80443031
vn 0.00000000 -0.54282826 0.83984375
vn 0.00000000 -0.33250105 0.94310290
vn 0.27691054 -0.30251154 0.91203481
vn 0.28371069 -0.52191967 0.80443031
vn 0.67160535 -0.02730022 0.74040592
vn 0.54801577 -0.02020058 0.83622414
vn 0.50919431 -0.02119976 0.86039048
vn 0.93703586 0.18240698 0.29781139
vn 0.90023315 0.29141071 0.32351193
vn 0.38329992 0.66909981 0.63669980
vn 0.60452616 0.63182735 0.48512098
vn -0.31311026 0.05310174 0.94823110
vn 0.00000000 0.01110043 0.99993849
vn 0.00000000 0.07410376 0.99725056
vn -0.14020024 0.29000047 0.94670159
vn -0.28031108 -0.01170046 0.95983797
vn 0.00000000 -0.00349998 0.99999392
vn 0.00000000 -0.00100000 0.99999952
vn -0.31641933 -0.01080066 0.94855797
vn -0.05390076 0.29260412 0.95471340
vn -0.05390076 0.29260412 0.95471340
vn 0.00000000 0.15800612 0.98743814
vn -0.22239578 0.15669703 0.96228176
vn 0.23379157 -0.06419769 0.97016507
vn 0.00000000 -0.05699853 0.99837428
vn 0.22799630 -0.04579926 0.97258419
vn 0.00000000 -0.04329836 0.99906218
vn -0.48961481 0.59751815 0.63501924
vn 0.48480609 0.59600747 0.64010799
vn 0.00010000 0.72580290 0.68790281
vn -0.47422189 -0.29351354 0.83003825
vn 0.14020024 0.29000047 0.94670159
vn 0.23669179 0.39228639 0.88886917
vn -0.23669179 0.39228639 0.88886917
vn 0.48530659 -0.05340073 0.87271184
vn 0.41600829 -0.04940099 0.90801805
vn 0.42820951 -0.07550167 0.90051997
vn 0.49391478 -0.08520254 0.86532587
vn 0.47422189 -0.29351354 0.83003825
vn 0.51361054 -0.29280600 0.80651653
vn -0.56401098 0.32780638 0.75791472
vn -0.45252103 0.21941021 0.86434019
vn -0.50919431 -0.02119976 0.86039048
vn -0.62252122 -0.02730093 0.78212667
vn -0.46389851 0.52249831 0.71539766
vn -0.46389851 0.52249831 0.71539766
vn -0.54801577 -0.02020058 0.83622414
vn -0.67160535 -0.02730022 0.74040592
vn -0.63845474 0.11861017 0.76046515
vn -0.50679588 0.09609922 0.85669303
vn -0.30372247 0.48553595 0.81976068
vn 0.31311026 0.05310174 0.94823110
vn 0.50679588 0.09609922 0.85669303
vn 0.28031108 -0.01170046 0.95983797
vn 0.31641933 -0.01080066 0.94855797
vn 0.33511513 0.34601563 0.87633955
vn 0.33511513 0.34601563 0.87633955
vn 0.45252103 0.21941021 0.86434019
vn 0.22239578 0.15669703 0.96228176
vn -0.23379157 -0.06419769 0.97016507
vn -0.42820951 -0.07550167 0.90051997
vn -0.22799630 -0.04579926 0.97258419
vn -0.41600829 -0.04940099 0.90801805
vn -0.94297236 0.18309464 0.27799183
vn -0.84211117 0.16480218 0.51350677
vn -0.60909593 0.63549578 0.47449684
vn 0.30372247 0.48553595 0.81976068
vn 0.63845474 0.11861017 0.76046515
vn 0.83698016 0.16429609 0.52198762
vn 0.97004533 -0.08880415 0.22611056
vn 0.96606117 -0.17671119 0.18841192
vn 0.97362900 -0.08350249 0.21230634
vn -0.97492826 -0.09000261 0.20350590
vn -0.97866416 -0.08510558 0.18701227
vn -0.96933210 -0.17860591 0.16880558
vn 0.05390076 0.29260412 0.95471340
vn 0.05390076 0.29260412 0.95471340
vn -0.33511513 0.34601563 0.87633955
vn -0.33511513 0.34601563 0.87633955
vn -0.72189975 -0.04699998 0.69039977
vn -0.89681399 -0.06500101 0.43760681
vn -0.40784106 0.76177669 0.50335073
vn -0.40784106 0.76177669 0.50335073
vn -0.55970114 0.50310099 0.65850133
vn 0.51231748 -0.08550292 0.85452914
vn 0.52154231 -0.23831934 0.81926650
vn 0.50679761 -0.05519974 0.86029601
vn 0.89231604 -0.06430116 0.44680804
vn 0.46389851 0.52249831 0.71539766
vn 0.46389851 0.52249831 0.71539766
vn 0.24730802 -0.20160654 -0.94773078
vn 0.38820010 -0.21890005 -0.89520025
vn 0.41072124 0.69493592 -0.59023052
vn 0.18711118 0.34582070 -0.91945499
vn -0.35841390 0.88243425 -0.30471182
vn -0.35841390 0.88243425 -0.30471182
vn -0.41072124 0.69493592 -0.59023052
vn -0.18711118 0.34582070 -0.91945499
vn -0.33369821 -0.07109962 -0.93999493
vn -0.44541004 -0.06560148 -0.89292014
vn -0.41428721 -0.02609919 -0.90977192
vn -0.27299964 -0.01489998 -0.96189874
vn -0.35429949 -0.22199969 -0.90839869
vn -0.46213388 -0.21931608 -0.85926300
vn 0.00000000 -0.41130006 -0.91150010
vn 0.00000000 -0.18431270 -0.98286772
vn 0.43819577 -0.42269590 -0.79329228
vn 0.43710688 -0.42190665 -0.79431254
vn 0.55009353 -0.43049493 -0.71559155
vn 0.00000000 -0.18539330 -0.98266447
vn 0.00000000 -0.35871774 -0.93344617
vn 0.35429949 -0.22199969 -0.90839869
vn 0.00000000 -0.03900153 -0.99923915
vn 0.33369821 -0.07109962 -0.93999493
vn 0.00000000 -0.00349998 -0.99999392
vn 0.27299964 -0.01489998 -0.96189874
vn -0.07680121 0.57290900 -0.81601280
vn -0.07680121 0.57290900 -0.81601280
vn 0.00000000 0.35300773 -0.93562049
vn -0.24850480 -0.20160389 -0.94741827
vn -0.39082316 -0.21851295 -0.89415300
vn 0.35841390 0.88243425 -0.30471182
vn 0.35841390 0.88243425 -0.30471182
vn 0.44541004 -0.06560148 -0.89292014
vn 0.41428721 -0.02609919 -0.90977192
vn 0.46213388 -0.21931608 -0.85926300
vn 0.30651921 -0.43732741 -0.84545296
vn 0.00000000 -0.56819558 -0.82289362
vn -0.45751953 -0.42041793 -0.78353345
vn -0.30651921 -0.43732741 -0.84545296
vn 0.07680121 0.57290900 -0.81601280
vn 0.07680121 0.57290900 -0.81601280
vn 0.99804974 0.00160008 -0.06240311
vn 0.98713011 -0.01150035 -0.15950488
vn 0.98322934 -0.03050091 -0.17980537
vn -0.83881783 -0.00090002 0.54441154
vn -0.96782959 -0.02650081 0.25020763
vn -0.95399296 0.04389968 0.29659781
vn -0.87276512 0.04369825 0.48618057
vn -0.95456791 0.07229757 0.28909028
vn -0.88105363 0.06280382 0.46882856
vn -0.96120656 -0.05920040 0.26940182
vn -0.88101429 -0.05970097 0.46930760
vn -0.93311346 -0.24510354 0.26310378
vn -0.85105318 -0.20891306 0.48173010
vn -0.89204407 -0.30101484 0.33711663
vn -0.74082077 -0.16020449 0.65231830
vn -0.81390095 -0.29860035 0.49840060
vn -0.60183376 -0.18481036 0.77694350
vn -0.75231135 -0.32190484 0.57480866
vn -0.55252314 -0.22860956 0.80153358
vn -0.79816192 -0.32008475 0.51037568
vn -0.60030222 -0.24630091 0.76090282
vn -0.85094869 -0.27771589 0.44582552
vn -0.65811813 -0.22400618 0.71881980
vn -0.88320935 -0.17350185 -0.43570462
vn -0.68783182 -0.13000602 0.71413302
vn -0.96803230 -0.22290744 -0.11500384
vn -0.65111428 -0.08310182 0.75441658
vn -0.85753119 -0.50531834 -0.09640350
vn -0.53391290 -0.51951253 0.66711611
vn 0.34950945 -0.02400065 0.93662536
vn 0.00010000 0.00329998 0.99999464
vn 0.00000000 -0.49063632 0.87136447
vn 0.32191536 -0.51082438 0.79713804
vn 0.00000000 -0.99958521 -0.02879957
vn -0.32191536 -0.51082438 0.79713804
vn 0.37440151 -0.02930012 0.92680377
vn 0.16980249 0.01120016 0.98541445
vn -0.03180050 0.02360037 0.99921560
vn 0.15100753 -0.08050402 0.98524922
vn -0.03609992 -0.06849985 0.99699783
vn 0.28101254 -0.12790573 0.95114249
vn 0.33349156 -0.12389687 0.93457639
vn 0.65811813 -0.22400618 0.71881980
vn 0.60030222 -0.24630091 0.76090282
vn 0.13040526 -0.09030364 0.98733974
vn -0.01050047 -0.07740346 0.99694461
vn -0.01029993 -0.07279953 0.99729347
vn 0.12990202 -0.09020141 0.98741543
vn 0.16059704 -0.08349846 0.98348182
vn -0.01239990 -0.07779936 0.99689192
vn 0.21050271 -0.06220080 0.97561258
vn -0.01560001 -0.05960003 0.99810046
vn 0.25610888 -0.06390222 0.96453345
vn -0.01870107 -0.04620264 0.99875706
vn 0.30261081 -0.03600129 0.95243406
vn -0.02090007 -0.02750009 0.99940336
vn 0.32071692 0.00690036 0.94714999
vn -0.02190027 -0.00980012 0.99971217
vn 0.34899822 0.01549992 0.93699515
vn -0.02189904 -0.00289987 0.99975604
vn 0.36110705 -0.04110080 0.93161821
vn -0.02279961 -0.03889934 0.99898297
vn -0.20201220 -0.07690464 0.97635889
vn -0.36801255 -0.03830131 0.92903167
vn 0.99172211 -0.00000000 0.12840286
vn 0.95432299 -0.07840189 0.28830695
vn 0.96782690 -0.02660074 0.25020695
vn -0.30839840 -0.11569940 -0.94419503
vn -0.35330796 -0.08840199 -0.93132097
vn 0.02230128 -0.09880566 -0.99485689
vn 0.01940168 -0.14401245 -0.98938560
vn -0.22541749 -0.18061402 -0.95737427
vn 0.01769984 -0.21069805 -0.97739094
vn -0.14019781 -0.35319448 -0.92498559
vn 0.01580050 -0.35971150 -0.93292981
vn -0.12230070 -0.50720292 -0.85310489
vn 0.01509968 -0.48228988 -0.87588161
vn -0.23529574 -0.53079039 -0.81418520
vn 0.01790090 -0.50532532 -0.86274326
vn -0.39241862 -0.57232720 -0.72003418
vn 0.01739983 -0.57709444 -0.81649214
vn -0.42631319 -0.52711636 -0.73512274
vn 0.02030009 -0.58260262 -0.81250370
vn -0.47093323 -0.49713507 -0.72875142
vn -0.15210792 -0.33751759 -0.92894840
vn -0.42051190 -0.36181021 -0.83202350
vn -0.35460636 -0.46320829 -0.81221455
vn -0.64985901 -0.39383575 -0.65005904
vn -0.72122598 -0.49641788 -0.48311740
vn -0.25970978 -0.53652018 -0.80293024
vn 0.00530026 -0.27841353 -0.96044672
vn -0.88320935 -0.17350185 -0.43570462
vn 0.42051190 -0.36181021 -0.83202350
vn 0.88320935 -0.17350185 -0.43570462
vn 0.15110554 -0.32851207 -0.93233418
vn 0.88500696 -0.46350363 0.04390035
vn 0.86139303 -0.37509695 -0.34249723
vn 0.71360773 -0.49760538 -0.49310532
vn 0.84469527 -0.01269993 0.53509700
vn 0.31271547 -0.11510569 -0.94284666
vn 0.35760248 -0.08380058 -0.93010646
vn 0.22759831 -0.17989868 -0.95699292
vn 0.13960002 -0.35050008 -0.92610025
vn 0.12320378 -0.50441545 -0.85462618
vn 0.23781313 -0.52972925 -0.81414497
vn 0.39779237 -0.56688911 -0.72138619
vn 0.43021432 -0.52111733 -0.73712450
vn 0.00000000 -0.99958521 -0.02879957
vn 0.00000000 -0.47270975 -0.88121819
vn 0.85753119 -0.50531834 -0.09640350
vn -0.85753119 -0.50531834 -0.09640350
vn 0.00000000 -0.07879925 -0.99689049
vn 0.96803230 -0.22290744 -0.11500384
vn -0.96803230 -0.22290744 -0.11500384
vn 0.00000000 0.11550087 -0.99330747
vn 0.45878583 -0.49248481 -0.73957717
vn 0.35801244 -0.46231604 -0.81122816
vn 0.26241469 -0.53472996 -0.80324501
vn 0.85094869 -0.27771589 0.44582552
vn 0.68783182 -0.13000602 0.71413302
vn 0.88320935 -0.17350185 -0.43570462
vn 0.65111428 -0.08310182 0.75441658
vn 0.96803230 -0.22290744 -0.11500384
vn 0.53391290 -0.51951253 0.66711611
vn 0.85753119 -0.50531834 -0.09640350
vn -0.34970066 -0.01730003 0.93670177
vn -0.34121215 -0.02180078 0.93973351
vn -0.30271444 -0.12040574 0.94544506
vn -0.27161166 -0.12510537 0.95424098
vn -0.26100707 -0.11020298 0.95902592
vn -0.30750155 -0.07350037 0.94870478
vn -0.42060339 -0.03400028 0.90660733
vn -0.54888755 -0.07209837 0.83278114
vn -0.62384230 -0.04140281 0.78045291
vn -0.65005350 0.03750309 0.75896251
vn -0.64722967 0.03620166 0.76143491
vn -0.62881345 -0.01930041 0.77731669
vn 0.81809568 0.00989995 0.57499695
vn 0.67271090 -0.05290086 0.73801196
vn 0.87276512 0.04369825 0.48618057
vn 0.95399296 0.04389968 0.29659781
vn 0.88105363 0.06280382 0.46882856
vn 0.95456791 0.07229757 0.28909028
vn 0.88101429 -0.05970097 0.46930760
vn 0.96120656 -0.05920040 0.26940182
vn 0.85105318 -0.20891306 0.48173010
vn 0.93311346 -0.24510354 0.26310378
vn 0.74082077 -0.16020449 0.65231830
vn 0.89204407 -0.30101484 0.33711663
vn 0.60183376 -0.18481036 0.77694350
vn 0.81390095 -0.29860035 0.49840060
vn 0.55252314 -0.22860956 0.80153358
vn 0.75231135 -0.32190484 0.57480866
vn 0.79816192 -0.32008475 0.51037568
vn 0.63358003 -0.03049904 0.77307570
vn 0.65910733 0.03760042 0.75110835
vn 0.66265392 0.03800309 0.74796093
vn 0.63561147 -0.04470081 0.77071393
vn 0.56178910 -0.08019844 0.82338405
vn 0.43320182 -0.04230018 0.90030378
vn 0.31891143 -0.08080290 0.94433385
vn 0.27110127 -0.11460054 0.95570445
vn -0.35460493 0.01390019 0.93491292
vn -0.32511786 0.00640035 0.94565195
vn -0.30421126 -0.02990111 0.95213526
vn -0.25910428 -0.05260087 0.96441597
vn -0.21240735 -0.05130177 0.97583371
vn -0.16190600 -0.07520279 0.98393649
vn -0.13140009 -0.08590006 0.98760074
vn -0.13030533 -0.08710356 0.98764038
vn -0.14779684 -0.08119827 0.98567897
vn -0.38080904 -0.04150098 0.92372191
vn 0.55552793 -0.11110559 0.82404143
vn 0.68329245 -0.54239398 -0.48879457
vn 0.86992538 -0.48211408 -0.10390303
vn 0.54362541 -0.56582648 -0.61992896
vn 0.78440720 -0.55460507 -0.27770257
vn 0.40741473 -0.53761941 -0.73822665
vn 0.66931719 -0.52611345 -0.52461350
vn -0.45349443 -0.31459612 -0.83388972
vn -0.42100611 -0.53700781 -0.73101062
vn -0.66931719 -0.52611345 -0.52461350
vn -0.73562908 -0.24730979 -0.63062495
vn 0.44081125 -0.31470802 -0.84062147
vn 0.73562908 -0.24730979 -0.63062495
vn 0.82873470 -0.02630110 -0.55902338
vn 0.51249218 -0.10709837 -0.85198700
vn 0.59261459 -0.05480135 -0.80361986
vn 0.87581348 0.00640010 -0.48260742
vn 0.63680393 -0.06230039 -0.76850474
vn 0.89843577 -0.03360134 -0.43781742
vn 0.37890682 -0.04340078 0.92441660
vn -0.88500696 -0.46350363 0.04390035
vn -0.86992538 -0.48211408 -0.10390303
vn -0.69373423 -0.53872657 -0.47802359
vn -0.78440720 -0.55460507 -0.27770257
vn -0.55621356 -0.56241363 -0.61181492
vn -0.52599591 -0.10569917 -0.84389341
vn -0.82873470 -0.02630110 -0.55902338
vn -0.76829743 -0.48119840 -0.42209861
vn -0.85970187 -0.17740038 -0.47900102
vn -0.87581348 0.00640010 -0.48260742
vn -0.60483116 -0.05370276 -0.79454088
vn -0.89812326 -0.03290085 -0.43851134
vn -0.64930052 -0.06200005 -0.75800067
vn -0.80427098 -0.01479947 0.59407854
vn -0.63911486 -0.49121141 -0.59181374
vn -0.83012146 -0.36150935 -0.42451096
vn 0.83012146 -0.36150935 -0.42451096
vn 0.63911486 -0.49121141 -0.59181374
vn 0.64294374 -0.39392683 -0.65684468
vn 0.69193596 -0.47392461 -0.54462832
vn -0.86139303 -0.37509695 -0.34249723
vn 0.10690034 -0.57870185 -0.80850261
vn -0.08630268 -0.58911824 -0.80342489
vn 0.02409972 -0.59859306 -0.80069077
vn -0.84142601 -0.32751009 0.42981327
vn -0.94385487 -0.30991802 -0.11440665
vn -0.93871826 -0.30300590 -0.16430318
vn 0.84142601 -0.32751009 0.42981327
vn 0.93871826 -0.30300590 -0.16430318
vn 0.94385487 -0.30991802 -0.11440665
vn -0.90492988 -0.37081224 0.20880690
vn -0.89651346 -0.40100601 0.18830283
vn -0.69193596 -0.47392461 -0.54462832
vn -0.88473850 -0.31761384 -0.34111485
vn -0.67650020 -0.07800002 0.73230016
vn -0.97690147 0.03380005 -0.21100032
vn -0.98713011 -0.01150035 -0.15950488
vn -0.94994277 0.01600072 -0.31201407
vn 0.85970187 -0.17740038 -0.47900102
vn 0.76829743 -0.48119840 -0.42209861
vn -0.82804698 -0.54453087 -0.13350756
vn -0.89608192 -0.44089112 0.05149896
vn 0.88473850 -0.31761384 -0.34111485
vn -0.53149325 -0.10289869 0.84078938
vn 0.97690147 0.03380005 -0.21100032
vn 0.94994277 0.01600072 -0.31201407
vn 0.82804698 -0.54453087 -0.13350756
vn 0.89608192 -0.44089112 0.05149896
vn 0.89651346 -0.40100601 0.18830283
vn 0.90496343 -0.37072599 0.20881464
vn -0.83913702 -0.47742108 -0.26061150
vn -0.78439379 -0.56939554 -0.24599807
vn -0.80490929 -0.53330612 -0.26020300
vn -0.86939865 -0.43339932 -0.23729962
vn -0.76377761 -0.62068182 -0.17719480
vn -0.76391238 -0.61991006 -0.17930290
vn -0.83003420 -0.44421834 -0.33721390
vn -0.81420845 -0.51480538 -0.26840279
vn -0.84698385 -0.09089826 -0.52379000
vn -0.84727997 -0.13619678 -0.51338792
vn -0.88730192 0.05580012 -0.45780098
vn -0.88615513 0.05570346 -0.46002862
vn -0.96140432 0.04520021 -0.27140123
vn -0.94741952 0.05160107 -0.31580654
vn -0.98465908 0.01150069 -0.17411044
vn -0.97888184 0.02729949 -0.20259623
vn -0.98799276 0.00069999 -0.15449888
vn -0.98799276 0.00069999 -0.15449888
vn -0.81325430 -0.33652246 0.47473168
vn -0.81325430 -0.33652246 0.47473168
vn 0.83913702 -0.47742108 -0.26061150
vn 0.86939865 -0.43339932 -0.23729962
vn 0.80490929 -0.53330612 -0.26020300
vn 0.78439379 -0.56939554 -0.24599807
vn 0.76391238 -0.61991006 -0.17930290
vn 0.76377761 -0.62068182 -0.17719480
vn 0.81420845 -0.51480538 -0.26840279
vn 0.83003420 -0.44421834 -0.33721390
vn 0.84727997 -0.13619678 -0.51338792
vn 0.84698385 -0.09089826 -0.52379000
vn 0.88615513 0.05570346 -0.46002862
vn 0.88734251 0.05580267 -0.45772195
vn 0.94741952 0.05160107 -0.31580654
vn 0.96140432 0.04520021 -0.27140123
vn 0.97888184 0.02729949 -0.20259623
vn 0.98465908 0.01150069 -0.17411044
vn 0.98799276 0.00069999 -0.15449888
vn 0.98799276 0.00069999 -0.15449888
vn 0.81325430 -0.33652246 0.47473168
vn 0.81325430 -0.33652246 0.47473168
vn 0.32751703 -0.88574612 0.32891715
vn 0.43212312 -0.79154235 0.43212312
vn 0.33951733 -0.79154038 0.50812590
vn 0.25701037 -0.88683581 0.38401553
vn -0.08880525 -0.89035261 0.44652641
vn -0.11920232 -0.79151535 0.59941161
vn -0.23381078 -0.79153651 0.56462604
vn -0.17410260 -0.88981336 0.42180634
vn -0.17290370 -0.89051902 -0.42080897
vn -0.23381078 -0.79153651 -0.56462604
vn -0.11920946 -0.79156280 -0.59934759
vn -0.08330341 -0.89223659 -0.44381821
vn 0.38700637 -0.88281453 0.26620439
vn 0.50812590 -0.79154038 0.33951733
vn -0.00170003 -0.88971728 0.45650887
vn 0.00000000 -0.79153347 0.61112589
vn -0.25269333 -0.89137638 -0.37629005
vn -0.33951733 -0.79154038 -0.50812590
vn 0.44029379 -0.87968761 0.17969747
vn 0.56462604 -0.79153651 0.23381078
vn -0.32000321 -0.89090896 -0.32230321
vn -0.43212312 -0.79154235 -0.43212312
vn 0.47052494 -0.87724656 0.09510504
vn 0.59941161 -0.79151535 0.11920232
vn -0.37681487 -0.88913512 -0.25971025
vn -0.50812590 -0.79154038 -0.33951733
vn 0.47981703 -0.87733120 0.00810029
vn 0.61112589 -0.79153347 0.00000000
vn -0.42821875 -0.88463867 -0.18450807
vn -0.56462604 -0.79153651 -0.23381078
vn 0.46721509 -0.87822837 -0.10210330
vn 0.59941161 -0.79151535 -0.11920232
vn -0.46490115 -0.87950218 -0.10170025
vn -0.59934759 -0.79156280 -0.11920946
vn 0.43021223 -0.88352507 -0.18520527
vn 0.56462604 -0.79153651 -0.23381078
vn -0.47730130 -0.87870240 0.00810002
vn -0.61112589 -0.79153347 0.00000000
vn 0.37820923 -0.88822168 -0.26080638
vn 0.50812590 -0.79154038 -0.33951733
vn -0.46801195 -0.87862241 0.09480242
vn -0.59934759 -0.79156280 0.11920946
vn 0.32051709 -0.89024758 -0.32361728
vn 0.43212312 -0.79154235 -0.43212312
vn -0.43821362 -0.88092744 0.17870556
vn -0.56458133 -0.79157382 0.23379228
vn 0.25090912 -0.89153242 -0.37711370
vn 0.33951733 -0.79154038 -0.50812590
vn -0.38551199 -0.88382751 0.26500824
vn -0.50812590 -0.79154038 0.33951733
vn 0.17239708 -0.89128494 -0.41939291
vn 0.23381078 -0.79153651 -0.56462604
vn 0.08690298 -0.88863039 0.45031542
vn 0.11920232 -0.79151535 0.59941161
vn -0.32479590 -0.88708878 0.32799587
vn -0.43212312 -0.79154235 0.43212312
vn 0.08500222 -0.89292330 -0.44211152
vn 0.11920946 -0.79156280 -0.59934759
vn 0.17589480 -0.88727379 0.42638740
vn 0.23381078 -0.79153651 0.56462604
vn -0.25321621 -0.88895690 0.38162443
vn -0.33951733 -0.79154038 0.50812590
vn 0.00040001 -0.89261991 -0.45081005
vn 0.00000000 -0.79153347 -0.61112589
vn 0.00000000 -0.79153347 -0.61112589
vn 0.00040001 -0.89261991 -0.45081005
vn -0.92363834 -0.02230093 0.38261589
vn -0.92363834 -0.02230093 0.38261589
vn -0.98054779 -0.02230109 0.19500950
vn -0.98054779 -0.02230109 0.19500950
vn 0.55543894 -0.02230156 -0.83125824
vn 0.55543894 -0.02230156 -0.83125824
vn 0.70693094 -0.02230098 -0.70693094
vn 0.70693094 -0.02230098 -0.70693094
vn -0.83125824 -0.02230156 0.55543894
vn -0.83125824 -0.02230156 0.55543894
vn 0.38261589 -0.02230093 -0.92363834
vn 0.38261589 -0.02230093 -0.92363834
vn 0.19500950 -0.02230109 0.98054779
vn 0.19500950 -0.02230109 0.98054779
vn 0.00000000 -0.02230114 0.99975139
vn 0.00000000 -0.02230114 0.99975139
vn -0.70693094 -0.02230098 0.70693094
vn -0.70693094 -0.02230098 0.70693094
vn 0.19500950 -0.02230109 -0.98054779
vn 0.19500950 -0.02230109 -0.98054779
vn 0.38261589 -0.02230093 0.92363834
vn 0.38261589 -0.02230093 0.92363834
vn -0.55543894 -0.02230156 0.83125824
vn -0.55543894 -0.02230156 0.83125824
vn 0.00000000 -0.02230114 -0.99975139
vn 0.00000000 -0.02230114 -0.99975139
vn 0.55543894 -0.02230156 0.83125824
vn 0.55543894 -0.02230156 0.83125824
vn -0.38261589 -0.02230093 0.92363834
vn -0.38261589 -0.02230093 0.92363834
vn -0.19500950 -0.02230109 -0.98054779
vn -0.19500950 -0.02230109 -0.98054779
vn 0.00000000 -0.02230114 -0.99975139
vn 0.00000000 -0.02230114 -0.99975139
vn 0.70693094 -0.02230098 0.70693094
vn 0.70693094 -0.02230098 0.70693094
vn -0.19500950 -0.02230109 0.98054779
vn -0.19500950 -0.02230109 0.98054779
vn -0.38261589 -0.02230093 -0.92363834
vn -0.38261589 -0.02230093 -0.92363834
vn 0.83125824 -0.02230156 0.55543894
vn 0.83125824 -0.02230156 0.55543894
vn -0.55543894 -0.02230156 -0.83125824
vn -0.55543894 -0.02230156 -0.83125824
vn 0.92363834 -0.02230093 0.38261589
vn 0.92363834 -0.02230093 0.38261589
vn -0.70693094 -0.02230098 -0.70693094
vn -0.70693094 -0.02230098 -0.70693094
vn 0.98054779 -0.02230109 0.19500950
vn 0.98054779 -0.02230109 0.19500950
vn -0.83125824 -0.02230156 -0.55543894
vn -0.83125824 -0.02230156 -0.55543894
vn 0.99975139 -0.02230114 0.00000000
vn 0.99975139 -0.02230114 0.00000000
vn -0.92363834 -0.02230093 -0.38261589
vn -0.92363834 -0.02230093 -0.38261589
vn 0.98054779 -0.02230109 -0.19500950
vn 0.98054779 -0.02230109 -0.19500950
vn -0.98054779 -0.02230109 -0.19500950
vn -0.98054779 -0.02230109 -0.19500950
vn 0.92363834 -0.02230093 -0.38261589
vn 0.92363834 -0.02230093 -0.38261589
vn -0.99975139 -0.02230114 0.00000000
vn -0.99975139 -0.02230114 0.00000000
vn 0.83125824 -0.02230156 -0.55543894
vn 0.83125824 -0.02230156 -0.55543894
vn 0.24970265 -0.75780803 0.60280639
vn 0.24970265 -0.75780803 0.60280639
vn 0.12730394 -0.75782347 0.63991988
vn 0.12730394 -0.75782347 0.63991988
vn -0.36250484 -0.75781012 0.54250729
vn -0.36250484 -0.75781012 0.54250729
vn -0.46133322 -0.75785452 0.46133322
vn -0.46133322 -0.75785452 0.46133322
vn 0.00000000 -0.75779355 -0.65249443
vn 0.00000000 -0.75779355 -0.65249443
vn 0.12730394 -0.75782347 -0.63991988
vn 0.12730394 -0.75782347 -0.63991988
vn 0.36250484 -0.75781012 0.54250729
vn 0.36250484 -0.75781012 0.54250729
vn -0.24970265 -0.75780803 0.60280639
vn -0.24970265 -0.75780803 0.60280639
vn -0.12730394 -0.75782347 -0.63991988
vn -0.12730394 -0.75782347 -0.63991988
vn 0.00000000 -0.75779355 -0.65249443
vn 0.00000000 -0.75779355 -0.65249443
vn 0.46133322 -0.75785452 0.46133322
vn 0.46133322 -0.75785452 0.46133322
vn -0.12730394 -0.75782347 0.63991988
vn -0.12730394 -0.75782347 0.63991988
vn -0.24970265 -0.75780803 -0.60280639
vn -0.24970265 -0.75780803 -0.60280639
vn 0.54250729 -0.75781012 0.36250484
vn 0.54250729 -0.75781012 0.36250484
vn 0.00000000 -0.75779355 0.65249443
vn 0.00000000 -0.75779355 0.65249443
vn -0.36250484 -0.75781012 -0.54250729
vn -0.36250484 -0.75781012 -0.54250729
vn 0.60280639 -0.75780803 0.24970265
vn 0.60280639 -0.75780803 0.24970265
vn -0.46133322 -0.75785452 -0.46133322
vn -0.46133322 -0.75785452 -0.46133322
vn 0.63991988 -0.75782347 0.12730394
vn 0.63991988 -0.75782347 0.12730394
vn -0.54250729 -0.75781012 -0.36250484
vn -0.54250729 -0.75781012 -0.36250484
vn 0.65249443 -0.75779355 0.00000000
vn 0.65249443 -0.75779355 0.00000000
vn -0.60280639 -0.75780803 -0.24970265
vn -0.60280639 -0.75780803 -0.24970265
vn 0.63991988 -0.75782347 -0.12730394
vn 0.63991988 -0.75782347 -0.12730394
vn -0.63991988 -0.75782347 -0.12730394
vn -0.63991988 -0.75782347 -0.12730394
vn 0.60280639 -0.75780803 -0.24970265
vn 0.60280639 -0.75780803 -0.24970265
vn -0.65249443 -0.75779355 0.00000000
vn -0.65249443 -0.75779355 0.00000000
vn 0.54250729 -0.75781012 -0.36250484
vn 0.54250729 -0.75781012 -0.36250484
vn -0.63991988 -0.75782347 0.12730394
vn -0.63991988 -0.75782347 0.12730394
vn 0.46133322 -0.75785452 -0.46133322
vn 0.46133322 -0.75785452 -0.46133322
vn -0.60280639 -0.75780803 0.24970265
vn -0.60280639 -0.75780803 0.24970265
vn 0.36250484 -0.75781012 -0.54250729
vn 0.36250484 -0.75781012 -0.54250729
vn -0.54250729 -0.75781012 0.36250484
vn -0.54250729 -0.75781012 0.36250484
vn 0.24970265 -0.75780803 -0.60280639
vn 0.24970265 -0.75780803 -0.60280639
vn 0.83143437 -0.00000000 0.55562299
vn 0.83143437 -0.00000000 0.55562299
vn 0.70710683 -0.00000000 0.70710683
vn 0.70710683 -0.00000000 0.70710683
vn 0.00000000 -0.00000000 1.00000000
vn 0.00000000 -0.00000000 1.00000000
vn -0.19509681 -0.00000000 0.98078394
vn -0.19509681 -0.00000000 0.98078394
vn -0.55562299 -0.00000000 -0.83143437
vn -0.55562299 -0.00000000 -0.83143437
vn -0.38269031 -0.00000000 -0.92387664
vn -0.38269031 -0.00000000 -0.92387664
vn 0.92387664 -0.00000000 0.38269031
vn 0.92387664 -0.00000000 0.38269031
vn -0.70710683 -0.00000000 -0.70710683
vn -0.70710683 -0.00000000 -0.70710683
vn 0.98078394 -0.00000000 0.19509681
vn 0.98078394 -0.00000000 0.19509681
vn -0.83143437 -0.00000000 -0.55562299
vn -0.83143437 -0.00000000 -0.55562299
vn 1.00000000 -0.00000000 0.00000000
vn 1.00000000 -0.00000000 0.00000000
vn -0.92387664 -0.00000000 -0.38269031
vn -0.92387664 -0.00000000 -0.38269031
vn 0.98078394 -0.00000000 -0.19509681
vn 0.98078394 -0.00000000 -0.19509681
vn -0.98078394 -0.00000000 -0.19509681
vn -0.98078394 -0.00000000 -0.19509681
vn 0.92387664 -0.00000000 -0.38269031
vn 0.92387664 -0.00000000 -0.38269031
vn -1.00000000 -0.00000000 0.00000000
vn -1.00000000 -0.00000000 0.00000000
vn 0.83143437 -0.00000000 -0.55562299
vn 0.83143437 -0.00000000 -0.55562299
vn -0.98078394 -0.00000000 0.19509681
vn -0.98078394 -0.00000000 0.19509681
vn 0.70710683 -0.00000000 -0.70710683
vn 0.70710683 -0.00000000 -0.70710683
vn -0.92387664 -0.00000000 0.38269031
vn -0.92387664 -0.00000000 0.38269031
vn 0.55562299 -0.00000000 -0.83143437
vn 0.55562299 -0.00000000 -0.83143437
vn -0.83143437 -0.00000000 0.55562299
vn -0.83143437 -0.00000000 0.55562299
vn 0.38269031 -0.00000000 -0.92387664
vn 0.38269031 -0.00000000 -0.92387664
vn 0.19509681 -0.00000000 0.98078394
vn 0.19509681 -0.00000000 0.98078394
vn -0.70710683 -0.00000000 0.70710683
vn -0.70710683 -0.00000000 0.70710683
vn 0.19509681 -0.00000000 -0.98078394
vn 0.19509681 -0.00000000 -0.98078394
vn 0.38269031 -0.00000000 0.92387664
vn 0.38269031 -0.00000000 0.92387664
vn -0.55562299 -0.00000000 0.83143437
vn -0.55562299 -0.00000000 0.83143437
vn 0.00000000 -0.00000000 -1.00000000
vn 0.00000000 -0.00000000 -1.00000000
vn 0.55562299 -0.00000000 0.83143437
vn 0.55562299 -0.00000000 0.83143437
vn -0.38269031 -0.00000000 0.92387664
vn -0.38269031 -0.00000000 0.92387664
vn -0.19509681 -0.00000000 -0.98078394
vn -0.19509681 -0.00000000 -0.98078394
vn 0.00000000 -0.00000000 -1.00000000
vn 0.00000000 -0.00000000 -1.00000000
vn 0.00000000 -1.00000000 0.00000000
vn 0.00000000 -1.00000000 0.00000000
vn 0.00000000 -1.00000000 0.00000000
vn 0.00000000 -1.00000000 0.00000000
vn 0.00000000 -1.00000000 0.00000000
vn 0.00000000 -1.00000000 0.00000000
vn 0.00000000 -1.00000000 0.00000000
vn 0.00000000 -1.00000000 0.00000000
vn 0.00000000 -1.00000000 0.00000000
vn 0.00000000 -1.00000000 0.00000000
vn 0.00000000 -1.00000000 0.00000000
vn 0.00000000 -1.00000000 0.00000000
vn 0.00000000 -1.00000000 0.00000000
vn 0.00000000 -1.00000000 0.00000000
vn 0.00000000 -1.00000000 0.00000000
vn 0.00000000 -1.00000000 0.00000000
vn 0.00000000 -1.00000000 0.00000000
vn 0.00000000 -1.00000000 0.00000000
vn 0.00000000 -1.00000000 0.00000000
vn 0.00000000 -1.00000000 0.00000000
vn 0.00000000 -1.00000000 0.00000000
vn 0.00000000 -1.00000000 0.00000000
vn 0.00000000 -1.00000000 0.00000000
vn 0.00000000 -1.00000000 0.00000000
vn 0.00000000 -1.00000000 0.00000000
vn 0.00000000 -1.00000000 0.00000000
vn 0.00000000 -1.00000000 0.00000000
vn 0.00000000 -1.00000000 0.00000000
vn 0.00000000 -1.00000000 0.00000000
vn 0.00000000 -1.00000000 0.00000000
vn 0.00000000 -1.00000000 0.00000000
vn 0.00000000 -1.00000000 0.00000000
vn 0.00000000 -1.00000000 0.00000000
vn 0.00000000 -1.00000000 0.00000000
vn 0.00000000 -1.00000000 0.00000000
vn 0.00000000 -1.00000000 0.00000000
vn 0.00000000 -1.00000000 0.00000000
vn 0.00000000 -1.00000000 0.00000000
vn 0.00000000 -1.00000000 0.00000000
vn 0.00000000 -1.00000000 0.00000000
vn 0.00000000 -1.00000000 0.00000000
vn 0.00000000 -1.00000000 0.00000000
vn 0.00000000 -1.00000000 0.00000000
vn 0.00000000 -1.00000000 0.00000000
vn 0.00000000 -1.00000000 0.00000000
vn 0.00000000 -1.00000000 0.00000000
vn 0.00000000 -1.00000000 0.00000000
vn 0.00000000 -1.00000000 0.00000000
vn 0.00000000 -1.00000000 0.00000000
vn 0.00000000 -1.00000000 0.00000000
vn 0.00000000 -1.00000000 0.00000000
vn 0.00000000 -1.00000000 0.00000000
vn 0.00000000 -1.00000000 0.00000000
vn 0.00000000 -1.00000000 0.00000000
vn 0.00000000 -1.00000000 0.00000000
vn 0.00000000 -1.00000000 0.00000000
vn 0.00000000 -1.00000000 0.00000000
vn 0.00000000 -1.00000000 0.00000000
vn 0.00000000 -1.00000000 0.00000000
vn 0.00000000 -1.00000000 0.00000000
vn 0.00000000 -1.00000000 0.00000000
vn 0.00000000 -1.00000000 0.00000000
vn 0.00000000 -1.00000000 0.00000000
vn 0.00000000 -1.00000000 0.00000000
vn 0.00000000 -1.00000000 0.00000000
vn 0.00000000 -1.00000000 0.00000000
vn 0.83143437 -0.00000000 -0.55562299
vn 0.83142674 0.00430014 -0.55561787
vn 0.92386818 0.00429985 -0.38268682
vn 0.92387664 -0.00000000 -0.38269031
vn -0.98078394 -0.00000000 0.19509681
vn -0.98077494 0.00429989 0.19509502
vn -0.99999082 0.00429996 0.00000000
vn -1.00000000 -0.00000000 0.00000000
vn 0.70710683 -0.00000000 -0.70710683
vn 0.70710021 0.00430000 -0.70710021
vn -0.92387664 -0.00000000 0.38269031
vn -0.92386818 0.00429985 0.38268682
vn 0.55562299 -0.00000000 -0.83143437
vn 0.55561787 0.00430014 -0.83142674
vn -0.83143437 -0.00000000 0.55562299
vn -0.83142674 0.00430014 0.55561787
vn 0.38269031 -0.00000000 -0.92387664
vn 0.38268682 0.00429985 -0.92386818
vn 0.19509681 -0.00000000 0.98078394
vn 0.19509502 0.00429989 0.98077494
vn 0.00000000 0.00429996 0.99999082
vn 0.00000000 -0.00000000 1.00000000
vn -0.70710683 -0.00000000 0.70710683
vn -0.70710021 0.00430000 0.70710021
vn 0.19509681 -0.00000000 -0.98078394
vn 0.19509502 0.00429989 -0.98077494
vn 0.38269031 -0.00000000 0.92387664
vn 0.38268682 0.00429985 0.92386818
vn -0.55562299 -0.00000000 0.83143437
vn -0.55561787 0.00430014 0.83142674
vn 0.00000000 -0.00000000 -1.00000000
vn 0.00000000 0.00429996 -0.99999082
vn 0.55562299 -0.00000000 0.83143437
vn 0.55561787 0.00430014 0.83142674
vn -0.38269031 -0.00000000 0.92387664
vn -0.38268682 0.00429985 0.92386818
vn -0.19509681 -0.00000000 -0.98078394
vn -0.19509502 0.00429989 -0.98077494
vn 0.00000000 0.00429996 -0.99999082
vn 0.00000000 -0.00000000 -1.00000000
vn 0.70710683 -0.00000000 0.70710683
vn 0.70710021 0.00430000 0.70710021
vn -0.19509681 -0.00000000 0.98078394
vn -0.19509502 0.00429989 0.98077494
vn -0.38269031 -0.00000000 -0.92387664
vn -0.38268682 0.00429985 -0.92386818
vn 0.83143437 -0.00000000 0.55562299
vn 0.83142674 0.00430014 0.55561787
vn -0.55562299 -0.00000000 -0.83143437
vn -0.55561787 0.00430014 -0.83142674
vn 0.92387664 -0.00000000 0.38269031
vn 0.92386818 0.00429985 0.38268682
vn -0.70710683 -0.00000000 -0.70710683
vn -0.70710021 0.00430000 -0.70710021
vn 0.98078394 -0.00000000 0.19509681
vn 0.98077494 0.00429989 0.19509502
vn -0.83143437 -0.00000000 -0.55562299
vn -0.83142674 0.00430014 -0.55561787
vn 1.00000000 -0.00000000 0.00000000
vn 0.99999082 0.00429996 0.00000000
vn -0.92387664 -0.00000000 -0.38269031
vn -0.92386818 0.00429985 -0.38268682
vn 0.98078394 -0.00000000 -0.19509681
vn 0.98077494 0.00429989 -0.19509502
vn -0.98078394 -0.00000000 -0.19509681
vn -0.98077494 0.00429989 -0.19509502
vn 0.38260442 0.01930022 -0.92371064
vn 0.55542743 0.01930095 -0.83134103
vn 0.19070485 -0.01550040 0.98152506
vn 0.00020001 -0.00900054 0.99995947
vn -0.70697504 0.01929932 0.70697504
vn -0.83129489 0.01929988 0.55549651
vn 0.19500256 0.01930025 -0.98061287
vn 0.39181438 0.00440016 0.92003381
vn -0.55140495 0.01960018 0.83400744
vn 0.00000000 0.01930027 -0.99981374
vn 0.55140495 0.01960018 0.83400744
vn -0.39239582 0.00339996 0.91979021
vn -0.19500256 0.01930025 -0.98061287
vn 0.00000000 0.01930027 -0.99981374
vn 0.70697504 0.01929932 0.70697504
vn -0.19041173 -0.01680104 0.98156053
vn -0.38260442 0.01930022 -0.92371064
vn 0.83134103 0.01930095 0.55542743
vn -0.55542743 0.01930095 -0.83134103
vn 0.92371064 0.01930022 0.38260442
vn -0.70697504 0.01929932 -0.70697504
vn 0.98061287 0.01930025 0.19500256
vn -0.83134103 0.01930095 -0.55542743
vn 0.99981374 0.01930027 0.00000000
vn -0.92371064 0.01930022 -0.38260442
vn 0.98061287 0.01930025 -0.19500256
vn -0.98061287 0.01930025 -0.19500256
vn 0.92371064 0.01930022 -0.38260442
vn -0.99981374 0.01930027 0.00000000
vn 0.83134103 0.01930095 -0.55542743
vn -0.98061287 0.01930025 0.19500256
vn 0.70697504 0.01929932 -0.70697504
vn -0.92371064 0.01930022 0.38260442
vn -0.19500905 0.02990139 -0.98034561
vn 0.00000000 0.02990158 -0.99955291
vn 0.70679063 0.02989960 0.70679063
vn 0.54710358 0.03060020 0.83650547
vn -0.00080004 -0.02660122 0.99964589
vn 0.36999241 0.00999979 0.92898095
vn -0.38248995 0.02989922 -0.92347580
vn 0.83110863 0.02990031 0.55530578
vn -0.44592354 -0.42182225 -0.78944165
vn -0.55530578 0.02990031 -0.83110863
vn 0.92347580 0.02989922 0.38248995
vn -0.70679063 0.02989960 -0.70679063
vn 0.98034561 0.02990139 0.19500905
vn -0.83110863 0.02990031 -0.55530578
vn 0.99955291 0.02990158 0.00000000
vn -0.92347580 0.02989922 -0.38248995
vn 0.98034561 0.02990139 -0.19500905
vn -0.98034561 0.02990139 -0.19500905
vn 0.92347580 0.02989922 -0.38248995
vn -0.99955291 0.02990158 0.00000000
vn 0.83110863 0.02990031 -0.55530578
vn -0.98034561 0.02990139 0.19500905
vn 0.70679063 0.02989960 -0.70679063
vn -0.92347580 0.02989922 0.38248995
vn 0.55530578 0.02990031 -0.83110863
vn -0.83110863 0.02990031 0.55530578
vn 0.38248995 0.02989922 -0.92347580
vn -0.13760798 0.74454314 0.65323782
vn -0.70679063 0.02989960 0.70679063
vn 0.19500905 0.02990139 -0.98034561
vn -0.13760798 0.74454314 0.65323782
vn -0.19871214 -0.06560401 0.97785980
vn -0.38340589 -0.07270112 0.92071420
vn -0.38300762 0.67181337 0.63401264
vn -0.54710358 0.03060020 0.83650547
vn 0.00000000 0.02990158 -0.99955291
vn -0.54917449 -0.06769685 0.83296126
vn -0.40580612 0.67011005 0.62150937
vn -0.38150778 0.00930019 0.92431885
vn -0.51934075 0.67865330 -0.51934075
vn -0.70576805 -0.06150593 -0.70576805
vn -0.55450374 -0.06150042 -0.82990569
vn -0.40801707 0.67862839 -0.61072558
vn 0.72034872 0.67864591 0.14330968
vn 0.97893167 -0.06150199 0.19470629
vn 0.92214692 -0.06150313 0.38191944
vn 0.67856067 0.67866069 0.28102511
vn -0.61072558 0.67862839 -0.40801707
vn -0.82990569 -0.06150042 -0.55450374
vn 0.73450434 0.67860407 0.00000000
vn 0.99810714 -0.06150044 0.00000000
vn -0.67856067 0.67866069 -0.28102511
vn -0.92214692 -0.06150313 -0.38191944
vn 0.72034872 0.67864591 -0.14330968
vn 0.97893167 -0.06150199 -0.19470629
vn -0.72034872 0.67864591 -0.14330968
vn -0.97893167 -0.06150199 -0.19470629
vn 0.67856067 0.67866069 -0.28102511
vn 0.92214692 -0.06150313 -0.38191944
vn -0.73450434 0.67860407 0.00000000
vn -0.99810714 -0.06150044 0.00000000
vn 0.61072558 0.67862839 -0.40801707
vn 0.82990569 -0.06150042 -0.55450374
vn -0.72034872 0.67864591 0.14330968
vn -0.97893167 -0.06150199 0.19470629
vn 0.51934075 0.67865330 -0.51934075
vn 0.70576805 -0.06150593 -0.70576805
vn -0.67856067 0.67866069 0.28102511
vn -0.92214692 -0.06150313 0.38191944
vn 0.40801707 0.67862839 -0.61072558
vn 0.55450374 -0.06150042 -0.82990569
vn -0.61072558 0.67862839 0.40801707
vn -0.82990569 -0.06150042 0.55450374
vn 0.28102511 0.67866069 -0.67856067
vn 0.38191944 -0.06150313 -0.92214692
vn 0.13820657 0.74373537 0.65403110
vn 0.19871214 -0.06560401 0.97785980
vn 0.00000000 -0.06150044 0.99810714
vn 0.00010000 0.72580290 0.68790281
vn -0.51934075 0.67865330 0.51934075
vn -0.70576805 -0.06150593 0.70576805
vn 0.14330968 0.67864591 -0.72034872
vn 0.19470629 -0.06150199 -0.97893167
vn 0.45390537 0.03100036 0.89051050
vn 0.45390537 0.03100036 0.89051050
vn 0.45961273 0.03250090 0.88752455
vn 0.00000000 0.67860407 -0.73450434
vn 0.00000000 -0.06150044 -0.99810714
vn 0.13820657 0.74373537 0.65403110
vn -0.14330968 0.67864591 -0.72034872
vn -0.19470629 -0.06150199 -0.97893167
vn 0.00000000 -0.06150044 -0.99810714
vn 0.00000000 0.67860407 -0.73450434
vn 0.51934075 0.67865330 0.51934075
vn 0.70576805 -0.06150593 0.70576805
vn 0.54922020 -0.06770249 0.83293068
vn 0.40580612 0.67011005 0.62150937
vn -0.46139869 0.03249991 0.88659745
vn -0.45390537 0.03100036 0.89051050
vn -0.45390537 0.03100036 0.89051050
vn -0.28102511 0.67866069 -0.67856067
vn -0.38191944 -0.06150313 -0.92214692
vn 0.61072558 0.67862839 0.40801707
vn 0.82990569 -0.06150042 0.55450374
vn -0.63741374 -0.76001638 -0.12680274
vn -0.60042042 -0.76002592 -0.24870847
vn 0.60042042 -0.76002592 -0.24870847
vn 0.63741374 -0.76001638 -0.12680274
vn -0.64990979 -0.76001143 0.00000000
vn 0.54039317 -0.75999039 -0.36109543
vn -0.63741374 -0.76001638 0.12680274
vn 0.45952746 -0.76004541 -0.45952746
vn -0.60042042 -0.76002592 0.24870847
vn 0.36109543 -0.75999039 -0.54039317
vn -0.54039317 -0.75999039 0.36109543
vn 0.24870847 -0.76002592 -0.60042042
vn 0.12680274 -0.76001638 0.63741374
vn 0.00000000 -0.76001143 0.64990979
vn -0.45952746 -0.76004541 0.45952746
vn 0.12680274 -0.76001638 -0.63741374
vn 0.38340589 -0.07270112 0.92071420
vn 0.24870847 -0.76002592 0.60042042
vn -0.36109543 -0.75999039 0.54039317
vn 0.00000000 -0.76001143 -0.64990979
vn 0.36109543 -0.75999039 0.54039317
vn -0.24870847 -0.76002592 0.60042042
vn -0.12680274 -0.76001638 -0.63741374
vn 0.00000000 -0.76001143 -0.64990979
vn 0.45952746 -0.76004541 0.45952746
vn -0.12680274 -0.76001638 0.63741374
vn -0.24870847 -0.76002592 -0.60042042
vn 0.54039317 -0.75999039 0.36109543
vn -0.36109543 -0.75999039 -0.54039317
vn 0.60042042 -0.76002592 0.24870847
vn -0.45952746 -0.76004541 -0.45952746
vn 0.63741374 -0.76001638 0.12680274
vn -0.54039317 -0.75999039 -0.36109543
vn 0.64990979 -0.76001143 0.00000000
vn -0.90989792 0.17329961 0.37689912
vn -0.90989792 0.17329961 0.37689912
vn -0.96594930 0.17330883 0.19210981
vn -0.96594930 0.17330883 0.19210981
vn 0.54711407 0.17330445 -0.81892109
vn 0.54711407 0.17330445 -0.81892109
vn 0.69640738 0.17330183 -0.69640738
vn 0.69640738 0.17330183 -0.69640738
vn -0.81892109 0.17330445 0.54711407
vn -0.81892109 0.17330445 0.54711407
vn 0.37689912 0.17329961 -0.90989792
vn 0.37689912 0.17329961 -0.90989792
vn 0.19210981 0.17330883 0.96594930
vn 0.19210981 0.17330883 0.96594930
vn 0.00000000 0.17329472 0.98487008
vn 0.00000000 0.17329472 0.98487008
vn -0.69640738 0.17330183 0.69640738
vn -0.69640738 0.17330183 0.69640738
vn 0.19210981 0.17330883 -0.96594930
vn 0.19210981 0.17330883 -0.96594930
vn 0.37689912 0.17329961 0.90989792
vn 0.37689912 0.17329961 0.90989792
vn -0.54711407 0.17330445 0.81892109
vn -0.54711407 0.17330445 0.81892109
vn 0.00000000 0.17329472 -0.98487008
vn 0.00000000 0.17329472 -0.98487008
vn 0.54711407 0.17330445 0.81892109
vn 0.54711407 0.17330445 0.81892109
vn -0.37689912 0.17329961 0.90989792
vn -0.37689912 0.17329961 0.90989792
vn -0.19210981 0.17330883 -0.96594930
vn -0.19210981 0.17330883 -0.96594930
vn 0.00000000 0.17329472 -0.98487008
vn 0.00000000 0.17329472 -0.98487008
vn 0.69640738 0.17330183 0.69640738
vn 0.69640738 0.17330183 0.69640738
vn -0.19210981 0.17330883 0.96594930
vn -0.19210981 0.17330883 0.96594930
vn -0.37689912 0.17329961 -0.90989792
vn -0.37689912 0.17329961 -0.90989792
vn 0.81892109 0.17330445 0.54711407
vn 0.81892109 0.17330445 0.54711407
vn -0.54711407 0.17330445 -0.81892109
vn -0.54711407 0.17330445 -0.81892109
vn 0.90989792 0.17329961 0.37689912
vn 0.90989792 0.17329961 0.37689912
vn -0.69640738 0.17330183 -0.69640738
vn -0.69640738 0.17330183 -0.69640738
vn 0.96594930 0.17330883 0.19210981
vn 0.96594930 0.17330883 0.19210981
vn -0.81892109 0.17330445 -0.54711407
vn -0.81892109 0.17330445 -0.54711407
vn 0.98487008 0.17329472 0.00000000
vn 0.98487008 0.17329472 0.00000000
vn -0.90989792 0.17329961 -0.37689912
vn -0.90989792 0.17329961 -0.37689912
vn 0.96594930 0.17330883 -0.19210981
vn 0.96594930 0.17330883 -0.19210981
vn -0.96594930 0.17330883 -0.19210981
vn -0.96594930 0.17330883 -0.19210981
vn 0.90989792 0.17329961 -0.37689912
vn 0.90989792 0.17329961 -0.37689912
vn -0.98487008 0.17329472 0.00000000
vn -0.98487008 0.17329472 0.00000000
vn 0.81892109 0.17330445 -0.54711407
vn 0.81892109 0.17330445 -0.54711407
vn 0.10109912 0.96449161 0.24399789
vn 0.05410311 0.98995686 0.13060752
vn 0.02760136 0.98994887 0.13870683
vn 0.05150017 0.96450323 0.25900087
vn -0.14669961 0.96449751 0.21959943
vn -0.07860355 0.98994470 0.11760531
vn -0.10000491 0.98994863 0.10000491
vn -0.18670243 0.96451253 0.18670243
vn 0.00000000 0.96449566 -0.26409879
vn 0.00000000 0.98995155 -0.14140736
vn 0.02760136 0.98994887 -0.13870683
vn 0.05150017 0.96450323 -0.25900087
vn 0.14669961 0.96449751 0.21959943
vn 0.07860355 0.98994470 0.11760531
vn 0.05410311 0.98995686 0.13060752
vn -0.10109912 0.96449161 0.24399789
vn -0.05410311 0.98995686 0.13060752
vn -0.07860355 0.98994470 0.11760531
vn -0.05150017 0.96450323 -0.25900087
vn -0.02760136 0.98994887 -0.13870683
vn 0.00000000 0.98995155 -0.14140736
vn 0.00000000 0.96449566 -0.26409879
vn 0.18679896 0.96449459 0.18669896
vn 0.10000491 0.98994863 0.10000491
vn 0.07860355 0.98994470 0.11760531
vn -0.05150017 0.96450323 0.25900087
vn -0.02760136 0.98994887 0.13870683
vn -0.05410311 0.98995686 0.13060752
vn -0.10109912 0.96449161 -0.24399789
vn -0.05410311 0.98995686 -0.13060752
vn -0.02760136 0.98994887 -0.13870683
vn 0.21959943 0.96449751 0.14669961
vn 0.11760531 0.98994470 0.07860355
vn 0.10000491 0.98994863 0.10000491
vn 0.00000000 0.96449566 0.26409879
vn 0.00000000 0.98995155 0.14140736
vn -0.02760136 0.98994887 0.13870683
vn -0.14669961 0.96449751 -0.21959943
vn -0.07860355 0.98994470 -0.11760531
vn -0.05410311 0.98995686 -0.13060752
vn 0.24399789 0.96449161 0.10109912
vn 0.13060752 0.98995686 0.05410311
vn 0.11760531 0.98994470 0.07860355
vn -0.18670243 0.96451253 -0.18670243
vn -0.10000491 0.98994863 -0.10000491
vn -0.07860355 0.98994470 -0.11760531
vn 0.25900087 0.96450323 0.05150017
vn 0.13870683 0.98994887 0.02760136
vn 0.13060752 0.98995686 0.05410311
vn -0.21959943 0.96449751 -0.14669961
vn -0.11760531 0.98994470 -0.07860355
vn -0.10000491 0.98994863 -0.10000491
vn 0.26409879 0.96449566 0.00000000
vn 0.14140736 0.98995155 0.00000000
vn 0.13870683 0.98994887 0.02760136
vn -0.24399789 0.96449161 -0.10109912
vn -0.13060752 0.98995686 -0.05410311
vn -0.11760531 0.98994470 -0.07860355
vn 0.25900087 0.96450323 -0.05150017
vn 0.13870683 0.98994887 -0.02760136
vn 0.14140736 0.98995155 0.00000000
vn -0.25900087 0.96450323 -0.05150017
vn -0.13870683 0.98994887 -0.02760136
vn -0.13060752 0.98995686 -0.05410311
vn 0.24399789 0.96449161 -0.10109912
vn 0.13060752 0.98995686 -0.05410311
vn 0.13870683 0.98994887 -0.02760136
vn -0.26409879 0.96449566 0.00000000
vn -0.14140736 0.98995155 0.00000000
vn -0.13870683 0.98994887 -0.02760136
vn 0.21959943 0.96449751 -0.14669961
vn 0.11760531 0.98994470 -0.07860355
vn 0.13060752 0.98995686 -0.05410311
vn -0.25900087 0.96450323 0.05150017
vn -0.13870683 0.98994887 0.02760136
vn -0.14140736 0.98995155 0.00000000
vn 0.18670243 0.96451253 -0.18670243
vn 0.10000491 0.98994863 -0.10000491
vn 0.11760531 0.98994470 -0.07860355
vn -0.24399789 0.96449161 0.10109912
vn -0.13060752 0.98995686 0.05410311
vn -0.13870683 0.98994887 0.02760136
vn 0.14669961 0.96449751 -0.21959943
vn 0.07860355 0.98994470 -0.11760531
vn 0.10000491 0.98994863 -0.10000491
vn -0.21959943 0.96449751 0.14669961
vn -0.11760531 0.98994470 0.07860355
vn -0.13060752 0.98995686 0.05410311
vn 0.10100015 0.96450138 -0.24400035
vn 0.05410311 0.98995686 -0.13060752
vn 0.07860355 0.98994470 -0.11760531
vn 0.02760136 0.98994887 0.13870683
vn 0.00000000 0.98995155 0.14140736
vn -0.10000491 0.98994863 0.10000491
vn -0.11760531 0.98994470 0.07860355
vn 0.02760136 0.98994887 -0.13870683
vn 0.05410311 0.98995686 -0.13060752
vn 0.00000000 1.00000000 0.00000000
vn 0.00000000 1.00000000 0.00000000
vn 0.00000000 1.00000000 0.00000000
vn 0.00000000 1.00000000 0.00000000
vn 0.00000000 1.00000000 0.00000000
vn 0.00000000 1.00000000 0.00000000
vn 0.00000000 1.00000000 0.00000000
vn 0.00000000 1.00000000 0.00000000
vn 0.00000000 1.00000000 0.00000000
vn 0.00000000 1.00000000 0.00000000
vn 0.00000000 1.00000000 0.00000000
vn 0.00000000 1.00000000 0.00000000
vn 0.00000000 1.00000000 0.00000000
vn 0.00000000 1.00000000 0.00000000
vn 0.00000000 1.00000000 0.00000000
vn 0.00000000 1.00000000 0.00000000
vn 0.00000000 1.00000000 0.00000000
vn 0.00000000 1.00000000 0.00000000
vn 0.00000000 1.00000000 0.00000000
vn 0.00000000 1.00000000 0.00000000
vn 0.00000000 1.00000000 0.00000000
vn 0.00000000 1.00000000 0.00000000
vn 0.00000000 1.00000000 0.00000000
vn 0.00000000 1.00000000 0.00000000
vn 0.00000000 1.00000000 0.00000000
vn 0.00000000 1.00000000 0.00000000
vn 0.00000000 1.00000000 0.00000000
vn 0.00000000 1.00000000 0.00000000
vn 0.00000000 1.00000000 0.00000000
vn 0.00000000 1.00000000 0.00000000
vn 0.00000000 1.00000000 0.00000000
vn 0.00000000 1.00000000 0.00000000
vn -0.02790058 -0.01340028 0.99952096
vn 0.16089851 -0.08039925 0.98369086
vn -0.00379987 -0.96396804 0.26599118
vn 0.04790075 -0.96261513 0.26660421
vn -0.05210197 -0.96473646 0.25800973
vn -0.10180359 -0.96403402 0.24550866
vn 0.10570548 -0.96084982 0.25611329
vn -0.14920881 -0.96295679 0.22461325
vn -0.19541638 -0.96048045 0.19821662
vn -0.23959617 -0.95578474 0.17049727
vn 0.15800412 -0.96032500 0.22980598
vn 0.20149800 -0.95879054 0.20029801
vn 0.24361350 -0.95435286 0.17280959
vn -0.29140306 -0.95201004 0.09360098
vn -0.30540839 -0.94932604 0.07420203
vn -0.31390831 -0.94932508 0.01560041
vn -0.30311134 -0.94993556 -0.07580284
vn -0.26331455 -0.95705283 -0.12130670
vn -0.21530379 -0.96321696 -0.16080283
vn -0.18119389 -0.96546745 -0.18719368
vn -0.09669696 -0.96496958 -0.24389233
vn -0.14360757 -0.96595091 -0.21521135
vn 0.04300236 -0.96785295 -0.24781355
vn 0.00080005 -0.96746171 -0.25301611
vn -0.03730045 -0.96711153 -0.25160301
vn 0.00080005 -0.96746171 -0.25301611
vn 0.09660516 -0.96585155 -0.24041285
vn 0.14029916 -0.96619409 -0.21629868
vn 0.18259537 -0.96467549 -0.18989517
vn 0.21880528 -0.96202332 -0.16320395
vn 0.26829398 -0.95547861 -0.12279725
vn 0.30860078 -0.94810236 -0.07660019
vn 0.31969810 -0.94739431 0.01539991
vn 0.31110623 -0.94741893 0.07490150
vn 0.29689190 -0.95017409 0.09499741
vn 0.91148478 -0.00579990 -0.41129315
vn 0.75277567 -0.05729815 -0.65577883
vn 0.64451516 -0.02390056 -0.76421791
vn 0.53982365 -0.04750208 -0.84043688
vn 0.36050457 -0.03470044 -0.93211180
vn 0.18570876 -0.04770225 -0.98144633
vn 0.03890123 -0.03770120 -0.99853164
vn -0.14330247 -0.05190090 -0.98831713
vn -0.36791936 -0.03630191 -0.92914879
vn -0.56410158 -0.04980014 -0.82420224
vn -0.66020942 -0.02360034 -0.75071073
vn -0.75293636 -0.05570269 -0.65573168
vn -0.91024840 -0.00580031 -0.41402203
vn -0.98322934 -0.03050091 -0.17980537
vn -0.99804974 0.00160008 -0.06240311
vn -0.95433050 -0.07830250 0.28830922
vn -0.99168390 -0.00000000 0.12869792
vn -0.57639271 -0.42609459 -0.69729120
vn 0.38329992 0.66909981 0.63669980
vn -0.90607470 0.29379180 0.30449152
vn -0.38300762 0.67181337 0.63401264
vn -1.00000000 -0.00000000 0.00000000
vn -0.98078394 -0.00000000 -0.19509681
vn 0.92387664 -0.00000000 -0.38269031
vn 0.98078394 -0.00000000 -0.19509681
vn -0.92387664 -0.00000000 -0.38269031
vn 1.00000000 -0.00000000 0.00000000
vn -0.83143437 -0.00000000 -0.55562299
vn 0.98078394 -0.00000000 0.19509681
vn -0.70710683 -0.00000000 -0.70710683
vn 0.92387664 -0.00000000 0.38269031
vn -0.55562299 -0.00000000 -0.83143437
vn 0.83143437 -0.00000000 0.55562299
vn -0.38269031 -0.00000000 -0.92387664
vn 0.00000000 -0.00000000 1.00000000
vn -0.19509681 -0.00000000 0.98078394
vn 0.70710683 -0.00000000 0.70710683
vn -0.19509681 -0.00000000 -0.98078394
vn -0.38269031 -0.00000000 0.92387664
vn 0.55562299 -0.00000000 0.83143437
vn 0.00000000 -0.00000000 -1.00000000
vn -0.55562299 -0.00000000 0.83143437
vn 0.38269031 -0.00000000 0.92387664
vn 0.00000000 -0.00000000 -1.00000000
vn 0.19509681 -0.00000000 -0.98078394
vn -0.70710683 -0.00000000 0.70710683
vn 0.19509681 -0.00000000 0.98078394
vn 0.38269031 -0.00000000 -0.92387664
vn -0.83143437 -0.00000000 0.55562299
vn 0.55562299 -0.00000000 -0.83143437
vn -0.92387664 -0.00000000 0.38269031
vn 0.70710683 -0.00000000 -0.70710683
vn -0.98078394 -0.00000000 0.19509681
vn 0.83143437 -0.00000000 -0.55562299
f 1/1/1 2/2/2 3/3/3
f 1/1/1 3/3/3 4/4/4
f 4/4/4 3/3/3 5/5/5
f 4/4/4 5/5/5 6/6/6
f 7/7/7 8/8/8 9/9/9
f 7/7/7 9/9/9 10/10/10
f 11/11/11 12/12/12 8/8/8
f 11/11/11 8/8/8 7/7/7
f 13/13/13 14/14/14 15/15/15
f 13/13/13 15/15/15 16/16/16
f 17/17/17 16/16/16 15/15/15
f 17/17/17 15/15/15 18/18/18
f 19/19/19 20/20/20 21/21/21
f 19/19/19 21/21/21 10/10/10
f 22/22/22 23/23/23 24/24/24
f 22/22/22 24/24/24 25/25/25
f 26/26/26 27/27/27 28/28/28
f 26/26/26 28/28/28 29/29/29
f 30/30/30 31/31/31 32/32/32
f 30/30/30 32/32/32 33/33/33
f 34/34/34 35/35/35 36/36/36
f 34/34/34 36/36/36 37/37/37
f 37/37/37 36/36/36 31/31/31
f 37/37/37 31/31/31 30/30/30
f 38/38/38 39/39/39 16/16/16
f 38/38/38 16/16/16 17/17/17
f 40/40/40 41/41/41 39/39/39
f 40/40/40 39/39/39 38/38/38
f 42/42/42 43/43/43 44/44/44
f 14/14/14 13/13/13 45/45/45
f 46/46/46 47/47/47 48/48/48
f 46/46/46 48/48/48 29/29/29
f 49/49/49 50/50/50 51/51/51
f 49/49/49 51/51/51 52/52/52
f 52/52/52 51/51/51 53/53/53
f 52/52/52 53/53/53 54/54/54
f 55/55/55 56/56/56 57/57/57
f 55/55/55 57/57/57 58/58/58
f 59/59/59 60/60/60 56/56/56
f 59/59/59 56/56/56 55/55/55
f 6/6/6 14/14/14 45/45/45
f 58/58/58 57/57/57 61/61/61
f 58/58/58 61/61/61 62/62/62
f 63/63/63 64/64/64 48/48/48
f 63/63/63 48/48/48 65/65/65
f 66/66/66 67/67/67 47/47/47
f 66/66/66 47/47/47 46/46/46
f 68/68/68 21/21/21 20/20/20
f 68/68/68 20/20/20 69/69/69
f 14/14/14 6/6/6 5/5/5
f 70/70/70 71/71/71 72/72/72
f 70/70/70 72/72/72 73/73/73
f 73/73/73 72/72/72 21/21/21
f 73/73/73 21/21/21 68/68/68
f 74/74/74 75/75/75 45/45/45
f 74/74/74 45/45/45 13/13/13
f 76/76/76 77/77/77 75/75/75
f 76/76/76 75/75/75 74/74/74
f 78/78/78 79/79/79 42/42/42
f 78/78/78 42/42/42 80/80/80
f 81/81/81 43/43/43 42/42/42
f 81/81/81 42/42/42 65/65/65
f 82/82/82 83/83/83 43/43/43
f 82/82/82 43/43/43 81/81/81
f 84/84/84 85/85/85 86/86/86
f 87/87/87 88/88/88 89/89/89
f 41/41/41 76/76/76 74/74/74
f 41/41/41 74/74/74 39/39/39
f 39/39/39 74/74/74 13/13/13
f 39/39/39 13/13/13 16/16/16
f 36/36/36 73/73/73 68/68/68
f 36/36/36 68/68/68 31/31/31
f 90/90/90 91/91/91 73/73/73
f 90/90/90 73/73/73 36/36/36
f 31/31/31 68/68/68 69/69/69
f 31/31/31 69/69/69 32/32/32
f 27/27/27 66/66/66 46/46/46
f 27/27/27 46/46/46 28/28/28
f 28/28/28 46/46/46 29/29/29
f 50/50/50 40/40/40 38/38/38
f 50/50/50 38/38/38 51/51/51
f 51/51/51 38/38/38 17/17/17
f 51/51/51 17/17/17 53/53/53
f 56/56/56 37/37/37 30/30/30
f 56/56/56 30/30/30 57/57/57
f 92/92/92 93/93/93 37/37/37
f 92/92/92 37/37/37 56/56/56
f 57/57/57 30/30/30 33/33/33
f 57/57/57 33/33/33 61/61/61
f 64/64/64 26/26/26 29/29/29
f 64/64/64 29/29/29 48/48/48
f 67/67/67 82/82/82 81/81/81
f 67/67/67 81/81/81 47/47/47
f 47/47/47 81/81/81 65/65/65
f 47/47/47 65/65/65 48/48/48
f 79/79/79 63/63/63 65/65/65
f 79/79/79 65/65/65 42/42/42
f 94/94/94 58/58/58 62/62/62
f 94/94/94 62/62/62 95/95/95
f 96/96/96 97/97/97 55/55/55
f 96/96/96 55/55/55 98/98/98
f 98/98/98 55/55/55 58/58/58
f 98/98/98 58/58/58 94/94/94
f 99/99/99 52/52/52 54/54/54
f 99/99/99 54/54/54 100/100/100
f 101/101/101 49/49/49 52/52/52
f 101/101/101 52/52/52 99/99/99
f 102/102/102 19/19/19 10/10/10
f 102/102/102 10/10/10 9/9/9
f 103/103/103 104/104/104 7/7/7
f 103/103/103 7/7/7 72/72/72
f 72/72/72 7/7/7 10/10/10
f 72/72/72 10/10/10 21/21/21
f 75/75/75 4/4/4 6/6/6
f 75/75/75 6/6/6 45/45/45
f 77/77/77 1/1/1 4/4/4
f 77/77/77 4/4/4 75/75/75
f 53/53/53 17/17/17 18/18/18
f 18/18/18 54/54/54 53/53/53
f 54/54/54 18/18/18 100/100/100
f 105/105/105 106/106/106 107/107/107
f 105/105/105 107/107/107 108/108/108
f 109/109/109 110/110/110 111/111/111
f 109/109/109 111/111/111 112/112/112
f 113/113/113 114/114/114 115/115/115
f 113/113/113 115/115/115 116/116/116
f 117/117/117 118/118/118 114/114/114
f 117/117/117 114/114/114 113/113/113
f 119/119/119 117/117/117 120/120/120
f 121/121/121 122/122/122 123/123/123
f 105/105/105 124/124/124 125/125/125
f 105/105/105 125/125/125 122/122/122
f 126/126/126 119/119/119 120/120/120
f 126/126/126 120/120/120 127/127/127
f 126/126/126 127/127/127 128/128/128
f 128/128/128 127/127/127 129/129/129
f 128/128/128 129/129/129 130/130/130
f 131/131/131 132/132/132 133/133/133
f 131/131/131 133/133/133 108/108/108
f 134/134/134 124/124/124 133/133/133
f 134/134/134 133/133/133 112/112/112
f 135/135/135 134/134/134 112/112/112
f 135/135/135 112/112/112 111/111/111
f 136/136/136 137/137/137 108/108/108
f 136/136/136 108/108/108 107/107/107
f 138/138/138 128/128/128 130/130/130
f 138/138/138 130/130/130 139/139/139
f 140/140/140 126/126/126 128/128/128
f 140/140/140 128/128/128 138/138/138
f 141/141/141 142/142/142 119/119/119
f 106/106/106 105/105/105 122/122/122
f 106/106/106 122/122/122 121/121/121
f 124/124/124 134/134/134 143/143/143
f 124/124/124 143/143/143 125/125/125
f 144/144/144 119/119/119 142/142/142
f 120/120/120 117/117/117 113/113/113
f 120/120/120 113/113/113 127/127/127
f 127/127/127 113/113/113 116/116/116
f 127/127/127 116/116/116 129/129/129
f 145/145/145 146/146/146 112/112/112
f 145/145/145 112/112/112 133/133/133
f 124/124/124 105/105/105 108/108/108
f 124/124/124 108/108/108 133/133/133
f 117/117/117 119/119/119 144/144/144
f 118/118/118 117/117/117 144/144/144
f 119/119/119 126/126/126 141/141/141
f 141/141/141 126/126/126 140/140/140
f 147/147/147 148/148/148 149/149/149
f 150/150/150 151/151/151 152/152/152
f 150/150/150 152/152/152 153/153/153
f 153/153/153 152/152/152 154/154/154
f 153/153/153 154/154/154 155/155/155
f 155/155/155 154/154/154 156/156/156
f 155/155/155 156/156/156 157/157/157
f 157/157/157 156/156/156 158/158/158
f 157/157/157 158/158/158 159/159/159
f 159/159/159 158/158/158 160/160/160
f 159/159/159 160/160/160 161/161/161
f 161/161/161 160/160/160 162/162/162
f 161/161/161 162/162/162 163/163/163
f 163/163/163 162/162/162 164/164/164
f 163/163/163 164/164/164 165/165/165
f 165/165/165 164/164/164 166/166/166
f 165/165/165 166/166/166 167/167/167
f 167/167/167 166/166/166 168/168/168
f 167/167/167 168/168/168 169/169/169
f 169/169/169 168/168/168 170/170/170
f 169/169/169 170/170/170 171/171/171
f 171/171/171 170/170/170 172/172/172
f 171/171/171 172/172/172 173/173/173
f 173/173/173 172/172/172 174/174/174
f 173/173/173 174/174/174 175/175/175
f 176/176/176 177/177/177 178/178/178
f 176/176/176 178/178/178 179/179/179
f 175/175/175 180/180/180 181/181/181
f 176/176/176 182/182/182 183/183/183
f 176/176/176 183/183/183 184/184/184
f 176/176/176 184/184/184 177/177/177
f 185/185/185 186/186/186 184/184/184
f 185/185/185 184/184/184 183/183/183
f 187/187/187 188/188/188 189/189/189
f 187/187/187 189/189/189 190/190/190
f 191/191/191 192/192/192 193/193/193
f 191/191/191 193/193/193 194/194/194
f 195/195/195 196/196/196 192/192/192
f 195/195/195 192/192/192 191/191/191
f 197/197/197 198/198/198 196/196/196
f 197/197/197 196/196/196 195/195/195
f 199/199/199 200/200/200 198/198/198
f 199/199/199 198/198/198 197/197/197
f 201/201/201 202/202/202 200/200/200
f 201/201/201 200/200/200 199/199/199
f 203/203/203 204/204/204 202/202/202
f 203/203/203 202/202/202 201/201/201
f 205/205/205 206/206/206 204/204/204
f 205/205/205 204/204/204 203/203/203
f 207/207/207 208/208/208 206/206/206
f 207/207/207 206/206/206 205/205/205
f 208/208/208 209/209/209 210/210/210
f 211/211/211 212/212/212 213/213/213
f 214/214/214 215/215/215 216/216/216
f 214/214/214 216/216/216 217/217/217
f 218/218/218 214/214/214 217/217/217
f 218/218/218 217/217/217 219/219/219
f 220/220/220 218/218/218 219/219/219
f 220/220/220 219/219/219 221/221/221
f 222/222/222 220/220/220 221/221/221
f 222/222/222 221/221/221 223/223/223
f 224/224/224 222/222/222 223/223/223
f 224/224/224 223/223/223 225/225/225
f 226/226/226 224/224/224 225/225/225
f 226/226/226 225/225/225 227/227/227
f 228/228/228 226/226/226 227/227/227
f 228/228/228 227/227/227 229/229/229
f 230/230/230 231/231/231 232/232/232
f 233/233/233 234/234/234 235/235/235
f 233/233/233 235/235/235 228/228/228
f 236/236/236 233/233/233 229/229/229
f 180/180/180 175/175/175 174/174/174
f 232/232/232 231/231/231 237/237/237
f 232/232/232 237/237/237 238/238/238
f 239/239/239 240/240/240 237/237/237
f 239/239/239 237/237/237 241/241/241
f 242/242/242 243/243/243 244/244/244
f 213/213/213 212/212/212 245/245/245
f 246/246/246 217/217/217 216/216/216
f 246/246/246 216/216/216 247/247/247
f 248/248/248 219/219/219 217/217/217
f 248/248/248 217/217/217 246/246/246
f 249/249/249 221/221/221 219/219/219
f 249/249/249 219/219/219 248/248/248
f 250/250/250 223/223/223 221/221/221
f 250/250/250 221/221/221 249/249/249
f 251/251/251 225/225/225 223/223/223
f 251/251/251 223/223/223 250/250/250
f 252/252/252 227/227/227 225/225/225
f 252/252/252 225/225/225 251/251/251
f 253/253/253 229/229/229 227/227/227
f 253/253/253 227/227/227 252/252/252
f 254/254/254 255/255/255 256/256/256
f 254/254/254 257/257/257 255/255/255
f 256/256/256 255/255/255 258/258/258
f 256/256/256 258/258/258 259/259/259
f 257/257/257 260/260/260 258/258/258
f 257/257/257 258/258/258 255/255/255
f 260/260/260 238/238/238 258/258/258
f 240/240/240 259/259/259 258/258/258
f 237/237/237 240/240/240 261/261/261
f 258/258/258 261/261/261 240/240/240
f 237/237/237 261/261/261 238/238/238
f 258/258/258 238/238/238 261/261/261
f 241/241/241 262/262/262 239/239/239
f 263/263/263 264/264/264 229/229/229
f 265/265/265 189/189/189 266/266/266
f 265/265/265 266/266/266 267/267/267
f 267/267/267 266/266/266 268/268/268
f 267/267/267 268/268/268 269/269/269
f 269/269/269 268/268/268 270/270/270
f 269/269/269 270/270/270 271/271/271
f 272/272/272 173/173/173 175/175/175
f 272/272/272 175/175/175 181/181/181
f 273/273/273 171/171/171 173/173/173
f 273/273/273 173/173/173 272/272/272
f 274/274/274 169/169/169 171/171/171
f 274/274/274 171/171/171 273/273/273
f 275/275/275 167/167/167 169/169/169
f 275/275/275 169/169/169 274/274/274
f 276/276/276 165/165/165 167/167/167
f 276/276/276 167/167/167 275/275/275
f 277/277/277 163/163/163 165/165/165
f 277/277/277 165/165/165 276/276/276
f 278/278/278 161/161/161 163/163/163
f 278/278/278 163/163/163 277/277/277
f 279/279/279 159/159/159 161/161/161
f 279/279/279 161/161/161 278/278/278
f 280/280/280 157/157/157 159/159/159
f 280/280/280 159/159/159 279/279/279
f 281/281/281 155/155/155 157/157/157
f 281/281/281 157/157/157 280/280/280
f 282/282/282 153/153/153 155/155/155
f 282/282/282 155/155/155 281/281/281
f 283/283/283 150/150/150 153/153/153
f 283/283/283 153/153/153 282/282/282
f 212/212/212 284/284/284 245/245/245
f 285/285/285 245/245/245 284/284/284
f 213/213/213 245/245/245 286/286/286
f 213/213/213 286/286/286 287/287/287
f 287/287/287 286/286/286 288/288/288
f 287/287/287 288/288/288 289/289/289
f 289/289/289 288/288/288 290/290/290
f 289/289/289 290/290/290 291/291/291
f 291/291/291 290/290/290 292/292/292
f 291/291/291 292/292/292 293/293/293
f 293/293/293 292/292/292 294/294/294
f 293/293/293 294/294/294 295/295/295
f 295/295/295 294/294/294 296/296/296
f 295/295/295 296/296/296 297/297/297
f 297/297/297 296/296/296 298/298/298
f 297/297/297 298/298/298 299/299/299
f 299/299/299 298/298/298 190/190/190
f 299/299/299 190/190/190 300/300/300
f 300/300/300 190/190/190 189/189/189
f 300/300/300 189/189/189 265/265/265
f 301/301/301 245/245/245 285/285/285
f 245/245/245 301/301/301 302/302/302
f 245/245/245 302/302/302 286/286/286
f 286/286/286 302/302/302 303/303/303
f 286/286/286 303/303/303 288/288/288
f 288/288/288 303/303/303 304/304/304
f 288/288/288 304/304/304 290/290/290
f 290/290/290 304/304/304 305/305/305
f 290/290/290 305/305/305 292/292/292
f 292/292/292 305/305/305 306/306/306
f 292/292/292 306/306/306 294/294/294
f 294/294/294 306/306/306 307/307/307
f 294/294/294 307/307/307 296/296/296
f 296/296/296 307/307/307 308/308/308
f 296/296/296 308/308/308 298/298/298
f 298/298/298 308/308/308 187/187/187
f 298/298/298 187/187/187 190/190/190
f 194/194/194 185/185/185 188/188/188
f 194/194/194 188/188/188 187/187/187
f 189/189/189 188/188/188 182/182/182
f 189/189/189 182/182/182 266/266/266
f 266/266/266 182/182/182 176/176/176
f 266/266/266 176/176/176 268/268/268
f 268/268/268 176/176/176 179/179/179
f 268/268/268 179/179/179 270/270/270
f 210/210/210 283/283/283 282/282/282
f 210/210/210 282/282/282 309/309/309
f 309/309/309 282/282/282 281/281/281
f 309/309/309 281/281/281 310/310/310
f 310/310/310 281/281/281 280/280/280
f 310/310/310 280/280/280 311/311/311
f 311/311/311 280/280/280 279/279/279
f 311/311/311 279/279/279 312/312/312
f 312/312/312 279/279/279 278/278/278
f 312/312/312 278/278/278 313/313/313
f 313/313/313 278/278/278 277/277/277
f 313/313/313 277/277/277 314/314/314
f 314/314/314 277/277/277 276/276/276
f 314/314/314 276/276/276 315/315/315
f 315/315/315 276/276/276 275/275/275
f 315/315/315 275/275/275 316/316/316
f 316/316/316 275/275/275 274/274/274
f 316/316/316 274/274/274 317/317/317
f 317/317/317 274/274/274 273/273/273
f 317/317/317 273/273/273 184/184/184
f 317/317/317 184/184/184 186/186/186
f 184/184/184 273/273/273 272/272/272
f 184/184/184 272/272/272 177/177/177
f 177/177/177 272/272/272 181/181/181
f 177/177/177 181/181/181 178/178/178
f 318/318/318 210/210/210 209/209/209
f 193/193/193 186/186/186 185/185/185
f 193/193/193 185/185/185 194/194/194
f 301/301/301 285/285/285 319/319/319
f 301/301/301 207/207/207 205/205/205
f 301/301/301 205/205/205 302/302/302
f 302/302/302 205/205/205 203/203/203
f 302/302/302 203/203/203 303/303/303
f 303/303/303 203/203/203 201/201/201
f 303/303/303 201/201/201 304/304/304
f 304/304/304 201/201/201 199/199/199
f 304/304/304 199/199/199 305/305/305
f 305/305/305 199/199/199 197/197/197
f 305/305/305 197/197/197 306/306/306
f 306/306/306 197/197/197 195/195/195
f 306/306/306 195/195/195 307/307/307
f 307/307/307 195/195/195 191/191/191
f 307/307/307 191/191/191 308/308/308
f 308/308/308 191/191/191 194/194/194
f 308/308/308 194/194/194 187/187/187
f 188/188/188 185/185/185 183/183/183
f 188/188/188 183/183/183 182/182/182
f 301/301/301 319/319/319 207/207/207
f 193/193/193 316/316/316 317/317/317
f 193/193/193 317/317/317 186/186/186
f 192/192/192 315/315/315 316/316/316
f 192/192/192 316/316/316 193/193/193
f 196/196/196 314/314/314 315/315/315
f 196/196/196 315/315/315 192/192/192
f 198/198/198 313/313/313 314/314/314
f 198/198/198 314/314/314 196/196/196
f 200/200/200 312/312/312 313/313/313
f 200/200/200 313/313/313 198/198/198
f 202/202/202 311/311/311 312/312/312
f 202/202/202 312/312/312 200/200/200
f 204/204/204 310/310/310 311/311/311
f 204/204/204 311/311/311 202/202/202
f 206/206/206 309/309/309 310/310/310
f 206/206/206 310/310/310 204/204/204
f 208/208/208 210/210/210 309/309/309
f 208/208/208 309/309/309 206/206/206
f 242/242/242 244/244/244 320/320/320
f 242/242/242 320/320/320 321/321/321
f 321/321/321 320/320/320 322/322/322
f 321/321/321 322/322/322 323/323/323
f 323/323/323 322/322/322 324/324/324
f 323/323/323 324/324/324 325/325/325
f 326/326/326 327/327/327 328/328/328
f 326/326/326 328/328/328 329/329/329
f 330/330/330 331/331/331 325/325/325
f 330/330/330 325/325/325 324/324/324
f 332/332/332 333/333/333 334/334/334
f 332/332/332 334/334/334 335/335/335
f 335/335/335 334/334/334 336/336/336
f 335/335/335 336/336/336 337/337/337
f 319/319/319 338/338/338 207/207/207
f 339/339/339 340/340/340 341/341/341
f 339/339/339 341/341/341 235/235/235
f 340/340/340 342/342/342 343/343/343
f 340/340/340 343/343/343 341/341/341
f 342/342/342 328/328/328 327/327/327
f 342/342/342 327/327/327 343/343/343
f 344/344/344 326/326/326 329/329/329
f 344/344/344 329/329/329 345/345/345
f 329/329/329 328/328/328 346/346/346
f 329/329/329 346/346/346 347/347/347
f 345/345/345 348/348/348 349/349/349
f 345/345/345 349/349/349 344/344/344
f 348/348/348 350/350/350 351/351/351
f 348/348/348 351/351/351 349/349/349
f 283/283/283 352/352/352 150/150/150
f 353/353/353 354/354/354 234/234/234
f 355/355/355 356/356/356 357/357/357
f 358/358/358 262/262/262 356/356/356
f 357/357/357 356/356/356 262/262/262
f 263/263/263 229/229/229 253/253/253
f 359/359/359 339/339/339 235/235/235
f 264/264/264 262/262/262 241/241/241
f 264/264/264 241/241/241 360/360/360
f 236/236/236 229/229/229 361/361/361
f 361/361/361 229/229/229 362/362/362
f 229/229/229 360/360/360 362/362/362
f 363/363/363 364/364/364 365/365/365
f 366/366/366 367/367/367 368/368/368
f 234/234/234 354/354/354 359/359/359
f 234/234/234 359/359/359 235/235/235
f 369/369/369 370/370/370 339/339/339
f 369/369/369 339/339/339 359/359/359
f 371/371/371 372/372/372 354/354/354
f 371/371/371 354/354/354 353/353/353
f 373/373/373 352/352/352 283/283/283
f 374/374/374 375/375/375 350/350/350
f 374/374/374 350/350/350 348/348/348
f 376/376/376 374/374/374 348/348/348
f 376/376/376 348/348/348 345/345/345
f 347/347/347 376/376/376 345/345/345
f 347/347/347 345/345/345 329/329/329
f 331/331/331 377/377/377 378/378/378
f 331/331/331 378/378/378 325/325/325
f 379/379/379 346/346/346 328/328/328
f 379/379/379 328/328/328 342/342/342
f 380/380/380 379/379/379 342/342/342
f 380/380/380 342/342/342 340/340/340
f 370/370/370 380/380/380 340/340/340
f 370/370/370 340/340/340 339/339/339
f 357/357/357 244/244/244 243/243/243
f 357/357/357 243/243/243 355/355/355
f 381/381/381 358/358/358 356/356/356
f 381/381/381 356/356/356 355/355/355
f 382/382/382 373/373/373 283/283/283
f 383/383/383 335/335/335 337/337/337
f 383/383/383 337/337/337 148/148/148
f 384/384/384 332/332/332 335/335/335
f 384/384/384 335/335/335 383/383/383
f 377/377/377 331/331/331 332/332/332
f 377/377/377 332/332/332 384/384/384
f 333/333/333 332/332/332 331/331/331
f 333/333/333 331/331/331 330/330/330
f 385/385/385 323/323/323 325/325/325
f 385/385/385 325/325/325 378/378/378
f 386/386/386 321/321/321 323/323/323
f 386/386/386 323/323/323 385/385/385
f 387/387/387 242/242/242 321/321/321
f 387/387/387 321/321/321 386/386/386
f 387/387/387 388/388/388 243/243/243
f 387/387/387 243/243/243 242/242/242
f 231/231/231 361/361/361 362/362/362
f 231/231/231 362/362/362 237/237/237
f 230/230/230 236/236/236 361/361/361
f 230/230/230 361/361/361 231/231/231
f 230/230/230 234/234/234 233/233/233
f 230/230/230 233/233/233 236/236/236
f 229/229/229 233/233/233 228/228/228
f 235/235/235 341/341/341 226/226/226
f 235/235/235 226/226/226 228/228/228
f 341/341/341 343/343/343 224/224/224
f 341/341/341 224/224/224 226/226/226
f 343/343/343 327/327/327 222/222/222
f 343/343/343 222/222/222 224/224/224
f 327/327/327 326/326/326 220/220/220
f 327/327/327 220/220/220 222/222/222
f 326/326/326 344/344/344 218/218/218
f 326/326/326 218/218/218 220/220/220
f 344/344/344 349/349/349 214/214/214
f 344/344/344 214/214/214 218/218/218
f 349/349/349 351/351/351 215/215/215
f 349/349/349 215/215/215 214/214/214
f 210/210/210 382/382/382 283/283/283
f 229/229/229 264/264/264 360/360/360
f 357/357/357 263/263/263 253/253/253
f 357/357/357 253/253/253 244/244/244
f 357/357/357 262/262/262 264/264/264
f 357/357/357 264/264/264 263/263/263
f 244/244/244 253/253/253 252/252/252
f 244/244/244 252/252/252 320/320/320
f 320/320/320 252/252/252 251/251/251
f 320/320/320 251/251/251 322/322/322
f 322/322/322 251/251/251 250/250/250
f 322/322/322 250/250/250 324/324/324
f 324/324/324 250/250/250 249/249/249
f 324/324/324 249/249/249 330/330/330
f 330/330/330 249/249/249 248/248/248
f 330/330/330 248/248/248 333/333/333
f 333/333/333 248/248/248 246/246/246
f 333/333/333 246/246/246 334/334/334
f 334/334/334 246/246/246 247/247/247
f 334/334/334 247/247/247 336/336/336
f 318/318/318 382/382/382 210/210/210
f 241/241/241 237/237/237 362/362/362
f 241/241/241 362/362/362 360/360/360
f 389/389/389 390/390/390 391/391/391
f 389/389/389 391/391/391 392/392/392
f 390/390/390 393/393/393 394/394/394
f 390/390/390 394/394/394 391/391/391
f 393/393/393 395/395/395 396/396/396
f 393/393/393 396/396/396 394/394/394
f 395/395/395 397/397/397 398/398/398
f 395/395/395 398/398/398 396/396/396
f 397/397/397 399/399/399 400/400/400
f 397/397/397 400/400/400 398/398/398
f 399/399/399 401/401/401 402/402/402
f 399/399/399 402/402/402 400/400/400
f 401/401/401 403/403/403 404/404/404
f 401/401/401 404/404/404 402/402/402
f 403/403/403 405/405/405 406/406/406
f 403/403/403 406/406/406 404/404/404
f 407/407/407 364/364/364 363/363/363
f 407/407/407 363/363/363 408/408/408
f 364/364/364 389/389/389 392/392/392
f 364/364/364 392/392/392 365/365/365
f 354/354/354 372/372/372 369/369/369
f 354/354/354 369/369/369 359/359/359
f 409/409/409 368/368/368 367/367/367
f 409/409/409 367/367/367 410/410/410
f 409/409/409 410/410/410 411/411/411
f 409/409/409 411/411/411 412/412/412
f 412/412/412 411/411/411 413/413/413
f 412/412/412 413/413/413 414/414/414
f 414/414/414 413/413/413 415/415/415
f 414/414/414 415/415/415 416/416/416
f 416/416/416 415/415/415 417/417/417
f 416/416/416 417/417/417 418/418/418
f 418/418/418 417/417/417 419/419/419
f 418/418/418 419/419/419 420/420/420
f 420/420/420 419/419/419 421/421/421
f 420/420/420 421/421/421 422/422/422
f 422/422/422 421/421/421 423/423/423
f 422/422/422 423/423/423 424/424/424
f 424/424/424 423/423/423 425/425/425
f 424/424/424 425/425/425 426/426/426
f 368/368/368 427/427/427 428/428/428
f 368/368/368 428/428/428 366/366/366
f 355/355/355 243/243/243 388/388/388
f 355/355/355 388/388/388 381/381/381
f 262/262/262 358/358/358 239/239/239
f 230/230/230 232/232/232 371/371/371
f 371/371/371 353/353/353 230/230/230
f 353/353/353 234/234/234 230/230/230
f 429/429/429 430/430/430 431/431/431
f 429/429/429 431/431/431 432/432/432
f 433/433/433 434/434/434 435/435/435
f 433/433/433 435/435/435 436/436/436
f 437/437/437 438/438/438 439/439/439
f 437/437/437 439/439/439 440/440/440
f 441/441/441 442/442/442 430/430/430
f 441/441/441 430/430/430 429/429/429
f 443/443/443 444/444/444 434/434/434
f 443/443/443 434/434/434 433/433/433
f 445/445/445 446/446/446 438/438/438
f 445/445/445 438/438/438 437/437/437
f 447/447/447 448/448/448 442/442/442
f 447/447/447 442/442/442 441/441/441
f 449/449/449 450/450/450 446/446/446
f 449/449/449 446/446/446 445/445/445
f 451/451/451 452/452/452 448/448/448
f 451/451/451 448/448/448 447/447/447
f 453/453/453 454/454/454 450/450/450
f 453/453/453 450/450/450 449/449/449
f 455/455/455 456/456/456 452/452/452
f 455/455/455 452/452/452 451/451/451
f 457/457/457 458/458/458 454/454/454
f 457/457/457 454/454/454 453/453/453
f 459/459/459 460/460/460 456/456/456
f 459/459/459 456/456/456 455/455/455
f 461/461/461 462/462/462 458/458/458
f 461/461/461 458/458/458 457/457/457
f 463/463/463 464/464/464 460/460/460
f 463/463/463 460/460/460 459/459/459
f 465/465/465 466/466/466 462/462/462
f 465/465/465 462/462/462 461/461/461
f 467/467/467 468/468/468 464/464/464
f 467/467/467 464/464/464 463/463/463
f 469/469/469 470/470/470 466/466/466
f 469/469/469 466/466/466 465/465/465
f 471/471/471 472/472/472 468/468/468
f 471/471/471 468/468/468 467/467/467
f 473/473/473 474/474/474 470/470/470
f 473/473/473 470/470/470 469/469/469
f 475/475/475 476/476/476 472/472/472
f 475/475/475 472/472/472 471/471/471
f 477/477/477 478/478/478 474/474/474
f 477/477/477 474/474/474 473/473/473
f 479/479/479 480/480/480 476/476/476
f 479/479/479 476/476/476 475/475/475
f 481/481/481 482/482/482 444/444/444
f 481/481/481 444/444/444 443/443/443
f 483/483/483 484/484/484 478/478/478
f 483/483/483 478/478/478 477/477/477
f 485/485/485 486/486/486 480/480/480
f 485/485/485 480/480/480 479/479/479
f 487/487/487 488/488/488 482/482/482
f 487/487/487 482/482/482 481/481/481
f 489/489/489 490/490/490 484/484/484
f 489/489/489 484/484/484 483/483/483
f 491/491/491 492/492/492 486/486/486
f 491/491/491 486/486/486 485/485/485
f 432/432/432 431/431/431 488/488/488
f 432/432/432 488/488/488 487/487/487
f 436/436/436 435/435/435 490/490/490
f 436/436/436 490/490/490 489/489/489
f 440/440/440 439/439/439 493/493/493
f 440/440/440 493/493/493 494/494/494
f 495/495/495 496/496/496 497/497/497
f 495/495/495 497/497/497 498/498/498
f 499/499/499 500/500/500 501/501/501
f 499/499/499 501/501/501 502/502/502
f 503/503/503 504/504/504 496/496/496
f 503/503/503 496/496/496 495/495/495
f 505/505/505 506/506/506 500/500/500
f 505/505/505 500/500/500 499/499/499
f 507/507/507 508/508/508 509/509/509
f 507/507/507 509/509/509 510/510/510
f 511/511/511 512/512/512 504/504/504
f 511/511/511 504/504/504 503/503/503
f 513/513/513 514/514/514 506/506/506
f 513/513/513 506/506/506 505/505/505
f 515/515/515 516/516/516 508/508/508
f 515/515/515 508/508/508 507/507/507
f 517/517/517 518/518/518 512/512/512
f 517/517/517 512/512/512 511/511/511
f 519/519/519 520/520/520 514/514/514
f 519/519/519 514/514/514 513/513/513
f 521/521/521 522/522/522 516/516/516
f 521/521/521 516/516/516 515/515/515
f 523/523/523 524/524/524 518/518/518
f 523/523/523 518/518/518 517/517/517
f 525/525/525 526/526/526 527/527/527
f 525/525/525 527/527/527 528/528/528
f 529/529/529 530/530/530 522/522/522
f 529/529/529 522/522/522 521/521/521
f 531/531/531 532/532/532 524/524/524
f 531/531/531 524/524/524 523/523/523
f 533/533/533 534/534/534 526/526/526
f 533/533/533 526/526/526 525/525/525
f 535/535/535 536/536/536 530/530/530
f 535/535/535 530/530/530 529/529/529
f 510/510/510 509/509/509 532/532/532
f 510/510/510 532/532/532 531/531/531
f 537/537/537 538/538/538 534/534/534
f 537/537/537 534/534/534 533/533/533
f 539/539/539 540/540/540 536/536/536
f 539/539/539 536/536/536 535/535/535
f 541/541/541 542/542/542 538/538/538
f 541/541/541 538/538/538 537/537/537
f 543/543/543 544/544/544 540/540/540
f 543/543/543 540/540/540 539/539/539
f 545/545/545 546/546/546 542/542/542
f 545/545/545 542/542/542 541/541/541
f 547/547/547 548/548/548 544/544/544
f 547/547/547 544/544/544 543/543/543
f 549/549/549 550/550/550 546/546/546
f 549/549/549 546/546/546 545/545/545
f 551/551/551 552/552/552 548/548/548
f 551/551/551 548/548/548 547/547/547
f 553/553/553 554/554/554 550/550/550
f 553/553/553 550/550/550 549/549/549
f 555/555/555 556/556/556 552/552/552
f 555/555/555 552/552/552 551/551/551
f 557/557/557 558/558/558 554/554/554
f 557/557/557 554/554/554 553/553/553
f 559/559/559 560/560/560 556/556/556
f 559/559/559 556/556/556 555/555/555
f 498/498/498 497/497/497 558/558/558
f 498/498/498 558/558/558 557/557/557
f 502/502/502 501/501/501 560/560/560
f 502/502/502 560/560/560 559/559/559
f 561/561/561 562/562/562 563/563/563
f 561/561/561 563/563/563 564/564/564
f 565/565/565 566/566/566 567/567/567
f 565/565/565 567/567/567 568/568/568
f 569/569/569 570/570/570 571/571/571
f 569/569/569 571/571/571 572/572/572
f 573/573/573 574/574/574 562/562/562
f 573/573/573 562/562/562 561/561/561
f 575/575/575 576/576/576 566/566/566
f 575/575/575 566/566/566 565/565/565
f 577/577/577 578/578/578 579/579/579
f 577/577/577 579/579/579 580/580/580
f 581/581/581 582/582/582 574/574/574
f 581/581/581 574/574/574 573/573/573
f 583/583/583 584/584/584 576/576/576
f 583/583/583 576/576/576 575/575/575
f 585/585/585 586/586/586 578/578/578
f 585/585/585 578/578/578 577/577/577
f 587/587/587 588/588/588 582/582/582
f 587/587/587 582/582/582 581/581/581
f 589/589/589 590/590/590 584/584/584
f 589/589/589 584/584/584 583/583/583
f 591/591/591 592/592/592 586/586/586
f 591/591/591 586/586/586 585/585/585
f 593/593/593 594/594/594 588/588/588
f 593/593/593 588/588/588 587/587/587
f 595/595/595 596/596/596 592/592/592
f 595/595/595 592/592/592 591/591/591
f 597/597/597 598/598/598 594/594/594
f 597/597/597 594/594/594 593/593/593
f 599/599/599 600/600/600 596/596/596
f 599/599/599 596/596/596 595/595/595
f 601/601/601 602/602/602 598/598/598
f 601/601/601 598/598/598 597/597/597
f 603/603/603 604/604/604 600/600/600
f 603/603/603 600/600/600 599/599/599
f 605/605/605 606/606/606 602/602/602
f 605/605/605 602/602/602 601/601/601
f 607/607/607 608/608/608 604/604/604
f 607/607/607 604/604/604 603/603/603
f 609/609/609 610/610/610 606/606/606
f 609/609/609 606/606/606 605/605/605
f 611/611/611 612/612/612 608/608/608
f 611/611/611 608/608/608 607/607/607
f 613/613/613 614/614/614 610/610/610
f 613/613/613 610/610/610 609/609/609
f 615/615/615 616/616/616 612/612/612
f 615/615/615 612/612/612 611/611/611
f 617/617/617 618/618/618 614/614/614
f 617/617/617 614/614/614 613/613/613
f 619/619/619 620/620/620 616/616/616
f 619/619/619 616/616/616 615/615/615
f 621/621/621 622/622/622 618/618/618
f 621/621/621 618/618/618 617/617/617
f 623/623/623 624/624/624 620/620/620
f 623/623/623 620/620/620 619/619/619
f 625/625/625 626/626/626 622/622/622
f 625/625/625 622/622/622 621/621/621
f 564/564/564 563/563/563 590/590/590
f 564/564/564 590/590/590 589/589/589
f 568/568/568 567/567/567 624/624/624
f 568/568/568 624/624/624 623/623/623
f 572/572/572 571/571/571 626/626/626
f 572/572/572 626/626/626 625/625/625
f 627/627/627 628/628/628 629/629/629
f 627/627/627 629/629/629 630/630/630
f 631/631/631 632/632/632 633/633/633
f 631/631/631 633/633/633 634/634/634
f 635/635/635 636/636/636 637/637/637
f 635/635/635 637/637/637 638/638/638
f 639/639/639 640/640/640 628/628/628
f 639/639/639 628/628/628 627/627/627
f 641/641/641 642/642/642 636/636/636
f 641/641/641 636/636/636 635/635/635
f 643/643/643 644/644/644 640/640/640
f 643/643/643 640/640/640 639/639/639
f 645/645/645 646/646/646 642/642/642
f 645/645/645 642/642/642 641/641/641
f 647/647/647 648/648/648 644/644/644
f 647/647/647 644/644/644 643/643/643
f 649/649/649 650/650/650 646/646/646
f 649/649/649 646/646/646 645/645/645
f 651/651/651 652/652/652 648/648/648
f 651/651/651 648/648/648 647/647/647
f 653/653/653 654/654/654 650/650/650
f 653/653/653 650/650/650 649/649/649
f 655/655/655 656/656/656 652/652/652
f 655/655/655 652/652/652 651/651/651
f 657/657/657 658/658/658 654/654/654
f 657/657/657 654/654/654 653/653/653
f 659/659/659 660/660/660 656/656/656
f 659/659/659 656/656/656 655/655/655
f 661/661/661 662/662/662 658/658/658
f 661/661/661 658/658/658 657/657/657
f 663/663/663 664/664/664 660/660/660
f 663/663/663 660/660/660 659/659/659
f 665/665/665 666/666/666 662/662/662
f 665/665/665 662/662/662 661/661/661
f 667/667/667 668/668/668 664/664/664
f 667/667/667 664/664/664 663/663/663
f 669/669/669 670/670/670 666/666/666
f 669/669/669 666/666/666 665/665/665
f 671/671/671 672/672/672 668/668/668
f 671/671/671 668/668/668 667/667/667
f 673/673/673 674/674/674 632/632/632
f 673/673/673 632/632/632 631/631/631
f 675/675/675 676/676/676 670/670/670
f 675/675/675 670/670/670 669/669/669
f 677/677/677 678/678/678 672/672/672
f 677/677/677 672/672/672 671/671/671
f 679/679/679 680/680/680 674/674/674
f 679/679/679 674/674/674 673/673/673
f 681/681/681 682/682/682 676/676/676
f 681/681/681 676/676/676 675/675/675
f 683/683/683 684/684/684 678/678/678
f 683/683/683 678/678/678 677/677/677
f 685/685/685 686/686/686 680/680/680
f 685/685/685 680/680/680 679/679/679
f 687/687/687 688/688/688 682/682/682
f 687/687/687 682/682/682 681/681/681
f 689/689/689 690/690/690 691/691/691
f 689/689/689 691/691/691 692/692/692
f 630/630/630 629/629/629 686/686/686
f 630/630/630 686/686/686 685/685/685
f 634/634/634 633/633/633 688/688/688
f 634/634/634 688/688/688 687/687/687
f 638/638/638 637/637/637 690/690/690
f 638/638/638 690/690/690 689/689/689
f 693/693/693 694/694/694 695/695/695
f 693/693/693 695/695/695 696/696/696
f 697/697/697 698/698/698 699/699/699
f 697/697/697 699/699/699 700/700/700
f 701/701/701 702/702/702 694/694/694
f 701/701/701 694/694/694 693/693/693
f 703/703/703 704/704/704 698/698/698
f 703/703/703 698/698/698 697/697/697
f 705/705/705 706/706/706 702/702/702
f 705/705/705 702/702/702 701/701/701
f 707/707/707 708/708/708 704/704/704
f 707/707/707 704/704/704 703/703/703
f 709/709/709 710/710/710 706/706/706
f 709/709/709 706/706/706 705/705/705
f 711/711/711 712/712/712 708/708/708
f 711/711/711 708/708/708 707/707/707
f 713/713/713 714/714/714 710/710/710
f 713/713/713 710/710/710 709/709/709
f 715/715/715 716/716/716 712/712/712
f 715/715/715 712/712/712 711/711/711
f 717/717/717 718/718/718 714/714/714
f 717/717/717 714/714/714 713/713/713
f 719/719/719 720/720/720 716/716/716
f 719/719/719 716/716/716 715/715/715
f 721/721/721 722/722/722 718/718/718
f 721/721/721 718/718/718 717/717/717
f 723/723/723 724/724/724 725/725/725
f 723/723/723 725/725/725 726/726/726
f 727/727/727 728/728/728 720/720/720
f 727/727/727 720/720/720 719/719/719
f 729/729/729 730/730/730 722/722/722
f 729/729/729 722/722/722 721/721/721
f 731/731/731 732/732/732 724/724/724
f 731/731/731 724/724/724 723/723/723
f 733/733/733 734/734/734 728/728/728
f 733/733/733 728/728/728 727/727/727
f 735/735/735 736/736/736 730/730/730
f 735/735/735 730/730/730 729/729/729
f 737/737/737 738/738/738 732/732/732
f 737/737/737 732/732/732 731/731/731
f 739/739/739 740/740/740 734/734/734
f 739/739/739 734/734/734 733/733/733
f 741/741/741 742/742/742 743/743/743
f 741/741/741 743/743/743 744/744/744
f 745/745/745 746/746/746 738/738/738
f 745/745/745 738/738/738 737/737/737
f 747/747/747 748/748/748 740/740/740
f 747/747/747 740/740/740 739/739/739
f 749/749/749 750/750/750 742/742/742
f 749/749/749 742/742/742 741/741/741
f 751/751/751 752/752/752 746/746/746
f 751/751/751 746/746/746 745/745/745
f 726/726/726 725/725/725 748/748/748
f 726/726/726 748/748/748 747/747/747
f 753/753/753 754/754/754 750/750/750
f 753/753/753 750/750/750 749/749/749
f 755/755/755 756/756/756 752/752/752
f 755/755/755 752/752/752 751/751/751
f 757/757/757 758/758/758 754/754/754
f 757/757/757 754/754/754 753/753/753
f 696/696/696 695/695/695 756/756/756
f 696/696/696 756/756/756 755/755/755
f 700/700/700 699/699/699 758/758/758
f 700/700/700 758/758/758 757/757/757
f 759/759/759 760/760/760 761/761/761
f 759/759/759 761/761/761 762/762/762
f 763/763/763 764/764/764 765/765/765
f 763/763/763 765/765/765 766/766/766
f 767/767/767 768/768/768 760/760/760
f 767/767/767 760/760/760 759/759/759
f 769/769/769 770/770/770 764/764/764
f 769/769/769 764/764/764 763/763/763
f 771/771/771 772/772/772 768/768/768
f 771/771/771 768/768/768 767/767/767
f 773/773/773 774/774/774 770/770/770
f 773/773/773 770/770/770 769/769/769
f 775/775/775 776/776/776 772/772/772
f 775/775/775 772/772/772 771/771/771
f 777/777/777 778/778/778 779/779/779
f 777/777/777 779/779/779 780/780/780
f 781/781/781 782/782/782 774/774/774
f 781/781/781 774/774/774 773/773/773
f 783/783/783 784/784/784 776/776/776
f 783/783/783 776/776/776 775/775/775
f 785/785/785 786/786/786 778/778/778
f 785/785/785 778/778/778 777/777/777
f 787/787/787 788/788/788 782/782/782
f 787/787/787 782/782/782 781/781/781
f 789/789/789 790/790/790 784/784/784
f 789/789/789 784/784/784 783/783/783
f 791/791/791 792/792/792 786/786/786
f 791/791/791 786/786/786 785/785/785
f 793/793/793 794/794/794 788/788/788
f 793/793/793 788/788/788 787/787/787
f 795/795/795 796/796/796 797/797/797
f 795/795/795 797/797/797 798/798/798
f 799/799/799 800/800/800 792/792/792
f 799/799/799 792/792/792 791/791/791
f 801/801/801 802/802/802 794/794/794
f 801/801/801 794/794/794 793/793/793
f 803/803/803 804/804/804 796/796/796
f 803/803/803 796/796/796 795/795/795
f 805/805/805 806/806/806 800/800/800
f 805/805/805 800/800/800 799/799/799
f 780/780/780 779/779/779 802/802/802
f 780/780/780 802/802/802 801/801/801
f 807/807/807 808/808/808 804/804/804
f 807/807/807 804/804/804 803/803/803
f 809/809/809 810/810/810 806/806/806
f 809/809/809 806/806/806 805/805/805
f 811/811/811 812/812/812 808/808/808
f 811/811/811 808/808/808 807/807/807
f 813/813/813 814/814/814 810/810/810
f 813/813/813 810/810/810 809/809/809
f 815/815/815 816/816/816 812/812/812
f 815/815/815 812/812/812 811/811/811
f 817/817/817 818/818/818 814/814/814
f 817/817/817 814/814/814 813/813/813
f 819/819/819 820/820/820 816/816/816
f 819/819/819 816/816/816 815/815/815
f 821/821/821 822/822/822 818/818/818
f 821/821/821 818/818/818 817/817/817
f 823/823/823 824/824/824 820/820/820
f 823/823/823 820/820/820 819/819/819
f 762/762/762 761/761/761 822/822/822
f 762/762/762 822/822/822 821/821/821
f 766/766/766 765/765/765 824/824/824
f 766/766/766 824/824/824 823/823/823
f 776/776/776 825/825/825 826/826/826
f 776/776/776 826/826/826 772/772/772
f 778/778/778 827/827/827 828/828/828
f 778/778/778 828/828/828 779/779/779
f 782/782/782 829/829/829 830/830/830
f 782/782/782 830/830/830 774/774/774
f 784/784/784 831/831/831 825/825/825
f 784/784/784 825/825/825 776/776/776
f 786/786/786 832/832/832 827/827/827
f 786/786/786 827/827/827 778/778/778
f 788/788/788 833/833/833 829/829/829
f 788/788/788 829/829/829 782/782/782
f 790/790/790 834/834/834 831/831/831
f 790/790/790 831/831/831 784/784/784
f 792/792/792 835/835/835 832/832/832
f 792/792/792 832/832/832 786/786/786
f 794/794/794 836/836/836 833/833/833
f 794/794/794 833/833/833 788/788/788
f 796/796/796 837/837/837 838/838/838
f 796/796/796 838/838/838 797/797/797
f 800/800/800 839/839/839 835/835/835
f 800/800/800 835/835/835 792/792/792
f 802/802/802 840/840/840 836/836/836
f 802/802/802 836/836/836 794/794/794
f 804/804/804 841/841/841 837/837/837
f 804/804/804 837/837/837 796/796/796
f 806/806/806 842/842/842 839/839/839
f 806/806/806 839/839/839 800/800/800
f 779/779/779 828/828/828 840/840/840
f 779/779/779 840/840/840 802/802/802
f 808/808/808 843/843/843 841/841/841
f 808/808/808 841/841/841 804/804/804
f 810/810/810 844/844/844 842/842/842
f 810/810/810 842/842/842 806/806/806
f 812/812/812 845/845/845 843/843/843
f 812/812/812 843/843/843 808/808/808
f 814/814/814 846/846/846 844/844/844
f 814/814/814 844/844/844 810/810/810
f 816/816/816 847/847/847 845/845/845
f 816/816/816 845/845/845 812/812/812
f 818/818/818 848/848/848 846/846/846
f 818/818/818 846/846/846 814/814/814
f 820/820/820 849/849/849 847/847/847
f 820/820/820 847/847/847 816/816/816
f 822/822/822 850/850/850 848/848/848
f 822/822/822 848/848/848 818/818/818
f 824/824/824 851/851/851 849/849/849
f 824/824/824 849/849/849 820/820/820
f 761/761/761 852/852/852 850/850/850
f 761/761/761 850/850/850 822/822/822
f 765/765/765 853/853/853 851/851/851
f 765/765/765 851/851/851 824/824/824
f 760/760/760 854/854/854 852/852/852
f 760/760/760 852/852/852 761/761/761
f 764/764/764 855/855/855 853/853/853
f 764/764/764 853/853/853 765/765/765
f 768/768/768 856/856/856 854/854/854
f 768/768/768 854/854/854 760/760/760
f 770/770/770 857/857/857 855/855/855
f 770/770/770 855/855/855 764/764/764
f 772/772/772 826/826/826 856/856/856
f 772/772/772 856/856/856 768/768/768
f 774/774/774 830/830/830 857/857/857
f 774/774/774 857/857/857 770/770/770
f 837/837/837 858/858/858 859/859/859
f 837/837/837 859/859/859 838/838/838
f 839/839/839 860/860/860 861/861/861
f 839/839/839 861/861/861 835/835/835
f 862/862/862 828/828/828 827/827/827
f 862/862/862 827/827/827 863/863/863
f 841/841/841 864/864/864 858/858/858
f 841/841/841 858/858/858 837/837/837
f 842/842/842 865/865/865 860/860/860
f 842/842/842 860/860/860 839/839/839
f 866/866/866 143/143/143 134/134/134
f 866/866/866 134/134/134 135/135/135
f 843/843/843 867/867/867 864/864/864
f 843/843/843 864/864/864 841/841/841
f 844/844/844 868/868/868 865/865/865
f 844/844/844 865/865/865 842/842/842
f 845/845/845 869/869/869 867/867/867
f 845/845/845 867/867/867 843/843/843
f 846/846/846 870/870/870 868/868/868
f 846/846/846 868/868/868 844/844/844
f 847/847/847 871/871/871 869/869/869
f 847/847/847 869/869/869 845/845/845
f 848/848/848 872/872/872 870/870/870
f 848/848/848 870/870/870 846/846/846
f 849/849/849 873/873/873 871/871/871
f 849/849/849 871/871/871 847/847/847
f 850/850/850 874/874/874 872/872/872
f 850/850/850 872/872/872 848/848/848
f 851/851/851 875/875/875 873/873/873
f 851/851/851 873/873/873 849/849/849
f 852/852/852 876/876/876 874/874/874
f 852/852/852 874/874/874 850/850/850
f 853/853/853 877/877/877 875/875/875
f 853/853/853 875/875/875 851/851/851
f 854/854/854 878/878/878 876/876/876
f 854/854/854 876/876/876 852/852/852
f 855/855/855 879/879/879 877/877/877
f 855/855/855 877/877/877 853/853/853
f 856/856/856 880/880/880 878/878/878
f 856/856/856 878/878/878 854/854/854
f 857/857/857 881/881/881 879/879/879
f 857/857/857 879/879/879 855/855/855
f 826/826/826 882/882/882 880/880/880
f 826/826/826 880/880/880 856/856/856
f 830/830/830 883/883/883 881/881/881
f 830/830/830 881/881/881 857/857/857
f 825/825/825 884/884/884 882/882/882
f 825/825/825 882/882/882 826/826/826
f 44/44/44 885/885/885 42/42/42
f 829/829/829 886/886/886 883/883/883
f 829/829/829 883/883/883 830/830/830
f 831/831/831 887/887/887 884/884/884
f 831/831/831 884/884/884 825/825/825
f 888/888/888 889/889/889 890/890/890
f 888/888/888 890/890/890 891/891/891
f 833/833/833 892/892/892 886/886/886
f 833/833/833 886/886/886 829/829/829
f 834/834/834 893/893/893 887/887/887
f 834/834/834 887/887/887 831/831/831
f 891/891/891 890/890/890 894/894/894
f 891/891/891 894/894/894 895/895/895
f 896/896/896 840/840/840 828/828/828
f 896/896/896 828/828/828 862/862/862
f 897/897/897 898/898/898 899/899/899
f 897/897/897 899/899/899 900/900/900
f 901/901/901 902/902/902 903/903/903
f 901/901/901 903/903/903 904/904/904
f 905/905/905 906/906/906 898/898/898
f 905/905/905 898/898/898 897/897/897
f 907/907/907 908/908/908 902/902/902
f 907/907/907 902/902/902 901/901/901
f 909/909/909 910/910/910 906/906/906
f 909/909/909 906/906/906 905/905/905
f 911/911/911 912/912/912 908/908/908
f 911/911/911 908/908/908 907/907/907
f 913/913/913 914/914/914 910/910/910
f 913/913/913 910/910/910 909/909/909
f 915/915/915 916/916/916 912/912/912
f 915/915/915 912/912/912 911/911/911
f 917/917/917 918/918/918 914/914/914
f 917/917/917 914/914/914 913/913/913
f 919/919/919 920/920/920 916/916/916
f 919/919/919 916/916/916 915/915/915
f 921/921/921 922/922/922 918/918/918
f 921/921/921 918/918/918 917/917/917
f 923/923/923 924/924/924 920/920/920
f 923/923/923 920/920/920 919/919/919
f 925/925/925 926/926/926 922/922/922
f 925/925/925 922/922/922 921/921/921
f 927/927/927 928/928/928 924/924/924
f 927/927/927 924/924/924 923/923/923
f 929/929/929 930/930/930 926/926/926
f 929/929/929 926/926/926 925/925/925
f 931/931/931 932/932/932 928/928/928
f 931/931/931 928/928/928 927/927/927
f 933/933/933 934/934/934 935/935/935
f 933/933/933 935/935/935 936/936/936
f 937/937/937 938/938/938 930/930/930
f 937/937/937 930/930/930 929/929/929
f 939/939/939 940/940/940 932/932/932
f 939/939/939 932/932/932 931/931/931
f 861/861/861 941/941/941 942/942/942
f 861/861/861 942/942/942 943/943/943
f 861/861/861 943/943/943 832/832/832
f 861/861/861 832/832/832 835/835/835
f 895/895/895 894/894/894 938/938/938
f 895/895/895 938/938/938 937/937/937
f 944/944/944 945/945/945 940/940/940
f 944/944/944 940/940/940 939/939/939
f 946/946/946 44/44/44 43/43/43
f 840/840/840 896/896/896 836/836/836
f 947/947/947 948/948/948 949/949/949
f 947/947/947 949/949/949 950/950/950
f 951/951/951 952/952/952 953/953/953
f 951/951/951 953/953/953 954/954/954
f 956/956/956 957/957/957 892/892/892
f 956/956/956 892/892/892 836/836/836
f 956/956/956 836/836/836 955/955/955
f 836/836/836 892/892/892 833/833/833
f 958/958/958 959/959/959 948/948/948
f 958/958/958 948/948/948 947/947/947
f 960/960/960 961/961/961 952/952/952
f 960/960/960 952/952/952 951/951/951
f 936/936/936 935/935/935 889/889/889
f 936/936/936 889/889/889 888/888/888
f 900/900/900 899/899/899 959/959/959
f 900/900/900 959/959/959 958/958/958
f 904/904/904 903/903/903 961/961/961
f 904/904/904 961/961/961 960/960/960
f 914/914/914 962/962/962 963/963/963
f 914/914/914 963/963/963 910/910/910
f 916/916/916 964/964/964 965/965/965
f 916/916/916 965/965/965 912/912/912
f 918/918/918 966/966/966 962/962/962
f 918/918/918 962/962/962 914/914/914
f 920/920/920 967/967/967 964/964/964
f 920/920/920 964/964/964 916/916/916
f 922/922/922 968/968/968 966/966/966
f 922/922/922 966/966/966 918/918/918
f 924/924/924 969/969/969 967/967/967
f 924/924/924 967/967/967 920/920/920
f 926/926/926 970/970/970 968/968/968
f 926/926/926 968/968/968 922/922/922
f 928/928/928 971/971/971 969/969/969
f 928/928/928 969/969/969 924/924/924
f 930/930/930 972/972/972 970/970/970
f 930/930/930 970/970/970 926/926/926
f 932/932/932 973/973/973 971/971/971
f 932/932/932 971/971/971 928/928/928
f 934/934/934 974/974/974 975/975/975
f 934/934/934 975/975/975 935/935/935
f 938/938/938 976/976/976 972/972/972
f 938/938/938 972/972/972 930/930/930
f 940/940/940 977/977/977 973/973/973
f 940/940/940 973/973/973 932/932/932
f 978/978/978 979/979/979 974/974/974
f 978/978/978 974/974/974 934/934/934
f 894/894/894 980/980/980 976/976/976
f 894/894/894 976/976/976 938/938/938
f 945/945/945 981/981/981 977/977/977
f 945/945/945 977/977/977 940/940/940
f 953/953/953 982/982/982 979/979/979
f 953/953/953 979/979/979 978/978/978
f 890/890/890 983/983/983 980/980/980
f 890/890/890 980/980/980 894/894/894
f 948/948/948 984/984/984 985/985/985
f 948/948/948 985/985/985 949/949/949
f 952/952/952 986/986/986 982/982/982
f 952/952/952 982/982/982 953/953/953
f 889/889/889 987/987/987 983/983/983
f 889/889/889 983/983/983 890/890/890
f 959/959/959 988/988/988 984/984/984
f 959/959/959 984/984/984 948/948/948
f 961/961/961 989/989/989 986/986/986
f 961/961/961 986/986/986 952/952/952
f 935/935/935 975/975/975 987/987/987
f 935/935/935 987/987/987 889/889/889
f 899/899/899 990/990/990 988/988/988
f 899/899/899 988/988/988 959/959/959
f 903/903/903 991/991/991 989/989/989
f 903/903/903 989/989/989 961/961/961
f 898/898/898 992/992/992 990/990/990
f 898/898/898 990/990/990 899/899/899
f 902/902/902 993/993/993 991/991/991
f 902/902/902 991/991/991 903/903/903
f 906/906/906 994/994/994 992/992/992
f 906/906/906 992/992/992 898/898/898
f 908/908/908 995/995/995 993/993/993
f 908/908/908 993/993/993 902/902/902
f 910/910/910 963/963/963 994/994/994
f 910/910/910 994/994/994 906/906/906
f 912/912/912 965/965/965 995/995/995
f 912/912/912 995/995/995 908/908/908
f 996/996/996 997/997/997 998/998/998
f 996/996/996 998/998/998 999/999/999
f 1000/1000/1000 1001/1001/1001 1002/1002/1002
f 1000/1000/1000 1002/1002/1002 1003/1003/1003
f 1004/1004/1004 1005/1005/1005 997/997/997
f 1004/1004/1004 997/997/997 996/996/996
f 1006/1006/1006 1007/1007/1007 1001/1001/1001
f 1006/1006/1006 1001/1001/1001 1000/1000/1000
f 1008/1008/1008 1009/1009/1009 1010/1010/1010
f 1008/1008/1008 1010/1010/1010 1011/1011/1011
f 1012/1012/1012 1013/1013/1013 1005/1005/1005
f 1012/1012/1012 1005/1005/1005 1004/1004/1004
f 1014/1014/1014 1015/1015/1015 1007/1007/1007
f 1014/1014/1014 1007/1007/1007 1006/1006/1006
f 1016/1016/1016 1017/1017/1017 1009/1009/1009
f 1016/1016/1016 1009/1009/1009 1008/1008/1008
f 1018/1018/1018 1019/1019/1019 1013/1013/1013
f 1018/1018/1018 1013/1013/1013 1012/1012/1012
f 1020/1020/1020 1021/1021/1021 1015/1015/1015
f 1020/1020/1020 1015/1015/1015 1014/1014/1014
f 1022/1022/1022 1023/1023/1023 1017/1017/1017
f 1022/1022/1022 1017/1017/1017 1016/1016/1016
f 1024/1024/1024 1025/1025/1025 1019/1019/1019
f 1024/1024/1024 1019/1019/1019 1018/1018/1018
f 1026/1026/1026 1027/1027/1027 1028/1028/1028
f 1026/1026/1026 1028/1028/1028 1029/1029/1029
f 1030/1030/1030 1031/1031/1031 1023/1023/1023
f 1030/1030/1030 1023/1023/1023 1022/1022/1022
f 1032/1032/1032 1033/1033/1033 1025/1025/1025
f 1032/1032/1032 1025/1025/1025 1024/1024/1024
f 1034/1034/1034 1035/1035/1035 1027/1027/1027
f 1034/1034/1034 1027/1027/1027 1026/1026/1026
f 1036/1036/1036 1037/1037/1037 1031/1031/1031
f 1036/1036/1036 1031/1031/1031 1030/1030/1030
f 1011/1011/1011 1010/1010/1010 1033/1033/1033
f 1011/1011/1011 1033/1033/1033 1032/1032/1032
f 1038/1038/1038 1039/1039/1039 1035/1035/1035
f 1038/1038/1038 1035/1035/1035 1034/1034/1034
f 1040/1040/1040 1041/1041/1041 1037/1037/1037
f 1040/1040/1040 1037/1037/1037 1036/1036/1036
f 1042/1042/1042 1043/1043/1043 1039/1039/1039
f 1042/1042/1042 1039/1039/1039 1038/1038/1038
f 1044/1044/1044 1045/1045/1045 1041/1041/1041
f 1044/1044/1044 1041/1041/1041 1040/1040/1040
f 1046/1046/1046 1047/1047/1047 1043/1043/1043
f 1046/1046/1046 1043/1043/1043 1042/1042/1042
f 1048/1048/1048 1049/1049/1049 1045/1045/1045
f 1048/1048/1048 1045/1045/1045 1044/1044/1044
f 1050/1050/1050 1051/1051/1051 1047/1047/1047
f 1050/1050/1050 1047/1047/1047 1046/1046/1046
f 1052/1052/1052 1053/1053/1053 1049/1049/1049
f 1052/1052/1052 1049/1049/1049 1048/1048/1048
f 1054/1054/1054 1055/1055/1055 1051/1051/1051
f 1054/1054/1054 1051/1051/1051 1050/1050/1050
f 1056/1056/1056 1057/1057/1057 1053/1053/1053
f 1056/1056/1056 1053/1053/1053 1052/1052/1052
f 1058/1058/1058 1059/1059/1059 1055/1055/1055
f 1058/1058/1058 1055/1055/1055 1054/1054/1054
f 1060/1060/1060 1061/1061/1061 1057/1057/1057
f 1060/1060/1060 1057/1057/1057 1056/1056/1056
f 999/999/999 998/998/998 1059/1059/1059
f 999/999/999 1059/1059/1059 1058/1058/1058
f 1003/1003/1003 1002/1002/1002 1061/1061/1061
f 1003/1003/1003 1061/1061/1061 1060/1060/1060
f 1062/1062/1062 1063/1063/1063 1064/1064/1064
f 1062/1062/1062 1064/1064/1064 1065/1065/1065
f 1066/1066/1066 1067/1067/1067 1068/1068/1068
f 1066/1066/1066 1068/1068/1068 1069/1069/1069
f 1070/1070/1070 1071/1071/1071 1072/1072/1072
f 1070/1070/1070 1072/1072/1072 1073/1073/1073
f 1074/1074/1074 1075/1075/1075 1076/1076/1076
f 1074/1074/1074 1076/1076/1076 1062/1062/1062
f 1077/1077/1077 1078/1078/1078 1079/1079/1079
f 1077/1077/1077 1079/1079/1079 1066/1066/1066
f 1080/1080/1080 1081/1081/1081 1082/1082/1082
f 1080/1080/1080 1082/1082/1082 1083/1083/1083
f 1084/1084/1084 1085/1085/1085 1086/1086/1086
f 1084/1084/1084 1086/1086/1086 1074/1074/1074
f 1087/1087/1087 1088/1088/1088 1089/1089/1089
f 1087/1087/1087 1089/1089/1089 1077/1077/1077
f 1090/1090/1090 1091/1091/1091 1092/1092/1092
f 1090/1090/1090 1092/1092/1092 1080/1080/1080
f 1093/1093/1093 1094/1094/1094 1095/1095/1095
f 1093/1093/1093 1095/1095/1095 1084/1084/1084
f 1096/1096/1096 1097/1097/1097 1098/1098/1098
f 1096/1096/1096 1098/1098/1098 1087/1087/1087
f 1099/1099/1099 1100/1100/1100 1101/1101/1101
f 1099/1099/1099 1101/1101/1101 1090/1090/1090
f 1102/1102/1102 1103/1103/1103 1104/1104/1104
f 1102/1102/1102 1104/1104/1104 1093/1093/1093
f 1105/1105/1105 1106/1106/1106 1107/1107/1107
f 1105/1105/1105 1107/1107/1107 1099/1099/1099
f 1108/1108/1108 1109/1109/1109 1110/1110/1110
f 1108/1108/1108 1110/1110/1110 1102/1102/1102
f 1111/1111/1111 1112/1112/1112 1113/1113/1113
f 1111/1111/1111 1113/1113/1113 1105/1105/1105
f 1114/1114/1114 1115/1115/1115 1116/1116/1116
f 1114/1114/1114 1116/1116/1116 1108/1108/1108
f 1117/1117/1117 1118/1118/1118 1119/1119/1119
f 1117/1117/1117 1119/1119/1119 1111/1111/1111
f 1120/1120/1120 1121/1121/1121 1122/1122/1122
f 1120/1120/1120 1122/1122/1122 1114/1114/1114
f 1123/1123/1123 1124/1124/1124 1125/1125/1125
f 1123/1123/1123 1125/1125/1125 1117/1117/1117
f 1126/1126/1126 1127/1127/1127 1128/1128/1128
f 1126/1126/1126 1128/1128/1128 1120/1120/1120
f 1129/1129/1129 1130/1130/1130 1131/1131/1131
f 1129/1129/1129 1131/1131/1131 1123/1123/1123
f 1132/1132/1132 1133/1133/1133 1134/1134/1134
f 1132/1132/1132 1134/1134/1134 1126/1126/1126
f 1135/1135/1135 1136/1136/1136 1137/1137/1137
f 1135/1135/1135 1137/1137/1137 1129/1129/1129
f 1138/1138/1138 1139/1139/1139 1140/1140/1140
f 1138/1138/1138 1140/1140/1140 1132/1132/1132
f 1141/1141/1141 1142/1142/1142 1143/1143/1143
f 1141/1141/1141 1143/1143/1143 1135/1135/1135
f 1144/1144/1144 1145/1145/1145 1146/1146/1146
f 1144/1144/1144 1146/1146/1146 1138/1138/1138
f 1147/1147/1147 1148/1148/1148 1149/1149/1149
f 1147/1147/1147 1149/1149/1149 1141/1141/1141
f 1150/1150/1150 1151/1151/1151 1152/1152/1152
f 1150/1150/1150 1152/1152/1152 1144/1144/1144
f 1065/1065/1065 1153/1153/1153 1154/1154/1154
f 1065/1065/1065 1154/1154/1154 1096/1096/1096
f 1069/1069/1069 1155/1155/1155 1156/1156/1156
f 1069/1069/1069 1156/1156/1156 1147/1147/1147
f 1073/1073/1073 1157/1157/1157 1158/1158/1158
f 1073/1073/1073 1158/1158/1158 1150/1150/1150
f 1136/1136/1136 1159/1159/1159 1137/1137/1137
f 1139/1139/1139 1160/1160/1160 1140/1140/1140
f 1142/1142/1142 1161/1161/1161 1143/1143/1143
f 1145/1145/1145 1162/1162/1162 1146/1146/1146
f 1148/1148/1148 1163/1163/1163 1149/1149/1149
f 1151/1151/1151 1164/1164/1164 1152/1152/1152
f 1153/1153/1153 1165/1165/1165 1154/1154/1154
f 1155/1155/1155 1166/1166/1166 1156/1156/1156
f 1157/1157/1157 1167/1167/1167 1158/1158/1158
f 1063/1063/1063 1168/1168/1168 1064/1064/1064
f 1067/1067/1067 1169/1169/1169 1068/1068/1068
f 1071/1071/1071 1170/1170/1170 1072/1072/1072
f 1075/1075/1075 1171/1171/1171 1076/1076/1076
f 1078/1078/1078 1172/1172/1172 1079/1079/1079
f 1081/1081/1081 1173/1173/1173 1082/1082/1082
f 1085/1085/1085 1174/1174/1174 1086/1086/1086
f 1088/1088/1088 1175/1175/1175 1089/1089/1089
f 1091/1091/1091 1176/1176/1176 1092/1092/1092
f 1094/1094/1094 1177/1177/1177 1095/1095/1095
f 1097/1097/1097 1178/1178/1178 1098/1098/1098
f 1100/1100/1100 1179/1179/1179 1101/1101/1101
f 1103/1103/1103 1180/1180/1180 1104/1104/1104
f 1106/1106/1106 1181/1181/1181 1107/1107/1107
f 1109/1109/1109 1182/1182/1182 1110/1110/1110
f 1112/1112/1112 1183/1183/1183 1113/1113/1113
f 1115/1115/1115 1184/1184/1184 1116/1116/1116
f 1118/1118/1118 1185/1185/1185 1119/1119/1119
f 1121/1121/1121 1186/1186/1186 1122/1122/1122
f 1124/1124/1124 1187/1187/1187 1125/1125/1125
f 1127/1127/1127 1188/1188/1188 1128/1128/1128
f 1130/1130/1130 1189/1189/1189 1131/1131/1131
f 1133/1133/1133 1190/1190/1190 1134/1134/1134
f 208/208/208 1191/1191/1191 209/209/209
f 207/207/207 1192/1192/1192 208/208/208
f 207/207/207 338/338/338 1192/1192/1192
f 208/208/208 1192/1192/1192 1191/1191/1191
f 1193/1193/1193 1194/1194/1194 481/481/481
f 1193/1193/1193 481/481/481 443/443/443
f 433/433/433 1195/1195/1195 1193/1193/1193
f 433/433/433 1193/1193/1193 443/443/443
f 433/433/433 436/436/436 1196/1196/1196
f 433/433/433 1196/1196/1196 1195/1195/1195
f 1194/1194/1194 1197/1197/1197 487/487/487
f 1194/1194/1194 487/487/487 481/481/481
f 489/489/489 1198/1198/1198 1196/1196/1196
f 489/489/489 1196/1196/1196 436/436/436
f 1199/1199/1199 1198/1198/1198 489/489/489
f 1199/1199/1199 489/489/489 483/483/483
f 1200/1200/1200 1199/1199/1199 483/483/483
f 1200/1200/1200 483/483/483 477/477/477
f 1197/1197/1197 1201/1201/1201 432/432/432
f 1197/1197/1197 432/432/432 487/487/487
f 432/432/432 1201/1201/1201 1202/1202/1202
f 432/432/432 1202/1202/1202 429/429/429
f 1202/1202/1202 1203/1203/1203 441/441/441
f 1202/1202/1202 441/441/441 429/429/429
f 473/473/473 1204/1204/1204 1200/1200/1200
f 473/473/473 1200/1200/1200 477/477/477
f 1205/1205/1205 1204/1204/1204 473/473/473
f 1205/1205/1205 473/473/473 469/469/469
f 1206/1206/1206 1205/1205/1205 469/469/469
f 1206/1206/1206 469/469/469 465/465/465
f 461/461/461 1207/1207/1207 1206/1206/1206
f 461/461/461 1206/1206/1206 465/465/465
f 1208/1208/1208 1207/1207/1207 461/461/461
f 1208/1208/1208 461/461/461 457/457/457
f 453/453/453 1209/1209/1209 1208/1208/1208
f 453/453/453 1208/1208/1208 457/457/457
f 1210/1210/1210 1209/1209/1209 453/453/453
f 1210/1210/1210 453/453/453 449/449/449
f 1211/1211/1211 1212/1212/1212 445/445/445
f 1211/1211/1211 445/445/445 437/437/437
f 445/445/445 1212/1212/1212 1210/1210/1210
f 445/445/445 1210/1210/1210 449/449/449
f 1213/1213/1213 1214/1214/1214 491/491/491
f 1213/1213/1213 491/491/491 485/485/485
f 440/440/440 1215/1215/1215 1211/1211/1211
f 440/440/440 1211/1211/1211 437/437/437
f 1216/1216/1216 1215/1215/1215 440/440/440
f 1216/1216/1216 440/440/440 494/494/494
f 485/485/485 479/479/479 1217/1217/1217
f 485/485/485 1217/1217/1217 1213/1213/1213
f 1218/1218/1218 1217/1217/1217 479/479/479
f 1218/1218/1218 479/479/479 475/475/475
f 475/475/475 471/471/471 1219/1219/1219
f 475/475/475 1219/1219/1219 1218/1218/1218
f 1220/1220/1220 1219/1219/1219 471/471/471
f 1220/1220/1220 471/471/471 467/467/467
f 467/467/467 463/463/463 1221/1221/1221
f 467/467/467 1221/1221/1221 1220/1220/1220
f 1222/1222/1222 1221/1221/1221 463/463/463
f 1222/1222/1222 463/463/463 459/459/459
f 459/459/459 455/455/455 1223/1223/1223
f 459/459/459 1223/1223/1223 1222/1222/1222
f 1224/1224/1224 1223/1223/1223 455/455/455
f 1224/1224/1224 455/455/455 451/451/451
f 447/447/447 1225/1225/1225 1224/1224/1224
f 447/447/447 1224/1224/1224 451/451/451
f 1203/1203/1203 1225/1225/1225 447/447/447
f 1203/1203/1203 447/447/447 441/441/441
f 1226/1226/1226 149/149/149 337/337/337
f 337/337/337 149/149/149 148/148/148
f 337/337/337 1227/1227/1227 1226/1226/1226
f 336/336/336 1227/1227/1227 337/337/337
f 1227/1227/1227 336/336/336 1228/1228/1228
f 336/336/336 1229/1229/1229 1228/1228/1228
f 1230/1230/1230 1229/1229/1229 247/247/247
f 247/247/247 1229/1229/1229 336/336/336
f 247/247/247 1231/1231/1231 1230/1230/1230
f 216/216/216 1231/1231/1231 247/247/247
f 1231/1231/1231 216/216/216 1232/1232/1232
f 1233/1233/1233 1232/1232/1232 216/216/216
f 216/216/216 215/215/215 1233/1233/1233
f 215/215/215 1234/1234/1234 1233/1233/1233
f 1234/1234/1234 215/215/215 1235/1235/1235
f 215/215/215 351/351/351 1235/1235/1235
f 351/351/351 1236/1236/1236 1235/1235/1235
f 1236/1236/1236 351/351/351 1237/1237/1237
f 351/351/351 350/350/350 1237/1237/1237
f 350/350/350 1238/1238/1238 1237/1237/1237
f 1238/1238/1238 350/350/350 1239/1239/1239
f 350/350/350 375/375/375 1239/1239/1239
f 375/375/375 1240/1240/1240 1239/1239/1239
f 1241/1241/1241 1242/1242/1242 151/151/151
f 150/150/150 1241/1241/1241 151/151/151
f 352/352/352 1241/1241/1241 150/150/150
f 1243/1243/1243 143/143/143 866/866/866
f 955/955/955 836/836/836 896/896/896
f 1244/1244/1244 978/978/978 934/934/934
f 1244/1244/1244 934/934/934 933/933/933
f 954/954/954 953/953/953 978/978/978
f 954/954/954 978/978/978 1244/1244/1244
f 832/832/832 863/863/863 827/827/827
f 863/863/863 832/832/832 943/943/943
f 95/95/95 87/87/87 89/89/89
f 95/95/95 89/89/89 94/94/94
f 102/102/102 9/9/9 85/85/85
f 102/102/102 85/85/85 84/84/84
f 1245/1245/1245 78/78/78 80/80/80
f 1245/1245/1245 80/80/80 1246/1246/1246
f 83/83/83 22/22/22 25/25/25
f 83/83/83 25/25/25 43/43/43
f 43/43/43 25/25/25 946/946/946
f 946/946/946 25/25/25 24/24/24
f 885/885/885 80/80/80 42/42/42
f 80/80/80 885/885/885 1246/1246/1246
f 102/102/102 84/84/84 22/22/22
f 102/102/102 22/22/22 83/83/83
f 88/88/88 87/87/87 78/78/78
f 88/88/88 78/78/78 1245/1245/1245
f 95/95/95 62/62/62 63/63/63
f 95/95/95 63/63/63 79/79/79
f 20/20/20 19/19/19 82/82/82
f 20/20/20 82/82/82 67/67/67
f 61/61/61 33/33/33 26/26/26
f 61/61/61 26/26/26 64/64/64
f 32/32/32 69/69/69 66/66/66
f 32/32/32 66/66/66 27/27/27
f 19/19/19 102/102/102 83/83/83
f 19/19/19 83/83/83 82/82/82
f 87/87/87 95/95/95 79/79/79
f 87/87/87 79/79/79 78/78/78
f 69/69/69 20/20/20 67/67/67
f 69/69/69 67/67/67 66/66/66
f 62/62/62 61/61/61 64/64/64
f 62/62/62 64/64/64 63/63/63
f 33/33/33 32/32/32 27/27/27
f 33/33/33 27/27/27 26/26/26
f 84/84/84 86/86/86 23/23/23
f 84/84/84 23/23/23 22/22/22
f 181/181/181 180/180/180 178/178/178
f 180/180/180 179/179/179 178/178/178
f 179/179/179 180/180/180 270/270/270
f 270/270/270 180/180/180 271/271/271
f 1247/1247/1247 766/766/766 823/823/823
f 1247/1247/1247 823/823/823 1248/1248/1248
f 1249/1249/1249 762/762/762 821/821/821
f 1249/1249/1249 821/821/821 1250/1250/1250
f 1248/1248/1248 823/823/823 819/819/819
f 1248/1248/1248 819/819/819 1251/1251/1251
f 1250/1250/1250 821/821/821 817/817/817
f 1250/1250/1250 817/817/817 1252/1252/1252
f 1251/1251/1251 819/819/819 815/815/815
f 1251/1251/1251 815/815/815 1253/1253/1253
f 1252/1252/1252 817/817/817 813/813/813
f 1252/1252/1252 813/813/813 1254/1254/1254
f 1253/1253/1253 815/815/815 811/811/811
f 1253/1253/1253 811/811/811 1255/1255/1255
f 1254/1254/1254 813/813/813 809/809/809
f 1254/1254/1254 809/809/809 1256/1256/1256
f 1255/1255/1255 811/811/811 807/807/807
f 1255/1255/1255 807/807/807 1257/1257/1257
f 1256/1256/1256 809/809/809 805/805/805
f 1256/1256/1256 805/805/805 1258/1258/1258
f 1257/1257/1257 807/807/807 803/803/803
f 1257/1257/1257 803/803/803 1259/1259/1259
f 1260/1260/1260 780/780/780 801/801/801
f 1260/1260/1260 801/801/801 1261/1261/1261
f 1258/1258/1258 805/805/805 799/799/799
f 1258/1258/1258 799/799/799 1262/1262/1262
f 1259/1259/1259 803/803/803 795/795/795
f 1259/1259/1259 795/795/795 1263/1263/1263
f 1261/1261/1261 801/801/801 793/793/793
f 1261/1261/1261 793/793/793 1264/1264/1264
f 1262/1262/1262 799/799/799 791/791/791
f 1262/1262/1262 791/791/791 1265/1265/1265
f 1263/1263/1263 795/795/795 798/798/798
f 1263/1263/1263 798/798/798 1266/1266/1266
f 1264/1264/1264 793/793/793 787/787/787
f 1264/1264/1264 787/787/787 1267/1267/1267
f 1265/1265/1265 791/791/791 785/785/785
f 1265/1265/1265 785/785/785 1268/1268/1268
f 1269/1269/1269 789/789/789 783/783/783
f 1269/1269/1269 783/783/783 1270/1270/1270
f 1267/1267/1267 787/787/787 781/781/781
f 1267/1267/1267 781/781/781 1271/1271/1271
f 1268/1268/1268 785/785/785 777/777/777
f 1268/1268/1268 777/777/777 1272/1272/1272
f 1270/1270/1270 783/783/783 775/775/775
f 1270/1270/1270 775/775/775 1273/1273/1273
f 1271/1271/1271 781/781/781 773/773/773
f 1271/1271/1271 773/773/773 1274/1274/1274
f 1272/1272/1272 777/777/777 780/780/780
f 1272/1272/1272 780/780/780 1260/1260/1260
f 1273/1273/1273 775/775/775 771/771/771
f 1273/1273/1273 771/771/771 1275/1275/1275
f 1274/1274/1274 773/773/773 769/769/769
f 1274/1274/1274 769/769/769 1276/1276/1276
f 1275/1275/1275 771/771/771 767/767/767
f 1275/1275/1275 767/767/767 1277/1277/1277
f 1276/1276/1276 769/769/769 763/763/763
f 1276/1276/1276 763/763/763 1278/1278/1278
f 1277/1277/1277 767/767/767 759/759/759
f 1277/1277/1277 759/759/759 1279/1279/1279
f 1278/1278/1278 763/763/763 766/766/766
f 1278/1278/1278 766/766/766 1247/1247/1247
f 1279/1279/1279 759/759/759 762/762/762
f 1279/1279/1279 762/762/762 1249/1249/1249
