# old nokia phone low poly by KI NG (https://sketchfab.com/dadybandit).
# License: CC-BY-4.0 (http://creativecommons.org/licenses/by/4.0/).
# Source: https://sketchfab.com/3d-models/old-nokia-phone-low-poly-a022864ae7b642a39469652c3eda2b9a.
mtllib Old_Nokia_Phone_Low_Poly.mtl

o Cube_back_0
usemtl back
v 0.66652691 0.98416108 -4.08348560
v 0.67348766 0.97768456 -4.08882475
v 0.66063488 0.97768456 -4.08998489
v 0.70258296 1.00000048 5.33594608
v 0.69677955 0.99352396 5.34242249
v 0.70959461 0.99352396 5.34109259
v -1.47477674 -0.99352312 2.84446359
v -1.48421347 -0.99999964 2.84548950
v -1.48454118 -0.99352312 2.83600283
v -1.51555812 -0.99352312 2.80498600
v -1.52504539 -0.99999964 2.80465794
v -1.52401900 -0.99352312 2.79522181
v -1.43966115 -0.99352312 2.87075067
v -1.42879212 -0.99352312 2.87773585
v -1.43798578 -0.99999964 2.88009477
v -1.55030608 -0.99352312 2.76010585
v -1.55964994 -0.99999964 2.75843120
v -1.55729115 -0.99352312 2.74923682
v -1.57831335 -0.99352312 2.71073771
v -1.58732343 -0.99999964 2.70775104
v -1.58368051 -0.99352312 2.69898510
v -1.59900975 -0.99352312 2.65788627
v -1.60750318 -0.99999964 2.65364742
v -1.60264981 -0.99352312 2.64548945
v -1.61197388 -0.99352312 2.60262728
v -1.61977756 -0.99999964 2.59722281
v -1.61381257 -0.99352312 2.58983874
v -1.61694181 -0.99352312 2.54608560
v -1.62388039 -0.99999964 2.53985763
v -1.61740386 -0.99352312 2.53314900
v -1.62388039 -0.99999958 1.13954210
v -1.61740386 -0.99352306 1.14601862
v -1.62388039 -0.99999958 1.15249515
v -1.61694181 -0.99352312 1.06421530
v -1.61740386 -0.99352312 1.07715189
v -1.62388039 -0.99999964 1.07044339
v -1.62388039 -0.99999958 2.39913321
v -1.62388039 -0.99999958 2.38617992
v -1.61740386 -0.99352306 2.39265656
v -1.61383688 -0.99352312 1.03372312
v -1.61567569 -0.99352312 1.04651177
v -1.62164068 -0.99999964 1.03912747
v -1.60642409 -0.99352306 1.00398314
v -1.61006415 -0.99352306 1.01637995
v -1.61491752 -0.99999958 1.00822222
v -1.59485424 -0.99352306 0.97560078
v -1.60022140 -0.99352306 0.98735327
v -1.60386443 -0.99999958 0.97858775
v -1.58634818 -0.99352306 0.96002299
v -1.58870673 -0.99999958 0.95082837
v -1.57936311 -0.99352306 0.94915396
v -1.54771531 -0.99352306 0.91263050
v -1.54738760 -0.99999958 0.90314376
v -1.53795087 -0.99352306 0.90416962
v -1.56026566 -0.99352306 0.92518085
v -1.56872654 -0.99352306 0.93494517
v -1.56975269 -0.99999958 0.92550868
v -1.51287317 -0.99352306 0.88654798
v -1.52374232 -0.99352306 0.89353317
v -1.52206779 -0.99999958 0.88418949
v -1.42638457 -0.99352306 0.85722059
v -1.43917322 -0.99352306 0.85905933
v -1.43376875 -0.99999958 0.85125566
v -1.49729550 -0.99352306 0.87804186
v -1.49430847 -0.99999958 0.86903173
v -1.48554289 -0.99352306 0.87267470
v -1.45651639 -0.99352306 0.86283213
v -1.46891320 -0.99352306 0.86647213
v -1.46467423 -0.99999958 0.85797876
v 1.11393452 -0.99352312 2.84907746
v 1.12369895 -0.99352312 2.84061670
v 1.12337124 -0.99999964 2.85010338
v 1.16127086 -0.99352312 2.80174136
v 1.16229713 -0.99999964 2.81117749
v 1.15280998 -0.99352312 2.81150556
v 1.15535033 -0.99352312 0.88314784
v 1.16454494 -0.99999964 0.88078928
v 1.16621947 -0.99352312 0.89013296
v 1.07010758 -0.99352312 2.88073468
v 1.08097672 -0.99352312 2.87374949
v 1.07930160 -0.99999964 2.88309360
v 1.14245474 -0.99352312 0.87610632
v 1.13070214 -0.99352312 0.87073910
v 1.13946772 -0.99999964 0.86709613
v 1.11693585 -0.99352312 0.86560446
v 1.10453904 -0.99352312 0.86196446
v 1.11269689 -0.99999964 0.85711110
v 1.09018207 -0.99352312 0.85884130
v 1.07739341 -0.99352312 0.85700256
v 1.08477759 -0.99999964 0.85103762
v 1.04980159 -0.99352312 0.85549235
v 1.05650938 -0.99999964 0.84901583
v 1.06273818 -0.99352312 0.85595441
v 1.02222145 -0.99352312 2.90583205
v 1.03397405 -0.99352312 2.90046477
v 1.03098702 -0.99999964 2.90947509
v -1.39574432 -0.99352306 0.85549235
v -1.40868092 -0.99352306 0.85595441
v -1.40245211 -0.99999958 0.84901583
v 0.97125107 -0.99352312 2.92385960
v 0.98364776 -0.99352312 2.92021966
v 0.97940898 -0.99999964 2.92871308
v 0.91823393 -0.99352312 2.93444967
v 0.93102247 -0.99352312 2.93261099
v 0.92561895 -0.99999964 2.94041443
v 0.87716919 -0.99352312 2.93738651
v 0.87093782 -0.99999964 2.94432521
v 0.86423266 -0.99352312 2.93784857
v -1.22564101 -0.99352312 2.93738651
v -1.21270442 -0.99352312 2.93784857
v -1.21940970 -0.99999964 2.94432521
v -1.26939392 -0.99352312 2.93425727
v -1.27677906 -0.99999964 2.94022202
v -1.28218257 -0.99352312 2.93241858
v -1.32504487 -0.99352312 2.92309427
v -1.33320260 -0.99999964 2.92794776
v -1.33744168 -0.99352312 2.91945434
v -1.37854052 -0.99352312 2.90412545
v -1.38730645 -0.99999964 2.90776825
v -1.39029300 -0.99352312 2.89875817
v 1.19292808 -0.99352312 2.75791430
v 1.19528687 -0.99999964 2.76710868
v 1.18594301 -0.99352312 2.76878333
v 1.21802568 -0.99352312 2.71002817
v 1.22166860 -0.99999964 2.71879411
v 1.21265852 -0.99352312 2.72178078
v 1.17798150 -0.99352312 0.89893794
v 1.18741822 -0.99999964 0.89791209
v 1.18774593 -0.99352312 0.90739882
v 1.21540129 -0.99352312 0.93931478
v 1.22474480 -0.99999964 0.94098902
v 1.22238636 -0.99352312 0.95018381
v 1.20659614 -0.99352312 0.92755252
v 1.19813526 -0.99352312 0.91778821
v 1.20762241 -0.99999964 0.91811621
v 1.23605299 -0.99352312 2.65905762
v 1.24090648 -0.99999964 2.66721559
v 1.23241305 -0.99352312 2.67145443
v 1.22942793 -0.99352312 0.96307939
v 1.23843813 -0.99999964 0.96606636
v 1.23479509 -0.99352312 0.97483188
v 1.24664295 -0.99352312 2.60604072
v 1.25260794 -0.99999964 2.61342478
v 1.24480414 -0.99352312 2.61882925
v 1.23992980 -0.99352312 0.98859841
v 1.24842322 -0.99999964 0.99283737
v 1.24356973 -0.99352312 1.00099516
v 1.24957991 -0.99352312 2.56497598
v 1.25004196 -0.99352312 2.55203938
v 1.25651848 -0.99999964 2.55874801
v 1.25651824 -0.99999958 2.38617992
v 1.25651824 -0.99999958 2.39913321
v 1.25004172 -0.99352306 2.39265656
v 1.25651848 -0.99999958 1.15249515
v 1.25004196 -0.99352306 1.14601862
v 1.25651848 -0.99999958 1.13954210
v 1.25004196 -0.99352312 1.05573261
v 1.24957991 -0.99352312 1.04279602
v 1.25651848 -0.99999964 1.04902399
v 1.24669290 -0.99352312 1.01535201
v 1.25449657 -0.99999964 1.02075648
v 1.24853158 -0.99352312 1.02814066
v -0.51441681 1.06332672 -3.52483416
v -0.49200064 1.04126155 -3.49706650
v -0.47021133 1.06332672 -3.51913166
v -0.09068514 1.06332672 -3.78297186
v -0.11290458 1.04126155 -3.80767059
v -0.13483267 1.06332672 -3.78560543
v -0.51441681 1.06332672 -3.77990294
v -0.47021133 1.06332672 -3.78560543
v -0.49200064 1.04126155 -3.80767059
v -0.09068514 1.06332672 -3.52176523
v -0.13483267 1.06332672 -3.51913166
v -0.11290458 1.04126155 -3.49706650
v -0.61136919 1.06332672 -3.54625845
v -0.58855736 1.04126155 -3.51917148
v -0.56696641 1.06332672 -3.53686452
v -0.61136919 1.06332672 -3.75847864
v -0.56696641 1.06332672 -3.76787257
v -0.58855736 1.04126155 -3.78556561
v -0.76342815 1.06332672 -3.58068347
v -0.73999304 1.04126155 -3.54958463
v -0.71869808 1.06332672 -3.56781363
v -0.76342815 1.06332672 -3.72405362
v -0.71869808 1.06332672 -3.73692346
v -0.73999304 1.04126155 -3.75515246
v -0.86993128 1.06332660 -3.63268852
v -0.84186614 1.04126155 -3.58363771
v -0.82161009 1.06332672 -3.60013199
v -0.86993122 1.06332660 -3.67204905
v -0.82161009 1.06332672 -3.70460510
v -0.84186620 1.04126155 -3.72109938
v -0.86473107 1.06332672 -3.67443371
v -0.88679618 1.04126143 -3.65236878
v -0.86473107 1.06332672 -3.63030338
v 0.04400816 1.06332672 -3.76784754
v 0.08818157 1.06332672 -3.76415467
v 0.06585805 1.04126155 -3.78759789
v 0.08818158 1.06332672 -3.54058242
v 0.04400818 1.06332672 -3.53688979
v 0.06585807 1.04126155 -3.51713943
v 0.24856058 1.06332672 -3.74414420
v 0.22539712 1.04126155 -3.77803278
v 0.20398848 1.06332672 -3.75721169
v 0.20398851 1.06332672 -3.54752517
v 0.22539714 1.04126155 -3.52670383
v 0.24856058 1.06332672 -3.56059241
v 0.30550098 1.06332672 -3.63030314
v 0.32756612 1.04126155 -3.65236831
v 0.30550098 1.06332672 -3.67443347
v 0.58293265 0.85776675 3.54562902
v 0.66936737 0.85776675 3.63206387
v 0.66936737 1.00000048 3.63206387
v 0.58293265 1.00000048 3.54562902
v -0.93600279 0.85776675 4.12586308
v -1.01695490 0.85776675 4.04491091
v -1.01695490 1.00000048 4.04491091
v -0.93600279 1.00000048 4.12586308
v -0.86964709 1.06332660 -3.63030362
v -0.86473107 1.06332672 -3.63030338
v -0.86473107 1.06332660 -3.62873554
v -0.86993128 1.06332660 -3.63268852
v -0.61366057 1.06332672 -3.63030338
v -0.72140926 1.06332672 -3.63030338
v -0.76558101 1.06332672 -3.63030338
v -0.82520467 1.06332672 -3.63030338
v 0.06585807 0.90932906 -3.51713943
v 0.22539714 0.90932906 -3.52670383
v -0.49395418 0.90932906 -3.47977924
v -0.59218884 0.90932906 -3.50226831
v -0.59218884 1.00000048 -3.50226831
v -0.49395418 1.00000048 -3.47977948
v -0.74445248 0.90932906 -3.53284764
v -0.85005474 0.90932906 -3.56814742
v -0.85005474 1.00000048 -3.56814742
v -0.74445254 1.00000048 -3.53284788
v 0.32756612 0.90932906 -3.57034683
v 0.32756612 1.04126155 -3.57034683
v -0.58855736 0.90932906 -3.78556561
v -0.73999304 0.90932906 -3.75515246
v -0.88679618 0.90932900 -3.65236878
v -0.88679618 0.90932900 -3.61779213
v -0.88679618 1.04126143 -3.61779213
v -0.90408349 0.90932900 -3.69551921
v -0.90408349 1.00000048 -3.69551945
v -0.90408349 1.00000048 -3.65236878
v -0.90408349 0.90932900 -3.65236878
v -0.09000896 1.06332672 -3.67443371
v 0.04503245 1.06332672 -3.67443371
v -0.84186620 0.90932906 -3.72109938
v -0.88679618 0.90932900 -3.68694544
v -0.88679618 1.04126143 -3.68694544
v -0.90408349 0.90932900 -3.60921836
v -0.90408349 1.00000048 -3.60921860
v 0.06734085 0.90932906 -3.80482721
v 0.22942781 0.90932906 -3.79510951
v 0.22942781 1.00000048 -3.79510975
v 0.06734085 1.00000048 -3.80482721
v 0.32756612 0.90932906 -3.65236831
v -0.11290458 0.90932906 -3.49706650
v 0.08916537 1.06332672 -3.67443371
v 0.20664361 1.06332672 -3.67443347
v 0.25079656 1.06332672 -3.67443347
v 0.30550098 1.06332672 -3.71982145
v -0.58855736 0.90932906 -3.51917148
v -0.49200064 0.90932906 -3.49706650
v 0.34485340 0.90932906 -3.55893302
v 0.41607332 0.90932906 -3.60716748
v 0.41607332 0.90932906 -3.65236855
v 0.34485340 0.90932906 -3.65236831
v 0.41607332 0.90932906 -3.69756937
v 0.34485340 0.90932906 -3.74580383
v 1.24957991 -0.77310216 2.56497598
v 1.24664295 -0.77310216 2.60604072
v 1.24664295 -0.81215584 2.60604072
v 1.24957991 -0.81215584 2.56497598
v 1.19292808 -0.77310216 2.75791430
v 1.21265852 -0.77310216 2.72178078
v 0.86423266 -0.77310216 2.93784857
v -1.21270442 -0.77310216 2.93784857
v -1.21270442 -0.81215584 2.93784857
v 0.86423266 -0.81215584 2.93784857
v 0.97125107 -0.77310216 2.92385960
v 0.93102247 -0.77310216 2.93261099
v 0.93102247 -0.81215584 2.93261099
v 0.97125107 -0.81215584 2.92385960
v 1.02222145 -0.77310216 2.90583229
v 0.98364776 -0.77310216 2.92021966
v 0.98364776 -0.81215584 2.92021966
v 1.02222145 -0.81215584 2.90583229
v 1.07010758 -0.77310216 2.88073468
v 1.03397405 -0.77310216 2.90046501
v 1.03397405 -0.81215584 2.90046501
v 1.07010758 -0.81215584 2.88073468
v 1.11393452 -0.77310216 2.84907746
v 1.08097672 -0.77310216 2.87374949
v 1.08097672 -0.81215584 2.87374949
v 1.11393452 -0.81215584 2.84907746
v 1.15280998 -0.77310216 2.81150556
v 1.12369895 -0.77310216 2.84061670
v 1.12369895 -0.81215584 2.84061670
v 1.15280998 -0.81215584 2.81150556
v 1.18594301 -0.77310216 2.76878333
v 1.16127086 -0.77310216 2.80174136
v 1.16127086 -0.81215584 2.80174136
v 1.18594301 -0.81215584 2.76878333
v 1.21265852 -0.77310216 2.72178078
v 1.19292808 -0.77310216 2.75791430
v 1.19292808 -0.81215584 2.75791430
v 1.21265852 -0.81215584 2.72178078
v 1.23241305 -0.77310216 2.67145443
v 1.21802568 -0.77310216 2.71002817
v 1.21802568 -0.81215584 2.71002817
v 1.23241305 -0.81215584 2.67145443
v 1.24480414 -0.77310216 2.61882925
v 1.23605299 -0.77310216 2.65905762
v 1.23605311 -0.81215584 2.65905762
v 1.24480426 -0.81215584 2.61882925
v -1.39574432 -0.77310216 0.85549235
v 1.04980159 -0.77310216 0.85549235
v 1.04980159 -0.81215584 0.85549235
v -1.39574432 -0.81215584 0.85549235
v -1.45651639 -0.77310216 0.86283213
v -1.43917322 -0.77310216 0.85905933
v -1.43917322 -0.81215584 0.85905933
v -1.45651639 -0.81215584 0.86283213
v -1.48554289 -0.77310216 0.87267470
v -1.46891320 -0.77310216 0.86647213
v -1.46891320 -0.81215584 0.86647213
v -1.48554289 -0.81215584 0.87267470
v -1.51287317 -0.77310216 0.88654798
v -1.49729550 -0.77310216 0.87804186
v -1.49729550 -0.81215584 0.87804192
v -1.51287317 -0.81215584 0.88654804
v -1.53795087 -0.77310216 0.90416962
v -1.52374232 -0.77310216 0.89353317
v -1.52374232 -0.81215584 0.89353317
v -1.53795087 -0.81215584 0.90416962
v -1.56026566 -0.77310216 0.92518085
v -1.54771531 -0.77310216 0.91263050
v -1.54771531 -0.81215584 0.91263050
v -1.56026566 -0.81215584 0.92518085
v -1.57936311 -0.77310216 0.94915396
v -1.56872654 -0.77310216 0.93494517
v -1.56872654 -0.81215584 0.93494517
v -1.57936311 -0.81215584 0.94915396
v -1.59485435 -0.77310216 0.97560078
v -1.58634818 -0.77310216 0.96002299
v -1.58634818 -0.81215584 0.96002299
v -1.59485435 -0.81215584 0.97560078
v -1.60642409 -0.77310216 1.00398314
v -1.60022151 -0.77310216 0.98735327
v -1.60022151 -0.81215584 0.98735327
v -1.60642409 -0.81215584 1.00398314
v -1.61383688 -0.77310216 1.03372312
v -1.61006415 -0.77310216 1.01637995
v -1.61006415 -0.81215584 1.01637995
v -1.61383688 -0.81215584 1.03372312
v -1.43917322 -0.77310216 0.85905933
v -1.45651639 -0.77310216 0.86283213
v 1.25004196 -0.77310216 1.05573261
v 1.25004196 -0.77310216 2.55203938
v 1.25004196 -0.81215584 2.55203938
v 1.25004196 -0.81215584 1.05573261
v -1.61694181 -0.77310216 1.06421530
v -1.61567569 -0.77310216 1.04651177
v -1.61567569 -0.81215584 1.04651177
v -1.61694181 -0.81215584 1.06421530
v 1.66449535 -0.99999958 -2.41680217
v 1.80292308 -0.99999958 -0.42975500
v -2.12839842 -0.99999958 -0.42975500
v -1.98997068 -0.99999958 -2.41680217
v -1.98871291 1.00000048 -2.42975545
v 1.66374850 1.00000048 -2.42975545
v 1.64437544 1.00000048 -2.84213781
v -1.93845737 1.00000048 -2.84918714
v 1.66374850 -0.99999958 -2.42975545
v -1.98871291 -0.99999958 -2.42975545
v -1.93845737 -0.99999958 -2.84918714
v 1.64437544 -0.99999958 -2.84213781
v -2.12899089 -0.99999958 -0.41680190
v 1.80351555 -0.99999958 -0.41680190
v 1.81776178 -0.99999958 0.31089452
v -2.14323735 -0.99999958 0.31089452
v -1.93723094 1.00000048 -2.86213827
v 1.64360881 1.00000048 -2.85509253
v 1.63238907 1.00000048 -3.01543617
v -1.92538011 1.00000048 -3.02248526
v 1.80351555 1.00000048 -0.41680190
v -2.12899089 1.00000048 -0.41680190
v -2.14323735 1.00000048 0.31089452
v 1.81776178 1.00000048 0.31089452
v 1.64360881 -0.99999958 -2.85509253
v -1.93723094 -0.99999958 -2.86213827
v -1.92538011 -0.99999958 -3.02248526
v 1.63238907 -0.99999958 -3.01543617
v 1.58828449 -0.99999958 -3.37493491
v -1.87985134 -0.99999958 -3.38197637
v -1.83562148 -0.99999958 -3.62358570
v 1.54503715 -0.99999958 -3.61653519
v 1.63111007 -0.99999958 -3.02839208
v -1.92405033 -0.99999958 -3.03543591
v -1.88190985 -0.99999958 -3.36902714
v 1.59029233 -0.99999958 -3.36197758
v -1.92405033 1.00000048 -3.03543591
v 1.63111007 1.00000048 -3.02839208
v 1.59029233 1.00000048 -3.36197758
v -1.88190985 1.00000048 -3.36902714
v 1.54028499 -0.99999958 -3.62949848
v -1.83082497 -0.99999958 -3.63652897
v -1.78040195 -0.99999958 -3.74374557
v 1.49032068 -0.99999958 -3.73669028
v -1.70764923 1.00000048 -3.83086014
v 1.41788495 1.00000048 -3.82385993
v 1.30149019 1.00000048 -3.93464327
v -1.59069455 1.00000048 -3.94170356
v 1.48081303 -0.99999958 -3.74966431
v -1.77087307 -0.99999958 -3.75667834
v -1.72079468 -0.99999958 -3.81793618
v 1.43103540 -0.99999958 -3.81087708
v 1.41788495 -0.99999958 -3.82385993
v -1.70764923 -0.99999958 -3.83086014
v -1.59069455 -0.99999958 -3.94170356
v 1.30149019 -0.99999958 -3.93464327
v 1.27347088 -0.99834931 -3.94745111
v -1.56262314 -0.99834925 -3.95437431
v -1.45134354 -0.98581052 -4.00168753
v 1.16242278 -0.98581052 -3.99530697
v -1.56262302 0.99835020 -3.95437431
v 1.27347088 0.99835020 -3.94745111
v 1.16242278 0.98581135 -3.99530697
v -1.45134354 0.98581135 -4.00168753
v 1.08943105 -0.98416024 -4.00822449
v -1.38027084 -0.98416024 -4.01425314
v -0.95500916 -0.98416024 -4.08986807
v 0.66652691 -0.98416024 -4.08348560
v -1.38027084 0.98416108 -4.01425314
v 1.08943105 0.98416108 -4.00822449
v -0.95500916 0.98416108 -4.08986807
v -1.98997068 1.00000048 -2.41680217
v -2.12839842 1.00000048 -0.42975500
v 1.80292308 1.00000048 -0.42975500
v 1.66449535 1.00000048 -2.41680217
v 1.82877243 -0.99999958 1.15249515
v 1.82877243 -0.99999958 2.38617992
v 1.81797433 1.00000048 0.32384762
v -2.14344978 1.00000048 0.32384762
v -2.15416241 1.00000048 1.13954210
v 1.82868683 1.00000048 1.13954210
v 1.82849193 1.00000048 2.39913321
v -2.15396738 1.00000048 2.39913321
v -2.11470461 1.00000048 3.32482481
v 1.78922927 1.00000048 3.32482481
v -2.15424776 -0.99999958 1.15249515
v -2.15424776 -0.99999958 2.38617992
v 1.82877243 1.00000048 1.15249515
v -2.15424776 1.00000048 1.15249515
v -2.15424776 1.00000048 2.38617992
v 1.82877243 1.00000048 2.38617992
v -2.03078318 -0.99999958 3.97576356
v 1.70530772 -0.99999958 3.97576356
v 1.61108088 -0.99999958 4.48346519
v -1.93655634 -0.99999958 4.48346519
v -2.11354613 -0.99999958 3.33777809
v 1.78807080 -0.99999958 3.33777809
v 1.70740247 -0.99999958 3.96281028
v -2.03287792 -0.99999958 3.96281028
v 1.60870576 1.00000048 4.49641800
v -1.93418121 1.00000048 4.49641800
v -1.86709535 1.00000048 4.86540079
v 1.54161990 1.00000048 4.86540079
v -1.93418121 -0.99999958 4.49641800
v 1.60870576 -0.99999958 4.49641800
v 1.54161990 -0.99999958 4.86540079
v -1.86709535 -0.99999958 4.86540079
v 1.43201172 1.00000048 5.06677532
v -1.75748718 1.00000048 5.06677532
v -1.54596758 1.00000048 5.22696686
v 1.22049212 1.00000048 5.22696686
v -1.86194563 -0.99999958 4.87835360
v 1.53647017 -0.99999958 4.87835360
v 1.44731700 -0.99999958 5.05382252
v -1.77279246 -0.99999958 5.05382252
v 1.53647017 1.00000048 4.87835360
v -1.86194563 1.00000048 4.87835360
v -1.77279246 1.00000048 5.05382252
v 1.44731700 1.00000048 5.05382252
v -1.75748718 -0.99999958 5.06677532
v 1.43201172 -0.99999958 5.06677532
v 1.22049212 -0.99999958 5.22696686
v -1.54596758 -0.99999958 5.22696686
v -1.48573542 -0.99999958 5.23991966
v 1.16025996 -0.99999958 5.23991966
v 0.70258296 -0.99999958 5.33594608
v -1.02805853 -0.99999958 5.33594608
v 1.16025996 1.00000048 5.23991966
v -1.48573542 1.00000048 5.23991966
v -1.02805853 1.00000048 5.33594608
v 1.09018207 -0.77310216 0.85884130
v 1.10453904 -0.77310216 0.86196446
v 1.10453904 -0.81215584 0.86196446
v 1.09018207 -0.81215584 0.85884130
v -1.22564101 -0.77310216 2.93738651
v -1.26939392 -0.77310216 2.93425727
v -1.26939392 -0.81215584 2.93425727
v -1.22564101 -0.81215584 2.93738651
v 1.22238636 -0.77310216 0.95018381
v 1.22942793 -0.77310216 0.96307939
v 1.22942793 -0.81215584 0.96307939
v 1.22238636 -0.81215584 0.95018381
v -1.55729115 -0.77310216 2.74923682
v -1.57831335 -0.77310216 2.71073771
v -1.57831335 -0.81215584 2.71073771
v -1.55729115 -0.81215584 2.74923682
v -1.33744156 -0.77310216 2.91945434
v -1.37854052 -0.77310216 2.90412545
v -1.37854052 -0.81215584 2.90412545
v -1.33744156 -0.81215584 2.91945434
v -1.28218257 -0.77310216 2.93241858
v -1.32504475 -0.77310216 2.92309427
v -1.32504475 -0.81215584 2.92309427
v -1.28218257 -0.81215584 2.93241858
v -1.42638457 -0.77310216 0.85722059
v -1.40868092 -0.77310216 0.85595441
v -1.40868092 -0.81215584 0.85595441
v -1.42638457 -0.81215584 0.85722059
v 1.07739341 -0.77310216 0.85700256
v 1.06273818 -0.77310216 0.85595441
v 1.20659614 -0.77310216 0.92755252
v 1.21540129 -0.77310216 0.93931478
v 1.21540129 -0.81215584 0.93931478
v 1.20659614 -0.81215584 0.92755252
v -1.48454118 -0.77310216 2.83600283
v -1.51555812 -0.77310216 2.80498576
v -1.51555812 -0.81215584 2.80498576
v -1.48454118 -0.81215584 2.83600283
v 1.11693585 -0.77310216 0.86560446
v 1.13070214 -0.77310216 0.87073910
v 1.13070214 -0.81215584 0.87073910
v 1.11693585 -0.81215584 0.86560446
v -1.43966126 -0.77310216 2.87075067
v -1.47477674 -0.77310216 2.84446359
v -1.47477674 -0.81215584 2.84446359
v -1.43966126 -0.81215584 2.87075067
v 1.16621947 -0.77310216 0.89013296
v 1.17798150 -0.77310216 0.89893794
v 1.17798150 -0.81215584 0.89893794
v 1.16621947 -0.81215584 0.89013296
v -1.26939392 -0.77310216 2.93425727
v -1.22564101 -0.77310216 2.93738651
v 1.18774593 -0.77310216 0.90739882
v 1.19813526 -0.77310216 0.91778821
v 1.19813526 -0.81215584 0.91778821
v 1.18774593 -0.81215584 0.90739882
v -1.52401900 -0.77310216 2.79522157
v -1.55030608 -0.77310216 2.76010585
v -1.55030608 -0.81215584 2.76010585
v -1.52401900 -0.81215584 2.79522157
v -1.61740386 -0.77310216 2.53314900
v -1.61740386 -0.77310216 1.07715189
v -1.61740386 -0.81215584 1.07715189
v -1.61740386 -0.81215584 2.53314900
v 1.06273818 -0.77310216 0.85595441
v 1.07739341 -0.77310216 0.85700256
v 1.07739341 -0.81215584 0.85700256
v 1.06273818 -0.81215584 0.85595441
v -1.39029300 -0.77310216 2.89875817
v -1.42879224 -0.77310216 2.87773585
v -1.42879224 -0.81215584 2.87773585
v -1.39029300 -0.81215584 2.89875817
v -1.58368051 -0.77310216 2.69898510
v -1.59900975 -0.77310216 2.65788627
v -1.59900975 -0.81215584 2.65788627
v -1.58368051 -0.81215584 2.69898510
v 1.14245474 -0.77310216 0.87610632
v 1.15535033 -0.77310216 0.88314784
v 1.15535033 -0.81215584 0.88314778
v 1.14245474 -0.81215584 0.87610626
v 1.23479509 -0.77310216 0.97483188
v 1.23992980 -0.77310216 0.98859841
v 1.23992980 -0.81215584 0.98859841
v 1.23479509 -0.81215584 0.97483188
v 0.98364776 -0.77310216 2.92021966
v 1.02222145 -0.77310216 2.90583229
v -1.39574432 -0.77310216 0.85549235
v 1.04980159 -0.77310216 0.85549235
v 1.21540129 -0.77310216 0.93931478
v 1.20659614 -0.77310216 0.92755252
v -1.37854052 -0.77310216 2.90412545
v -1.33744156 -0.77310216 2.91945434
v 1.24853158 -0.77310216 1.02814066
v 1.24957991 -0.77310216 1.04279602
v 1.24957991 -0.81215584 1.04279602
v 1.24853158 -0.81215584 1.02814066
v 1.22942793 -0.77310216 0.96307939
v 1.22238636 -0.77310216 0.95018381
v -1.42879224 -0.77310216 2.87773585
v -1.39029300 -0.77310216 2.89875817
v 1.21802568 -0.77310216 2.71002817
v 1.23241305 -0.77310216 2.67145443
v -1.52374232 -0.77310216 0.89353317
v -1.53795087 -0.77310216 0.90416962
v 1.23992980 -0.77310216 0.98859841
v 1.23479509 -0.77310216 0.97483188
v -1.47477674 -0.77310216 2.84446359
v -1.43966126 -0.77310216 2.87075067
v -1.61567569 -0.77310216 1.04651177
v -1.61694181 -0.77310216 1.06421530
v 1.24669290 -0.77310216 1.01535201
v 1.24356973 -0.77310216 1.00099516
v 0.97112048 -0.82509238 2.92341518
v 0.93095666 -0.82509243 2.93215227
v 0.93093026 -0.82767630 2.93196893
v 0.97106826 -0.82767630 2.92323756
v -1.51555812 -0.77310216 2.80498576
v -1.48454118 -0.77310216 2.83600283
v 1.23605311 -0.77310216 2.65905762
v 1.24480426 -0.77310216 2.61882925
v -1.54771531 -0.77310216 0.91263050
v -1.56026566 -0.77310216 0.92518085
v 1.24957991 -0.77310216 1.04279602
v 1.24853158 -0.77310216 1.02814066
v -1.55030608 -0.77310216 2.76010585
v -1.52401900 -0.77310216 2.79522157
v 1.24356973 -0.77310216 1.00099516
v 1.24669290 -0.77310216 1.01535201
v 1.24669290 -0.81215584 1.01535201
v 1.24356973 -0.81215584 1.00099516
v 0.86423266 -0.77310216 2.93784857
v -1.21270442 -0.77310216 2.93784857
v -1.57831335 -0.77310216 2.71073771
v -1.55729115 -0.77310216 2.74923682
v -1.61381257 -0.77310216 2.58983874
v -1.61694181 -0.77310216 2.54608560
v -1.61694181 -0.81215584 2.54608560
v -1.61381257 -0.81215584 2.58983874
v -1.56872654 -0.77310216 0.93494517
v -1.57936311 -0.77310216 0.94915396
v -1.49729550 -0.77310216 0.87804192
v -1.51287317 -0.77310216 0.88654804
v -1.59900975 -0.77310216 2.65788627
v -1.58368051 -0.77310216 2.69898510
v -1.40868092 -0.77310216 0.85595441
v -1.42638457 -0.77310216 0.85722059
v -1.60264981 -0.77310216 2.64548945
v -1.61197388 -0.77310216 2.60262728
v -1.61197376 -0.81215584 2.60262728
v -1.60264969 -0.81215584 2.64548945
v 1.08097672 -0.77310216 2.87374949
v 1.11393452 -0.77310216 2.84907746
v -1.61197376 -0.77310216 2.60262728
v -1.60264969 -0.77310216 2.64548945
v 1.24664295 -0.77310216 2.60604072
v 1.24957991 -0.77310216 2.56497598
v -1.58634818 -0.77310216 0.96002299
v -1.59485435 -0.77310216 0.97560078
v -1.61694181 -0.77310216 2.54608560
v -1.61381257 -0.77310216 2.58983874
v 1.10453904 -0.77310216 0.86196446
v 1.09018207 -0.77310216 0.85884130
v 1.12369895 -0.77310216 2.84061670
v 1.15280998 -0.77310216 2.81150556
v 1.13070214 -0.77310216 0.87073910
v 1.11693585 -0.77310216 0.86560446
v 0.93102247 -0.77310216 2.93261099
v 0.97125107 -0.77310216 2.92385960
v -1.60022151 -0.77310216 0.98735327
v -1.60642409 -0.77310216 1.00398314
v 1.03397405 -0.77310216 2.90046501
v 1.07010758 -0.77310216 2.88073468
v 1.15535033 -0.77310216 0.88314778
v 1.14245474 -0.77310216 0.87610626
v 1.16127086 -0.77310216 2.80174136
v 1.18594301 -0.77310216 2.76878333
v -1.46891320 -0.77310216 0.86647213
v -1.48554289 -0.77310216 0.87267470
v 1.17798150 -0.77310216 0.89893794
v 1.16621947 -0.77310216 0.89013296
v -1.61006415 -0.77310216 1.01637995
v -1.61383688 -0.77310216 1.03372312
v 1.19813526 -0.77310216 0.91778821
v 1.18774593 -0.77310216 0.90739882
v -1.32504475 -0.77310216 2.92309427
v -1.28218257 -0.77310216 2.93241858
v 0.86421609 -0.82509238 2.93738651
v -1.21268785 -0.82509238 2.93738651
v -1.21268129 -0.82767630 2.93720174
v 0.86420947 -0.82767630 2.93720174
v 0.91816789 -0.82509238 2.93399119
v 0.87715274 -0.82509238 2.93692446
v 0.87714612 -0.82767630 2.93673968
v 0.91814154 -0.82767630 2.93380785
v 1.02202892 -0.82509243 2.90541101
v 0.98351735 -0.82509238 2.91977501
v 0.98346519 -0.82767630 2.91959739
v 1.02195203 -0.82767630 2.90524244
v 1.06875980 -0.84046483 2.87863874
v 1.03293943 -0.84046483 2.89819813
v 1.03271019 -0.84299618 2.89769602
v 1.06846130 -0.84299618 2.87817430
v 1.06985724 -0.82509243 2.88034487
v 1.03378165 -0.82509243 2.90004373
v 1.03370464 -0.82767630 2.89987540
v 1.06975710 -0.82767624 2.88018918
v 1.11230218 -0.84046483 2.84719467
v 1.07963014 -0.84046483 2.87165284
v 1.07933164 -0.84299618 2.87118840
v 1.11194062 -0.84299624 2.84677744
v 1.11363113 -0.82509238 2.84872746
v 1.08072639 -0.82509243 2.87335968
v 1.08062613 -0.82767624 2.87320399
v 1.11350989 -0.82767630 2.84858751
v 1.15092623 -0.84046483 2.80987430
v 1.12206757 -0.84046483 2.83873272
v 1.12170613 -0.84299618 2.83831573
v 1.15050900 -0.84299618 2.80951262
v 1.15245998 -0.82509238 2.81120229
v 1.12339556 -0.82509238 2.84026647
v 1.12327421 -0.82767630 2.84012651
v 1.15231991 -0.82767630 2.81108093
v 1.18384624 -0.84046483 2.76743674
v 1.15938807 -0.84046483 2.80010891
v 1.15897083 -0.84299618 2.79974723
v 1.18338180 -0.84299618 2.76713824
v 1.18555331 -0.82509238 2.76853299
v 1.16092086 -0.82509238 2.80143785
v 1.16078079 -0.82767630 2.80131650
v 1.18539739 -0.82767630 2.76843286
v 1.21223724 -0.82509243 2.72158837
v 1.19253850 -0.82509238 2.75766373
v 1.19238269 -0.82767630 2.75756359
v 1.21206856 -0.82767630 2.72151136
v 1.23196864 -0.82509238 2.67132401
v 1.21760440 -0.82509243 2.70983577
v 1.21743584 -0.82767630 2.70975876
v 1.23179090 -0.82767630 2.67127180
v 1.24434555 -0.82509238 2.61876345
v 1.23560870 -0.82509238 2.65892720
v 1.23543084 -0.82767630 2.65887499
v 1.24416208 -0.82767630 2.61873698
v -1.28211677 -0.82509243 2.93196011
v -1.32491422 -0.82509238 2.92264986
v -1.32486200 -0.82767630 2.92247224
v -1.28209031 -0.82767630 2.93177652
v -1.22555232 -0.84046483 2.93490100
v -1.26903856 -0.84046483 2.93179083
v -1.26896000 -0.84299618 2.93124461
v -1.22553265 -0.84299618 2.93435025
v -1.22540295 -0.85539287 2.93071032
v -1.26843941 -0.85539287 2.92763233
v -1.26831019 -0.85782009 2.92673397
v -1.22537065 -0.85782003 2.92980504
v -1.22562444 -0.82509238 2.93692446
v -1.26932788 -0.82509243 2.93379879
v -1.26930153 -0.82767630 2.93361545
v -1.22561789 -0.82767630 2.93673968
v -1.28123200 -0.85539287 2.92579293
v -1.32315731 -0.85539287 2.91667247
v -1.32290161 -0.85782009 2.91580176
v -1.28110278 -0.85782009 2.92489457
v -1.33731115 -0.82509238 2.91900992
v -1.37834799 -0.82509238 2.90370393
v -1.37827098 -0.82767630 2.90353560
v -1.33725893 -0.82767630 2.91883206
v -1.28182864 -0.84046483 2.92995191
v -1.32434213 -0.84046477 2.92070341
v -1.32418656 -0.84299618 2.92017365
v -1.28175008 -0.84299618 2.92940545
v -1.33555794 -0.85539287 2.91303158
v -1.37575805 -0.85539293 2.89803743
v -1.37538111 -0.85782003 2.89721203
v -1.33530223 -0.85782009 2.91216040
v -1.39010060 -0.82509238 2.89833689
v -1.42854166 -0.82509238 2.87734604
v -1.42844141 -0.82767630 2.87719011
v -1.39002359 -0.82767630 2.89816809
v -1.33674026 -0.84046483 2.91706300
v -1.37750447 -0.84046483 2.90185881
v -1.37727535 -0.84299618 2.90135670
v -1.33658469 -0.84299618 2.91653323
v -1.38751435 -0.85539293 2.89266872
v -1.42517161 -0.85539287 2.87210584
v -1.42468095 -0.85782009 2.87134218
v -1.38713729 -0.85782003 2.89184308
v -1.43941081 -0.82509238 2.87036085
v -1.47447348 -0.82509243 2.84411383
v -1.47435200 -0.82767624 2.84397364
v -1.43931067 -0.82767630 2.87020493
v -1.38925838 -0.84046483 2.89649105
v -1.42744422 -0.84046483 2.87563944
v -1.42714584 -0.84299618 2.87517500
v -1.38902903 -0.84299618 2.89598870
v -1.43604410 -0.85539287 2.86511827
v -1.47039199 -0.85539299 2.83940649
v -1.46979773 -0.85782009 2.83872056
v -1.43555343 -0.85782009 2.86435485
v -1.48423791 -0.82509243 2.83565283
v -1.51520813 -0.82509243 2.80468249
v -1.51506805 -0.82767624 2.80456114
v -1.48411655 -0.82767624 2.83551264
v -1.43831456 -0.84046483 2.86865354
v -1.47314441 -0.84046483 2.84258080
v -1.47278285 -0.84299618 2.84216356
v -1.43801606 -0.84299618 2.86818910
v -1.48015940 -0.85539287 2.83094287
v -1.51049840 -0.85539287 2.80060410
v -1.50981247 -0.85782009 2.80000973
v -1.47956514 -0.85782003 2.83025694
v -1.47604275 -0.86957258 2.82618928
v -1.50574458 -0.86957258 2.79648709
v -1.50480390 -0.87184620 2.79567194
v -1.47522759 -0.87184626 2.82524848
v -1.52366912 -0.82509243 2.79491806
v -1.54991639 -0.82509238 2.75985551
v -1.54976046 -0.82767630 2.75975537
v -1.52352893 -0.82767624 2.79479694
v -1.48290992 -0.84046483 2.83411908
v -1.51367450 -0.84046483 2.80335474
v -1.51325727 -0.84299618 2.80299306
v -1.48254836 -0.84299618 2.83370185
v -1.55690145 -0.82509238 2.74898624
v -1.57789195 -0.82509238 2.71054530
v -1.57772350 -0.82767630 2.71046829
v -1.55674565 -0.82767630 2.74888611
v -1.52213633 -0.84046483 2.79358912
v -1.54820931 -0.84046483 2.75875950
v -1.54774499 -0.84299618 2.75846076
v -1.52171910 -0.84299618 2.79322767
v -1.58325922 -0.82509238 2.69879270
v -1.59856522 -0.82509238 2.65775585
v -1.59838724 -0.82767630 2.65770364
v -1.58309066 -0.82767630 2.69871569
v -1.55519533 -0.84046483 2.74788904
v -1.57604623 -0.84046483 2.70970321
v -1.57554412 -0.84299618 2.70947385
v -1.55473089 -0.84299618 2.74759054
v -1.60220516 -0.82509238 2.64535904
v -1.61151516 -0.82509238 2.60256147
v -1.61133170 -0.82767630 2.60253501
v -1.60202742 -0.82767630 2.64530683
v -1.58141398 -0.84046483 2.69794941
v -1.59661841 -0.84046483 2.65718484
v -1.59608865 -0.84299618 2.65702939
v -1.58091187 -0.84299618 2.69772005
v -1.59019446 -0.86957258 2.64182854
v -1.59912312 -0.86957258 2.60078335
v -1.59789109 -0.87184626 2.60060620
v -1.58900011 -0.87184626 2.64147782
v -1.61335397 -0.82509238 2.58977270
v -1.61647975 -0.82509238 2.54606938
v -1.61629486 -0.82767630 2.54606271
v -1.61317050 -0.82767630 2.58974624
v -1.60025871 -0.84046483 2.64478660
v -1.60950685 -0.84046483 2.60227323
v -1.60896039 -0.84299618 2.60219455
v -1.59972906 -0.84299618 2.64463115
v -1.60096288 -0.86957258 2.58798718
v -1.60399282 -0.86957258 2.54562426
v -1.60275137 -0.87184626 2.54557991
v -1.59973097 -0.87184620 2.58781004
v -1.61694181 -0.82509238 2.53313279
v -1.61694181 -0.82509238 1.07716846
v -1.61675692 -0.82767630 1.07717502
v -1.61675692 -0.82767630 2.53312612
v -1.61134577 -0.84046483 2.58948326
v -1.61445618 -0.84046483 2.54599714
v -1.61390543 -0.84299618 2.54597759
v -1.61079943 -0.84299618 2.58940458
v -1.45638585 -0.82509238 0.86327654
v -1.43910730 -0.82509238 0.85951781
v -1.43908095 -0.82767630 0.85970122
v -1.45633364 -0.82767630 0.86345434
v -1.42631853 -0.82509238 0.85767913
v -1.40866435 -0.82509238 0.85641640
v -1.40865779 -0.82767630 0.85660124
v -1.42629218 -0.82767630 0.85786247
v -1.42602921 -0.84046483 0.85968709
v -1.40859222 -0.84046483 0.85843992
v -1.40857255 -0.84299618 0.85899061
v -1.42595065 -0.84299618 0.86023349
v -1.42543006 -0.85539287 0.86384559
v -1.40844297 -0.85539287 0.86263061
v -1.40841055 -0.85782009 0.86353594
v -1.42530084 -0.85782009 0.86474395
v -1.42453337 -0.86957258 0.87006998
v -1.40821946 -0.86957258 0.86890316
v -1.40817523 -0.87184626 0.87014467
v -1.42435622 -0.87184626 0.87130201
v -1.45871210 -0.92692709 0.97079396
v -1.45570517 -0.92692709 0.96915209
v -1.45462906 -0.92711192 0.97150862
v -1.45731151 -0.92711186 0.97297335
v -1.48535049 -0.82509238 0.87309599
v -1.46878278 -0.82509238 0.86691660
v -1.46873057 -0.82767630 0.86709434
v -1.48527348 -0.82767630 0.87326455
v -1.53631854 -0.84046483 0.90605247
v -1.52239573 -0.84046483 0.89562988
v -1.52209723 -0.84299618 0.89609432
v -1.53595698 -0.84299618 0.90646964
v -1.53764749 -0.82509238 0.90451974
v -1.52349186 -0.82509238 0.89392287
v -1.52339172 -0.82767630 0.89407873
v -1.53752625 -0.82767630 0.90465969
v -1.55045187 -0.86957258 0.93367952
v -1.53921664 -0.86957258 0.92244422
v -1.53840160 -0.87184626 0.92338485
v -1.54951131 -0.87184626 0.93449461
v -1.54421735 -0.88271528 0.93907905
v -1.53381705 -0.88271534 0.92867881
v -1.53279781 -0.88478911 0.92985505
v -1.54304099 -0.88478917 0.94009835
v -1.55991554 -0.82509238 0.92548418
v -1.54741192 -0.82509238 0.91298062
v -1.54729068 -0.82767630 0.91312063
v -1.55977559 -0.82767630 0.92560548
v -1.57897329 -0.82509238 0.94940430
v -1.56837654 -0.82509238 0.93524867
v -1.56823659 -0.82767630 0.93536997
v -1.57881749 -0.82767630 0.94950449
v -1.59443283 -0.82509238 0.97579312
v -1.58595860 -0.82509238 0.96027350
v -1.58580267 -0.82767630 0.96037364
v -1.59426439 -0.82767630 0.97587013
v -1.60403275 -0.84046483 1.00468457
v -1.59795511 -0.84046483 0.98838919
v -1.59745276 -0.84299618 0.98861855
v -1.60350311 -0.84299618 1.00484002
v -1.60597968 -0.82509238 1.00411355
v -1.59980011 -0.82509238 0.98754579
v -1.59963167 -0.82767630 0.98762280
v -1.60580182 -0.82767630 1.00416577
v -1.51704371 -0.92692709 1.06777811
v -1.51654351 -0.92692709 1.06078184
v -1.51397932 -0.92711192 1.06115055
v -1.51445997 -0.92711192 1.06787038
v -1.61337841 -0.82509243 1.03378904
v -1.60961974 -0.82509238 1.01651049
v -1.60944188 -0.82767630 1.01656270
v -1.61319506 -0.82767630 1.03381538
v -1.61026549 -0.85539287 1.06445324
v -1.60905075 -0.85539287 1.04746628
v -1.60815239 -0.85782009 1.04759550
v -1.60936022 -0.85782009 1.06448567
v -1.59576631 -0.88271534 1.06496990
v -1.59466290 -0.88271528 1.04953909
v -1.59312224 -0.88478917 1.04976058
v -1.59421384 -0.88478917 1.06502533
v -1.61647975 -0.82509238 1.06423187
v -1.61521709 -0.82509243 1.04657781
v -1.61503386 -0.82767630 1.04660416
v -1.61629486 -0.82767630 1.06423843
v -1.60445499 -0.86957258 2.53268576
v -1.60445499 -0.86957258 1.07761514
v -1.60321355 -0.87184626 1.07765949
v -1.60321343 -0.87184632 2.53264141
v -1.61491823 -0.84046483 2.53306007
v -1.61491823 -0.84046483 1.07724094
v -1.61436749 -0.84299618 1.07726061
v -1.61436760 -0.84299618 2.53304052
v 1.09011614 -0.82509238 0.85929978
v 1.10440850 -0.82509238 0.86240894
v 1.10435629 -0.82767630 0.86258662
v 1.09008980 -0.82767630 0.85948318
v 1.06198347 -0.88271528 0.87712985
v 1.07436633 -0.88271528 0.87801552
v 1.07414484 -0.88478917 0.87955606
v 1.06192803 -0.88478917 0.87868232
v 1.06121302 -0.90484613 0.89873940
v 1.07127857 -0.90484613 0.89945930
v 1.07098269 -0.90639853 0.90151721
v 1.06113899 -0.90639853 0.90081316
v 1.06272161 -0.82509238 0.85641646
v 1.07732737 -0.82509238 0.85746104
v 1.07730103 -0.82767630 0.85764444
v 1.06271505 -0.82767630 0.85660124
v 1.07594526 -0.92692709 0.95797831
v 1.07630682 -0.92692709 0.95805693
v 1.07557702 -0.92711192 0.96054250
v 1.07557666 -0.92711192 0.96054244
v 1.08408809 -0.90484613 0.90130103
v 1.09244418 -0.90484607 0.90311879
v 1.09185839 -0.90639853 0.90511376
v 1.08379221 -0.90639853 0.90335894
v 1.11680543 -0.82509238 0.86604893
v 1.13050973 -0.82509238 0.87116039
v 1.13043272 -0.82767630 0.87132895
v 1.11675322 -0.82767630 0.86622673
v 1.09306157 -0.92453772 0.94696921
v 1.09546304 -0.92453772 0.94786489
v 1.09440875 -0.92508835 0.95017326
v 1.09234655 -0.92508835 0.94940406
v 1.14226234 -0.82509238 0.87652767
v 1.15509987 -0.82509238 0.88353747
v 1.15499961 -0.82767630 0.88369334
v 1.14218533 -0.82767630 0.87669623
v 1.10086441 -0.92692709 0.96721649
v 1.10118902 -0.92692709 0.96739376
v 1.09978843 -0.92711192 0.96957308
v 1.09978831 -0.92711192 0.96957302
v 1.10724413 -0.92453772 0.95324510
v 1.10949337 -0.92453766 0.95447326
v 1.10812128 -0.92508835 0.95660812
v 1.10618997 -0.92508835 0.95555353
v 1.14142013 -0.84046483 0.87837338
v 1.15400243 -0.84046483 0.88524377
v 1.15370405 -0.84299618 0.88570815
v 1.14119077 -0.84299618 0.87887555
v 1.11208570 -0.92692709 0.97439659
v 1.11238229 -0.92692709 0.97461855
v 1.11068583 -0.92711192 0.97657639
v 1.11068523 -0.92711186 0.97657591
v 1.12038898 -0.92453772 0.96147537
v 1.12244081 -0.92453772 0.96301132
v 1.12077892 -0.92508835 0.96492934
v 1.11901689 -0.92508841 0.96361035
v 1.18744254 -0.82509238 0.90774894
v 1.19778526 -0.82509243 0.91809148
v 1.19764519 -0.82767630 0.91821283
v 1.18732131 -0.82767630 0.90788895
v 1.16487277 -0.84046483 0.89222968
v 1.17634904 -0.84046483 0.90082073
v 1.17598760 -0.84299618 0.90123791
v 1.16457427 -0.84299618 0.89269412
v 1.12217152 -0.92692709 0.98310089
v 1.12243366 -0.92692709 0.98336303
v 1.12047577 -0.92711192 0.98505956
v 1.12047493 -0.92711192 0.98505878
v 1.17384768 -0.88271534 0.92344713
v 1.18208706 -0.88271528 0.93168640
v 1.18091083 -0.88478917 0.93270564
v 1.17282856 -0.88478911 0.92462337
v 1.20624626 -0.82509243 0.92785597
v 1.21501160 -0.82509238 0.93956512
v 1.21485567 -0.82767630 0.93966526
v 1.20610619 -0.82767624 0.92797726
v 1.18611455 -0.84046483 0.90928251
v 1.19625163 -0.84046483 0.91941947
v 1.19583440 -0.84299618 0.91978103
v 1.18575299 -0.84299618 0.90969980
v 1.13091600 -0.92692709 0.99315220
v 1.13113773 -0.92692709 0.99344838
v 1.12895834 -0.92711192 0.99484897
v 1.12895811 -0.92711192 0.99484873
v 1.22199667 -0.82509238 0.95043433
v 1.22900653 -0.82509243 0.96327168
v 1.22883797 -0.82767630 0.96334869
v 1.22184086 -0.82767630 0.95053452
v 1.20471346 -0.84046483 0.92918491
v 1.21330452 -0.84046483 0.94066137
v 1.21284008 -0.84299618 0.94095981
v 1.20429623 -0.84299618 0.92954648
v 1.13814056 -0.92692709 1.00434518
v 1.13831770 -0.92692709 1.00466943
v 1.13596117 -0.92711192 1.00574565
v 1.13596117 -0.92711192 1.00574577
v 1.16356277 -0.91999239 0.98800468
v 1.16580844 -0.91999239 0.99211711
v 1.16359496 -0.92089772 0.99312800
v 1.16151571 -0.92089766 0.98932028
v 1.23437381 -0.82509243 0.97502434
v 1.23948538 -0.82509243 0.98872876
v 1.23930764 -0.82767624 0.98878098
v 1.23420525 -0.82767624 0.97510135
v 1.22029042 -0.84046483 0.95153171
v 1.22716093 -0.84046483 0.96411383
v 1.22665870 -0.84299618 0.96434319
v 1.21982598 -0.84299618 0.95183015
v 1.14369857 -0.92692709 1.01645184
v 1.14382827 -0.92692709 1.01679933
v 1.14134252 -0.92711192 1.01752925
v 1.14134204 -0.92711192 1.01752806
v 1.23252881 -0.84046483 0.97586769
v 1.23753870 -0.84046483 0.98929971
v 1.23700905 -0.84299618 0.98945522
v 1.23202658 -0.84299618 0.97609705
v 1.14747751 -0.92692709 1.02922750
v 1.14755619 -0.92692715 1.02958930
v 1.14499176 -0.92711192 1.02995801
v 1.14499164 -0.92711192 1.02995741
v 1.17647374 -0.91999239 1.02071142
v 1.17746973 -0.91999239 1.02529037
v 1.17506111 -0.92089772 1.02563667
v 1.17413878 -0.92089772 1.02139699
v 1.24807310 -0.82509238 1.02820671
v 1.24911797 -0.82509243 1.04281259
v 1.24893320 -0.82767624 1.04281914
v 1.24788976 -0.82767630 1.02823305
v 1.24190664 -0.85539287 1.02909517
v 1.24290371 -0.85539287 1.04303408
v 1.24199843 -0.85782009 1.04306638
v 1.24100828 -0.85782009 1.02922440
v 1.23568225 -0.86957258 1.02999187
v 1.23663116 -0.86957264 1.04325759
v 1.23538983 -0.87184626 1.04330194
v 1.23445034 -0.87184626 1.03016901
v 1.20607507 -0.90484607 1.03425574
v 1.20679498 -0.90484613 1.04432166
v 1.20472121 -0.90639853 1.04439569
v 1.20401692 -0.90639853 1.03455162
v -1.39550543 -0.85539287 0.86216855
v 1.04956269 -0.85539287 0.86216855
v 1.04953027 -0.85782009 0.86307389
v -1.39547300 -0.85782009 0.86307389
v -1.44392276 -0.92692709 0.96377128
v -1.44071221 -0.92692709 0.96257377
v -1.43998230 -0.92711192 0.96505940
v -1.44284666 -0.92711186 0.96612775
v 1.24755657 -0.84046483 1.05582166
v 1.24755657 -0.84046483 2.55195045
v 1.24700582 -0.84299618 2.55193090
v 1.24700594 -0.84299618 1.05584133
v 1.21885335 -0.89455348 1.05684876
v 1.21885347 -0.89455354 2.55092382
v 1.21702170 -0.89638525 2.55085850
v 1.21702170 -0.89638519 1.05691421
v 0.87716919 -0.77310216 2.93738651
v 0.91823393 -0.77310216 2.93444967
v -2.12899089 -0.99999958 -0.41680190
v -2.13546872 -0.99352306 -0.41680315
v -2.13489175 -0.99352306 -0.42973933
v 1.67098653 0.99352396 -2.41681790
v 1.67023253 0.99352396 -2.42974830
v 1.80999327 0.99352396 -0.41680315
v 1.80941641 0.99352396 -0.42973933
v 1.65085936 0.99352396 -2.84213281
v 1.65010333 0.99352396 -2.85506296
v 1.63888121 0.99352396 -3.01544023
v 1.63764250 0.99352396 -3.02832937
v 1.58828449 1.00000048 -3.37493491
v 1.59681261 0.99352396 -3.36201406
v 1.59488487 0.99352396 -3.37481785
v 1.54028499 1.00000048 -3.62949848
v 1.54503715 1.00000048 -3.61653519
v 1.55160046 0.99352396 -3.61662531
v 1.54772305 0.99352396 -3.62887073
v 1.48081303 1.00000048 -3.74966431
v 1.49032068 1.00000048 -3.73669028
v 1.49718761 0.99352396 -3.73728800
v 1.49036527 0.99352396 -3.74818301
v 1.43103540 1.00000048 -3.81087708
v 1.43820810 0.99352396 -3.81232190
v 1.42943072 0.99352396 -3.82181191
v 1.30877769 0.99352396 -3.93664837
v 1.29813874 0.99281764 -3.94367671
v 1.16975534 0.97832137 -3.99900341
v 1.15743113 0.97768456 -4.00270128
v 1.82445133 0.99352396 0.32384706
v 1.82423961 0.99352396 0.31089577
v 1.83524895 0.99352396 1.15249515
v 1.83516395 0.99352396 1.13954270
v 1.83497453 0.99352396 2.39912724
v 1.83524895 0.99352396 2.38617992
v 1.78807080 1.00000048 3.33777809
v 1.79460788 0.99352396 3.33772469
v 1.79571128 0.99352396 3.32483077
v 1.70530772 1.00000048 3.97576356
v 1.71191502 0.99352396 3.97565460
v 1.71392584 0.99352396 3.96286368
v 1.70740247 1.00000048 3.96281028
v 1.61530757 0.99352396 4.49631357
v 1.61764789 0.99352396 4.48357391
v 1.61108088 1.00000048 4.48346519
v 1.54409146 0.99352396 4.87765121
v 1.54818368 0.99352396 4.86550522
v 1.44612801 0.99352396 5.06420898
v 1.45422471 0.99352396 5.05452490
v 1.21632969 0.99352396 5.23477316
v 1.22783113 0.99352396 5.22953320
v 0.91823393 -0.81215584 2.93444967
v 0.87716919 -0.81215584 2.93738651
v 0.97106826 -0.82767630 2.92323756
v 0.97054827 -0.84046483 2.92146897
v 0.98294640 -0.84046483 2.91782832
v 1.02195203 -0.82767630 2.90524244
v 1.02118564 -0.84046483 2.90356588
v 1.03293943 -0.84046483 2.89819813
v 1.06975710 -0.82767624 2.88018918
v 1.06875980 -0.84046483 2.87863874
v 1.07963014 -0.84046483 2.87165284
v 1.11350989 -0.82767630 2.84858751
v 1.11230218 -0.84046483 2.84719467
v 1.12206757 -0.84046483 2.83873272
v 1.15231991 -0.82767630 2.81108093
v 1.15092623 -0.84046483 2.80987430
v 1.15938807 -0.84046483 2.80010891
v 1.18539739 -0.82767630 2.76843286
v 1.18384624 -0.84046483 2.76743674
v 1.19083214 -0.84046483 2.75656652
v 1.21206856 -0.82767630 2.72151136
v 1.21039164 -0.84046483 2.72074628
v 1.21575940 -0.84046483 2.70899248
v 1.24618435 -0.82509238 2.60597467
v 1.24939513 -0.82767630 2.55201650
v 1.24893320 -0.82767624 2.56495309
v 1.24709439 -0.84046483 2.56488752
v 1.24755657 -0.84046483 2.55195045
v -1.21259570 -0.84299618 2.93481231
v -1.21246541 -0.85539293 2.93117237
v -1.22561789 -0.82767630 2.93673968
v -1.22555232 -0.84046483 2.93490100
v -1.21261537 -0.84046483 2.93536305
v -1.28182864 -0.84046483 2.92995191
v -1.26903856 -0.84046483 2.93179083
v -1.26930153 -0.82767630 2.93361545
v -1.33674026 -0.84046483 2.91706300
v -1.32434213 -0.84046477 2.92070341
v -1.32486200 -0.82767630 2.92247224
v -1.38925838 -0.84046483 2.89649105
v -1.37750447 -0.84046483 2.90185881
v -1.37827098 -0.82767630 2.90353560
v -1.43831456 -0.84046483 2.86865354
v -1.42744422 -0.84046483 2.87563944
v -1.42844141 -0.82767630 2.87719011
v -1.48290992 -0.84046483 2.83411908
v -1.47314441 -0.84046483 2.84258080
v -1.47435200 -0.82767624 2.84397364
v -1.52213633 -0.84046483 2.79358912
v -1.51367450 -0.84046483 2.80335474
v -1.51506805 -0.82767624 2.80456114
v -1.51896179 -0.85539287 2.79083681
v -1.55519533 -0.84046483 2.74788904
v -1.54820931 -0.84046483 2.75875950
v -1.54976046 -0.82767630 2.75975537
v -1.55166149 -0.85539287 2.74561644
v -1.54467416 -0.85539287 2.75648904
v -1.58141398 -0.84046483 2.69794941
v -1.57604623 -0.84046483 2.70970321
v -1.57772350 -0.82767630 2.71046829
v -1.60025871 -0.84046483 2.64478660
v -1.59661841 -0.84046483 2.65718484
v -1.59838724 -0.82767630 2.65770364
v -1.59535694 -0.85782009 2.64334607
v -1.58655226 -0.86957264 2.65423250
v -1.59171593 -0.85782009 2.65574670
v -1.61134577 -0.84046483 2.58948326
v -1.60950685 -0.84046483 2.60227323
v -1.61133170 -0.82767630 2.60253501
v -1.60628891 -0.85782009 2.58875489
v -1.60444963 -0.85782009 2.60154748
v -1.61491823 -0.84046483 2.53306007
v -1.61445618 -0.84046483 2.54599714
v -1.61629486 -0.82767630 2.54606271
v -1.39572775 -0.82509238 0.85595441
v -1.49710310 -0.82509238 0.87846327
v -1.51262283 -0.82509238 0.88693762
v -1.61629486 -0.82767630 1.06423843
v -1.61445618 -0.84046483 1.06430399
v -1.61491823 -0.84046483 1.07724094
v 1.04978502 -0.82509238 0.85595435
v 1.04977846 -0.82767630 0.85613918
v 1.06271505 -0.82767630 0.85660124
v 1.06264949 -0.84046483 0.85843998
v 1.04971254 -0.84046483 0.85797793
v 1.16596901 -0.82509238 0.89052266
v 1.17767811 -0.82509238 0.89928800
v 1.24312532 -0.82509243 1.00112569
v 1.24623442 -0.82509238 1.01541793
v 1.24939525 -0.82767630 1.05575573
v 1.24755657 -0.84046483 1.05582166
v 1.24709439 -0.84046483 1.04288471
v 1.24893320 -0.82767624 1.04281914
v 1.25004196 -0.77310216 2.55203938
v -1.61740386 -0.77310216 1.07715189
v -1.99646187 -0.99352306 -2.41681790
v -1.99646187 0.99352396 -2.41681790
v -2.13489175 0.99352396 -0.42973933
v 1.67098653 -0.99352306 -2.41681790
v 1.80941641 -0.99352306 -0.42973933
v -1.94497323 0.99352396 -2.84924459
v -1.99524128 0.99352396 -2.42970943
v -1.99524128 -0.99352306 -2.42970943
v -1.94497323 -0.99352306 -2.84924459
v 1.65085924 -0.99352306 -2.84213281
v 1.67023242 -0.99352306 -2.42974830
v -1.87985134 1.00000048 -3.38197637
v 1.59681273 -0.99352306 -3.36201406
v 1.63764262 -0.99352306 -3.02832937
v -1.88843000 0.99352396 -3.36909008
v -1.93058300 0.99352396 -3.03539920
v -1.93058300 -0.99352306 -3.03539920
v -1.88843000 -0.99352306 -3.36909008
v 0.41607296 1.00000048 -3.63184309
v 0.41607308 1.00000048 -3.61888981
v -1.83562148 1.00000048 -3.62358570
v -1.84218419 0.99352396 -3.62370276
v -1.88645208 0.99352396 -3.38188624
v -1.88645208 -0.99352306 -3.38188624
v -1.84218419 -0.99352306 -3.62370276
v 1.43820810 -0.99352306 -3.81232190
v 1.49036527 -0.99352306 -3.74818301
v -1.77087307 1.00000048 -3.75667834
v -1.72079468 1.00000048 -3.81793618
v -1.72795868 0.99352396 -3.81940556
v -1.78040981 0.99352396 -3.75524521
v -1.78040981 -0.99352306 -3.75524521
v -1.72795868 -0.99352306 -3.81940556
v 1.16975522 -0.97832054 -3.99900317
v 1.29813874 -0.99281675 -3.94367671
v -1.58730924 -0.99281675 -3.95072055
v -1.45865750 -0.97832054 -4.00541973
v 0.67348766 -0.97768372 -4.08882475
v 1.15743113 -0.97768372 -4.00270128
v -0.96194601 0.97768456 -4.09521294
v -1.44632077 0.97768456 -4.00908756
v -1.44632077 -0.97768372 -4.00908756
v -0.96194601 -0.97768372 -4.09521294
v 1.81797433 -0.99999958 0.32384762
v -2.14344978 -0.99999958 0.32384762
v -2.14971495 -0.99352306 0.31089577
v -2.13546872 -0.99352306 -0.41680315
v -2.13546872 0.99352396 -0.41680315
v -2.14971495 0.99352396 0.31089577
v -2.15416241 -0.99999958 1.13954210
v 1.82868683 -0.99999958 1.13954210
v 1.82445133 -0.99352306 0.32384706
v 1.83516395 -0.99352306 1.13954270
v -2.16063929 -0.99352306 1.13954270
v -2.14992690 -0.99352306 0.32384706
v -2.14992690 0.99352396 0.32384706
v -2.16063929 0.99352396 1.13954270
v -2.15396738 -0.99999958 2.39913321
v 1.83524895 -0.99352306 1.15249515
v 1.83524895 -0.99352306 2.38617992
v -2.16072440 -0.99352306 2.38617992
v -2.16072440 -0.99352306 1.15249515
v -2.16072440 0.99352396 1.15249515
v -2.16072440 0.99352396 2.38617992
v -2.11354613 1.00000048 3.33777809
v -2.11470461 -0.99999958 3.32482481
v 1.78922927 -0.99999958 3.32482481
v -2.03078318 1.00000048 3.97576356
v -1.01695478 1.00000048 3.97576332
v -1.01695490 1.00000048 3.96281004
v -2.03287792 1.00000048 3.96281028
v 1.79460788 -0.99352306 3.33772469
v 1.71392584 -0.99352306 3.96286368
v -2.03940129 -0.99352306 3.96286368
v -2.12008333 -0.99352306 3.33772469
v -2.12008333 0.99352396 3.33772469
v -2.03940129 0.99352396 3.96286368
v -1.93655634 1.00000048 4.48346519
v -1.94312334 -0.99352306 4.48357391
v -2.03739047 -0.99352306 3.97565460
v -2.03739047 0.99352396 3.97565460
v -1.94312334 0.99352396 4.48357391
v 1.54409146 -0.99352306 4.87765121
v 1.45422471 -0.99352306 5.05452490
v -1.77970016 -0.99352306 5.05452490
v -1.86956692 -0.99352306 4.87765121
v -1.86956692 0.99352396 4.87765121
v -1.77970016 0.99352396 5.05452490
v 1.21632969 -0.99352306 5.23477316
v 0.70959461 -0.99352306 5.34109259
v -1.03507006 -0.99352306 5.34109259
v -1.54180515 -0.99352306 5.23477316
v 1.25004196 -0.77310216 1.05573261
v -1.61740386 -0.77310216 2.53314900
v 1.82849193 -0.99999958 2.39913321
v 0.93066853 -0.84046483 2.93014431
v 0.97054827 -0.84046483 2.92146897
v 0.97106826 -0.82767630 2.92323756
v 0.93093026 -0.82767630 2.93196893
v 0.98294640 -0.84046483 2.91782832
v 1.02118564 -0.84046483 2.90356588
v 1.02195203 -0.82767630 2.90524244
v 0.98346519 -0.82767630 2.91959739
v 1.02095628 -0.84299618 2.90306377
v 1.06975710 -0.82767624 2.88018918
v 1.03370464 -0.82767630 2.89987540
v 1.11350989 -0.82767630 2.84858751
v 1.08062613 -0.82767624 2.87320399
v 1.11438525 -0.87184626 2.82986212
v 1.11520040 -0.86957258 2.83080292
v 1.10543025 -0.86957258 2.83926892
v 1.10461509 -0.87184626 2.83832812
v 1.15231991 -0.82767630 2.81108093
v 1.12327421 -0.82767630 2.84012651
v 1.15052164 -0.87184626 2.79242182
v 1.15146220 -0.86957264 2.79323697
v 1.14299655 -0.86957258 2.80300689
v 1.14205587 -0.87184620 2.80219173
v 1.18539739 -0.82767630 2.76843286
v 1.16078079 -0.82767630 2.80131650
v 1.21111262 -0.85782009 2.70686889
v 1.21193826 -0.85539287 2.70724583
v 1.20656931 -0.85539287 2.71900201
v 1.20574379 -0.85782009 2.71862507
v 1.24600089 -0.82767630 2.60594821
v 1.23911929 -0.85782009 2.60495687
v 1.24001765 -0.85539287 2.60508609
v 1.23817849 -0.85539287 2.61787868
v 1.23728001 -0.85782009 2.61774945
v 1.24709439 -0.84046483 2.56488752
v 1.24654377 -0.84299618 2.56486797
v -1.22561789 -0.82767630 2.93673968
v -1.26930153 -0.82767630 2.93361545
v -1.21261537 -0.84046483 2.93536305
v -1.21243310 -0.85782009 2.93026710
v -1.21219659 -0.87184626 2.92365837
v -1.21224093 -0.86957264 2.92489982
v -1.22517943 -0.86957258 2.92443776
v -1.22513509 -0.87184626 2.92319632
v -1.21189094 -0.88478911 2.91512084
v -1.21194649 -0.88271540 2.91667318
v -1.22488606 -0.88271534 2.91621113
v -1.22483051 -0.88478917 2.91465855
v -1.28209031 -0.82767630 2.93177652
v -1.32486200 -0.82767630 2.92247224
v -1.33725893 -0.82767630 2.91883206
v -1.37827098 -0.82767630 2.90353560
v -1.39002359 -0.82767630 2.89816809
v -1.42844141 -0.82767630 2.87719011
v -1.43931067 -0.82767630 2.87020493
v -1.47435200 -0.82767624 2.84397364
v -1.48411655 -0.82767624 2.83551264
v -1.51506805 -0.82767624 2.80456114
v -1.51827586 -0.85782009 2.79024243
v -1.52352893 -0.82767624 2.79479694
v -1.54976046 -0.82767630 2.75975537
v -1.55674565 -0.82767630 2.74888611
v -1.57772350 -0.82767630 2.71046829
v -1.58309066 -0.82767630 2.69871569
v -1.59838724 -0.82767630 2.65770364
v -1.60202742 -0.82767630 2.64530683
v -1.61133170 -0.82767630 2.60253501
v -1.60718727 -0.85539287 2.58888412
v -1.60534799 -0.85539287 2.60167670
v -1.59095907 -0.88271528 2.59961176
v -1.58228135 -0.88271528 2.63950276
v -1.61317050 -0.82767630 2.58974624
v -1.61629486 -0.82767630 2.54606271
v -1.60936010 -0.85782009 2.54581571
v 0.86399364 -0.85539287 2.93117237
v 0.86412400 -0.84299618 2.93481231
v -1.39572120 -0.82767630 0.85613918
v -1.39565527 -0.84046483 0.85797793
v -1.39563560 -0.84299618 0.85852861
v -1.39528108 -0.86957258 0.86844105
v -1.39523673 -0.87184626 0.86968261
v -1.49702609 -0.82767630 0.87863183
v -1.54608393 -0.84046483 0.91451430
v -1.55838192 -0.84046483 0.92681223
v -1.58378780 -0.84299618 0.96166933
v -1.58425224 -0.84046483 0.96137089
v -1.57726634 -0.84046483 0.95050055
v -1.57680190 -0.84299618 0.95079905
v -1.59258711 -0.84046483 0.97663534
v -1.59208500 -0.84299618 0.97686470
v -1.59330809 -0.85782009 0.99051273
v -1.59413362 -0.85539287 0.99013567
v -1.58876491 -0.85539287 0.97837949
v -1.58793926 -0.85782009 0.97875655
v -1.61266291 -0.84299618 1.04694569
v -1.61320925 -0.84046483 1.04686713
v -1.61137033 -0.84046483 1.03407705
v -1.61082387 -0.84299618 1.03415561
v -1.61445618 -0.84046483 1.06430399
v -1.61390555 -0.84299618 1.06432366
v -1.60399306 -0.86957258 1.06467676
v -1.60275149 -0.87184626 1.06472099
v -1.61675692 -0.82767630 2.53312612
v -1.61675692 -0.82767630 1.07717502
v 1.07703805 -0.84046483 0.85946906
v 1.06264949 -0.84046483 0.85843998
v 1.06271505 -0.82767630 0.85660124
v 1.07730103 -0.82767630 0.85764444
v 1.04969287 -0.84299618 0.85852855
v 1.04971254 -0.84046483 0.85797793
v 1.06262982 -0.84299618 0.85899061
v 1.06250024 -0.85539287 0.86263067
v 1.06246781 -0.85782009 0.86353594
v 1.08923149 -0.85539287 0.86546689
v 1.08910227 -0.85782009 0.86636525
v 1.07630968 -0.85782009 0.86452591
v 1.07643890 -0.85539287 0.86362755
v 1.04929399 -0.87184626 0.86968261
v 1.04933834 -0.86957258 0.86844105
v 1.06227672 -0.86957258 0.86890322
v 1.06223249 -0.87184626 0.87014467
v 1.04862034 -0.89638525 0.88851279
v 1.04868579 -0.89455348 0.88668102
v 1.06162655 -0.89455348 0.88714319
v 1.06156111 -0.89638525 0.88897496
v 1.04772735 -0.91462523 0.91349369
v 1.04780853 -0.91338372 0.91122001
v 1.06075144 -0.91338366 0.91168231
v 1.06067026 -0.91462523 0.91395599
v 1.12943697 -0.84299618 0.87350774
v 1.12966633 -0.84046483 0.87300557
v 1.16586888 -0.82767630 0.89067852
v 1.17755687 -0.82767630 0.89942801
v 1.22870755 -0.85539287 0.97761422
v 1.22788203 -0.85782009 0.97799128
v 1.22251308 -0.85782009 0.96623504
v 1.22333860 -0.85539287 0.96585804
v 1.24294758 -0.82767630 1.00117791
v 1.24605107 -0.82767630 1.01544428
v 1.24606526 -0.84046483 1.02849603
v 1.24551880 -0.84299618 1.02857459
v 1.24367988 -0.84299618 1.01578450
v 1.24422634 -0.84046483 1.01570594
v 1.24654377 -0.84299618 1.04290438
v 1.24709439 -0.84046483 1.04288471
v 1.21655941 -0.89638525 1.04397345
v 1.21839118 -0.89455354 1.04390800
v 1.24958003 -0.82509243 2.55202317
v 1.24958003 -0.82509243 1.05574918
v 1.24939525 -0.82767630 1.05575573
v 1.24939513 -0.82767630 2.55201650
v 0.91823393 -0.77310216 2.93444967
v 0.87716919 -0.77310216 2.93738651
v -0.85005474 0.90932906 -3.73658967
v -0.85005474 1.00000048 -3.73658991
v -0.49395418 1.00000048 -3.82495785
v -0.49395418 0.90932906 -3.82495785
v -0.11193705 0.90932906 -3.82495785
v -0.11193705 1.00000048 -3.82495785
v 0.41607332 1.00000048 -3.60716748
v 0.34485340 1.00000048 -3.55893326
v 0.41607332 1.00000048 -3.69756961
v 0.41607332 1.00000048 -3.65236855
v 0.06734085 1.00000048 -3.49990988
v 0.06734085 0.90932906 -3.49990988
v -0.11193705 0.90932906 -3.47977924
v -0.11193705 1.00000048 -3.47977948
v -0.74445254 1.00000048 -3.77188969
v -0.74445248 0.90932906 -3.77188945
v -0.59218884 0.90932906 -3.80246878
v -0.59218884 1.00000048 -3.80246902
v 0.22942781 0.90932906 -3.50962710
v 0.22942781 1.00000048 -3.50962710
v -0.90408349 1.00000048 -3.62164283
v -0.90408343 1.00000048 -3.63459635
v -1.83082497 1.00000048 -3.63652897
v -0.83474970 1.00000048 -3.74170589
v -0.79624701 1.00000048 -3.75457573
v -1.78040195 1.00000048 -3.74374557
v -0.49200064 0.90932906 -3.80767059
v -0.11290458 0.90932906 -3.80767059
v -0.73999304 0.90932906 -3.54958463
v -0.84186614 0.90932906 -3.58363771
v 0.06585805 0.90932906 -3.78759789
v 0.22539712 0.90932906 -3.77803278
v 0.32756612 0.90932906 -3.73438978
v -0.47160977 1.06332672 -3.67443371
v -0.13414007 1.06332672 -3.67443371
v -0.56951392 1.06332672 -3.67443371
v -0.51574349 1.06332672 -3.67443371
v -0.13414007 1.06332672 -3.63030338
v -0.47160977 1.06332672 -3.63030338
v -0.72140926 1.06332672 -3.67443371
v -0.61366057 1.06332672 -3.67443371
v -0.82520473 1.06332672 -3.67443371
v -0.76558101 1.06332672 -3.67443371
v -0.86993122 1.06332660 -3.67204905
v -0.86473107 1.06332660 -3.67600203
v -0.86473107 1.06332672 -3.67443371
v -0.86964709 1.06332660 -3.67443395
v 0.20664361 1.06332672 -3.63030314
v 0.08916537 1.06332672 -3.63030338
v 0.04503245 1.06332672 -3.63030338
v -0.09000895 1.06332672 -3.63030338
v 0.32756612 1.04126155 -3.73438978
v 0.30550098 1.06332672 -3.58491516
v 0.25079656 1.06332672 -3.63030314
v -0.51574349 1.06332672 -3.63030338
v -0.56951392 1.06332672 -3.63030338
v -0.86964709 1.06332660 -3.67443395
v -0.86964709 1.06332660 -3.63030362
v -0.86473107 1.06332660 -3.62873554
v -0.86473107 1.06332660 -3.67600203
v -0.93289053 1.00000048 3.54562902
v -0.93289053 0.85776675 3.54562902
v 0.66936737 1.00000048 4.03925800
v 0.66936737 0.85776675 4.03925800
v 0.58276254 0.85776675 4.12586308
v 0.58276254 1.00000048 4.12586308
v 0.66936749 1.00000048 3.96281004
v 0.66936767 1.00000048 3.97576356
v -1.01695490 1.00000048 3.62969327
v -1.01695490 0.85776675 3.62969327
v -1.01695490 1.00000048 3.96281004
v -1.01695478 1.00000048 3.97576332
v -0.90408343 1.00000048 -3.63459635
v -0.90408349 1.00000048 -3.62164283
v -0.01538819 1.00000048 -3.81411672
v 0.34485340 1.00000048 -3.74580407
v 0.35469294 1.00000048 -3.73914003
v 0.33000481 1.00000048 -3.75214672
v -0.85005474 1.00000048 -3.73658991
v -0.90408349 1.00000048 -3.69551945
v -0.90408349 1.00000048 -3.65236878
v -0.90408349 1.00000048 -3.60921860
v -0.85005474 1.00000048 -3.56814742
v -0.74445254 1.00000048 -3.53284788
v -0.59218884 1.00000048 -3.50226831
v -0.49395418 1.00000048 -3.47977948
v -0.11193705 1.00000048 -3.47977948
v 0.41607332 1.00000048 -3.60716748
v 0.34485340 1.00000048 -3.55893326
v 0.22942781 1.00000048 -3.50962710
v 0.06734085 1.00000048 -3.49990988
v -0.53621465 1.00000048 -3.81528306
v -0.59218884 1.00000048 -3.80246902
v -0.74445254 1.00000048 -3.77188969
v -0.93289053 1.00000048 3.54562902
v -1.01695490 1.00000048 3.62969327
v 0.58293265 1.00000048 3.54562902
v 0.66936737 1.00000048 3.63206387
v -1.01695490 1.00000048 4.04491091
v -0.93600279 1.00000048 4.12586308
v 0.58276254 1.00000048 4.12586308
v 0.66936737 1.00000048 4.03925800
v 0.34485340 1.00000048 -3.74580407
v 0.33000481 1.00000048 -3.75214672
v 0.35469294 1.00000048 -3.73914003
v -0.49395418 1.00000048 -3.82495785
v -0.11193705 1.00000048 -3.82495785
v -0.01538819 1.00000048 -3.81411672
v 0.41607332 1.00000048 -3.69756961
v 0.41607332 1.00000048 -3.65236855
v -0.83474970 1.00000048 -3.74170589
v -0.79624701 1.00000048 -3.75457573
v -0.53621465 1.00000048 -3.81528306
v 0.06734085 1.00000048 -3.80482721
v 0.22942781 1.00000048 -3.79510975
v 0.41607308 1.00000048 -3.61888981
v 0.41607296 1.00000048 -3.63184309
v 0.66936767 1.00000048 3.97576356
v 0.66936749 1.00000048 3.96281004
vt 0.63284796 0.91271371
vt 0.63225162 0.91318947
vt 0.63335270 0.91329297
vt 0.62975907 0.07317287
vt 0.63025624 0.07259554
vt 0.62915838 0.07271403
vt 0.17913440 0.29634792
vt 0.17839114 0.29625696
vt 0.17827608 0.29709840
vt 0.17554967 0.29984891
vt 0.17480002 0.29987806
vt 0.17480594 0.30071497
vt 0.18222106 0.29401660
vt 0.18317647 0.29339701
vt 0.18245672 0.29318792
vt 0.17249534 0.30382919
vt 0.17175670 0.30397755
vt 0.17188135 0.30479318
vt 0.17003348 0.30820763
vt 0.16932271 0.30847239
vt 0.16956170 0.30924994
vt 0.16821426 0.31289476
vt 0.16754737 0.31327069
vt 0.16789427 0.31399423
vt 0.16707470 0.31779534
vt 0.16646673 0.31827462
vt 0.16691308 0.31892955
vt 0.16663797 0.32280999
vt 0.16610089 0.32336259
vt 0.16659988 0.32396150
vt 0.16795340 0.45065355
vt 0.16847713 0.45010996
vt 0.16794045 0.44950223
vt 0.16852783 0.45738149
vt 0.16848458 0.45622987
vt 0.16796045 0.45677114
vt 0.16608788 0.33584273
vt 0.16608812 0.33700389
vt 0.16660947 0.33643711
vt 0.16880077 0.46008569
vt 0.16863914 0.45895153
vt 0.16815992 0.45954531
vt 0.16945240 0.46272320
vt 0.16913241 0.46162385
vt 0.16875155 0.46228576
vt 0.17046940 0.46524036
vt 0.16999762 0.46419805
vt 0.16972353 0.46491379
vt 0.17121708 0.46662194
vt 0.17105608 0.46737605
vt 0.17183107 0.46758592
vt 0.17461291 0.47082496
vt 0.17468798 0.47160566
vt 0.17547122 0.47157532
vt 0.17350975 0.46971190
vt 0.17276601 0.46884602
vt 0.17272209 0.46962172
vt 0.17767556 0.47313815
vt 0.17672014 0.47251868
vt 0.17691347 0.47328717
vt 0.18527803 0.47573912
vt 0.18415388 0.47557604
vt 0.18467441 0.47621101
vt 0.17904487 0.47389251
vt 0.17935340 0.47463214
vt 0.18007794 0.47436845
vt 0.18262938 0.47524136
vt 0.18153968 0.47491854
vt 0.18195799 0.47561324
vt 0.41802341 0.29593873
vt 0.41888171 0.29668903
vt 0.41871583 0.29584771
vt 0.42218438 0.30013663
vt 0.42214090 0.29929978
vt 0.42144069 0.29927069
vt 0.41914412 0.47343963
vt 0.41987067 0.47358936
vt 0.42009953 0.47282016
vt 0.41417101 0.29313111
vt 0.41512647 0.29375052
vt 0.41483873 0.29292190
vt 0.41801065 0.47406417
vt 0.41697758 0.47454023
vt 0.41766679 0.47480422
vt 0.41576752 0.47499555
vt 0.41467780 0.47531837
vt 0.41531417 0.47569066
vt 0.41341582 0.47559530
vt 0.41229168 0.47575837
vt 0.41286099 0.47623014
vt 0.40984812 0.47589231
vt 0.41037247 0.47641289
vt 0.41100353 0.47585136
vt 0.40996188 0.29090536
vt 0.41099489 0.29138130
vt 0.41058865 0.29058218
vt 0.18798955 0.47589236
vt 0.18683416 0.47585142
vt 0.18743306 0.47641283
vt 0.40548155 0.28930658
vt 0.40657127 0.28962934
vt 0.40605268 0.28887600
vt 0.40082124 0.28836733
vt 0.40194541 0.28853035
vt 0.40132320 0.28783840
vt 0.39721158 0.28810692
vt 0.39650682 0.28749120
vt 0.39603934 0.28806585
vt 0.20103359 0.28810692
vt 0.20220590 0.28806591
vt 0.20168680 0.28749144
vt 0.19718769 0.28838438
vt 0.19663161 0.28785527
vt 0.19606356 0.28854746
vt 0.19229600 0.28937435
vt 0.19167081 0.28894407
vt 0.19120628 0.28969729
vt 0.18759365 0.29105663
vt 0.18691355 0.29073346
vt 0.18656059 0.29153264
vt 0.42496708 0.30402350
vt 0.42504373 0.30320799
vt 0.42435309 0.30305958
vt 0.42717317 0.30827045
vt 0.42736545 0.30749297
vt 0.42670143 0.30722821
vt 0.42113343 0.47203934
vt 0.42188105 0.47207028
vt 0.42199171 0.47128898
vt 0.42442262 0.46845835
vt 0.42516223 0.46824938
vt 0.42503664 0.46749443
vt 0.42364869 0.46950155
vt 0.42290497 0.47036755
vt 0.42365703 0.47027802
vt 0.42875779 0.31279075
vt 0.42905897 0.31206733
vt 0.42843780 0.31169134
vt 0.42565554 0.46635079
vt 0.42636615 0.46602547
vt 0.42612728 0.46530861
vt 0.42968869 0.31749278
vt 0.43009070 0.31683791
vt 0.42952710 0.31635857
vt 0.42657876 0.46408761
vt 0.42724457 0.46365148
vt 0.42689872 0.46298826
vt 0.42994684 0.32113463
vt 0.42998415 0.32228589
vt 0.43044257 0.32168698
vt 0.43046996 0.33700395
vt 0.43046576 0.33584249
vt 0.42997092 0.33643764
vt 0.42799819 0.44950479
vt 0.42748168 0.45010906
vt 0.42797670 0.45065635
vt 0.42747101 0.45812953
vt 0.42742699 0.45928103
vt 0.42796203 0.45867223
vt 0.42717320 0.46171492
vt 0.42777979 0.46117610
vt 0.42733485 0.46058083
vt 0.73171979 0.86995719
vt 0.73008728 0.86793496
vt 0.72850043 0.86954185
vt 0.70086062 0.88875656
vt 0.70247877 0.89055531
vt 0.70407575 0.88894834
vt 0.73171979 0.88853311
vt 0.72850043 0.88894834
vt 0.73008728 0.89055531
vt 0.70086062 0.86973365
vt 0.70407575 0.86954185
vt 0.70247877 0.86793496
vt 0.73878056 0.87151740
vt 0.73711920 0.86954477
vt 0.73554683 0.87083326
vt 0.73878056 0.88697281
vt 0.73554683 0.88765693
vt 0.73711920 0.88894548
vt 0.74985456 0.87402448
vt 0.74814779 0.87175965
vt 0.74659699 0.87308724
vt 0.74985456 0.88446572
vt 0.74659699 0.88540301
vt 0.74814779 0.88673056
vt 0.75761086 0.87781187
vt 0.75556695 0.87423965
vt 0.75409180 0.87544091
vt 0.75761086 0.88067838
vt 0.75409180 0.88304939
vt 0.75556695 0.88425055
vt 0.75723213 0.88085205
vt 0.75883907 0.87924510
vt 0.75723213 0.87763815
vt 0.69105130 0.88765509
vt 0.68783432 0.88738615
vt 0.68946004 0.88909344
vt 0.68783432 0.87110406
vt 0.69105130 0.87083513
vt 0.68946004 0.86939678
vt 0.67615438 0.88592885
vt 0.67784131 0.88839688
vt 0.67940044 0.88688056
vt 0.67940044 0.87160969
vt 0.67784131 0.87009333
vt 0.67615438 0.87256135
vt 0.67200756 0.87763815
vt 0.67040062 0.87924506
vt 0.67200756 0.88085201
vt 0.63917589 0.23274118
vt 0.63147205 0.22503740
vt 0.63147205 0.22503740
vt 0.63917589 0.23274118
vt 0.77455646 0.18102592
vt 0.78177160 0.18824106
vt 0.78177160 0.18824106
vt 0.77455646 0.18102592
vt 0.51831114 0.50090325
vt 0.51816440 0.50090325
vt 0.51816440 0.50085646
vt 0.51831967 0.50097445
vt 0.73894739 0.87763815
vt 0.74679440 0.87763815
vt 0.75001132 0.87763815
vt 0.75435352 0.87763815
vt 0.68946004 0.86939678
vt 0.67784131 0.87009333
vt 0.73022950 0.86667597
vt 0.73738372 0.86831376
vt 0.73738372 0.86831376
vt 0.73022950 0.86667597
vt 0.74847263 0.87054075
vt 0.75616336 0.87311150
vt 0.75616336 0.87311150
vt 0.74847263 0.87054081
vt 0.67040062 0.87327169
vt 0.67040062 0.87327169
vt 0.73711920 0.88894548
vt 0.74814779 0.88673056
vt 0.75883907 0.87924510
vt 0.75883907 0.87672701
vt 0.75883907 0.87672701
vt 0.76009810 0.88238766
vt 0.76009810 0.88238766
vt 0.76009810 0.87924510
vt 0.76009810 0.87924510
vt 0.70081139 0.88085205
vt 0.69097668 0.88085205
vt 0.75556695 0.88425055
vt 0.75883907 0.88176324
vt 0.75883907 0.88176324
vt 0.76009810 0.87610263
vt 0.76009810 0.87610263
vt 0.68935204 0.89034822
vt 0.67754775 0.88964052
vt 0.67754775 0.88964054
vt 0.68935204 0.89034822
vt 0.67040062 0.87924506
vt 0.70247877 0.86793496
vt 0.68776262 0.88085205
vt 0.67920709 0.88085201
vt 0.67599154 0.88085201
vt 0.67200756 0.88415748
vt 0.73711920 0.86954477
vt 0.73008728 0.86793496
vt 0.66914165 0.87244047
vt 0.66395485 0.87595326
vt 0.66395485 0.87924510
vt 0.66914165 0.87924506
vt 0.66395485 0.88253698
vt 0.66914165 0.88604969
vt 0.42994687 0.32113457
vt 0.42968872 0.31749266
vt 0.42968872 0.31749272
vt 0.42994687 0.32113457
vt 0.42496705 0.30402356
vt 0.42670143 0.30722821
vt 0.39603937 0.28806585
vt 0.20220590 0.28806591
vt 0.20220590 0.28806597
vt 0.39603937 0.28806585
vt 0.40548161 0.28930652
vt 0.40194541 0.28853035
vt 0.40194541 0.28853035
vt 0.40548158 0.28930652
vt 0.40996188 0.29090512
vt 0.40657124 0.28962940
vt 0.40657127 0.28962940
vt 0.40996188 0.29090512
vt 0.41417110 0.29313093
vt 0.41099495 0.29138112
vt 0.41099495 0.29138112
vt 0.41417104 0.29313111
vt 0.41802344 0.29593867
vt 0.41512641 0.29375064
vt 0.41512641 0.29375064
vt 0.41802347 0.29593861
vt 0.42144066 0.29927075
vt 0.41888174 0.29668897
vt 0.41888174 0.29668903
vt 0.42144066 0.29927075
vt 0.42435309 0.30305946
vt 0.42218435 0.30013669
vt 0.42218435 0.30013674
vt 0.42435306 0.30305958
vt 0.42670137 0.30722827
vt 0.42496708 0.30402350
vt 0.42496705 0.30402350
vt 0.42670143 0.30722815
vt 0.42843786 0.31169122
vt 0.42717323 0.30827045
vt 0.42717323 0.30827045
vt 0.42843780 0.31169140
vt 0.42952707 0.31635863
vt 0.42875776 0.31279081
vt 0.42875779 0.31279081
vt 0.42952710 0.31635857
vt 0.18798956 0.47589236
vt 0.40984809 0.47589236
vt 0.40984809 0.47589231
vt 0.18798956 0.47589236
vt 0.18262939 0.47524136
vt 0.18415388 0.47557604
vt 0.18415388 0.47557604
vt 0.18262938 0.47524142
vt 0.18007796 0.47436845
vt 0.18153970 0.47491854
vt 0.18153968 0.47491854
vt 0.18007794 0.47436845
vt 0.17767556 0.47313815
vt 0.17904487 0.47389245
vt 0.17904487 0.47389245
vt 0.17767555 0.47313815
vt 0.17547122 0.47157532
vt 0.17672014 0.47251868
vt 0.17672014 0.47251868
vt 0.17547122 0.47157532
vt 0.17350976 0.46971190
vt 0.17461291 0.47082496
vt 0.17461291 0.47082496
vt 0.17350975 0.46971190
vt 0.17183110 0.46758586
vt 0.17276603 0.46884602
vt 0.17276603 0.46884602
vt 0.17183110 0.46758580
vt 0.17046934 0.46524030
vt 0.17121708 0.46662194
vt 0.17121708 0.46662194
vt 0.17046934 0.46524036
vt 0.16945237 0.46272326
vt 0.16999754 0.46419811
vt 0.16999754 0.46419805
vt 0.16945237 0.46272326
vt 0.16880077 0.46008569
vt 0.16913241 0.46162385
vt 0.16913243 0.46162385
vt 0.16880079 0.46008569
vt 0.18415388 0.47557598
vt 0.18262936 0.47524142
vt 0.42747840 0.45812035
vt 0.42997658 0.32229537
vt 0.42997661 0.32229543
vt 0.42747840 0.45812029
vt 0.16852784 0.45738149
vt 0.16863914 0.45895147
vt 0.16863914 0.45895159
vt 0.16852783 0.45738149
vt 0.45948863 0.76295060
vt 0.47165659 0.58672646
vt 0.12609032 0.58672649
vt 0.13825817 0.76295058
vt 0.86031914 0.76531899
vt 0.54741722 0.76531899
vt 0.54907686 0.80207407
vt 0.85601377 0.80270237
vt 0.45942298 0.76409937
vt 0.13836874 0.76409934
vt 0.14278626 0.80129720
vt 0.45772004 0.80067204
vt 0.12603824 0.58557767
vt 0.47170866 0.58557773
vt 0.47296083 0.52104092
vt 0.12478588 0.52104089
vt 0.85590869 0.80385667
vt 0.54914248 0.80322874
vt 0.55010366 0.81751990
vt 0.85489339 0.81814820
vt 0.53544354 0.58590728
vt 0.87233651 0.58590728
vt 0.87355697 0.52104867
vt 0.53422308 0.52104867
vt 0.45765275 0.80182093
vt 0.14289407 0.80244580
vt 0.14393574 0.81666639
vt 0.45666638 0.81604131
vt 0.45278957 0.84792390
vt 0.14793776 0.84854841
vt 0.15182556 0.86997585
vt 0.44898820 0.86935048
vt 0.45655394 0.81719030
vt 0.14405262 0.81781495
vt 0.14775680 0.84740001
vt 0.45296612 0.84677474
vt 0.85477954 0.81930250
vt 0.55021328 0.81867462
vt 0.55371010 0.84840667
vt 0.85116941 0.84903497
vt 0.44857052 0.87050015
vt 0.15224718 0.87112373
vt 0.15667944 0.88063233
vt 0.44417858 0.88000660
vt 0.83624071 0.89019752
vt 0.56848001 0.88957360
vt 0.57845145 0.89944756
vt 0.82622129 0.90007681
vt 0.44334286 0.88115723
vt 0.15751702 0.88177930
vt 0.16191894 0.88721205
vt 0.43896738 0.88658601
vt 0.43781146 0.88773740
vt 0.16307445 0.88835822
vt 0.17335488 0.89818855
vt 0.42758021 0.89756244
vt 0.42511728 0.89869830
vt 0.17582236 0.89931230
vt 0.18560393 0.90350832
vt 0.41535607 0.90294250
vt 0.82381648 0.90120617
vt 0.58085179 0.90058911
vt 0.59036511 0.90485448
vt 0.81428325 0.90542310
vt 0.40893999 0.90408811
vt 0.19185124 0.90462274
vt 0.22923210 0.91132870
vt 0.37176636 0.91076264
vt 0.80819464 0.90654305
vt 0.59661824 0.90600577
vt 0.77176291 0.91328251
vt 0.86042678 0.76416451
vt 0.87228578 0.58706170
vt 0.53549427 0.58706170
vt 0.54735321 0.76416451
vt 0.47398055 0.44643348
vt 0.47400230 0.33699518
vt 0.53420484 0.51989412
vt 0.87357521 0.51989412
vt 0.87449294 0.44719243
vt 0.53328711 0.44719243
vt 0.53330386 0.33492678
vt 0.87447619 0.33492678
vt 0.87111259 0.25242120
vt 0.53666735 0.25242120
vt 0.12378570 0.44643611
vt 0.12376779 0.33699524
vt 0.53327984 0.44603801
vt 0.87450022 0.44603801
vt 0.87450022 0.33608133
vt 0.53327984 0.33608133
vt 0.13467072 0.19601703
vt 0.46307594 0.19601703
vt 0.45479345 0.15099078
vt 0.14295332 0.15099078
vt 0.12739582 0.25259757
vt 0.47035107 0.25259757
vt 0.46326011 0.19716579
vt 0.13448662 0.19716567
vt 0.55213261 0.14799875
vt 0.85564739 0.14799875
vt 0.84990031 0.11511165
vt 0.55787981 0.11511165
vt 0.14316207 0.14984202
vt 0.45458466 0.14984202
vt 0.44868782 0.11711830
vt 0.14905897 0.11711830
vt 0.56726980 0.09716350
vt 0.84051025 0.09716350
vt 0.82238960 0.08288592
vt 0.58539045 0.08288592
vt 0.14951162 0.11596954
vt 0.44823509 0.11596954
vt 0.44039848 0.10040766
vt 0.15734832 0.10040760
vt 0.55832100 0.11395746
vt 0.84945911 0.11395746
vt 0.84182137 0.09831792
vt 0.56595862 0.09831792
vt 0.15869367 0.09925890
vt 0.43905312 0.09925890
vt 0.42046031 0.08505213
vt 0.17728642 0.08505219
vt 0.18258087 0.08390343
vt 0.41516587 0.08390343
vt 0.37493581 0.07538730
vt 0.22281107 0.07538724
vt 0.59055048 0.08173138
vt 0.81722969 0.08173138
vt 0.77802092 0.07317287
vt 0.41341576 0.47559530
vt 0.41467777 0.47531837
vt 0.41467780 0.47531837
vt 0.41341579 0.47559530
vt 0.20103362 0.28810686
vt 0.19718771 0.28838438
vt 0.19718771 0.28838432
vt 0.20103362 0.28810692
vt 0.42503664 0.46749443
vt 0.42565554 0.46635085
vt 0.42565554 0.46635085
vt 0.42503661 0.46749443
vt 0.17188132 0.30479324
vt 0.17003350 0.30820757
vt 0.17003350 0.30820757
vt 0.17188132 0.30479324
vt 0.19120631 0.28969717
vt 0.18759365 0.29105669
vt 0.18759367 0.29105657
vt 0.19120631 0.28969717
vt 0.19606361 0.28854740
vt 0.19229600 0.28937435
vt 0.19229600 0.28937435
vt 0.19606361 0.28854740
vt 0.18527803 0.47573912
vt 0.18683419 0.47585142
vt 0.18683416 0.47585142
vt 0.18527803 0.47573912
vt 0.41229168 0.47575837
vt 0.41100347 0.47585142
vt 0.42364866 0.46950161
vt 0.42442265 0.46845835
vt 0.42442265 0.46845835
vt 0.42364866 0.46950161
vt 0.17827609 0.29709834
vt 0.17554964 0.29984897
vt 0.17554966 0.29984897
vt 0.17827612 0.29709816
vt 0.41576749 0.47499555
vt 0.41697755 0.47454023
vt 0.41697758 0.47454023
vt 0.41576749 0.47499555
vt 0.18222104 0.29401660
vt 0.17913440 0.29634792
vt 0.17913440 0.29634792
vt 0.18222108 0.29401654
vt 0.42009950 0.47282016
vt 0.42113343 0.47203934
vt 0.42113343 0.47203934
vt 0.42009950 0.47282016
vt 0.19718769 0.28838438
vt 0.20103361 0.28810692
vt 0.42199177 0.47128892
vt 0.42290497 0.47036755
vt 0.42290497 0.47036755
vt 0.42199177 0.47128892
vt 0.17480598 0.30071485
vt 0.17249534 0.30382925
vt 0.17249534 0.30382919
vt 0.17480597 0.30071485
vt 0.16660565 0.32397127
vt 0.16847888 0.45622033
vt 0.16847888 0.45622033
vt 0.16660565 0.32397121
vt 0.41100353 0.47585136
vt 0.41229162 0.47575837
vt 0.41229162 0.47575837
vt 0.41100347 0.47585142
vt 0.18656063 0.29153258
vt 0.18317649 0.29339695
vt 0.18317647 0.29339707
vt 0.18656063 0.29153258
vt 0.16956173 0.30924982
vt 0.16821423 0.31289476
vt 0.16821423 0.31289476
vt 0.16956171 0.30924988
vt 0.41801065 0.47406423
vt 0.41914409 0.47343969
vt 0.41914409 0.47343969
vt 0.41801065 0.47406423
vt 0.42612734 0.46530861
vt 0.42657867 0.46408772
vt 0.42657876 0.46408767
vt 0.42612731 0.46530855
vt 0.40657124 0.28962940
vt 0.40996188 0.29090524
vt 0.18798955 0.47589236
vt 0.40984809 0.47589236
vt 0.42442259 0.46845835
vt 0.42364872 0.46950150
vt 0.18759365 0.29105663
vt 0.19120631 0.28969717
vt 0.42733482 0.46058077
vt 0.42742696 0.45928115
vt 0.42742699 0.45928109
vt 0.42733485 0.46058077
vt 0.42565557 0.46635079
vt 0.42503664 0.46749437
vt 0.18317644 0.29339707
vt 0.18656060 0.29153258
vt 0.42717317 0.30827051
vt 0.42843783 0.31169134
vt 0.17672014 0.47251868
vt 0.17547120 0.47157532
vt 0.42657870 0.46408767
vt 0.42612734 0.46530855
vt 0.17913440 0.29634792
vt 0.18222104 0.29401660
vt 0.16863912 0.45895153
vt 0.16852783 0.45738149
vt 0.42717320 0.46171492
vt 0.42689875 0.46298814
vt 0.40547010 0.28934586
vt 0.40193960 0.28857100
vt 0.40193725 0.28858727
vt 0.40546551 0.28936160
vt 0.17554967 0.29984885
vt 0.17827611 0.29709828
vt 0.42875776 0.31279081
vt 0.42952707 0.31635857
vt 0.17461292 0.47082490
vt 0.17350975 0.46971190
vt 0.42742699 0.45928103
vt 0.42733485 0.46058083
vt 0.17249534 0.30382919
vt 0.17480597 0.30071491
vt 0.42689869 0.46298826
vt 0.42717323 0.46171498
vt 0.42717320 0.46171492
vt 0.42689869 0.46298826
vt 0.39603934 0.28806585
vt 0.20220590 0.28806585
vt 0.17003350 0.30820757
vt 0.17188135 0.30479318
vt 0.16691306 0.31892961
vt 0.16663796 0.32280999
vt 0.16663796 0.32280999
vt 0.16691306 0.31892955
vt 0.17276604 0.46884596
vt 0.17183106 0.46758586
vt 0.17904487 0.47389245
vt 0.17767555 0.47313815
vt 0.16821426 0.31289476
vt 0.16956173 0.30924988
vt 0.18683417 0.47585142
vt 0.18527801 0.47573918
vt 0.16789429 0.31399405
vt 0.16707468 0.31779534
vt 0.16707468 0.31779540
vt 0.16789429 0.31399411
vt 0.41512641 0.29375064
vt 0.41802347 0.29593861
vt 0.16707468 0.31779540
vt 0.16789429 0.31399417
vt 0.42968869 0.31749278
vt 0.42994687 0.32113457
vt 0.17121708 0.46662194
vt 0.17046931 0.46524042
vt 0.16663797 0.32280999
vt 0.16691308 0.31892949
vt 0.41467777 0.47531843
vt 0.41341579 0.47559536
vt 0.41888174 0.29668903
vt 0.42144066 0.29927069
vt 0.41697758 0.47454023
vt 0.41576743 0.47499561
vt 0.40194538 0.28853053
vt 0.40548161 0.28930652
vt 0.16999754 0.46419805
vt 0.16945237 0.46272320
vt 0.41099492 0.29138118
vt 0.41417107 0.29313099
vt 0.41914409 0.47343969
vt 0.41801062 0.47406423
vt 0.42218444 0.30013663
vt 0.42435309 0.30305958
vt 0.18153970 0.47491848
vt 0.18007796 0.47436845
vt 0.42113343 0.47203928
vt 0.42009950 0.47282016
vt 0.16913244 0.46162379
vt 0.16880079 0.46008575
vt 0.42290497 0.47036755
vt 0.42199177 0.47128898
vt 0.19229600 0.28937435
vt 0.19606358 0.28854746
vt 0.39603791 0.28810680
vt 0.20220733 0.28810686
vt 0.20220794 0.28812325
vt 0.39603737 0.28812319
vt 0.40081549 0.28840798
vt 0.39721021 0.28814775
vt 0.39720958 0.28816420
vt 0.40081310 0.28842425
vt 0.40994498 0.29094255
vt 0.40655980 0.28966868
vt 0.40655524 0.28968447
vt 0.40993816 0.29095763
vt 0.40712297 0.29654443
vt 0.40397435 0.29482430
vt 0.40395421 0.29486841
vt 0.40709674 0.29658532
vt 0.41414905 0.29316562
vt 0.41097799 0.29141867
vt 0.41097122 0.29143357
vt 0.41414022 0.29317951
vt 0.41095042 0.29930985
vt 0.40807849 0.29715878
vt 0.40805224 0.29719973
vt 0.41091865 0.29934651
vt 0.41799682 0.29596972
vt 0.41510448 0.29378515
vt 0.41509563 0.29379892
vt 0.41798615 0.29598212
vt 0.41434556 0.30259204
vt 0.41180888 0.30005401
vt 0.41177702 0.30009079
vt 0.41430885 0.30262381
vt 0.42140993 0.29929769
vt 0.41885507 0.29672009
vt 0.41884449 0.29673249
vt 0.42139763 0.29930848
vt 0.41723922 0.30632418
vt 0.41508934 0.30345082
vt 0.41505262 0.30348271
vt 0.41719836 0.30635047
vt 0.42431888 0.30308175
vt 0.42215365 0.30016369
vt 0.42214131 0.30017447
vt 0.42430514 0.30309069
vt 0.42666441 0.30724519
vt 0.42493284 0.30404574
vt 0.42491916 0.30405468
vt 0.42664960 0.30725205
vt 0.42839873 0.31170297
vt 0.42713618 0.30828756
vt 0.42712137 0.30829430
vt 0.42838317 0.31170756
vt 0.42948675 0.31636441
vt 0.42871875 0.31280231
vt 0.42870310 0.31280702
vt 0.42947060 0.31636679
vt 0.19606936 0.28858817
vt 0.19230744 0.28941369
vt 0.19231205 0.28942955
vt 0.19607170 0.28860438
vt 0.20545115 0.29159641
vt 0.20162868 0.29186994
vt 0.20163557 0.29191804
vt 0.20545289 0.29164481
vt 0.20546429 0.29196495
vt 0.20168133 0.29223561
vt 0.20169272 0.29231471
vt 0.20546713 0.29204458
vt 0.20103507 0.28814781
vt 0.19719352 0.28842503
vt 0.19719583 0.28844130
vt 0.20103565 0.28816414
vt 0.20055687 0.29239738
vt 0.19687161 0.29319948
vt 0.19689409 0.29327607
vt 0.20056823 0.29247642
vt 0.19121774 0.28973663
vt 0.18761055 0.29109406
vt 0.18761735 0.29110903
vt 0.19122234 0.28975236
vt 0.20050439 0.29203176
vt 0.19676745 0.29284501
vt 0.19678113 0.29289162
vt 0.20051131 0.29207969
vt 0.19578159 0.29351974
vt 0.19224794 0.29483837
vt 0.19228108 0.29491097
vt 0.19580404 0.29359639
vt 0.18657753 0.29156995
vt 0.18319848 0.29343164
vt 0.18320730 0.29344547
vt 0.18658426 0.29158497
vt 0.19567765 0.29316521
vt 0.19209446 0.29450238
vt 0.19211459 0.29454648
vt 0.19569135 0.29321182
vt 0.19121458 0.29531050
vt 0.18790446 0.29711890
vt 0.18794757 0.29718608
vt 0.19124773 0.29538316
vt 0.18224308 0.29405111
vt 0.17916107 0.29637897
vt 0.17917174 0.29639131
vt 0.18225187 0.29406500
vt 0.19106126 0.29497445
vt 0.18770465 0.29680824
vt 0.18773091 0.29684901
vt 0.19108140 0.29501855
vt 0.18694875 0.29773343
vt 0.18392958 0.29999471
vt 0.18398182 0.30005503
vt 0.18699187 0.29780060
vt 0.17830278 0.29712921
vt 0.17558043 0.29987586
vt 0.17559277 0.29988658
vt 0.17831340 0.29714179
vt 0.18674916 0.29742253
vt 0.18368763 0.29971564
vt 0.18371940 0.29975230
vt 0.18677540 0.29746342
vt 0.18307102 0.30073905
vt 0.18040417 0.30340725
vt 0.18046449 0.30345947
vt 0.18312323 0.30079949
vt 0.18343288 0.30115712
vt 0.18082204 0.30376929
vt 0.18090473 0.30384088
vt 0.18350454 0.30123985
vt 0.17483672 0.30074179
vt 0.17252959 0.30385149
vt 0.17254329 0.30386037
vt 0.17484906 0.30075252
vt 0.18282926 0.30045974
vt 0.18012500 0.30316532
vt 0.18016167 0.30319715
vt 0.18286103 0.30049652
vt 0.17191559 0.30481541
vt 0.17007053 0.30822456
vt 0.17008534 0.30823135
vt 0.17192928 0.30482423
vt 0.17938119 0.30402416
vt 0.17708938 0.30708730
vt 0.17713021 0.30711359
vt 0.17941786 0.30405605
vt 0.16959874 0.30926692
vt 0.16825332 0.31290627
vt 0.16826898 0.31291080
vt 0.16961354 0.30927360
vt 0.17647532 0.30804336
vt 0.17464247 0.31140155
vt 0.17468661 0.31142169
vt 0.17651613 0.30806959
vt 0.16793336 0.31400573
vt 0.16711499 0.31780124
vt 0.16713110 0.31780362
vt 0.16794898 0.31401026
vt 0.17417064 0.31243527
vt 0.17283419 0.31602037
vt 0.17288075 0.31603396
vt 0.17421478 0.31245542
vt 0.17339879 0.31737077
vt 0.17261396 0.32098061
vt 0.17272227 0.32099611
vt 0.17350379 0.31740159
vt 0.16695336 0.31893545
vt 0.16667858 0.32281148
vt 0.16669483 0.32281208
vt 0.16696948 0.31893778
vt 0.17251419 0.31711066
vt 0.17170124 0.32084966
vt 0.17174926 0.32085651
vt 0.17256074 0.31712443
vt 0.17245226 0.32210594
vt 0.17218591 0.32583159
vt 0.17229506 0.32583553
vt 0.17256056 0.32212150
vt 0.16664630 0.32397264
vt 0.16851951 0.45621890
vt 0.16853575 0.45621830
vt 0.16666254 0.32397330
vt 0.17153959 0.32197446
vt 0.17126620 0.32579887
vt 0.17131460 0.32580054
vt 0.17158762 0.32198137
vt 0.18264084 0.47520196
vt 0.18415967 0.47553539
vt 0.18416196 0.47551906
vt 0.18264544 0.47518623
vt 0.18528382 0.47569835
vt 0.18683562 0.47581041
vt 0.18683618 0.47579402
vt 0.18528610 0.47568214
vt 0.18782908 0.47410226
vt 0.18936180 0.47421193
vt 0.18936354 0.47416353
vt 0.18783596 0.47405422
vt 0.18788175 0.47373652
vt 0.18937495 0.47384334
vt 0.18937780 0.47376370
vt 0.18789312 0.47365749
vt 0.18796059 0.47318912
vt 0.18939462 0.47329170
vt 0.18939850 0.47318250
vt 0.18797618 0.47308075
vt 0.18495621 0.46433091
vt 0.18522054 0.46447527
vt 0.18531510 0.46426809
vt 0.18507934 0.46413922
vt 0.18009485 0.47433102
vt 0.18155113 0.47487915
vt 0.18155572 0.47486341
vt 0.18010160 0.47431612
vt 0.17813455 0.47002465
vt 0.17935839 0.47094131
vt 0.17938462 0.47090036
vt 0.17816633 0.46998793
vt 0.17549786 0.47154433
vt 0.17674215 0.47248411
vt 0.17675093 0.47247028
vt 0.17550853 0.47153193
vt 0.17689224 0.46759498
vt 0.17787986 0.46858305
vt 0.17795147 0.46850038
vt 0.17697495 0.46752328
vt 0.17744027 0.46712011
vt 0.17835443 0.46803480
vt 0.17844401 0.46793133
vt 0.17754364 0.46703053
vt 0.17354050 0.46968496
vt 0.17463955 0.47079396
vt 0.17465022 0.47078151
vt 0.17355281 0.46967423
vt 0.17186531 0.46756363
vt 0.17279677 0.46881902
vt 0.17280908 0.46880823
vt 0.17187902 0.46755475
vt 0.17050639 0.46522331
vt 0.17125130 0.46659970
vt 0.17126501 0.46659082
vt 0.17052117 0.46521652
vt 0.17218240 0.46135032
vt 0.17271663 0.46278358
vt 0.17276080 0.46276331
vt 0.17222896 0.46133673
vt 0.16949141 0.46271169
vt 0.17003457 0.46418107
vt 0.17004940 0.46417415
vt 0.16950704 0.46270704
vt 0.17982885 0.45580155
vt 0.17987281 0.45641685
vt 0.18009819 0.45638448
vt 0.18005598 0.45579344
vt 0.16884106 0.46007985
vt 0.16917147 0.46161228
vt 0.16918710 0.46160758
vt 0.16885722 0.46007752
vt 0.17163454 0.45609397
vt 0.17174135 0.45758790
vt 0.17182033 0.45757657
vt 0.17171413 0.45609111
vt 0.17290905 0.45604861
vt 0.17300607 0.45740563
vt 0.17314148 0.45738614
vt 0.17304553 0.45604360
vt 0.16856848 0.45738000
vt 0.16867945 0.45894563
vt 0.16869558 0.45894337
vt 0.16858473 0.45737940
vt 0.17214528 0.32696956
vt 0.17214529 0.45493644
vt 0.17225443 0.45493251
vt 0.17225444 0.32697344
vt 0.17122558 0.32693660
vt 0.17122558 0.45496941
vt 0.17127401 0.45496768
vt 0.17127401 0.32693827
vt 0.41341001 0.47555470
vt 0.41466630 0.47527897
vt 0.41466174 0.47526324
vt 0.41340768 0.47553843
vt 0.40652740 0.47256827
vt 0.40761587 0.47249037
vt 0.40759638 0.47235489
vt 0.40652251 0.47243172
vt 0.40645960 0.47066778
vt 0.40734440 0.47060448
vt 0.40731841 0.47042346
vt 0.40645310 0.47048539
vt 0.41100198 0.47581041
vt 0.41228583 0.47571772
vt 0.41228354 0.47570145
vt 0.41100141 0.47579402
vt 0.40775466 0.46545792
vt 0.40778640 0.46545112
vt 0.40772226 0.46523249
vt 0.40772223 0.46523249
vt 0.40847042 0.47044247
vt 0.40920484 0.47028273
vt 0.40915337 0.47010726
vt 0.40844440 0.47026145
vt 0.41575599 0.47495621
vt 0.41696063 0.47450280
vt 0.41695386 0.47448784
vt 0.41575146 0.47494036
vt 0.40925920 0.46642613
vt 0.40947026 0.46634740
vt 0.40937757 0.46614444
vt 0.40919632 0.46621203
vt 0.41799366 0.47402686
vt 0.41912207 0.47340512
vt 0.41911328 0.47339129
vt 0.41798687 0.47401190
vt 0.40994504 0.46464550
vt 0.40997353 0.46462995
vt 0.40985048 0.46443820
vt 0.40985048 0.46443820
vt 0.41050577 0.46587431
vt 0.41070354 0.46576625
vt 0.41058287 0.46557856
vt 0.41041312 0.46567130
vt 0.41350991 0.47245890
vt 0.41461593 0.47185469
vt 0.41458967 0.47181380
vt 0.41348970 0.47241479
vt 0.41093141 0.46401411
vt 0.41095746 0.46399462
vt 0.41080838 0.46382236
vt 0.41080832 0.46382248
vt 0.41166130 0.46515042
vt 0.41184163 0.46501535
vt 0.41169554 0.46484673
vt 0.41154063 0.46496272
vt 0.42196506 0.47125793
vt 0.42287418 0.47034067
vt 0.42286190 0.47032988
vt 0.42195445 0.47124547
vt 0.41557139 0.47124034
vt 0.41658017 0.47048479
vt 0.41654837 0.47044808
vt 0.41554517 0.47119939
vt 0.41181791 0.46324867
vt 0.41184106 0.46322548
vt 0.41166887 0.46307635
vt 0.41166878 0.46307641
vt 0.41636032 0.46849489
vt 0.41708454 0.46777028
vt 0.41698110 0.46768069
vt 0.41627073 0.46839142
vt 0.42361790 0.46947467
vt 0.42438844 0.46843618
vt 0.42437473 0.46842730
vt 0.42360559 0.46946394
vt 0.41743860 0.46974057
vt 0.41832969 0.46884906
vt 0.41829297 0.46881729
vt 0.41740680 0.46970391
vt 0.41258657 0.46236461
vt 0.41260612 0.46233857
vt 0.41241455 0.46221530
vt 0.41241449 0.46221542
vt 0.42500240 0.46747220
vt 0.42561856 0.46633375
vt 0.42560372 0.46632701
vt 0.42498875 0.46746331
vt 0.41907346 0.46799022
vt 0.41982862 0.46698087
vt 0.41978779 0.46695465
vt 0.41903681 0.46795839
vt 0.41322163 0.46138030
vt 0.41323721 0.46135175
vt 0.41303006 0.46125716
vt 0.41303009 0.46125710
vt 0.41545630 0.46281737
vt 0.41565371 0.46245563
vt 0.41545913 0.46236670
vt 0.41527641 0.46270162
vt 0.42609030 0.46529150
vt 0.42653966 0.46407610
vt 0.42652398 0.46407151
vt 0.42607546 0.46528471
vt 0.42044267 0.46602499
vt 0.42104658 0.46491843
vt 0.42100251 0.46489823
vt 0.42040181 0.46599865
vt 0.41371018 0.46031559
vt 0.41372159 0.46028501
vt 0.41350311 0.46022081
vt 0.41350305 0.46022087
vt 0.42151845 0.46388471
vt 0.42195874 0.46270347
vt 0.42191219 0.46268982
vt 0.42147431 0.46386456
vt 0.41404235 0.45919192
vt 0.41404927 0.45916021
vt 0.41382384 0.45912772
vt 0.41382384 0.45912778
vt 0.41659111 0.45994085
vt 0.41667861 0.45953822
vt 0.41646695 0.45950770
vt 0.41638589 0.45988059
vt 0.42729455 0.46057492
vt 0.42738643 0.45927960
vt 0.42737013 0.45927900
vt 0.42727846 0.46057260
vt 0.42234287 0.45920354
vt 0.42243046 0.45797771
vt 0.42235088 0.45797485
vt 0.42226380 0.45919228
vt 0.42179567 0.45912474
vt 0.42187908 0.45795804
vt 0.42177001 0.45795411
vt 0.42168739 0.45910913
vt 0.41919309 0.45874977
vt 0.41925645 0.45786446
vt 0.41907415 0.45785797
vt 0.41901219 0.45872378
vt 0.19051217 0.47388399
vt 0.40543556 0.47388393
vt 0.40543270 0.47380435
vt 0.19051501 0.47380435
vt 0.18625621 0.46494853
vt 0.18653841 0.46505392
vt 0.18660256 0.46483529
vt 0.18635082 0.46474123
vt 0.42283943 0.45685309
vt 0.42283940 0.32527536
vt 0.42279100 0.32527703
vt 0.42279094 0.45685142
vt 0.42031640 0.45676273
vt 0.42031640 0.32536548
vt 0.42015535 0.32537127
vt 0.42015541 0.45675695
vt 0.39721158 0.28810692
vt 0.40082130 0.28836727
vt 0.12603824 0.58615208
vt 0.12547998 0.58615208
vt 0.12551954 0.58672506
vt 0.54679716 0.76416588
vt 0.54686171 0.76531839
vt 0.53488863 0.58590740
vt 0.53493798 0.58706027
vt 0.54852134 0.80207360
vt 0.54858613 0.80322605
vt 0.54954749 0.81752026
vt 0.54965365 0.81866908
vt 0.55388212 0.84956151
vt 0.55315149 0.84840989
vt 0.55331665 0.84955108
vt 0.55799419 0.87225044
vt 0.55758703 0.87109500
vt 0.55702478 0.87110305
vt 0.55735695 0.87219447
vt 0.56308907 0.88296062
vt 0.56227458 0.88180429
vt 0.56168622 0.88185757
vt 0.56227070 0.88282859
vt 0.56735343 0.88841647
vt 0.56673896 0.88854522
vt 0.56749088 0.88939106
vt 0.57782716 0.89962626
vt 0.57873851 0.90025276
vt 0.58973700 0.90518391
vt 0.59079278 0.90551350
vt 0.53364998 0.51989424
vt 0.53366816 0.52104855
vt 0.53272498 0.44603801
vt 0.53273225 0.44719237
vt 0.53274852 0.33492738
vt 0.53272498 0.33608133
vt 0.53676665 0.25126666
vt 0.53620660 0.25127143
vt 0.53611213 0.25242084
vt 0.54385686 0.19440407
vt 0.54329085 0.19441372
vt 0.54311854 0.19555372
vt 0.54367745 0.19555861
vt 0.55156708 0.14800793
vt 0.55136657 0.14914340
vt 0.55192912 0.14915305
vt 0.55766803 0.11401993
vt 0.55731750 0.11510259
vt 0.56606048 0.09739226
vt 0.56536686 0.09825557
vt 0.58574700 0.08219022
vt 0.58476168 0.08265716
vt 0.40082127 0.28836733
vt 0.39721161 0.28810692
vt 0.40602171 0.28948396
vt 0.40601030 0.28952312
vt 0.40655184 0.28972691
vt 0.41047150 0.29115844
vt 0.41045463 0.29119569
vt 0.41096196 0.29147518
vt 0.41463977 0.29345495
vt 0.41461790 0.29348934
vt 0.41508064 0.29383886
vt 0.41844177 0.29632652
vt 0.41841531 0.29635739
vt 0.41882402 0.29676980
vt 0.42180002 0.29971480
vt 0.42176941 0.29974157
vt 0.42211580 0.30020839
vt 0.42464614 0.30355060
vt 0.42461208 0.30357277
vt 0.42488909 0.30408466
vt 0.42692226 0.30775630
vt 0.42688540 0.30777323
vt 0.42708737 0.30831969
vt 0.42964837 0.31749862
vt 0.42991978 0.32229751
vt 0.42993051 0.32170957
vt 0.42988998 0.32171106
vt 0.42987910 0.32230347
vt 0.20659006 0.29160410
vt 0.20660152 0.29192436
vt 0.20160350 0.28812331
vt 0.20160493 0.28816414
vt 0.20221399 0.28816414
vt 0.19606897 0.28864694
vt 0.19663379 0.28852296
vt 0.19662800 0.28848249
vt 0.19122560 0.28979486
vt 0.19176719 0.28959101
vt 0.19175580 0.28955185
vt 0.18659355 0.29162663
vt 0.18710086 0.29134715
vt 0.18708402 0.29130995
vt 0.18226691 0.29410481
vt 0.18272963 0.29375529
vt 0.18270773 0.29372090
vt 0.17833392 0.29717892
vt 0.17874265 0.29676652
vt 0.17871612 0.29673570
vt 0.17487460 0.30078650
vt 0.17522100 0.30031967
vt 0.17519037 0.30029285
vt 0.17966026 0.30426621
vt 0.17195937 0.30485421
vt 0.17223638 0.30434239
vt 0.17220232 0.30432022
vt 0.17678592 0.30824327
vt 0.17740013 0.30728698
vt 0.16964753 0.30929887
vt 0.16984951 0.30875254
vt 0.16981269 0.30873561
vt 0.16798621 0.31403047
vt 0.16810907 0.31346059
vt 0.16807020 0.31344914
vt 0.17294502 0.31723738
vt 0.17371894 0.31627995
vt 0.17326508 0.31614673
vt 0.16700915 0.31895250
vt 0.16705038 0.31837076
vt 0.16701029 0.31836486
vt 0.17198411 0.32203847
vt 0.17214577 0.32091343
vt 0.16670325 0.32397926
vt 0.16669485 0.32338649
vt 0.16665432 0.32338500
vt 0.18799099 0.47585136
vt 0.17906177 0.47385508
vt 0.17769755 0.47310358
vt 0.16854420 0.45680654
vt 0.16858473 0.45680511
vt 0.16857633 0.45621234
vt 0.40984663 0.47585142
vt 0.40984604 0.47583503
vt 0.41043356 0.47583485
vt 0.41043210 0.47579402
vt 0.40984008 0.47579402
vt 0.42007750 0.47278559
vt 0.42110673 0.47200835
vt 0.42685962 0.46297663
vt 0.42713293 0.46170908
vt 0.42742157 0.45811820
vt 0.42738104 0.45811224
vt 0.42737013 0.45870465
vt 0.42741066 0.45870608
vt 0.42997804 0.32229358
vt 0.16847932 0.45622098
vt 0.13768761 0.76295194
vt 0.86098295 0.76416588
vt 0.87284201 0.58706027
vt 0.46005929 0.76295196
vt 0.47222736 0.58672509
vt 0.85657191 0.80270749
vt 0.86087835 0.76531488
vt 0.13779490 0.76409526
vt 0.14221351 0.80130231
vt 0.45829007 0.80067158
vt 0.45999297 0.76409870
vt 0.85099304 0.85018915
vt 0.45353925 0.84677798
vt 0.45712817 0.81718475
vt 0.85172796 0.84904063
vt 0.85533917 0.81929922
vt 0.14347839 0.81781170
vt 0.14718369 0.84740560
vt 0.66382653 0.87775031
vt 0.66382653 0.87680691
vt 0.84720391 0.87172341
vt 0.84776616 0.87173390
vt 0.85155857 0.85018104
vt 0.14735755 0.84854043
vt 0.15124869 0.86998622
vt 0.43959785 0.88671415
vt 0.44418249 0.88102586
vt 0.84165704 0.88358581
vt 0.83736682 0.88904563
vt 0.83798051 0.88917661
vt 0.84247398 0.88345808
vt 0.15667874 0.88165218
vt 0.16128923 0.88734235
vt 0.41594660 0.90329377
vt 0.42723170 0.89838702
vt 0.17370649 0.89901140
vt 0.18501505 0.90386250
vt 0.37237823 0.91123614
vt 0.41491723 0.90359827
vt 0.77235723 0.91375890
vt 0.81385303 0.90608269
vt 0.18604542 0.90416461
vt 0.22862235 0.91180271
vt 0.47298759 0.51989812
vt 0.12476289 0.51989862
vt 0.12421647 0.52104077
vt 0.12546884 0.58557782
vt 0.87289149 0.58590740
vt 0.87411189 0.52104855
vt 0.12380148 0.44758016
vt 0.47395971 0.44757813
vt 0.47354892 0.51989216
vt 0.47449049 0.44755113
vt 0.12325624 0.44755119
vt 0.12419786 0.51989219
vt 0.87413007 0.51989424
vt 0.87504780 0.44719237
vt 0.12379701 0.33584261
vt 0.47449797 0.44640249
vt 0.47449797 0.33699137
vt 0.12324876 0.33699131
vt 0.12324876 0.44640243
vt 0.87505513 0.44603801
vt 0.87505513 0.33608133
vt 0.87101340 0.25126666
vt 0.12728404 0.25374633
vt 0.47046801 0.25374633
vt 0.86392319 0.19440407
vt 0.77706975 0.19440407
vt 0.77706975 0.19555861
vt 0.86410266 0.19555861
vt 0.47092563 0.25260228
vt 0.46383357 0.19716102
vt 0.13391319 0.19716102
vt 0.12682119 0.25260228
vt 0.87157345 0.25127143
vt 0.86466146 0.19555372
vt 0.85585088 0.14915305
vt 0.14237607 0.15098107
vt 0.13408995 0.19602668
vt 0.86448920 0.19441372
vt 0.85641348 0.14914340
vt 0.44890505 0.11603183
vt 0.44100568 0.10034531
vt 0.15674114 0.10034531
vt 0.14884171 0.11603183
vt 0.85011196 0.11401993
vt 0.84241319 0.09825557
vt 0.42009446 0.08435988
vt 0.37555212 0.07493085
vt 0.22219476 0.07493085
vt 0.17765230 0.08435988
vt 0.42747772 0.45812118
vt 0.16660471 0.32396972
vt 0.47396931 0.33584249
vt 0.39498469 0.29201472
vt 0.39849013 0.29277766
vt 0.39852726 0.29266179
vt 0.39499906 0.29189402
vt 0.39957997 0.29309785
vt 0.40294117 0.29435223
vt 0.40299439 0.29424286
vt 0.39961141 0.29298031
vt 0.40292105 0.29439628
vt 0.40719122 0.29644370
vt 0.40402216 0.29471242
vt 0.41103232 0.29921991
vt 0.40814176 0.29705495
vt 0.41113353 0.30083418
vt 0.41120517 0.30075145
vt 0.41034633 0.30000687
vt 0.41027468 0.30008960
vt 0.41443935 0.30251467
vt 0.41188622 0.29996026
vt 0.41430992 0.30412686
vt 0.41439265 0.30405515
vt 0.41364849 0.30319595
vt 0.41356581 0.30326760
vt 0.41734308 0.30626094
vt 0.41517925 0.30336905
vt 0.41963598 0.31165081
vt 0.41970849 0.31161779
vt 0.41923654 0.31058383
vt 0.41916400 0.31061697
vt 0.42963225 0.31750095
vt 0.42209783 0.32061344
vt 0.42217675 0.32060212
vt 0.42201507 0.31947702
vt 0.42193612 0.31948841
vt 0.42279872 0.32413757
vt 0.42275035 0.32413924
vt 0.20544827 0.29147524
vt 0.20160846 0.29175001
vt 0.20658831 0.29155570
vt 0.20660436 0.29200387
vt 0.20662516 0.29258519
vt 0.20662127 0.29247600
vt 0.20548396 0.29251659
vt 0.20548788 0.29262578
vt 0.20665206 0.29333597
vt 0.20664717 0.29319948
vt 0.20550978 0.29324007
vt 0.20551468 0.29337656
vt 0.20049007 0.29191095
vt 0.19673038 0.29272926
vt 0.19564623 0.29304767
vt 0.19204128 0.29439306
vt 0.19101347 0.29486263
vt 0.18763649 0.29670751
vt 0.18668595 0.29731864
vt 0.18360581 0.29962564
vt 0.18275188 0.30036592
vt 0.18003121 0.30308795
vt 0.17972055 0.30431849
vt 0.17929131 0.30394232
vt 0.17698553 0.30702412
vt 0.17637467 0.30797511
vt 0.17453068 0.31135368
vt 0.17406131 0.31238204
vt 0.17271674 0.31598884
vt 0.17239842 0.31707346
vt 0.17158051 0.32083517
vt 0.17190515 0.32202709
vt 0.17206682 0.32090199
vt 0.17333160 0.32108366
vt 0.17409435 0.31757540
vt 0.17141971 0.32195425
vt 0.17114508 0.32579607
vt 0.17171413 0.32581478
vt 0.38912380 0.29192436
vt 0.38913533 0.29160416
vt 0.18799159 0.47583497
vt 0.19049898 0.47425252
vt 0.19050068 0.47420418
vt 0.19053194 0.47333229
vt 0.19053581 0.47322321
vt 0.17906854 0.47384024
vt 0.17727616 0.46928042
vt 0.17619514 0.46819890
vt 0.17396197 0.46513343
vt 0.17392112 0.46515965
vt 0.17453519 0.46611559
vt 0.17457601 0.46608943
vt 0.17318848 0.46381724
vt 0.17323261 0.46379709
vt 0.17312515 0.46259671
vt 0.17305255 0.46262991
vt 0.17352445 0.46366388
vt 0.17359704 0.46363068
vt 0.17142385 0.45763373
vt 0.17137583 0.45764065
vt 0.17153746 0.45876545
vt 0.17158550 0.45875853
vt 0.17126620 0.45610714
vt 0.17131460 0.45610547
vt 0.17218593 0.45607436
vt 0.17229506 0.45607042
vt 0.17110457 0.32693094
vt 0.17110458 0.45497525
vt 0.40785071 0.47412145
vt 0.40658587 0.47421199
vt 0.40658879 0.47433311
vt 0.40787089 0.47424144
vt 0.40544695 0.47420418
vt 0.40544873 0.47425258
vt 0.40658417 0.47416353
vt 0.40657279 0.47384334
vt 0.40656990 0.47376376
vt 0.40892246 0.47359407
vt 0.40891117 0.47351497
vt 0.40778667 0.47367668
vt 0.40779805 0.47375572
vt 0.40541199 0.47322321
vt 0.40541583 0.47333235
vt 0.40655315 0.47329170
vt 0.40654930 0.47318250
vt 0.40535280 0.47156709
vt 0.40535846 0.47172827
vt 0.40649599 0.47168756
vt 0.40649027 0.47152650
vt 0.40527427 0.46937025
vt 0.40528142 0.46957022
vt 0.40641910 0.46952951
vt 0.40641195 0.46932960
vt 0.41245657 0.47288686
vt 0.41247672 0.47293103
vt 0.42006868 0.47277182
vt 0.42109615 0.47199577
vt 0.42118254 0.46373111
vt 0.42110997 0.46369797
vt 0.42063805 0.46473181
vt 0.42071065 0.46476495
vt 0.42684397 0.46297204
vt 0.42711681 0.46170670
vt 0.42270833 0.45925629
vt 0.42266032 0.45924938
vt 0.42249864 0.46037424
vt 0.42254665 0.46038115
vt 0.42275038 0.45798916
vt 0.42279878 0.45799088
vt 0.42011476 0.45789504
vt 0.42027575 0.45790082
vt 0.42993602 0.32229686
vt 0.42743778 0.45811880
vt 0.42296040 0.45685887
vt 0.42296040 0.32526946
vt 0.40082127 0.28836733
vt 0.39721161 0.28810692
vt 0.75616336 0.88537866
vt 0.75616336 0.88537871
vt 0.73022950 0.89181430
vt 0.73022950 0.89181430
vt 0.70240837 0.89181430
vt 0.70240837 0.89181430
vt 0.66395485 0.87595326
vt 0.66914165 0.87244047
vt 0.66395485 0.88253698
vt 0.66395485 0.87924510
vt 0.68935204 0.86814199
vt 0.68935204 0.86814199
vt 0.70240837 0.86667597
vt 0.70240837 0.86667597
vt 0.74847263 0.88794950
vt 0.74847263 0.88794950
vt 0.73738372 0.89017647
vt 0.73738372 0.89017651
vt 0.67754775 0.86884969
vt 0.67754775 0.86884969
vt 0.75623757 0.87700742
vt 0.75623757 0.87795082
vt 0.84679294 0.87287706
vt 0.75138426 0.88575128
vt 0.74868900 0.88668859
vt 0.84247333 0.88243312
vt 0.73008728 0.89055531
vt 0.70247877 0.89055531
vt 0.74814779 0.87175965
vt 0.75556695 0.87423965
vt 0.68946004 0.88909344
vt 0.67784131 0.88839688
vt 0.67040062 0.88521848
vt 0.72860229 0.88085205
vt 0.70402533 0.88085205
vt 0.73573232 0.88085205
vt 0.73181641 0.88085205
vt 0.70402533 0.87763815
vt 0.72860229 0.87763815
vt 0.74679440 0.88085205
vt 0.73894739 0.88085205
vt 0.75435352 0.88085205
vt 0.75001132 0.88085205
vt 0.51831967 0.50214931
vt 0.51816440 0.50226733
vt 0.51816440 0.50222048
vt 0.51831114 0.50222048
vt 0.67920709 0.87763815
vt 0.68776262 0.87763815
vt 0.69097668 0.87763815
vt 0.70081139 0.87763815
vt 0.67040062 0.88521848
vt 0.67200756 0.87433268
vt 0.67599154 0.87763815
vt 0.73181641 0.87763815
vt 0.73573232 0.87763815
vt 0.75759017 0.88085205
vt 0.75759017 0.87763820
vt 0.75723213 0.87752399
vt 0.75723213 0.88096626
vt 0.77427912 0.23274118
vt 0.77427912 0.23274118
vt 0.63147205 0.18874472
vt 0.63147205 0.18874472
vt 0.63919103 0.18102592
vt 0.63919103 0.18102592
vt 0.63260460 0.19555861
vt 0.63260454 0.19440407
vt 0.78177160 0.22524875
vt 0.78177160 0.22524875
vt 0.78177160 0.19555861
vt 0.78177160 0.19440407
vt 0.76009810 0.87795082
vt 0.76009810 0.87700744
vt 0.69537699 0.89102478
vt 0.66914165 0.88604974
vt 0.66842502 0.88556446
vt 0.67022300 0.88651164
vt 0.75245559 0.88537872
vt 0.75623757 0.88238767
vt 0.75623757 0.87924510
vt 0.75623757 0.87610263
vt 0.75245559 0.87311149
vt 0.74506336 0.87054080
vt 0.73440492 0.86831376
vt 0.72752845 0.86667597
vt 0.70078731 0.86667597
vt 0.66382647 0.87595326
vt 0.66881192 0.87244046
vt 0.67689168 0.86884969
vt 0.68823779 0.86814201
vt 0.73048669 0.89110973
vt 0.73440492 0.89017650
vt 0.74506336 0.88794950
vt 0.76986814 0.23274118
vt 0.77706975 0.22524875
vt 0.64000940 0.23274118
vt 0.63260460 0.22503740
vt 0.77706975 0.18824106
vt 0.77013469 0.18102592
vt 0.64002395 0.18102592
vt 0.63260460 0.18874472
vt 0.66881192 0.88604975
vt 0.66985130 0.88651162
vt 0.66812313 0.88556445
vt 0.72752845 0.89181429
vt 0.70078731 0.89181429
vt 0.69402885 0.89102477
vt 0.66382647 0.88253698
vt 0.66382647 0.87924510
vt 0.75504875 0.88575128
vt 0.75224465 0.88668858
vt 0.73330724 0.89110974
vt 0.68823779 0.89034823
vt 0.67689168 0.88964054
vt 0.66395491 0.87680693
vt 0.66395491 0.87775031
vt 0.63147199 0.19440407
vt 0.63147205 0.19555861
vn 0.03665338 0.91309935 -0.40608644
vn 0.12323521 0.46391740 -0.87726498
vn 0.03524917 0.46312213 -0.88559324
vn 0.04257461 0.91091365 0.41039488
vn 0.03778286 0.48360834 0.87446868
vn 0.14206597 0.48424503 0.86332160
vn 0.57317656 -0.39100891 -0.72012544
vn 0.24763456 -0.92574555 -0.28578386
vn 0.63120413 -0.39101571 -0.66984183
vn 0.66982895 -0.39100820 -0.63122255
vn 0.28578386 -0.92574555 -0.24763456
vn 0.72011077 -0.39101753 -0.57318920
vn 0.52945131 -0.39101511 -0.75285363
vn 0.46487057 -0.39101377 -0.79435736
vn 0.20444818 -0.92573911 -0.31813222
vn 0.75285363 -0.39101511 -0.52945131
vn 0.31813222 -0.92573911 -0.20444818
vn 0.79435736 -0.39101377 -0.46487057
vn 0.82053941 -0.39101207 -0.41692290
vn 0.34398347 -0.92574310 -0.15708305
vn 0.85242963 -0.39101100 -0.34709400
vn 0.87152290 -0.39100575 -0.29590943
vn 0.36284304 -0.92573959 -0.10654260
vn 0.89314961 -0.39101428 -0.22224212
vn 0.90476424 -0.39100853 -0.16886126
vn 0.37431771 -0.92573828 -0.05380531
vn 0.91568983 -0.39100844 -0.09286908
vn 0.92069423 -0.38679656 -0.05206525
vn 0.38032633 -0.92475265 -0.01358090
vn 0.92206353 -0.38679487 -0.01373345
vn 0.38268155 -0.92388034 0.00000000
vn 0.92388034 -0.38268155 0.00000000
vn 0.38268155 -0.92388034 0.00000000
vn 0.92069423 -0.38679656 0.05206525
vn 0.92206353 -0.38679487 0.01373345
vn 0.38032633 -0.92475265 0.01358090
vn 0.38268155 -0.92388034 0.00000000
vn 0.38268155 -0.92388034 0.00000000
vn 0.92388034 -0.38268155 0.00000000
vn 0.90476424 -0.39100853 0.16886126
vn 0.91568983 -0.39100844 0.09286908
vn 0.37431771 -0.92573828 0.05380531
vn 0.87152290 -0.39100575 0.29590943
vn 0.89314961 -0.39101428 0.22224212
vn 0.36284304 -0.92573959 0.10654260
vn 0.82053941 -0.39101207 0.41692290
vn 0.85242963 -0.39101100 0.34709400
vn 0.34398347 -0.92574310 0.15708305
vn 0.79435736 -0.39101377 0.46487057
vn 0.31813222 -0.92573911 0.20444818
vn 0.75285363 -0.39101511 0.52945131
vn 0.63120413 -0.39101571 0.66984183
vn 0.24763456 -0.92574555 0.28578386
vn 0.57318920 -0.39101753 0.72011077
vn 0.66984183 -0.39101571 0.63120413
vn 0.72011077 -0.39101753 0.57318920
vn 0.28578386 -0.92574555 0.24763456
vn 0.46487057 -0.39101377 0.79435736
vn 0.52945131 -0.39101511 0.75285363
vn 0.20444818 -0.92573911 0.31813222
vn 0.09286908 -0.39100844 0.91568983
vn 0.16886126 -0.39100853 0.90476424
vn 0.05380531 -0.92573828 0.37431771
vn 0.41692290 -0.39101207 0.82053941
vn 0.15708305 -0.92574310 0.34398347
vn 0.34709400 -0.39101100 0.85242963
vn 0.22224212 -0.39101428 0.89314961
vn 0.29588160 -0.39100927 0.87153077
vn 0.10651243 -0.92574257 0.36284423
vn -0.57318920 -0.39101753 -0.72011077
vn -0.63120413 -0.39101571 -0.66984183
vn -0.24763456 -0.92574555 -0.28578386
vn -0.72011077 -0.39101753 -0.57318920
vn -0.28578386 -0.92574555 -0.24763456
vn -0.66984183 -0.39101571 -0.63120413
vn -0.46487057 -0.39101377 0.79435736
vn -0.20444818 -0.92573911 0.31813222
vn -0.52945131 -0.39101511 0.75285363
vn -0.46487057 -0.39101377 -0.79435736
vn -0.52945131 -0.39101511 -0.75285363
vn -0.20444818 -0.92573911 -0.31813222
vn -0.41692290 -0.39101207 0.82053941
vn -0.34709400 -0.39101100 0.85242963
vn -0.15708305 -0.92574310 0.34398347
vn -0.29588160 -0.39100927 0.87153077
vn -0.22224212 -0.39101428 0.89314961
vn -0.10651243 -0.92574257 0.36284423
vn -0.16886126 -0.39100853 0.90476424
vn -0.09286908 -0.39100844 0.91568983
vn -0.05380531 -0.92573828 0.37431771
vn -0.01373361 -0.38676891 0.92207438
vn -0.01358090 -0.92475265 0.38032633
vn -0.05206585 -0.38677058 0.92070496
vn -0.34709400 -0.39101100 -0.85242963
vn -0.41692290 -0.39101207 -0.82053941
vn -0.15708305 -0.92574310 -0.34398347
vn 0.01373361 -0.38676891 0.92207438
vn 0.05206524 -0.38679653 0.92069411
vn 0.01358090 -0.92475265 0.38032633
vn -0.22224212 -0.39101428 -0.89314961
vn -0.29591730 -0.39101613 -0.87151551
vn -0.10651243 -0.92574257 -0.36284423
vn -0.09286908 -0.39100844 -0.91568983
vn -0.16886126 -0.39100853 -0.90476424
vn -0.05380531 -0.92573828 -0.37431771
vn -0.05206585 -0.38677058 -0.92070496
vn -0.01355039 -0.92475313 -0.38032651
vn -0.01370293 -0.38679504 -0.92206395
vn 0.05206585 -0.38677058 -0.92070496
vn 0.01370293 -0.38679504 -0.92206395
vn 0.01355039 -0.92475313 -0.38032651
vn 0.09286908 -0.39100844 -0.91568983
vn 0.05380531 -0.92573828 -0.37431771
vn 0.16886126 -0.39100853 -0.90476424
vn 0.22224212 -0.39101428 -0.89314961
vn 0.10651243 -0.92574257 -0.36284423
vn 0.29588160 -0.39100927 -0.87153077
vn 0.34709400 -0.39101100 -0.85242963
vn 0.15708305 -0.92574310 -0.34398347
vn 0.41692290 -0.39101207 -0.82053941
vn -0.79435736 -0.39101377 -0.46487057
vn -0.31813222 -0.92573911 -0.20444818
vn -0.75285363 -0.39101511 -0.52945131
vn -0.85242963 -0.39101100 -0.34709400
vn -0.34398347 -0.92574310 -0.15708305
vn -0.82053941 -0.39101207 -0.41692290
vn -0.57318920 -0.39101753 0.72011077
vn -0.24763456 -0.92574555 0.28578386
vn -0.63120413 -0.39101571 0.66984183
vn -0.75285363 -0.39101511 0.52945131
vn -0.31813222 -0.92573911 0.20444818
vn -0.79435736 -0.39101377 0.46487057
vn -0.72011077 -0.39101753 0.57318920
vn -0.66984183 -0.39101571 0.63120413
vn -0.28578386 -0.92574555 0.24763456
vn -0.89314961 -0.39101428 -0.22224212
vn -0.36284304 -0.92573959 -0.10654260
vn -0.87153077 -0.39100927 -0.29588160
vn -0.82053941 -0.39101207 0.41692290
vn -0.34398347 -0.92574310 0.15708305
vn -0.85242963 -0.39101100 0.34709400
vn -0.91568983 -0.39100844 -0.09286908
vn -0.37431771 -0.92573828 -0.05380531
vn -0.90476424 -0.39100853 -0.16886126
vn -0.87153077 -0.39100927 0.29588160
vn -0.36284423 -0.92574257 0.10651243
vn -0.89314961 -0.39101428 0.22224212
vn -0.92070508 -0.38677061 -0.05206586
vn -0.92207438 -0.38676891 -0.01373361
vn -0.38032633 -0.92475265 -0.01358090
vn -0.38268155 -0.92388034 0.00000000
vn -0.38268155 -0.92388034 0.00000000
vn -0.92388034 -0.38268155 0.00000000
vn -0.38268155 -0.92388034 0.00000000
vn -0.92388034 -0.38268155 0.00000000
vn -0.38268155 -0.92388034 0.00000000
vn -0.92207438 -0.38676891 0.01373361
vn -0.92070508 -0.38677061 0.05206586
vn -0.38032633 -0.92475265 0.01358090
vn -0.90476424 -0.39100853 0.16886126
vn -0.37431771 -0.92573828 0.05380531
vn -0.91568983 -0.39100844 0.09286908
vn -0.07602412 0.92291027 0.37743491
vn -0.10413226 0.38399538 0.91744441
vn -0.01550372 0.92213589 0.38655546
vn 0.03711074 0.92325169 -0.38239932
vn 0.05172918 0.38313159 -0.92224419
vn 0.00704995 0.92305487 -0.38460365
vn -0.07602412 0.92291027 -0.37743491
vn -0.01550372 0.92213589 -0.38655546
vn -0.10413226 0.38399538 -0.91744441
vn 0.03711074 0.92325169 0.38239932
vn 0.00704995 0.92305487 0.38460365
vn 0.05172918 0.38313159 0.92224419
vn -0.07632807 0.92399383 0.37471253
vn -0.19394940 0.38264951 0.90330672
vn -0.08313437 0.92418319 0.37279236
vn -0.07632807 0.92399383 -0.37471253
vn -0.08313437 0.92418319 -0.37279236
vn -0.19394940 0.38264951 -0.90330672
vn -0.11777375 0.92351222 0.36504063
vn -0.23841636 0.38301656 0.89244384
vn -0.08664309 0.92246354 0.37623671
vn -0.11777375 0.92351222 -0.36504063
vn -0.08664309 0.92246354 -0.37623671
vn -0.23841636 0.38301656 -0.89244384
vn -0.17194209 0.95535588 0.24027334
vn -0.43417025 0.38286698 0.81541967
vn -0.16398090 0.91832966 0.36025137
vn -0.17194209 0.95535588 -0.24027334
vn -0.16398090 0.91832966 -0.36025137
vn -0.43417025 0.38286698 -0.81541967
vn -0.70710677 0.70710677 -0.00012208
vn -0.92388034 0.38268155 0.00000000
vn -0.70707625 0.70713729 0.00012208
vn 0.03909519 0.92433733 -0.37956825
vn 0.02545310 0.92418563 -0.38109457
vn 0.07910528 0.38261685 -0.92051440
vn 0.02545310 0.92418563 0.38109457
vn 0.03909519 0.92433733 0.37956825
vn 0.07910528 0.38261685 0.92051440
vn 0.14111930 0.92301303 -0.35795596
vn 0.21341997 0.38499829 -0.89790213
vn 0.05237154 0.92062211 -0.38692680
vn 0.05237154 0.92062211 0.38692680
vn 0.21341997 0.38499829 0.89790213
vn 0.14111930 0.92301303 0.35795596
vn 0.38268155 0.92388034 0.00000000
vn 0.92388034 0.38268155 0.00000000
vn 0.38268155 0.92388034 0.00000000
vn -0.29710481 0.63025284 0.71729368
vn -0.71729368 0.63025284 0.29710481
vn -0.71729368 0.63025284 0.29710481
vn -0.29710481 0.63025284 0.71729368
vn 0.29710481 0.63025284 -0.71729368
vn 0.71729368 0.63025284 -0.29710481
vn 0.71729368 0.63025284 -0.29710481
vn 0.29710481 0.63025284 -0.71729368
vn 0.00003052 1.00000000 0.00012207
vn -0.70707625 0.70713729 0.00012208
vn -0.50383139 0.84344226 0.18643807
vn -0.17194209 0.95535588 0.24027334
vn 0.00000000 1.00000000 0.00000000
vn 0.00000000 1.00000000 0.00000000
vn 0.00000000 1.00000000 0.00000000
vn 0.00000000 1.00000000 0.00000000
vn 0.06109942 0.70130044 0.71024263
vn 0.15253316 0.74771160 0.64626700
vn 0.08203632 0.68268991 -0.72608852
vn 0.14786410 0.71014446 -0.68835390
vn 0.14914751 0.70410931 -0.69425160
vn 0.08203632 0.68268991 -0.72608852
vn 0.18549643 0.69336843 -0.69629830
vn 0.34600034 0.67219347 -0.65455317
vn 0.34600034 0.67219347 -0.65455317
vn 0.18549643 0.69336843 -0.69629830
vn 0.43377081 0.85429621 0.28639311
vn 0.77349705 0.37534979 0.51070029
vn -0.14914751 0.70410931 -0.69425160
vn -0.17829297 0.72138155 -0.66919380
vn -0.70710677 0.70710677 0.00000000
vn -0.51018673 0.82199973 0.25303334
vn -0.83222568 0.37019685 0.41274050
vn 0.70328826 0.61945152 0.34880581
vn 0.70328826 0.61945152 0.34880581
vn 0.70715255 0.70706099 0.00000000
vn 0.70710677 0.70710677 0.00000000
vn 0.00000000 1.00000000 0.00000000
vn 0.00000000 1.00000000 0.00000000
vn -0.31138414 0.74569833 -0.58904493
vn -0.51018673 0.82199973 -0.25303334
vn -0.83222568 0.37019685 -0.41274050
vn 0.70328826 0.61945152 -0.34880581
vn 0.70328826 0.61945152 -0.34880581
vn -0.06009274 0.71299475 0.69858962
vn -0.17041738 0.67056066 0.72201550
vn -0.17041738 0.67056066 0.72201550
vn -0.06109942 0.70130044 0.71024263
vn 0.70710677 0.70710677 0.00000000
vn 0.03875877 0.71990603 0.69298851
vn 0.00000000 1.00000000 0.00000000
vn 0.00000000 1.00000000 0.00000000
vn 0.00000000 1.00000000 0.00000000
vn 0.36852396 0.89721465 -0.24330211
vn -0.14914751 0.70410931 0.69425160
vn -0.07632799 0.73327976 0.67562938
vn -0.34840730 0.68619382 -0.63855338
vn -0.69639039 0.61526996 -0.36943662
vn -0.70710677 0.70710677 0.00000000
vn 0.00000000 1.00000000 0.00000000
vn -0.69639039 0.61526996 0.36943662
vn -0.34840730 0.68619382 0.63855338
vn 0.68786907 0.00000000 0.72583479
vn 0.79359454 -0.39855215 0.45974344
vn 0.99411178 -0.01785391 0.10687930
vn 0.99840820 -0.01785379 0.05350032
vn -0.86870486 0.00000000 0.49533021
vn -0.85050571 0.00000000 0.52596581
vn 0.00891159 0.00000000 0.99996030
vn -0.00891159 0.00000000 0.99996030
vn -0.01782312 -0.01785364 0.99968183
vn 0.01782312 -0.01785364 0.99968183
vn 0.12457938 0.00000000 0.99220973
vn 0.08908550 0.00000000 0.99602407
vn 0.17749782 -0.01785355 0.98395926
vn 0.24726945 -0.01785394 0.96878231
vn 0.19501850 0.00000000 0.98079962
vn 0.15988871 0.00000000 0.98713505
vn 0.31571954 -0.01785364 0.94868463
vn 0.38262242 -0.01785388 0.92373234
vn 0.26447549 0.00000000 0.96439248
vn 0.22989829 0.00000000 0.97321469
vn 0.44753292 -0.01785371 0.89408922
vn 0.51018876 -0.01785371 0.85987723
vn 0.33256948 0.00000000 0.94307876
vn 0.29872328 0.00000000 0.95433974
vn 0.57021856 -0.01785366 0.82129908
vn 0.62737918 -0.01785362 0.77850932
vn 0.39898172 0.00000000 0.91695899
vn 0.36601213 0.00000000 0.93061006
vn 0.68130434 -0.01785357 0.73178262
vn 0.73178262 -0.01785357 0.68130434
vn 0.46333972 0.00000000 0.88618076
vn 0.43144578 0.00000000 0.90213889
vn 0.77850932 -0.01785362 0.62737918
vn 0.82129908 -0.01785366 0.57021856
vn 0.52536035 0.00000000 0.85087991
vn 0.49468887 0.00000000 0.86907023
vn 0.85987723 -0.01785371 0.51018876
vn 0.89408922 -0.01785371 0.44753292
vn 0.68513125 -0.35848153 0.63410276
vn 0.55539024 0.00000000 0.83159000
vn 0.92373234 -0.01785388 0.38262242
vn 0.94868463 -0.01785364 0.31571954
vn 0.68964535 -0.71656340 0.10452871
vn 0.67190319 -0.70648110 0.22232988
vn 0.96878231 -0.01785394 0.24726945
vn 0.98395926 -0.01785355 0.17749782
vn -0.99984121 0.00000000 0.01782324
vn 0.99984121 0.00000000 0.01782324
vn 0.01782312 -0.01785364 -0.99968183
vn -0.01782312 -0.01785364 -0.99968183
vn -0.99188483 0.00000000 0.12714045
vn -0.99569809 0.00000000 0.09265715
vn -0.17749782 -0.01785355 -0.98395926
vn -0.24726945 -0.01785394 -0.96878231
vn -0.98047727 0.00000000 0.19663259
vn -0.98680651 0.00000000 0.16190416
vn -0.31571954 -0.01785364 -0.94868463
vn -0.38262242 -0.01785388 -0.92373234
vn -0.51318252 0.66327655 -0.54470897
vn -0.72326821 0.55120248 -0.41600361
vn -0.44753292 -0.01785371 -0.89408922
vn -0.51018876 -0.01785371 -0.85987723
vn -0.94274443 0.00000000 0.33351606
vn -0.95400476 0.00000000 0.29979172
vn -0.57021856 -0.01785366 -0.82129908
vn -0.62737918 -0.01785362 -0.77850932
vn -0.91661483 0.00000000 0.39977151
vn -0.93027371 0.00000000 0.36686638
vn -0.68130434 -0.01785357 -0.73178262
vn -0.73178262 -0.01785357 -0.68130434
vn -0.88581371 0.00000000 0.46404123
vn -0.90178531 0.00000000 0.43218431
vn -0.77850932 -0.01785362 -0.62737918
vn -0.82129908 -0.01785366 -0.57021856
vn -0.85050571 0.00000000 0.52596581
vn -0.86870486 0.00000000 0.49533021
vn -0.85987723 -0.01785371 -0.51018876
vn -0.89408922 -0.01785371 -0.44753292
vn -0.81086349 0.00000000 0.58523536
vn -0.83120900 0.00000000 0.55596030
vn -0.92373234 -0.01785388 -0.38262242
vn -0.94868463 -0.01785364 -0.31571954
vn -0.76707941 0.00000000 0.64155227
vn -0.78946400 0.00000000 0.61379695
vn -0.96878231 -0.01785394 -0.24726945
vn -0.98395926 -0.01785355 -0.17749782
vn 0.08908550 0.00000000 0.99602407
vn 0.12457938 0.00000000 0.99220973
vn 0.71333563 0.00000000 0.70082259
vn 0.70071501 0.00000000 0.71344137
vn 0.99968231 -0.01782313 0.01782313
vn 0.99968231 -0.01782313 -0.01782313
vn -0.72571611 0.00000000 0.68799430
vn -0.74369162 0.00000000 0.66852283
vn -0.99411178 -0.01785391 -0.10687930
vn -0.99840879 -0.01782328 -0.05350035
vn 0.38063955 -0.92440599 -0.02423250
vn 0.38445354 -0.92287767 -0.02218764
vn -0.38445354 -0.92287767 -0.02218764
vn -0.38410911 -0.92273468 -0.03195314
vn -0.38271227 0.92293483 -0.04150628
vn 0.38103643 0.92434525 -0.01992926
vn 0.38338494 0.92336506 -0.02032593
vn -0.37788486 0.92496645 -0.04049857
vn 0.38103643 -0.92434525 -0.01992926
vn -0.38271227 -0.92293483 -0.04150628
vn -0.37788486 -0.92496645 -0.04049857
vn 0.38338494 -0.92336506 -0.02032593
vn -0.38512266 -0.92278063 -0.01251290
vn 0.38512266 -0.92278063 -0.01251290
vn 0.38295013 -0.92374361 -0.00686673
vn -0.38295013 -0.92374361 -0.00686673
vn -0.37913781 0.92478740 -0.03198393
vn 0.38298690 0.92342299 -0.02472065
vn 0.38420424 0.92268223 -0.03231967
vn -0.38408080 0.92267895 -0.03384550
vn 0.38512266 0.92278063 -0.01251290
vn -0.38512266 0.92278063 -0.01251290
vn -0.38295013 0.92374361 -0.00686673
vn 0.38295013 0.92374361 -0.00686673
vn 0.38298690 -0.92342299 -0.02472065
vn -0.37913781 -0.92478740 -0.03198393
vn -0.38408080 -0.92267895 -0.03384550
vn 0.38420424 -0.92268223 -0.03231967
vn 0.37978148 -0.92290193 -0.06338847
vn -0.37953612 -0.92289895 -0.06488371
vn -0.38460851 -0.91714573 -0.10449925
vn 0.38502976 -0.91713142 -0.10306322
vn 0.38271037 -0.92289960 -0.04229956
vn -0.38255548 -0.92289412 -0.04379475
vn -0.38206831 -0.92253065 -0.05441552
vn 0.38228145 -0.92252946 -0.05292001
vn -0.38255548 0.92289412 -0.04379475
vn 0.38271037 0.92289960 -0.04229956
vn 0.38228145 0.92252946 -0.05292001
vn -0.38206831 0.92253065 -0.05441552
vn 0.36022019 -0.92070848 -0.15012480
vn -0.35970065 -0.92070675 -0.15137582
vn -0.34432390 -0.91620308 -0.20497069
vn 0.34499407 -0.91616923 -0.20399331
vn -0.26695168 0.92314571 -0.27665681
vn 0.26753297 0.92315054 -0.27607840
vn 0.21336026 0.90572059 -0.36626184
vn -0.21214093 0.90563518 -0.36717993
vn 0.30628625 -0.92200214 -0.23685607
vn -0.30567542 -0.92200083 -0.23764922
vn -0.29011631 -0.91939348 -0.26560932
vn 0.29078865 -0.91936576 -0.26496923
vn 0.26753297 -0.92315054 -0.27607840
vn -0.26695168 -0.92314571 -0.27665681
vn -0.21214093 -0.90563518 -0.36717993
vn 0.21336026 -0.90572059 -0.36626184
vn 0.13879997 -0.86942250 -0.47417220
vn -0.13651057 -0.86941940 -0.47484189
vn -0.09772141 -0.82687813 -0.55382591
vn 0.09930950 -0.82652116 -0.55407625
vn -0.13651057 0.86941940 -0.47484189
vn 0.13879997 0.86942250 -0.47417220
vn 0.09930950 0.82652116 -0.55407625
vn -0.09772141 0.82687813 -0.55382591
vn 0.06619608 -0.89759940 -0.43581375
vn -0.06582964 -0.89762700 -0.43581235
vn -0.03509709 -0.91261578 -0.40730929
vn 0.03665338 -0.91309935 -0.40608644
vn -0.06582964 0.89762700 -0.43581235
vn 0.06619608 0.89759940 -0.43581375
vn -0.03509709 0.91261578 -0.40730929
vn -0.38410911 0.92273468 -0.03195314
vn -0.38445354 0.92287767 -0.02218764
vn 0.38445354 0.92287767 -0.02218764
vn 0.38063982 0.92440665 -0.02420200
vn 0.38335139 -0.92360181 -0.00125129
vn 0.38487649 -0.92295897 0.00412008
vn 0.38297909 0.92373985 -0.00564596
vn -0.38297909 0.92373985 -0.00564596
vn -0.38334891 0.92359585 -0.00378435
vn 0.38332289 0.92360675 -0.00378440
vn 0.38460568 0.92299873 0.01232984
vn -0.38459486 0.92300326 0.01232950
vn -0.38652807 0.92192972 0.02533109
vn 0.38652807 0.92192972 0.02533109
vn -0.38335139 -0.92360181 -0.00125129
vn -0.38485047 -0.92296970 0.00412013
vn 0.38335139 0.92360181 -0.00125129
vn -0.38335139 0.92360181 -0.00125129
vn -0.38485047 0.92296970 0.00412013
vn 0.38487649 0.92295897 0.00412008
vn -0.37935513 -0.92290425 0.06586070
vn 0.37935513 -0.92290425 0.06586070
vn 0.37609321 -0.92398137 0.06937108
vn -0.37609321 -0.92398137 0.06937108
vn -0.38426957 -0.92226535 0.04199468
vn 0.38429564 -0.92225456 0.04199418
vn 0.38191688 -0.92253339 0.05542281
vn -0.38191688 -0.92253339 0.05542281
vn 0.37630469 0.92394555 0.06869926
vn -0.37630469 0.92394555 0.06869926
vn -0.38533509 0.91630763 0.10907552
vn 0.38533509 0.91630763 0.10907552
vn -0.37629408 -0.92394996 0.06869732
vn 0.37630469 -0.92394555 0.06869926
vn 0.38533378 -0.91630453 0.10910568
vn -0.38533509 -0.91630763 0.10907552
vn 0.24107330 0.92217630 0.30244794
vn -0.24107330 0.92217630 0.30244794
vn -0.15549539 0.90809923 0.38881481
vn 0.15549539 0.90809923 0.38881481
vn -0.35582283 -0.92051882 0.16135478
vn 0.35582283 -0.92051882 0.16135478
vn 0.32429829 -0.90975046 0.25920057
vn -0.32429829 -0.90975046 0.25920057
vn 0.35582283 0.92051882 0.16135478
vn -0.35582283 0.92051882 0.16135478
vn -0.32429829 0.90975046 0.25920057
vn 0.32429829 0.90975046 0.25920057
vn -0.24107330 -0.92217630 0.30244794
vn 0.24107330 -0.92217630 0.30244794
vn 0.15549539 -0.90809923 0.38881481
vn -0.15549539 -0.90809923 0.38881481
vn -0.07947224 -0.92372739 0.37471586
vn 0.07947224 -0.92372739 0.37471586
vn 0.04257461 -0.91091365 0.41039488
vn -0.04257461 -0.91091365 0.41039488
vn 0.07947224 0.92372739 0.37471586
vn -0.07947224 0.92372739 0.37471586
vn -0.04257461 0.91091365 0.41039488
vn 0.99569809 0.00000000 0.09265715
vn 0.99188483 0.00000000 0.12714045
vn 0.24726945 -0.01785394 -0.96878231
vn 0.17749782 -0.01785355 -0.98395926
vn -0.02676495 0.00000000 0.99964178
vn -0.05349907 0.00000000 0.99856788
vn -0.10687930 -0.01785391 0.99411178
vn -0.05350032 -0.01785379 0.99840820
vn 0.86870486 0.00000000 0.49533021
vn 0.85050571 0.00000000 0.52596581
vn 0.89408922 -0.01785371 -0.44753292
vn 0.85987723 -0.01785371 -0.51018876
vn -0.49468887 0.00000000 0.86907023
vn -0.52536035 0.00000000 0.85087991
vn -0.89408922 -0.01785371 0.44753292
vn -0.85987723 -0.01785371 0.51018876
vn -0.15988871 0.00000000 0.98713505
vn -0.19501850 0.00000000 0.98079962
vn -0.38262242 -0.01785388 0.92373234
vn -0.31571954 -0.01785364 0.94868463
vn -0.08908550 0.00000000 0.99602407
vn -0.12457938 0.00000000 0.99220973
vn -0.24726945 -0.01785394 0.96878231
vn -0.17749782 -0.01785355 0.98395926
vn -0.99823135 0.00000000 0.05945014
vn -0.99955809 0.00000000 0.02972550
vn -0.05350032 -0.01785379 -0.99840820
vn -0.10687605 -0.01785337 -0.99411207
vn -0.05349907 0.00000000 0.99856788
vn -0.02676495 0.00000000 0.99964178
vn 0.90178531 0.00000000 0.43218431
vn 0.88581371 0.00000000 0.46404123
vn 0.82129908 -0.01785366 -0.57021856
vn 0.77850932 -0.01785362 -0.62737918
vn -0.36601213 0.00000000 0.93061006
vn -0.39898172 0.00000000 0.91695899
vn -0.73178262 -0.01785357 0.68130434
vn -0.68130434 -0.01785357 0.73178262
vn 0.98680651 0.00000000 0.16190416
vn 0.50415027 -0.65912789 -0.55801708
vn 0.38262242 -0.01785388 -0.92373234
vn 0.31571954 -0.01785364 -0.94868463
vn -0.29872328 0.00000000 0.95433974
vn -0.33256948 0.00000000 0.94307876
vn -0.62737918 -0.01785362 0.77850932
vn -0.57021856 -0.01785366 0.82129908
vn 0.69229603 -0.60730028 -0.38975987
vn 0.94274443 0.00000000 0.33351606
vn 0.62737918 -0.01785362 -0.77850932
vn 0.57021856 -0.01785366 -0.82129908
vn 0.99823135 0.00000000 0.05945014
vn 0.99955809 0.00000000 0.02972550
vn 0.93027371 0.00000000 0.36686638
vn 0.91661483 0.00000000 0.39977151
vn 0.73178262 -0.01785357 -0.68130434
vn 0.68130434 -0.01785357 -0.73178262
vn -0.43144578 0.00000000 0.90213889
vn -0.46333972 0.00000000 0.88618076
vn -0.82129908 -0.01785366 0.57021856
vn -0.77850932 -0.01785362 0.62737918
vn -0.70071501 0.00000000 0.71344137
vn -0.71333563 0.00000000 0.70082259
vn -0.99968183 -0.01785364 -0.01782312
vn -0.99968183 -0.01785364 0.01782312
vn 0.99955809 0.00000000 0.02972550
vn 0.99823135 0.00000000 0.05945014
vn 0.10687605 -0.01785337 -0.99411207
vn 0.05350032 -0.01785379 -0.99840820
vn -0.22989829 0.00000000 0.97321469
vn -0.26447549 0.00000000 0.96439248
vn -0.51018876 -0.01785371 0.85987723
vn -0.44753292 -0.01785371 0.89408922
vn -0.55539024 0.00000000 0.83159000
vn -0.72086549 0.37807289 0.58087349
vn -0.94868463 -0.01785364 0.31571954
vn -0.92373234 -0.01785388 0.38262242
vn 0.31282437 -0.71522331 -0.62497735
vn 0.35662276 -0.71522933 -0.60105509
vn 0.51018876 -0.01785371 -0.85987723
vn 0.44753292 -0.01785371 -0.89408922
vn 0.83120900 0.00000000 0.55596030
vn 0.81086349 0.00000000 0.58523536
vn 0.94868463 -0.01785364 -0.31571954
vn 0.92373234 -0.01785388 -0.38262242
vn -0.98680651 0.00000000 0.16190416
vn -0.98047727 0.00000000 0.19663259
vn 0.00891159 0.00000000 0.99996030
vn -0.00891159 0.00000000 0.99996030
vn -0.46333972 0.00000000 0.88618076
vn -0.43144578 0.00000000 0.90213889
vn 0.98047727 0.00000000 0.19663259
vn 0.98681134 0.00000000 0.16187443
vn 0.74369162 0.00000000 0.66852283
vn 0.72571611 0.00000000 0.68799430
vn 0.99840879 -0.01782328 -0.05350035
vn 0.99411178 -0.01785391 -0.10687930
vn -0.52536035 0.00000000 0.85087991
vn -0.49468887 0.00000000 0.86907023
vn 0.96406460 0.00000000 0.26566786
vn 0.97288877 0.00000000 0.23127396
vn -0.83120900 0.00000000 0.55596030
vn -0.86345315 -0.45177779 0.22437818
vn 0.29872328 0.00000000 0.95433974
vn 0.33256948 0.00000000 0.94307876
vn -0.58470583 0.00000000 0.81124544
vn -0.55539024 0.00000000 0.83159000
vn 0.94274443 0.00000000 0.33351606
vn 0.95400476 0.00000000 0.29979172
vn 0.66804022 0.00000000 0.74412519
vn 0.68786907 0.00000000 0.72583479
vn -0.64105457 0.00000000 0.76749539
vn -0.61328119 0.00000000 0.78986466
vn 0.24695991 -0.05356088 0.96754444
vn 0.17728272 -0.05359071 0.98269987
vn 0.17649186 -0.10696939 0.97847235
vn 0.24589494 -0.10697055 0.96337587
vn 0.91661483 0.00000000 0.39977151
vn 0.93027371 0.00000000 0.36686638
vn -0.69789326 -0.70207447 -0.14155023
vn -0.70160383 -0.69641560 -0.15085596
vn 0.36601213 0.00000000 0.93061006
vn 0.39898172 0.00000000 0.91695899
vn -0.68786907 0.00000000 0.72583479
vn -0.66802508 0.00000000 0.74413884
vn 0.88581371 0.00000000 0.46404123
vn 0.90178531 0.00000000 0.43218431
vn 0.78946400 0.00000000 0.61379695
vn 0.76706439 0.00000000 0.64157027
vn 0.98395926 -0.01785355 -0.17749782
vn 0.96878421 -0.01785341 -0.24726214
vn -0.99984062 0.00000000 0.01785375
vn 0.99984121 0.00000000 0.01782324
vn 0.85050571 0.00000000 0.52596581
vn 0.86870486 0.00000000 0.49533021
vn -0.66804022 0.00000000 0.74412519
vn -0.68786907 0.00000000 0.72583479
vn -0.99840820 -0.01785379 0.05350032
vn -0.99411178 -0.01785391 0.10687930
vn 0.43144578 0.00000000 0.90213889
vn 0.46333972 0.00000000 0.88618076
vn 0.30055404 0.44280446 0.84474355
vn 0.30739111 0.20548694 0.92913175
vn 0.87884241 0.46093753 0.12317710
vn 0.83120900 0.00000000 0.55596030
vn 0.02676495 0.00000000 0.99964178
vn 0.05349907 0.00000000 0.99856788
vn -0.74243522 0.31199551 0.59283119
vn -0.64840555 0.00000000 0.76129514
vn -0.98395926 -0.01785355 0.17749782
vn -0.96878421 -0.01785341 0.24726214
vn -0.95400476 0.00000000 0.29979172
vn -0.94274443 0.00000000 0.33351606
vn 0.75838345 0.00000000 0.65180874
vn 0.84978533 0.51581031 0.10864947
vn -0.84974235 -0.42674810 0.30955487
vn -0.72571611 0.00000000 0.68799430
vn 0.49468887 0.00000000 0.86907023
vn 0.52536035 0.00000000 0.85087991
vn 0.72571611 0.00000000 0.68799430
vn 0.74369162 0.00000000 0.66852283
vn -0.12457938 0.00000000 0.99220973
vn -0.08908550 0.00000000 0.99602407
vn -0.93027371 0.00000000 0.36686638
vn -0.91661483 0.00000000 0.39977151
vn -0.24574222 -0.32127774 0.91454434
vn -0.15988871 0.00000000 0.98713505
vn -0.99569809 0.00000000 0.09265715
vn -0.99188483 0.00000000 0.12714045
vn 0.55539024 0.00000000 0.83159000
vn 0.58470583 0.00000000 0.81124544
vn -0.97288877 0.00000000 0.23127396
vn -0.96406460 0.00000000 0.26566786
vn -0.36482748 -0.69916618 0.61487198
vn -0.32002267 -0.69916070 0.63934338
vn -0.90178531 0.00000000 0.43218431
vn -0.88581371 0.00000000 0.46404123
vn 0.15988871 0.00000000 0.98713505
vn 0.19501850 0.00000000 0.98079962
vn -0.33256948 0.00000000 0.94307876
vn -0.37422216 -0.32829127 0.86728472
vn 0.61328119 0.00000000 0.78986466
vn 0.64105457 0.00000000 0.76749539
vn -0.39898172 0.00000000 0.91695899
vn -0.36601213 0.00000000 0.93061006
vn 0.99188483 0.00000000 0.12714045
vn 0.99569809 0.00000000 0.09265715
vn 0.01782325 -0.05353079 0.99840713
vn -0.01782325 -0.05353079 0.99840713
vn -0.01773133 -0.10687629 0.99411434
vn 0.01773133 -0.10687629 0.99411434
vn 0.10672486 -0.05359132 0.99284327
vn 0.05343813 -0.05352969 0.99713546
vn 0.05319484 -0.10687798 0.99284816
vn 0.10629654 -0.10699847 0.98856086
vn 0.38212731 -0.05356069 0.92255622
vn 0.31532517 -0.05356133 0.94747096
vn 0.31395546 -0.10697132 0.94339240
vn 0.38051376 -0.10696990 0.91856778
vn 0.50216800 -0.17774563 0.84630597
vn 0.44044912 -0.17771170 0.88001323
vn 0.43364903 -0.24754222 0.86641300
vn 0.49441111 -0.24754126 0.83323532
vn 0.50954574 -0.05356090 0.85877502
vn 0.44695008 -0.05356076 0.89295405
vn 0.44500160 -0.10697006 0.88911808
vn 0.50735903 -0.10697144 0.85506964
vn 0.61749059 -0.17771204 0.76624006
vn 0.56121856 -0.17771362 0.80836350
vn 0.55254662 -0.24753967 0.79587466
vn 0.60794359 -0.24754171 0.75440556
vn 0.62658948 -0.05356118 0.77750689
vn 0.56948274 -0.05356067 0.82025653
vn 0.56701946 -0.10697041 0.81672901
vn 0.62390184 -0.10696943 0.77414733
vn 0.72026116 -0.17774579 0.67054480
vn 0.67056525 -0.17771260 0.72025031
vn 0.66018653 -0.24753943 0.70913899
vn 0.70912379 -0.24754478 0.66020077
vn 0.73084956 -0.05359218 0.68043143
vn 0.68043143 -0.05359218 0.73084956
vn 0.67749685 -0.10700049 0.72770107
vn 0.72770107 -0.10700049 0.67749685
vn 0.80835921 -0.17774320 0.56121558
vn 0.76622337 -0.17774576 0.61750168
vn 0.75438672 -0.24757606 0.60795307
vn 0.79585743 -0.24757433 0.55255586
vn 0.82024521 -0.05359244 0.56949604
vn 0.77750558 -0.05359161 0.62658846
vn 0.77415955 -0.10700163 0.62388116
vn 0.81672639 -0.10700058 0.56701761
vn 0.89295256 -0.05359119 0.44694933
vn 0.85877359 -0.05359133 0.50954485
vn 0.85506678 -0.10700160 0.50735730
vn 0.88911521 -0.10700024 0.44500017
vn 0.94746947 -0.05359177 0.31532469
vn 0.92255479 -0.05359113 0.38212672
vn 0.91856480 -0.10700008 0.38051254
vn 0.94338936 -0.10700149 0.31395444
vn 0.98269820 -0.05362114 0.17728242
vn 0.96754122 -0.05362174 0.24695908
vn 0.96336955 -0.10703088 0.24589333
vn 0.97846609 -0.10702974 0.17649072
vn -0.17728272 -0.05359071 0.98269987
vn -0.24695949 -0.05359131 0.96754283
vn -0.24592282 -0.10699992 0.96336550
vn -0.17649129 -0.10699956 0.97846919
vn -0.05264471 -0.17755765 0.98270124
vn -0.10519943 -0.17771289 0.97844326
vn -0.10358077 -0.24753790 0.96332556
vn -0.05185218 -0.24729735 0.96755123
vn -0.05075317 -0.31581107 0.94746375
vn -0.10141594 -0.31608936 0.94329339
vn -0.09876035 -0.38301682 0.91844690
vn -0.04944075 -0.38267747 0.92255819
vn -0.05343813 -0.05352969 0.99713546
vn -0.10675503 -0.05359115 0.99284011
vn -0.10629654 -0.10699847 0.98856086
vn -0.05319484 -0.10687798 0.99284816
vn -0.16843306 -0.31608286 0.93366057
vn -0.23462945 -0.31608447 0.91926044
vn -0.22843911 -0.38302079 0.89504790
vn -0.16400866 -0.38301241 0.90906698
vn -0.31532469 -0.05359177 0.94746947
vn -0.38212672 -0.05359113 0.92255479
vn -0.38051254 -0.10700008 0.91856480
vn -0.31395444 -0.10700149 0.94338936
vn -0.17468970 -0.17771105 0.96845359
vn -0.24338870 -0.17774242 0.95350385
vn -0.23960888 -0.24754395 0.93878090
vn -0.17200719 -0.24754265 0.95348632
vn -0.29957253 -0.31611371 0.90018243
vn -0.36308414 -0.31608492 0.87650466
vn -0.35349965 -0.38301134 0.85342866
vn -0.29167309 -0.38301739 0.87648416
vn -0.44694865 -0.05362163 0.89295119
vn -0.50954401 -0.05362175 0.85877216
vn -0.50735569 -0.10703178 0.85506397
vn -0.44502321 -0.10702896 0.88910025
vn -0.31074384 -0.17774230 0.93372691
vn -0.37660500 -0.17774291 0.90916228
vn -0.37080276 -0.24753755 0.89511478
vn -0.30592784 -0.24754398 0.91930956
vn -0.42465049 -0.31609207 0.84838533
vn -0.48413029 -0.31609014 0.81590742
vn -0.47137266 -0.38301888 0.79442090
vn -0.41347578 -0.38301751 0.82603604
vn -0.56948084 -0.05362153 0.82025379
vn -0.62656891 -0.05362307 0.77751923
vn -0.62387913 -0.10703181 0.77415705
vn -0.56701583 -0.10703076 0.81672376
vn -0.44048315 -0.17774363 0.87998974
vn -0.50216800 -0.17774563 0.84630597
vn -0.49441111 -0.24754126 0.83323532
vn -0.43367380 -0.24753894 0.86640155
vn -0.54107660 -0.31608835 0.77931023
vn -0.59530598 -0.31608653 0.73871529
vn -0.57962757 -0.38302052 0.71925455
vn -0.52681750 -0.38301235 0.75879169
vn -0.68043023 -0.05362261 0.73084831
vn -0.73084956 -0.05359218 0.68043143
vn -0.72770107 -0.10700049 0.67749685
vn -0.67749470 -0.10703067 0.72769874
vn -0.56121558 -0.17774320 0.80835921
vn -0.61749059 -0.17771204 0.76624006
vn -0.60794359 -0.24754171 0.75440556
vn -0.55254662 -0.24753967 0.79587466
vn -0.64646667 -0.31609175 0.69438249
vn -0.69437575 -0.31611919 0.64646041
vn -0.67609829 -0.38301963 0.62943399
vn -0.62943399 -0.38301963 0.67609829
vn -0.60920119 -0.44796628 0.65437013
vn -0.65434372 -0.44799963 0.60920501
vn -0.62927538 -0.51064724 0.58587712
vn -0.58588624 -0.51062471 0.62928522
vn -0.77750558 -0.05359161 0.62658846
vn -0.82025516 -0.05359110 0.56948179
vn -0.81672639 -0.10700058 0.56701761
vn -0.77415955 -0.10700163 0.62388116
vn -0.67054844 -0.17771626 0.72026509
vn -0.72026509 -0.17771626 0.67054844
vn -0.70913899 -0.24753943 0.66018653
vn -0.66018653 -0.24753943 0.70913899
vn -0.85877359 -0.05359133 0.50954485
vn -0.89295256 -0.05359119 0.44694933
vn -0.88910311 -0.10699879 0.44502464
vn -0.85506678 -0.10700160 0.50735730
vn -0.76624006 -0.17771204 0.61749059
vn -0.80836350 -0.17771362 0.56121856
vn -0.79587466 -0.24753967 0.55254662
vn -0.75440556 -0.24754171 0.60794359
vn -0.92255479 -0.05359113 0.38212672
vn -0.94746947 -0.05359177 0.31532469
vn -0.94338936 -0.10700149 0.31395444
vn -0.91856480 -0.10700008 0.38051254
vn -0.84631062 -0.17771608 0.50217074
vn -0.88000631 -0.17771646 0.44046092
vn -0.86640155 -0.24753894 0.43367380
vn -0.83323532 -0.24754126 0.49441111
vn -0.96754283 -0.05359131 0.24695949
vn -0.98269987 -0.05359071 0.17728272
vn -0.97846919 -0.10699956 0.17649129
vn -0.96337277 -0.10700072 0.24589415
vn -0.90916729 -0.17771336 0.37660709
vn -0.93373203 -0.17771275 0.31074554
vn -0.91930956 -0.24754398 0.30592784
vn -0.89513165 -0.24751170 0.37077925
vn -0.86628175 -0.44795784 0.22111014
vn -0.87984723 -0.44796553 0.15873203
vn -0.84613788 -0.51064306 0.15262528
vn -0.83308363 -0.51064783 0.21262752
vn -0.99284011 -0.05359115 0.10675503
vn -0.99713546 -0.05352969 0.05343813
vn -0.99284816 -0.10687798 0.05319484
vn -0.98856086 -0.10699847 0.10629654
vn -0.95350385 -0.17774242 0.24338870
vn -0.96844649 -0.17774588 0.17469393
vn -0.95349145 -0.24754398 0.17197759
vn -0.93878090 -0.24754395 0.23960888
vn -0.88893223 -0.44796056 0.09555556
vn -0.89294434 -0.44761664 0.04785320
vn -0.85879797 -0.51024312 0.04602229
vn -0.85488099 -0.51062131 0.09189413
vn -0.99840558 -0.05356123 0.01782322
vn -0.99840558 -0.05356123 -0.01782322
vn -0.99411070 -0.10690971 -0.01773181
vn -0.99411070 -0.10690971 0.01773181
vn -0.97843802 -0.17774245 0.10519887
vn -0.98270029 -0.17756298 0.05264629
vn -0.96754396 -0.24732600 0.05185179
vn -0.96331608 -0.24757382 0.10358303
vn -0.24695949 -0.05359131 -0.96754283
vn -0.17728272 -0.05359071 -0.98269987
vn -0.17649129 -0.10699956 -0.97846919
vn -0.24589415 -0.10700072 -0.96337277
vn -0.10672486 -0.05359132 -0.99284327
vn -0.05343813 -0.05352969 -0.99713546
vn -0.05319484 -0.10687798 -0.99284816
vn -0.10629654 -0.10699847 -0.98856086
vn -0.10519943 -0.17771289 -0.97844326
vn -0.05264471 -0.17755765 -0.98270124
vn -0.05185218 -0.24729735 -0.96755123
vn -0.10358077 -0.24753790 -0.96332556
vn -0.10141594 -0.31608936 -0.94329339
vn -0.05075317 -0.31581107 -0.94746375
vn -0.04944075 -0.38267747 -0.92255819
vn -0.09876035 -0.38301682 -0.91844690
vn -0.09555556 -0.44796056 -0.88893223
vn -0.04785450 -0.44762880 -0.89293814
vn -0.04602278 -0.51027906 -0.85877651
vn -0.09189413 -0.51062131 -0.85488099
vn -0.05481163 -0.99420846 -0.09244122
vn -0.04812796 -0.99420714 -0.09610334
vn -0.02435385 -0.99853843 -0.04824992
vn -0.02740573 -0.99853903 -0.04657143
vn -0.38212672 -0.05359113 -0.92255479
vn -0.31532469 -0.05359177 -0.94746947
vn -0.31395444 -0.10700149 -0.94338936
vn -0.38051254 -0.10700008 -0.91856480
vn -0.61750168 -0.17774576 -0.76622337
vn -0.56121856 -0.17771362 -0.80836350
vn -0.55254662 -0.24753967 -0.79587466
vn -0.60793906 -0.24757037 -0.75439990
vn -0.62658846 -0.05359161 -0.77750558
vn -0.56949604 -0.05359244 -0.82024521
vn -0.56701761 -0.10700058 -0.81672639
vn -0.62389976 -0.10699959 -0.77414477
vn -0.65435797 -0.44795796 -0.60922039
vn -0.60922039 -0.44795796 -0.65435797
vn -0.58588624 -0.51062471 -0.62928522
vn -0.62928522 -0.51062471 -0.58588624
vn -0.60101146 -0.57067555 -0.55956656
vn -0.55956656 -0.57067555 -0.60101146
vn -0.53039634 -0.62781411 -0.56967473
vn -0.56967473 -0.62781411 -0.53039634
vn -0.73084956 -0.05359218 -0.68043143
vn -0.68043143 -0.05359218 -0.73084956
vn -0.67749685 -0.10700049 -0.72770107
vn -0.72770107 -0.10700049 -0.67749685
vn -0.82025516 -0.05359110 -0.56948179
vn -0.77750558 -0.05359161 -0.62658846
vn -0.77414477 -0.10699959 -0.62389976
vn -0.81672639 -0.10700058 -0.56701761
vn -0.89295256 -0.05359119 -0.44694933
vn -0.85877359 -0.05359133 -0.50954485
vn -0.85506678 -0.10700160 -0.50735730
vn -0.88911521 -0.10700024 -0.44500017
vn -0.93372691 -0.17774230 -0.31074384
vn -0.90916228 -0.17774291 -0.37660500
vn -0.89511824 -0.24756901 -0.37077367
vn -0.91930103 -0.24754168 -0.30595553
vn -0.94746947 -0.05359177 -0.31532469
vn -0.92255479 -0.05359113 -0.38212672
vn -0.91856480 -0.10700008 -0.38051254
vn -0.94338936 -0.10700149 -0.31395444
vn -0.10709280 -0.99423254 -0.00573766
vn -0.10687636 -0.99420649 -0.01144450
vn -0.05377375 -0.99853772 -0.00555438
vn -0.05371349 -0.99855202 -0.00296035
vn -0.98269987 -0.05359071 -0.17728272
vn -0.96754283 -0.05359131 -0.24695949
vn -0.96337277 -0.10700072 -0.24589415
vn -0.97847235 -0.10696939 -0.17649186
vn -0.94746375 -0.31581107 -0.05075317
vn -0.94329339 -0.31608936 -0.10141594
vn -0.91844964 -0.38301796 -0.09873013
vn -0.92254883 -0.38270411 -0.04940973
vn -0.82024580 -0.57032049 -0.04394828
vn -0.81647503 -0.57067490 -0.08774214
vn -0.77390873 -0.62781274 -0.08316513
vn -0.77752805 -0.62746698 -0.04165819
vn -0.99713546 -0.05352969 -0.05343813
vn -0.99284011 -0.05359115 -0.10675503
vn -0.98856086 -0.10699847 -0.10629654
vn -0.99284494 -0.10690815 -0.05319466
vn -0.89408123 -0.44762045 0.01596138
vn -0.89409339 -0.44759604 -0.01596159
vn -0.85988659 -0.51025534 -0.01532078
vn -0.85988617 -0.51025504 0.01535130
vn -0.98395395 -0.17755790 0.01754826
vn -0.98394763 -0.17759278 -0.01754869
vn -0.96877021 -0.24735792 -0.01727385
vn -0.96877700 -0.24732913 0.01730449
vn 0.17725316 -0.05359100 -0.98270512
vn 0.24695949 -0.05359131 -0.96754283
vn 0.24589415 -0.10700072 -0.96337277
vn 0.17649129 -0.10699956 -0.97846919
vn 0.04394718 -0.57030618 -0.82025576
vn 0.08777244 -0.57067341 -0.81647289
vn 0.08319544 -0.62781119 -0.77390683
vn 0.04165899 -0.62744850 -0.77754295
vn 0.03357116 -0.77857625 -0.62665153
vn 0.06702006 -0.77881831 -0.62365890
vn 0.06091683 -0.82155317 -0.56686831
vn 0.03051882 -0.82135302 -0.56960326
vn 0.05343813 -0.05352969 -0.99713546
vn 0.10675503 -0.05359115 -0.99284011
vn 0.10629654 -0.10699847 -0.98856086
vn 0.05319484 -0.10687798 -0.99284816
vn 0.01910468 -0.99420637 -0.10577767
vn 0.02655123 -0.99420613 -0.10416016
vn 0.01321475 -0.99852270 -0.05270642
vn 0.00973558 -0.99855298 -0.05288952
vn 0.11139692 -0.77883232 -0.61726099
vn 0.15509592 -0.77883667 -0.60774893
vn 0.14096910 -0.82155168 -0.55243164
vn 0.10123319 -0.82155454 -0.56107050
vn 0.31532469 -0.05359177 -0.94746947
vn 0.38212672 -0.05359113 -0.92255479
vn 0.38051254 -0.10700008 -0.91856480
vn 0.31395444 -0.10700149 -0.94338936
vn 0.07822038 -0.96885848 -0.23493582
vn 0.09470110 -0.96886277 -0.22877197
vn 0.06808827 -0.98402965 -0.16446781
vn 0.05624675 -0.98402828 -0.16889286
vn 0.44694933 -0.05359119 -0.89295256
vn 0.50954485 -0.05359133 -0.85877359
vn 0.50735730 -0.10700160 -0.85506678
vn 0.44502464 -0.10699879 -0.88910311
vn 0.04812811 -0.99421012 -0.09607311
vn 0.05481178 -0.99421120 -0.09241094
vn 0.02749785 -0.99852920 -0.04672499
vn 0.02426260 -0.99855095 -0.04803690
vn 0.11087552 -0.96885610 -0.22141531
vn 0.12631789 -0.96885425 -0.21299167
vn 0.09079444 -0.98402858 -0.15311453
vn 0.07971568 -0.98402482 -0.15918723
vn 0.44045857 -0.17774603 -0.88000154
vn 0.50215501 -0.17774102 -0.84631461
vn 0.49441111 -0.24754126 -0.83323532
vn 0.43364903 -0.24754222 -0.86641300
vn 0.06128173 -0.99421060 -0.08826035
vn 0.06738555 -0.99421144 -0.08368259
vn 0.03360143 -0.99855143 -0.04202467
vn 0.03106860 -0.99852896 -0.04443603
vn 0.14124234 -0.96885896 -0.20337920
vn 0.15534231 -0.96885991 -0.19281979
vn 0.11166967 -0.98402989 -0.13861811
vn 0.10153755 -0.98403221 -0.14618722
vn 0.68043143 -0.05359218 -0.73084956
vn 0.73084956 -0.05359218 -0.68043143
vn 0.72770107 -0.10700049 -0.67749685
vn 0.67749685 -0.10700049 -0.72770107
vn 0.56121856 -0.17771362 -0.80836350
vn 0.61749059 -0.17771204 -0.76624006
vn 0.60794359 -0.24754171 -0.75440556
vn 0.55254662 -0.24753967 -0.79587466
vn 0.07327732 -0.99420321 -0.07867926
vn 0.07864638 -0.99420375 -0.07330562
vn 0.03958330 -0.99852467 -0.03717229
vn 0.03683631 -0.99854797 -0.03930835
vn 0.55956656 -0.57067555 -0.60101146
vn 0.60101146 -0.57067555 -0.55956656
vn 0.56967473 -0.62781411 -0.53039634
vn 0.53040648 -0.62779564 -0.56968570
vn 0.77750558 -0.05359161 -0.62658846
vn 0.82025379 -0.05362153 -0.56948084
vn 0.81672376 -0.10703076 -0.56701583
vn 0.77415955 -0.10700163 -0.62388116
vn 0.67054844 -0.17771626 -0.72026509
vn 0.72026116 -0.17774579 -0.67054480
vn 0.70911843 -0.24757344 -0.66019583
vn 0.66018653 -0.24753943 -0.70913899
vn 0.08371325 -0.99421310 -0.06732462
vn 0.08826068 -0.99421442 -0.06122093
vn 0.04492431 -0.99849761 -0.03137377
vn 0.04156701 -0.99858493 -0.03317426
vn 0.85877359 -0.05359133 -0.50954485
vn 0.89295256 -0.05359119 -0.44694933
vn 0.88910311 -0.10699879 -0.44502464
vn 0.85506678 -0.10700160 -0.50735730
vn 0.76622337 -0.17774576 -0.61750168
vn 0.80836350 -0.17771362 -0.56121856
vn 0.79587466 -0.24753967 -0.55254662
vn 0.75440556 -0.24754171 -0.60794359
vn 0.09247162 -0.99420726 -0.05478105
vn 0.09610349 -0.99420869 -0.04809752
vn 0.05337774 -0.99821573 -0.02676517
vn 0.04556534 -0.99859202 -0.02716219
vn 0.32918346 -0.92385620 -0.19526385
vn 0.34224427 -0.92385203 -0.17136629
vn 0.28254285 -0.94876778 -0.14145455
vn 0.27176911 -0.94876564 -0.16119982
vn 0.92253941 -0.05359201 -0.38216352
vn 0.94746947 -0.05359177 -0.31532469
vn 0.94338936 -0.10700149 -0.31395444
vn 0.91856188 -0.10703025 -0.38051131
vn 0.84630597 -0.17774563 -0.50216800
vn 0.88000154 -0.17774603 -0.44045857
vn 0.86641300 -0.24754222 -0.43364903
vn 0.83323532 -0.24754126 -0.49441111
vn 0.09931032 -0.99420190 -0.04123179
vn 0.10196570 -0.99420369 -0.03409030
vn 0.05133342 -0.99852955 -0.01742651
vn 0.04989813 -0.99854249 -0.02056963
vn 0.90916729 -0.17771336 -0.37660709
vn 0.93373203 -0.17771275 -0.31074554
vn 0.91930956 -0.24754398 -0.30592784
vn 0.89512491 -0.24754035 -0.37077644
vn 0.10412955 -0.99420530 -0.02670380
vn 0.10574718 -0.99420661 -0.01925728
vn 0.05304159 -0.99854308 -0.00991859
vn 0.05249327 -0.99853182 -0.01336747
vn 0.37087163 -0.92385244 -0.09461011
vn 0.37666893 -0.92384905 -0.06799695
vn 0.31095523 -0.94876599 -0.05612393
vn 0.30616498 -0.94876963 -0.07809770
vn 0.99284011 -0.05359115 -0.10675503
vn 0.99713546 -0.05352969 -0.05343813
vn 0.99284494 -0.10690815 -0.05319466
vn 0.98856086 -0.10699847 -0.10629654
vn 0.94329339 -0.31608936 -0.10141594
vn 0.94746226 -0.31581056 -0.05078361
vn 0.92255819 -0.38267747 -0.04944075
vn 0.91844690 -0.38301682 -0.09876035
vn 0.88893223 -0.44796056 -0.09555556
vn 0.89295650 -0.44759220 -0.04785385
vn 0.85879797 -0.51024312 -0.04602229
vn 0.85488099 -0.51062131 -0.09189413
vn 0.62362546 -0.77884519 -0.06701975
vn 0.62661809 -0.77860320 -0.03357100
vn 0.56958264 -0.82136726 -0.03051935
vn 0.56686831 -0.82155317 -0.06091683
vn -0.01693834 -0.31581613 -0.94866925
vn 0.01693785 -0.31580698 -0.94867229
vn 0.01648051 -0.38268355 -0.92373258
vn -0.01648032 -0.38270959 -0.92372179
vn -0.04107820 -0.99420846 -0.09930793
vn -0.03396733 -0.99420810 -0.10196302
vn -0.01724302 -0.99853903 -0.05121026
vn -0.02047799 -0.99853832 -0.05002000
vn 0.98395926 -0.17752834 -0.01754836
vn 0.98395926 -0.17752834 0.01754836
vn 0.96878672 -0.24729331 0.01727360
vn 0.96878624 -0.24729319 -0.01730411
vn 0.73182082 -0.68137252 -0.01303171
vn 0.73179114 -0.68140382 0.01306225
vn 0.68134856 -0.73185837 0.01214677
vn 0.68136495 -0.73184323 -0.01214652
vn -0.99955809 0.00000000 0.02972550
vn -0.99823135 0.00000000 0.05945014
vn -0.38512266 -0.92278063 -0.01251290
vn -0.90486753 -0.42470697 -0.02896284
vn -0.90377629 -0.42489359 -0.05151705
vn 0.90293103 0.42586020 -0.05795532
vn 0.90379786 0.42528611 -0.04776267
vn 0.90502340 0.42437279 -0.02899347
vn 0.90393168 0.42455918 -0.05154773
vn 0.90424758 0.42436677 -0.04742653
vn 0.90333188 0.42503813 -0.05774195
vn 0.90186197 0.42558509 -0.07431335
vn 0.89889860 0.42715460 -0.09757169
vn 0.37978148 0.92290193 -0.06338847
vn 0.89519364 0.42879692 -0.12149755
vn 0.89064616 0.43059751 -0.14606561
vn 0.36022019 0.92070848 -0.15012480
vn 0.38502976 0.91713142 -0.10306322
vn 0.87566274 0.43294826 -0.21394102
vn 0.83731532 0.44111955 -0.32298106
vn 0.30628625 0.92200214 -0.23685607
vn 0.34499407 0.91616923 -0.20399331
vn 0.78581566 0.44830072 -0.42605200
vn 0.72492743 0.45428133 -0.51779222
vn 0.29078865 0.91936576 -0.26496923
vn 0.67094344 0.45953396 -0.58194816
vn 0.63122845 0.46178591 -0.62314087
vn 0.54238272 0.46422368 -0.70022666
vn 0.39162552 0.45293909 -0.80092180
vn 0.27824166 0.41374600 -0.86683100
vn 0.18494676 0.41741198 -0.88969767
vn 0.90502995 0.42513883 -0.01333709
vn 0.90498561 0.42513236 -0.01623621
vn 0.90507036 0.42525125 -0.00302138
vn 0.90510249 0.42509940 -0.00894207
vn 0.90414494 0.42628419 0.02835181
vn 0.90503061 0.42524686 0.00921663
vn 0.38429564 0.92225456 0.04199418
vn 0.89769971 0.43020242 0.09519023
vn 0.90229964 0.42736012 0.05673516
vn 0.37935513 0.92290425 0.06586070
vn 0.88748449 0.43528858 0.15131183
vn 0.89231700 0.43318790 0.12695938
vn 0.38191688 0.92253339 0.05542281
vn 0.88463420 0.43734244 0.16172209
vn 0.88426733 0.43749472 0.16330898
vn 0.37609321 0.92398137 0.06937108
vn 0.82438374 0.45147005 0.34141794
vn 0.87081826 0.43908677 0.22108462
vn 0.60448968 0.47759172 0.63757229
vn 0.73976392 0.46472153 0.48660403
vn 0.24894907 0.48755196 0.83684975
vn 0.44384235 0.48635578 0.75263679
vn 0.10687605 -0.01785337 0.99411207
vn 0.05350032 -0.01785379 0.99840820
vn 0.24589494 -0.10697055 0.96337587
vn 0.24339004 -0.17771289 0.95350909
vn 0.31074554 -0.17771275 0.93373203
vn 0.38051376 -0.10696990 0.91856778
vn 0.37660709 -0.17771336 0.90916729
vn 0.44044912 -0.17771170 0.88001323
vn 0.50735903 -0.10697144 0.85506964
vn 0.50216800 -0.17774563 0.84630597
vn 0.56121856 -0.17771362 0.80836350
vn 0.62390184 -0.10696943 0.77414733
vn 0.61749059 -0.17771204 0.76624006
vn 0.67056525 -0.17771260 0.72025031
vn 0.72770107 -0.10700049 0.67749685
vn 0.72026116 -0.17774579 0.67054480
vn 0.76622337 -0.17774576 0.61750168
vn 0.81672639 -0.10700058 0.56701761
vn 0.80835921 -0.17774320 0.56121558
vn 0.84630597 -0.17774563 0.50216800
vn 0.88911521 -0.10700024 0.44500017
vn 0.88000154 -0.17774603 0.44045857
vn 0.90916729 -0.17771336 0.37660709
vn 0.99283844 -0.05362158 0.10675485
vn 0.99411100 -0.10690645 0.01773127
vn 0.99284816 -0.10687798 0.05319484
vn 0.98270667 -0.17752810 0.05264500
vn 0.98395926 -0.17752834 0.01754836
vn -0.01727398 -0.24732928 0.96877760
vn -0.01690734 -0.31580713 0.94867277
vn -0.05319484 -0.10687798 0.99284816
vn -0.05264471 -0.17755765 0.98270124
vn -0.01754826 -0.17755790 0.98395395
vn -0.17468970 -0.17771105 0.96845359
vn -0.10519943 -0.17771289 0.97844326
vn -0.10629654 -0.10699847 0.98856086
vn -0.31074384 -0.17774230 0.93372691
vn -0.24338870 -0.17774242 0.95350385
vn -0.24592282 -0.10699992 0.96336550
vn -0.44048315 -0.17774363 0.87998974
vn -0.37660500 -0.17774291 0.90916228
vn -0.38051254 -0.10700008 0.91856480
vn -0.56121558 -0.17774320 0.80835921
vn -0.50216800 -0.17774563 0.84630597
vn -0.50735569 -0.10703178 0.85506397
vn -0.67054844 -0.17771626 0.72026509
vn -0.61749059 -0.17771204 0.76624006
vn -0.62387913 -0.10703181 0.77415705
vn -0.76624006 -0.17771204 0.61749059
vn -0.72026509 -0.17771626 0.67054844
vn -0.72770107 -0.10700049 0.67749685
vn -0.73871529 -0.31608653 0.59530598
vn -0.84631062 -0.17771608 0.50217074
vn -0.80836350 -0.17771362 0.56121856
vn -0.81672639 -0.10700058 0.56701761
vn -0.81591761 -0.31608224 0.48411825
vn -0.77931023 -0.31608835 0.54107660
vn -0.90916729 -0.17771336 0.37660709
vn -0.88000631 -0.17771646 0.44046092
vn -0.88910311 -0.10699879 0.44502464
vn -0.95350385 -0.17774242 0.24338870
vn -0.93373203 -0.17771275 0.31074554
vn -0.94338936 -0.10700149 0.31395444
vn -0.89504790 -0.38302079 0.22843911
vn -0.84830594 -0.44795778 0.28233120
vn -0.87647635 -0.38301396 0.29170099
vn -0.97843802 -0.17774245 0.10519887
vn -0.96844649 -0.17774588 0.17469393
vn -0.97846919 -0.10699956 0.17649129
vn -0.91845763 -0.38299078 0.09876151
vn -0.90907151 -0.38301432 0.16397896
vn -0.98395395 -0.17755790 0.01754826
vn -0.98270029 -0.17756298 0.05264629
vn -0.99284816 -0.10687798 0.05319484
vn -0.01782325 -0.05353079 -0.99840713
vn -0.44694933 -0.05359119 -0.89295256
vn -0.50954485 -0.05359133 -0.85877359
vn -0.99284494 -0.10690815 -0.05319466
vn -0.98270124 -0.17755765 -0.05264471
vn -0.98394763 -0.17759278 -0.01754869
vn 0.01782325 -0.05353079 -0.99840713
vn 0.01773133 -0.10687629 -0.99411434
vn 0.05319484 -0.10687798 -0.99284816
vn 0.05264471 -0.17755765 -0.98270124
vn 0.01754826 -0.17755790 -0.98395395
vn 0.56948179 -0.05359110 -0.82025516
vn 0.62658846 -0.05359161 -0.77750558
vn 0.96754283 -0.05359131 -0.24695949
vn 0.98270512 -0.05359100 -0.17725316
vn 0.99411070 -0.10690971 -0.01773181
vn 0.98395926 -0.17752834 -0.01754836
vn 0.98270667 -0.17752810 -0.05264500
vn 0.99284494 -0.10690815 -0.05319466
vn -0.71333563 0.00000000 0.70082259
vn 0.70071501 0.00000000 0.71344137
vn -0.90192783 -0.42555684 -0.07367285
vn -0.90192783 0.42555684 -0.07367285
vn -0.90377629 0.42489359 -0.05151705
vn 0.90292943 -0.42585945 -0.05798573
vn 0.90393311 -0.42455983 -0.05151729
vn -0.89811629 0.42876291 -0.09772217
vn -0.89926183 0.42675644 -0.09595382
vn -0.89926183 -0.42675644 -0.09595382
vn -0.89811629 -0.42876291 -0.09772217
vn 0.90424758 -0.42436677 -0.04742653
vn 0.90379786 -0.42528611 -0.04776267
vn -0.37953612 0.92289895 -0.06488371
vn 0.89519364 -0.42879692 -0.12149755
vn 0.89888692 -0.42717957 -0.09757042
vn -0.89476830 0.42867577 -0.12500754
vn -0.89856184 0.42704803 -0.10107791
vn -0.89856184 -0.42704803 -0.10107791
vn -0.89476830 -0.42867577 -0.12500754
vn -0.70710677 0.70710677 0.00000000
vn -0.70707625 0.70713729 0.00000000
vn -0.38460851 0.91714573 -0.10449925
vn -0.87490267 0.43282762 -0.21726836
vn -0.89011592 0.43050042 -0.14954288
vn -0.89011592 -0.43050042 -0.14954288
vn -0.87490267 -0.43282762 -0.21726836
vn 0.67094344 -0.45953396 -0.58194816
vn 0.72492743 -0.45428133 -0.51779222
vn -0.30567542 0.92200083 -0.23764922
vn -0.29011631 0.91939348 -0.26560932
vn -0.66955692 0.45940289 -0.58364588
vn -0.72355628 0.45413014 -0.51983863
vn -0.72355628 -0.45413014 -0.51983863
vn -0.66955692 -0.45940289 -0.58364588
vn 0.27824166 -0.41374600 -0.86683100
vn 0.39162552 -0.45293909 -0.80092180
vn -0.38820767 -0.45290893 -0.80260104
vn -0.27506584 -0.41383475 -0.86780167
vn 0.12323521 -0.46391740 -0.87726498
vn 0.18494676 -0.41741198 -0.88969767
vn -0.12168005 0.46361718 -0.87764060
vn -0.18399934 0.41771421 -0.88975233
vn -0.18402883 -0.41771188 -0.88974738
vn -0.12168005 -0.46361718 -0.87764060
vn 0.38297909 -0.92373985 -0.00564596
vn -0.38297909 -0.92373985 -0.00564596
vn -0.90484005 -0.42544088 -0.01626685
vn -0.90486753 -0.42470697 -0.02896284
vn -0.90486753 0.42470697 -0.02896284
vn -0.90484005 0.42544088 -0.01626685
vn -0.38334891 -0.92359585 -0.00378435
vn 0.38332289 -0.92360675 -0.00378440
vn 0.90502995 -0.42513883 -0.01333709
vn 0.90510249 -0.42509940 -0.00894207
vn -0.90495747 -0.42540815 -0.00894215
vn -0.90487862 -0.42546085 -0.01333666
vn -0.90487862 0.42546085 -0.01333666
vn -0.90495747 0.42540815 -0.00894215
vn -0.38459486 -0.92300326 0.01232950
vn 0.90507036 -0.42525125 -0.00302138
vn 0.90503061 -0.42524686 0.00921663
vn -0.90488541 -0.42555559 0.00921671
vn -0.90492523 -0.42555994 -0.00302140
vn -0.90492523 0.42555994 -0.00302140
vn -0.90488541 0.42555559 0.00921671
vn -0.38426957 0.92226535 0.04199468
vn -0.38652807 -0.92192972 0.02533109
vn 0.38652807 -0.92192972 0.02533109
vn -0.37935513 0.92290425 0.06586070
vn 0.70710677 0.70710677 0.00000000
vn 0.70710677 0.70710677 0.00000000
vn -0.38191688 0.92253339 0.05542281
vn 0.89769971 -0.43020242 0.09519023
vn 0.89231700 -0.43318790 0.12695938
vn -0.89215612 -0.43351957 0.12695821
vn -0.89754295 -0.43053615 0.09515927
vn -0.89754295 0.43053615 0.09515927
vn -0.89215612 0.43351957 0.12695821
vn -0.37609321 0.92398137 0.06937108
vn -0.88411593 -0.43780050 0.16330919
vn -0.88733822 -0.43559685 0.15128240
vn -0.88733822 0.43559685 0.15128240
vn -0.88411593 0.43780050 0.16330919
vn 0.82438374 -0.45147005 0.34141794
vn 0.73976392 -0.46472153 0.48660403
vn -0.73964661 -0.46496865 0.48654613
vn -0.82425964 -0.45174360 0.34135604
vn -0.82425964 0.45174360 0.34135604
vn -0.73964661 0.46496865 0.48654613
vn 0.24894536 -0.48757520 0.83683723
vn 0.14206597 -0.48424503 0.86332160
vn -0.14203770 -0.48428324 0.86330473
vn -0.24891570 -0.48763794 0.83680964
vn -0.70071501 0.00000000 0.71344137
vn 0.71333563 0.00000000 0.70082259
vn 0.38460568 -0.92299873 0.01232984
vn 0.17468970 -0.17771105 0.96845359
vn 0.24339004 -0.17771289 0.95350909
vn 0.24589494 -0.10697055 0.96337587
vn 0.17649186 -0.10696939 0.97847235
vn 0.31074554 -0.17771275 0.93373203
vn 0.37660709 -0.17771336 0.90916729
vn 0.38051376 -0.10696990 0.91856778
vn 0.31395546 -0.10697132 0.94339240
vn 0.37077925 -0.24751170 0.89513165
vn 0.50735903 -0.10697144 0.85506964
vn 0.44500160 -0.10697006 0.88911808
vn 0.62390184 -0.10696943 0.77414733
vn 0.56701946 -0.10697041 0.81672901
vn 0.58587712 -0.51064724 0.62927538
vn 0.60922420 -0.44799131 0.65433156
vn 0.56100559 -0.44799268 0.69611448
vn 0.53948879 -0.51064807 0.66947031
vn 0.72770107 -0.10700049 0.67749685
vn 0.67749685 -0.10700049 0.72770107
vn 0.66947031 -0.51064807 0.53948879
vn 0.69614214 -0.44799083 0.56097275
vn 0.65433156 -0.44799131 0.60922420
vn 0.62927538 -0.51064724 0.58587712
vn 0.81672639 -0.10700058 0.56701761
vn 0.77415955 -0.10700163 0.62388116
vn 0.85342032 -0.38302130 0.35350883
vn 0.87650466 -0.31608492 0.36308414
vn 0.84838545 -0.31609213 0.42465055
vn 0.82603604 -0.38301751 0.41347578
vn 0.98855686 -0.10703185 0.10629939
vn 0.91844690 -0.38301682 0.09876035
vn 0.94329339 -0.31608936 0.10141594
vn 0.93366534 -0.31608447 0.16840340
vn 0.90907151 -0.38301432 0.16397896
vn 0.98270667 -0.17752810 0.05264500
vn 0.96755123 -0.24729735 0.05185218
vn -0.05319484 -0.10687798 0.99284816
vn -0.10629654 -0.10699847 0.98856086
vn -0.01754826 -0.17755790 0.98395395
vn -0.01648051 -0.38268355 0.92373258
vn -0.01535106 -0.51027763 0.85987270
vn -0.01593086 -0.44762069 0.89408165
vn -0.04785450 -0.44762880 0.89293814
vn -0.04602278 -0.51027906 0.85877651
vn -0.01388616 -0.62744069 0.77854049
vn -0.01464916 -0.57031006 0.82129896
vn -0.04394828 -0.57032049 0.82024580
vn -0.04165819 -0.62746698 0.77752805
vn -0.17649129 -0.10699956 0.97846919
vn -0.24592282 -0.10699992 0.96336550
vn -0.31395444 -0.10700149 0.94338936
vn -0.38051254 -0.10700008 0.91856480
vn -0.44502321 -0.10702896 0.88910025
vn -0.50735569 -0.10703178 0.85506397
vn -0.56701583 -0.10703076 0.81672376
vn -0.62387913 -0.10703181 0.77415705
vn -0.67749470 -0.10703067 0.72769874
vn -0.72770107 -0.10700049 0.67749685
vn -0.71925455 -0.38302052 0.57962757
vn -0.77415955 -0.10700163 0.62388116
vn -0.81672639 -0.10700058 0.56701761
vn -0.85506678 -0.10700160 0.50735730
vn -0.88910311 -0.10699879 0.44502464
vn -0.91856480 -0.10700008 0.38051254
vn -0.94338936 -0.10700149 0.31395444
vn -0.96337277 -0.10700072 0.24589415
vn -0.97846919 -0.10699956 0.17649129
vn -0.94330251 -0.31606191 0.10141692
vn -0.93366534 -0.31608447 0.16840340
vn -0.80812466 -0.57068330 0.14579144
vn -0.79566699 -0.57067919 0.20307501
vn -0.98856086 -0.10699847 0.10629654
vn -0.99284816 -0.10687798 0.05319484
vn -0.92255819 -0.38267747 0.04944075
vn 0.01690750 -0.31577969 0.94868189
vn 0.01727398 -0.24732928 0.96877760
vn -0.01773133 -0.10687629 -0.99411434
vn -0.01754826 -0.17755790 -0.98395395
vn -0.01727398 -0.24732928 -0.96877760
vn -0.01596138 -0.44762045 -0.89408123
vn -0.01535106 -0.51027763 -0.85987270
vn -0.44502464 -0.10699879 -0.88910311
vn -0.67054480 -0.17774579 -0.72026116
vn -0.72026116 -0.17774579 -0.67054480
vn -0.83323532 -0.24754126 -0.49441111
vn -0.84631461 -0.17774102 -0.50215501
vn -0.80836350 -0.17771362 -0.56121856
vn -0.79587466 -0.24753967 -0.55254662
vn -0.88000154 -0.17774603 -0.44045857
vn -0.86640644 -0.24757084 -0.43364573
vn -0.85342866 -0.38301134 -0.35349965
vn -0.87650466 -0.31608492 -0.36308414
vn -0.84839392 -0.31608391 -0.42463949
vn -0.82603604 -0.38301751 -0.41347578
vn -0.96332556 -0.24753790 -0.10358077
vn -0.97844326 -0.17771289 -0.10519943
vn -0.96845359 -0.17771105 -0.17468970
vn -0.95348632 -0.24754265 -0.17200719
vn -0.98270124 -0.17755765 -0.05264471
vn -0.96754545 -0.24732639 -0.05182135
vn -0.89294565 -0.44761726 -0.04782275
vn -0.85878992 -0.51025653 -0.04602350
vn -0.99411070 -0.10690971 0.01773181
vn -0.99411070 -0.10690971 -0.01773181
vn 0.10519943 -0.17771289 -0.97844326
vn 0.05264471 -0.17755765 -0.98270124
vn 0.05319484 -0.10687798 -0.99284816
vn 0.10629654 -0.10699847 -0.98856086
vn 0.01727360 -0.24729331 -0.96878672
vn 0.01754826 -0.17755790 -0.98395395
vn 0.05185218 -0.24729735 -0.96755123
vn 0.05075317 -0.31581107 -0.94746375
vn 0.04944075 -0.38267747 -0.92255819
vn 0.16840340 -0.31608447 -0.93366534
vn 0.16397896 -0.38301432 -0.90907151
vn 0.09876035 -0.38301682 -0.91844690
vn 0.10141594 -0.31608936 -0.94329339
vn 0.01535106 -0.51027763 -0.85987270
vn 0.01596138 -0.44762045 -0.89408123
vn 0.04785450 -0.44762880 -0.89293814
vn 0.04602278 -0.51027906 -0.85877651
vn 0.01214652 -0.73184323 -0.68136495
vn 0.01303144 -0.68138885 -0.73180562
vn 0.03915658 -0.68137950 -0.73088217
vn 0.03647050 -0.73185152 -0.68048757
vn 0.00796554 -0.89415455 -0.44768763
vn 0.00909464 -0.85996234 -0.51027644
vn 0.02731503 -0.85995024 -0.50964653
vn 0.02395775 -0.89415824 -0.44710964
vn 0.37077644 -0.24754035 -0.89512491
vn 0.37660500 -0.17774291 -0.90916228
vn 0.56701946 -0.10697041 -0.81672901
vn 0.62389976 -0.10699959 -0.77414477
vn 0.87650466 -0.31608492 -0.36308414
vn 0.85342866 -0.38301134 -0.35349965
vn 0.82604569 -0.38299146 -0.41348064
vn 0.84840214 -0.31605643 -0.42464361
vn 0.96337277 -0.10700072 -0.24589415
vn 0.97846919 -0.10699956 -0.17649129
vn 0.97844326 -0.17771289 -0.10519943
vn 0.96332556 -0.24753790 -0.10358077
vn 0.95348418 -0.24757262 -0.17197628
vn 0.96844840 -0.17774062 -0.17468877
vn 0.96755123 -0.24729735 -0.05185218
vn 0.98270667 -0.17752810 -0.05264500
vn 0.68048757 -0.73185152 -0.03647050
vn 0.73088217 -0.68137950 -0.03915658
vn 0.99840713 -0.05353079 0.01782325
vn 0.99840713 -0.05353079 -0.01782325
vn 0.99411070 -0.10690971 -0.01773181
vn 0.99411100 -0.10690645 0.01773127
vn 0.05349907 0.00000000 0.99856788
vn 0.02676495 0.00000000 0.99964178
vn 0.34599319 0.67221016 0.65453964
vn 0.34599319 0.67221016 0.65453964
vn 0.08203632 0.68268991 0.72608852
vn 0.08203632 0.68268991 0.72608852
vn -0.04016305 0.69473529 0.71814340
vn -0.04016393 0.69475055 0.71812862
vn -0.69639039 0.61526996 -0.36943662
vn -0.34840730 0.68619382 -0.63855338
vn -0.69639039 0.61526996 0.36943662
vn -0.70710677 0.70710677 0.00000000
vn -0.06109942 0.70130044 -0.71024263
vn -0.06009274 0.71299475 -0.69858962
vn -0.04016305 0.69473529 -0.71814340
vn -0.04016305 0.69473529 -0.71814340
vn 0.18549643 0.69336843 0.69629830
vn 0.18549252 0.69338435 0.69628358
vn 0.14786410 0.71014446 0.68835390
vn 0.14914751 0.70410931 0.69425160
vn -0.17041738 0.67056066 -0.72201550
vn -0.17041738 0.67056066 -0.72201550
vn 0.70710677 0.70710677 0.00000000
vn 0.70710677 0.70710677 0.00000000
vn -0.35970065 0.92070675 -0.15137582
vn 0.22416556 0.70710576 0.67063498
vn 0.22416556 0.70710576 0.67063498
vn -0.34432390 0.91620308 -0.20497069
vn -0.07632799 0.73327976 -0.67562938
vn 0.03875877 0.71990603 -0.69298851
vn -0.17829297 0.72138155 0.66919380
vn -0.31138414 0.74569833 0.58904493
vn 0.06109942 0.70130044 -0.71024263
vn 0.15253316 0.74771160 -0.64626700
vn 0.43377081 0.85429621 -0.28639311
vn 0.00000000 1.00000000 0.00000000
vn 0.00000000 1.00000000 0.00000000
vn 0.00000000 1.00000000 0.00000000
vn 0.00000000 1.00000000 0.00000000
vn 0.00000000 1.00000000 0.00000000
vn 0.00000000 1.00000000 0.00000000
vn 0.00000000 1.00000000 0.00000000
vn 0.00000000 1.00000000 0.00000000
vn 0.00000000 1.00000000 0.00000000
vn 0.00000000 1.00000000 0.00000000
vn -0.17194209 0.95535588 -0.24027334
vn -0.50383139 0.84344226 -0.18643807
vn -0.70710677 0.70710677 -0.00012208
vn 0.00003052 1.00000000 -0.00012207
vn 0.00000000 1.00000000 0.00000000
vn 0.00000000 1.00000000 0.00000000
vn 0.00000000 1.00000000 0.00000000
vn 0.00000000 1.00000000 0.00000000
vn 0.77349705 0.37534979 -0.51070029
vn 0.36852396 0.89721465 0.24330211
vn 0.00000000 1.00000000 0.00000000
vn 0.00000000 1.00000000 0.00000000
vn 0.00000000 1.00000000 0.00000000
vn 0.00003052 1.00000000 -0.00012207
vn 0.00003052 1.00000000 0.00012207
vn -0.50383139 0.84344226 0.18643807
vn -0.50383139 0.84344226 -0.18643807
vn 0.29710481 0.63025284 0.71729368
vn 0.29710481 0.63025284 0.71729368
vn -0.71729368 0.63025284 -0.29710481
vn -0.71729368 0.63025284 -0.29710481
vn -0.29710481 0.63025284 -0.71729368
vn -0.29710481 0.63025284 -0.71729368
vn -0.70710677 0.70710677 0.00000000
vn -0.70710677 0.70710677 0.00000000
vn 0.71729368 0.63025284 0.29710481
vn 0.71729368 0.63025284 0.29710481
vn 0.70710677 0.70710677 0.00000000
vn 0.70710677 0.70710677 0.00000000
vn 0.70710677 0.70710677 0.00000000
vn 0.70710677 0.70710677 0.00000000
vn -0.07889354 0.70711201 0.70268667
vn -0.34840730 0.68619382 0.63855338
vn -0.39650679 0.70710170 0.58548230
vn -0.27774987 0.70714676 0.65022951
vn 0.34599319 0.67221016 0.65453964
vn 0.70328826 0.61945152 0.34880581
vn 0.70715255 0.70706099 0.00000000
vn 0.70328826 0.61945152 -0.34880581
vn 0.34600034 0.67219347 -0.65455317
vn 0.18549643 0.69336843 -0.69629830
vn 0.14914751 0.70410931 -0.69425160
vn 0.08203632 0.68268991 -0.72608852
vn -0.04016305 0.69473529 -0.71814340
vn -0.69639039 0.61526996 -0.36943662
vn -0.34840730 0.68619382 -0.63855338
vn -0.17041738 0.67056066 -0.72201550
vn -0.06109942 0.70130044 -0.71024263
vn 0.15778530 0.70710397 0.68928069
vn 0.14914751 0.70410931 0.69425160
vn 0.18549643 0.69336843 0.69629830
vn 0.29710481 0.63025284 0.71729368
vn 0.71729368 0.63025284 0.29710481
vn -0.29710481 0.63025284 0.71729368
vn -0.71729368 0.63025284 0.29710481
vn 0.71729368 0.63025284 -0.29710481
vn 0.29710481 0.63025284 -0.71729368
vn -0.29710481 0.63025284 -0.71729368
vn -0.71729368 0.63025284 -0.29710481
vn -0.34840730 0.68619382 0.63855338
vn -0.27774987 0.70714676 0.65022951
vn -0.39650679 0.70710170 0.58548230
vn 0.08203632 0.68268991 0.72608852
vn -0.04016393 0.69475055 0.71812862
vn -0.07889354 0.70711201 0.70268667
vn -0.69639039 0.61526996 0.36943662
vn -0.70710677 0.70710677 0.00000000
vn 0.22416556 0.70710576 0.67063498
vn 0.22416556 0.70710576 0.67063498
vn 0.15778530 0.70710397 0.68928069
vn -0.06109942 0.70130044 0.71024263
vn -0.17041738 0.67056066 0.72201550
vn -0.70707625 0.70713729 0.00000000
vn -0.70710677 0.70710677 0.00000000
vn -0.70710677 0.70710677 0.00000000
vn -0.70710677 0.70710677 0.00000000
f 1/1/1 2/2/2 3/3/3
f 4/4/4 5/5/5 6/6/6
f 7/7/7 8/8/8 9/9/9
f 10/10/10 11/11/11 12/12/12
f 13/13/13 14/14/14 15/15/15
f 16/16/16 17/17/17 18/18/18
f 19/19/19 20/20/20 21/21/21
f 22/22/22 23/23/23 24/24/24
f 25/25/25 26/26/26 27/27/27
f 28/28/28 29/29/29 30/30/30
f 31/31/31 32/32/32 33/33/33
f 34/34/34 35/35/35 36/36/36
f 37/37/37 38/38/38 39/39/39
f 40/40/40 41/41/41 42/42/42
f 43/43/43 44/44/44 45/45/45
f 46/46/46 47/47/47 48/48/48
f 49/49/49 50/50/50 51/51/51
f 52/52/52 53/53/53 54/54/54
f 55/55/55 56/56/56 57/57/57
f 58/58/58 59/59/59 60/60/60
f 61/61/61 62/62/62 63/63/63
f 64/64/64 65/65/65 66/66/66
f 67/67/67 68/68/68 69/69/69
f 70/70/70 71/71/71 72/72/72
f 73/73/73 74/74/74 75/75/75
f 76/76/76 77/77/77 78/78/78
f 79/79/79 80/80/80 81/81/81
f 82/82/82 83/83/83 84/84/84
f 85/85/85 86/86/86 87/87/87
f 88/88/88 89/89/89 90/90/90
f 91/91/91 92/92/92 93/93/93
f 94/94/94 95/95/95 96/96/96
f 97/97/97 98/98/98 99/99/99
f 100/100/100 101/101/101 102/102/102
f 103/103/103 104/104/104 105/105/105
f 106/106/106 107/107/107 108/108/108
f 109/109/109 110/110/110 111/111/111
f 112/112/112 113/113/113 114/114/114
f 115/115/115 116/116/116 117/117/117
f 118/118/118 119/119/119 120/120/120
f 121/121/121 122/122/122 123/123/123
f 124/124/124 125/125/125 126/126/126
f 127/127/127 128/128/128 129/129/129
f 130/130/130 131/131/131 132/132/132
f 133/133/133 134/134/134 135/135/135
f 136/136/136 137/137/137 138/138/138
f 139/139/139 140/140/140 141/141/141
f 142/142/142 143/143/143 144/144/144
f 145/145/145 146/146/146 147/147/147
f 148/148/148 149/149/149 150/150/150
f 151/151/151 152/152/152 153/153/153
f 154/154/154 155/155/155 156/156/156
f 157/157/157 158/158/158 159/159/159
f 160/160/160 161/161/161 162/162/162
f 163/163/163 164/164/164 165/165/165
f 166/166/166 167/167/167 168/168/168
f 169/169/169 170/170/170 171/171/171
f 172/172/172 173/173/173 174/174/174
f 175/175/175 176/176/176 177/177/177
f 178/178/178 179/179/179 180/180/180
f 181/181/181 182/182/182 183/183/183
f 184/184/184 185/185/185 186/186/186
f 187/187/187 188/188/188 189/189/189
f 190/190/190 191/191/191 192/192/192
f 193/193/193 194/194/194 195/195/195
f 196/196/196 197/197/197 198/198/198
f 199/199/199 200/200/200 201/201/201
f 202/202/202 203/203/203 204/204/204
f 205/205/205 206/206/206 207/207/207
f 208/208/208 209/209/209 210/210/210
f 211/211/211 212/212/212 213/213/213
f 211/211/211 213/213/213 214/214/214
f 215/215/215 216/216/216 217/217/217
f 215/215/215 217/217/217 218/218/218
f 219/219/219 220/220/220 221/221/221
f 219/219/219 221/221/221 222/222/222
f 223/223/223 224/224/224 183/183/183
f 223/223/223 183/183/183 175/175/175
f 225/225/225 226/226/226 189/189/189
f 225/225/225 189/189/189 181/181/181
f 227/227/227 228/228/228 206/206/206
f 227/227/227 206/206/206 201/201/201
f 229/229/229 230/230/230 231/231/231
f 229/229/229 231/231/231 232/232/232
f 233/233/233 234/234/234 235/235/235
f 233/233/233 235/235/235 236/236/236
f 228/228/228 237/237/237 238/238/238
f 228/228/228 238/238/238 206/206/206
f 239/239/239 240/240/240 186/186/186
f 239/239/239 186/186/186 180/180/180
f 241/241/241 242/242/242 243/243/243
f 241/241/241 243/243/243 194/194/194
f 230/230/230 233/233/233 236/236/236
f 230/230/230 236/236/236 231/231/231
f 244/244/244 245/245/245 246/246/246
f 244/244/244 246/246/246 247/247/247
f 248/248/248 249/249/249 196/196/196
f 248/248/248 196/196/196 166/166/166
f 250/250/250 251/251/251 252/252/252
f 250/250/250 252/252/252 192/192/192
f 234/234/234 253/253/253 254/254/254
f 234/234/234 254/254/254 235/235/235
f 255/255/255 256/256/256 257/257/257
f 255/255/255 257/257/257 258/258/258
f 237/237/237 259/259/259 209/209/209
f 237/237/237 209/209/209 238/238/238
f 260/260/260 227/227/227 201/201/201
f 260/260/260 201/201/201 174/174/174
f 261/261/261 262/262/262 204/204/204
f 261/261/261 204/204/204 197/197/197
f 263/263/263 210/210/210 264/264/264
f 263/263/263 264/264/264 202/202/202
f 265/265/265 266/266/266 164/164/164
f 265/265/265 164/164/164 176/176/176
f 251/251/251 241/241/241 194/194/194
f 251/251/251 194/194/194 252/252/252
f 267/267/267 268/268/268 269/269/269
f 267/267/267 269/269/269 270/270/270
f 270/270/270 269/269/269 271/271/271
f 270/270/270 271/271/271 272/272/272
f 273/273/273 274/274/274 275/275/275
f 273/273/273 275/275/275 276/276/276
f 277/277/277 278/278/278 126/126/126
f 277/277/277 126/126/126 121/121/121
f 279/279/279 280/280/280 281/281/281
f 279/279/279 281/281/281 282/282/282
f 283/283/283 284/284/284 285/285/285
f 283/283/283 285/285/285 286/286/286
f 287/287/287 288/288/288 289/289/289
f 287/287/287 289/289/289 290/290/290
f 291/291/291 292/292/292 293/293/293
f 291/291/291 293/293/293 294/294/294
f 295/295/295 296/296/296 297/297/297
f 295/295/295 297/297/297 298/298/298
f 299/299/299 300/300/300 301/301/301
f 299/299/299 301/301/301 302/302/302
f 303/303/303 304/304/304 305/305/305
f 303/303/303 305/305/305 306/306/306
f 307/307/307 308/308/308 309/309/309
f 307/307/307 309/309/309 310/310/310
f 311/311/311 312/312/312 313/313/313
f 311/311/311 313/313/313 314/314/314
f 315/315/315 316/316/316 317/317/317
f 315/315/315 317/317/317 318/318/318
f 319/319/319 320/320/320 321/321/321
f 319/319/319 321/321/321 322/322/322
f 323/323/323 324/324/324 325/325/325
f 323/323/323 325/325/325 326/326/326
f 327/327/327 328/328/328 329/329/329
f 327/327/327 329/329/329 330/330/330
f 331/331/331 332/332/332 333/333/333
f 331/331/331 333/333/333 334/334/334
f 335/335/335 336/336/336 337/337/337
f 335/335/335 337/337/337 338/338/338
f 339/339/339 340/340/340 341/341/341
f 339/339/339 341/341/341 342/342/342
f 343/343/343 344/344/344 345/345/345
f 343/343/343 345/345/345 346/346/346
f 347/347/347 348/348/348 349/349/349
f 347/347/347 349/349/349 350/350/350
f 351/351/351 352/352/352 353/353/353
f 351/351/351 353/353/353 354/354/354
f 355/355/355 356/356/356 357/357/357
f 355/355/355 357/357/357 358/358/358
f 359/359/359 360/360/360 67/67/67
f 359/359/359 67/67/67 62/62/62
f 361/361/361 362/362/362 363/363/363
f 361/361/361 363/363/363 364/364/364
f 365/365/365 366/366/366 367/367/367
f 365/365/365 367/367/367 368/368/368
f 369/369/369 370/370/370 371/371/371
f 369/369/369 371/371/371 372/372/372
f 373/373/373 374/374/374 375/375/375
f 373/373/373 375/375/375 376/376/376
f 377/377/377 378/378/378 379/379/379
f 377/377/377 379/379/379 380/380/380
f 381/381/381 382/382/382 383/383/383
f 381/381/381 383/383/383 384/384/384
f 385/385/385 386/386/386 387/387/387
f 385/385/385 387/387/387 388/388/388
f 389/389/389 390/390/390 391/391/391
f 389/389/389 391/391/391 392/392/392
f 393/393/393 394/394/394 395/395/395
f 393/393/393 395/395/395 396/396/396
f 397/397/397 398/398/398 399/399/399
f 397/397/397 399/399/399 400/400/400
f 401/401/401 402/402/402 403/403/403
f 401/401/401 403/403/403 404/404/404
f 405/405/405 406/406/406 407/407/407
f 405/405/405 407/407/407 408/408/408
f 409/409/409 410/410/410 411/411/411
f 409/409/409 411/411/411 412/412/412
f 413/413/413 414/414/414 415/415/415
f 413/413/413 415/415/415 416/416/416
f 417/417/417 418/418/418 419/419/419
f 417/417/417 419/419/419 420/420/420
f 421/421/421 422/422/422 423/423/423
f 421/421/421 423/423/423 424/424/424
f 425/425/425 426/426/426 427/427/427
f 425/425/425 427/427/427 428/428/428
f 429/429/429 430/430/430 431/431/431
f 429/429/429 431/431/431 432/432/432
f 433/433/433 434/434/434 435/435/435
f 433/433/433 435/435/435 436/436/436
f 437/437/437 438/438/438 1/1/1
f 437/437/437 1/1/1 439/439/439
f 440/440/440 441/441/441 442/442/442
f 440/440/440 442/442/442 443/443/443
f 151/151/151 154/154/154 444/444/444
f 151/151/151 444/444/444 445/445/445
f 446/446/446 447/447/447 448/448/448
f 446/446/446 448/448/448 449/449/449
f 450/450/450 451/451/451 452/452/452
f 450/450/450 452/452/452 453/453/453
f 454/454/454 33/33/33 38/38/38
f 454/454/454 38/38/38 455/455/455
f 456/456/456 457/457/457 458/458/458
f 456/456/456 458/458/458 459/459/459
f 460/460/460 461/461/461 462/462/462
f 460/460/460 462/462/462 463/463/463
f 464/464/464 465/465/465 466/466/466
f 464/464/464 466/466/466 467/467/467
f 468/468/468 469/469/469 470/470/470
f 468/468/468 470/470/470 471/471/471
f 472/472/472 473/473/473 474/474/474
f 472/472/472 474/474/474 475/475/475
f 476/476/476 477/477/477 478/478/478
f 476/476/476 478/478/478 479/479/479
f 480/480/480 481/481/481 482/482/482
f 480/480/480 482/482/482 483/483/483
f 484/484/484 485/485/485 486/486/486
f 484/484/484 486/486/486 487/487/487
f 488/488/488 489/489/489 490/490/490
f 488/488/488 490/490/490 491/491/491
f 492/492/492 493/493/493 494/494/494
f 492/492/492 494/494/494 495/495/495
f 496/496/496 497/497/497 498/498/498
f 496/496/496 498/498/498 4/4/4
f 499/499/499 500/500/500 501/501/501
f 499/499/499 501/501/501 502/502/502
f 503/503/503 504/504/504 505/505/505
f 503/503/503 505/505/505 506/506/506
f 507/507/507 508/508/508 509/509/509
f 507/507/507 509/509/509 510/510/510
f 511/511/511 512/512/512 513/513/513
f 511/511/511 513/513/513 514/514/514
f 515/515/515 516/516/516 517/517/517
f 515/515/515 517/517/517 518/518/518
f 519/519/519 520/520/520 521/521/521
f 519/519/519 521/521/521 522/522/522
f 523/523/523 524/524/524 525/525/525
f 523/523/523 525/525/525 526/526/526
f 89/89/89 527/527/527 528/528/528
f 89/89/89 528/528/528 93/93/93
f 529/529/529 530/530/530 531/531/531
f 529/529/529 531/531/531 532/532/532
f 533/533/533 534/534/534 535/535/535
f 533/533/533 535/535/535 536/536/536
f 537/537/537 538/538/538 539/539/539
f 537/537/537 539/539/539 540/540/540
f 541/541/541 542/542/542 543/543/543
f 541/541/541 543/543/543 544/544/544
f 545/545/545 546/546/546 547/547/547
f 545/545/545 547/547/547 548/548/548
f 112/112/112 549/549/549 550/550/550
f 112/112/112 550/550/550 109/109/109
f 551/551/551 552/552/552 553/553/553
f 551/551/551 553/553/553 554/554/554
f 555/555/555 556/556/556 557/557/557
f 555/555/555 557/557/557 558/558/558
f 559/559/559 560/560/560 561/561/561
f 559/559/559 561/561/561 562/562/562
f 563/563/563 564/564/564 565/565/565
f 563/563/563 565/565/565 566/566/566
f 567/567/567 568/568/568 569/569/569
f 567/567/567 569/569/569 570/570/570
f 571/571/571 572/572/572 573/573/573
f 571/571/571 573/573/573 574/574/574
f 575/575/575 576/576/576 577/577/577
f 575/575/575 577/577/577 578/578/578
f 579/579/579 580/580/580 581/581/581
f 579/579/579 581/581/581 582/582/582
f 583/583/583 584/584/584 94/94/94
f 583/583/583 94/94/94 101/101/101
f 585/585/585 97/97/97 91/91/91
f 585/585/585 91/91/91 586/586/586
f 130/130/130 587/587/587 588/588/588
f 130/130/130 588/588/588 133/133/133
f 118/118/118 589/589/589 590/590/590
f 118/118/118 590/590/590 117/117/117
f 591/591/591 592/592/592 593/593/593
f 591/591/591 593/593/593 594/594/594
f 139/139/139 595/595/595 596/596/596
f 139/139/139 596/596/596 132/132/132
f 14/14/14 597/597/597 598/598/598
f 14/14/14 598/598/598 120/120/120
f 599/599/599 600/600/600 138/138/138
f 599/599/599 138/138/138 124/124/124
f 601/601/601 602/602/602 54/54/54
f 601/601/601 54/54/54 59/59/59
f 145/145/145 603/603/603 604/604/604
f 145/145/145 604/604/604 141/141/141
f 7/7/7 605/605/605 606/606/606
f 7/7/7 606/606/606 13/13/13
f 607/607/607 608/608/608 34/34/34
f 607/607/607 34/34/34 41/41/41
f 160/160/160 609/609/609 610/610/610
f 160/160/160 610/610/610 147/147/147
f 611/611/611 612/612/612 613/613/613
f 611/611/611 613/613/613 614/614/614
f 10/10/10 615/615/615 616/616/616
f 10/10/10 616/616/616 9/9/9
f 617/617/617 618/618/618 144/144/144
f 617/617/617 144/144/144 136/136/136
f 619/619/619 620/620/620 55/55/55
f 619/619/619 55/55/55 52/52/52
f 158/158/158 621/621/621 622/622/622
f 158/158/158 622/622/622 162/162/162
f 16/16/16 623/623/623 624/624/624
f 16/16/16 624/624/624 12/12/12
f 625/625/625 626/626/626 627/627/627
f 625/625/625 627/627/627 628/628/628
f 629/629/629 108/108/108 110/110/110
f 629/629/629 110/110/110 630/630/630
f 19/19/19 631/631/631 632/632/632
f 19/19/19 632/632/632 18/18/18
f 633/633/633 634/634/634 635/635/635
f 633/633/633 635/635/635 636/636/636
f 637/637/637 638/638/638 51/51/51
f 637/637/637 51/51/51 56/56/56
f 639/639/639 640/640/640 58/58/58
f 639/639/639 58/58/58 64/64/64
f 22/22/22 641/641/641 642/642/642
f 22/22/22 642/642/642 21/21/21
f 643/643/643 644/644/644 61/61/61
f 643/643/643 61/61/61 98/98/98
f 645/645/645 646/646/646 647/647/647
f 645/645/645 647/647/647 648/648/648
f 649/649/649 650/650/650 70/70/70
f 649/649/649 70/70/70 80/80/80
f 25/25/25 651/651/651 652/652/652
f 25/25/25 652/652/652 24/24/24
f 653/653/653 654/654/654 148/148/148
f 653/653/653 148/148/148 142/142/142
f 655/655/655 656/656/656 46/46/46
f 655/655/655 46/46/46 49/49/49
f 28/28/28 657/657/657 658/658/658
f 28/28/28 658/658/658 27/27/27
f 86/86/86 659/659/659 660/660/660
f 86/86/86 660/660/660 88/88/88
f 661/661/661 662/662/662 75/75/75
f 661/661/661 75/75/75 71/71/71
f 83/83/83 663/663/663 664/664/664
f 83/83/83 664/664/664 85/85/85
f 665/665/665 666/666/666 100/100/100
f 665/665/665 100/100/100 104/104/104
f 667/667/667 668/668/668 43/43/43
f 667/667/667 43/43/43 47/47/47
f 669/669/669 670/670/670 79/79/79
f 669/669/669 79/79/79 95/95/95
f 76/76/76 671/671/671 672/672/672
f 76/76/76 672/672/672 82/82/82
f 673/673/673 674/674/674 123/123/123
f 673/673/673 123/123/123 73/73/73
f 675/675/675 676/676/676 66/66/66
f 675/675/675 66/66/66 68/68/68
f 127/127/127 677/677/677 678/678/678
f 127/127/127 678/678/678 78/78/78
f 679/679/679 680/680/680 40/40/40
f 679/679/679 40/40/40 44/44/44
f 134/134/134 681/681/681 682/682/682
f 134/134/134 682/682/682 129/129/129
f 115/115/115 683/683/683 684/684/684
f 115/115/115 684/684/684 114/114/114
f 685/685/685 686/686/686 687/687/687
f 685/685/685 687/687/687 688/688/688
f 689/689/689 690/690/690 691/691/691
f 689/689/689 691/691/691 692/692/692
f 693/693/693 694/694/694 695/695/695
f 693/693/693 695/695/695 696/696/696
f 697/697/697 698/698/698 699/699/699
f 697/697/697 699/699/699 700/700/700
f 701/701/701 702/702/702 703/703/703
f 701/701/701 703/703/703 704/704/704
f 705/705/705 706/706/706 707/707/707
f 705/705/705 707/707/707 708/708/708
f 709/709/709 710/710/710 711/711/711
f 709/709/709 711/711/711 712/712/712
f 713/713/713 714/714/714 715/715/715
f 713/713/713 715/715/715 716/716/716
f 717/717/717 718/718/718 719/719/719
f 717/717/717 719/719/719 720/720/720
f 721/721/721 722/722/722 723/723/723
f 721/721/721 723/723/723 724/724/724
f 725/725/725 726/726/726 727/727/727
f 725/725/725 727/727/727 728/728/728
f 729/729/729 730/730/730 731/731/731
f 729/729/729 731/731/731 732/732/732
f 733/733/733 734/734/734 735/735/735
f 733/733/733 735/735/735 736/736/736
f 737/737/737 738/738/738 739/739/739
f 737/737/737 739/739/739 740/740/740
f 741/741/741 742/742/742 743/743/743
f 741/741/741 743/743/743 744/744/744
f 745/745/745 746/746/746 747/747/747
f 745/745/745 747/747/747 748/748/748
f 749/749/749 750/750/750 751/751/751
f 749/749/749 751/751/751 752/752/752
f 753/753/753 754/754/754 755/755/755
f 753/753/753 755/755/755 756/756/756
f 757/757/757 758/758/758 759/759/759
f 757/757/757 759/759/759 760/760/760
f 761/761/761 762/762/762 763/763/763
f 761/761/761 763/763/763 764/764/764
f 765/765/765 766/766/766 767/767/767
f 765/765/765 767/767/767 768/768/768
f 769/769/769 770/770/770 771/771/771
f 769/769/769 771/771/771 772/772/772
f 773/773/773 774/774/774 775/775/775
f 773/773/773 775/775/775 776/776/776
f 777/777/777 778/778/778 779/779/779
f 777/777/777 779/779/779 780/780/780
f 781/781/781 782/782/782 783/783/783
f 781/781/781 783/783/783 784/784/784
f 785/785/785 786/786/786 787/787/787
f 785/785/785 787/787/787 788/788/788
f 789/789/789 790/790/790 791/791/791
f 789/789/789 791/791/791 792/792/792
f 793/793/793 794/794/794 795/795/795
f 793/793/793 795/795/795 796/796/796
f 797/797/797 798/798/798 799/799/799
f 797/797/797 799/799/799 800/800/800
f 801/801/801 802/802/802 803/803/803
f 801/801/801 803/803/803 804/804/804
f 805/805/805 806/806/806 807/807/807
f 805/805/805 807/807/807 808/808/808
f 809/809/809 810/810/810 811/811/811
f 809/809/809 811/811/811 812/812/812
f 813/813/813 814/814/814 815/815/815
f 813/813/813 815/815/815 816/816/816
f 817/817/817 818/818/818 819/819/819
f 817/817/817 819/819/819 820/820/820
f 821/821/821 822/822/822 823/823/823
f 821/821/821 823/823/823 824/824/824
f 825/825/825 826/826/826 827/827/827
f 825/825/825 827/827/827 828/828/828
f 829/829/829 830/830/830 831/831/831
f 829/829/829 831/831/831 832/832/832
f 833/833/833 834/834/834 835/835/835
f 833/833/833 835/835/835 836/836/836
f 837/837/837 838/838/838 839/839/839
f 837/837/837 839/839/839 840/840/840
f 841/841/841 842/842/842 843/843/843
f 841/841/841 843/843/843 844/844/844
f 845/845/845 846/846/846 847/847/847
f 845/845/845 847/847/847 848/848/848
f 849/849/849 850/850/850 851/851/851
f 849/849/849 851/851/851 852/852/852
f 853/853/853 854/854/854 855/855/855
f 853/853/853 855/855/855 856/856/856
f 857/857/857 858/858/858 859/859/859
f 857/857/857 859/859/859 860/860/860
f 861/861/861 862/862/862 863/863/863
f 861/861/861 863/863/863 864/864/864
f 865/865/865 866/866/866 867/867/867
f 865/865/865 867/867/867 868/868/868
f 869/869/869 870/870/870 871/871/871
f 869/869/869 871/871/871 872/872/872
f 873/873/873 874/874/874 875/875/875
f 873/873/873 875/875/875 876/876/876
f 877/877/877 878/878/878 879/879/879
f 877/877/877 879/879/879 880/880/880
f 881/881/881 882/882/882 883/883/883
f 881/881/881 883/883/883 884/884/884
f 885/885/885 886/886/886 887/887/887
f 885/885/885 887/887/887 888/888/888
f 889/889/889 890/890/890 891/891/891
f 889/889/889 891/891/891 892/892/892
f 893/893/893 894/894/894 895/895/895
f 893/893/893 895/895/895 896/896/896
f 897/897/897 898/898/898 899/899/899
f 897/897/897 899/899/899 900/900/900
f 901/901/901 902/902/902 903/903/903
f 901/901/901 903/903/903 904/904/904
f 905/905/905 906/906/906 907/907/907
f 905/905/905 907/907/907 908/908/908
f 909/909/909 910/910/910 911/911/911
f 909/909/909 911/911/911 912/912/912
f 913/913/913 914/914/914 915/915/915
f 913/913/913 915/915/915 916/916/916
f 917/917/917 918/918/918 919/919/919
f 917/917/917 919/919/919 920/920/920
f 921/921/921 922/922/922 923/923/923
f 921/921/921 923/923/923 924/924/924
f 925/925/925 926/926/926 927/927/927
f 925/925/925 927/927/927 928/928/928
f 929/929/929 930/930/930 931/931/931
f 929/929/929 931/931/931 932/932/932
f 933/933/933 934/934/934 935/935/935
f 933/933/933 935/935/935 936/936/936
f 937/937/937 938/938/938 939/939/939
f 937/937/937 939/939/939 940/940/940
f 941/941/941 942/942/942 943/943/943
f 941/941/941 943/943/943 944/944/944
f 945/945/945 946/946/946 947/947/947
f 945/945/945 947/947/947 948/948/948
f 949/949/949 950/950/950 951/951/951
f 949/949/949 951/951/951 952/952/952
f 953/953/953 954/954/954 955/955/955
f 953/953/953 955/955/955 956/956/956
f 957/957/957 958/958/958 959/959/959
f 957/957/957 959/959/959 960/960/960
f 961/961/961 962/962/962 963/963/963
f 961/961/961 963/963/963 964/964/964
f 965/965/965 966/966/966 967/967/967
f 965/965/965 967/967/967 968/968/968
f 969/969/969 970/970/970 971/971/971
f 969/969/969 971/971/971 972/972/972
f 973/973/973 974/974/974 975/975/975
f 973/973/973 975/975/975 976/976/976
f 977/977/977 978/978/978 979/979/979
f 977/977/977 979/979/979 980/980/980
f 981/981/981 982/982/982 983/983/983
f 981/981/981 983/983/983 984/984/984
f 985/985/985 986/986/986 987/987/987
f 985/985/985 987/987/987 988/988/988
f 989/989/989 990/990/990 991/991/991
f 989/989/989 991/991/991 992/992/992
f 993/993/993 994/994/994 995/995/995
f 993/993/993 995/995/995 996/996/996
f 997/997/997 998/998/998 999/999/999
f 997/997/997 999/999/999 1000/1000/1000
f 1001/1001/1001 1002/1002/1002 1003/1003/1003
f 1001/1001/1001 1003/1003/1003 1004/1004/1004
f 1005/1005/1005 1006/1006/1006 1007/1007/1007
f 1005/1005/1005 1007/1007/1007 1008/1008/1008
f 1009/1009/1009 1010/1010/1010 1011/1011/1011
f 1009/1009/1009 1011/1011/1011 1012/1012/1012
f 1013/1013/1013 1014/1014/1014 1015/1015/1015
f 1013/1013/1013 1015/1015/1015 1016/1016/1016
f 1017/1017/1017 1018/1018/1018 1019/1019/1019
f 1017/1017/1017 1019/1019/1019 1020/1020/1020
f 1021/1021/1021 1022/1022/1022 1023/1023/1023
f 1021/1021/1021 1023/1023/1023 1024/1024/1024
f 1025/1025/1025 1026/1026/1026 1027/1027/1027
f 1025/1025/1025 1027/1027/1027 1028/1028/1028
f 1029/1029/1029 1030/1030/1030 1031/1031/1031
f 1029/1029/1029 1031/1031/1031 1032/1032/1032
f 1033/1033/1033 1034/1034/1034 1035/1035/1035
f 1033/1033/1033 1035/1035/1035 1036/1036/1036
f 1037/1037/1037 1038/1038/1038 1039/1039/1039
f 1037/1037/1037 1039/1039/1039 1040/1040/1040
f 1041/1041/1041 1042/1042/1042 1043/1043/1043
f 1041/1041/1041 1043/1043/1043 1044/1044/1044
f 1045/1045/1045 1046/1046/1046 1047/1047/1047
f 1045/1045/1045 1047/1047/1047 1048/1048/1048
f 1049/1049/1049 1050/1050/1050 1051/1051/1051
f 1049/1049/1049 1051/1051/1051 1052/1052/1052
f 1053/1053/1053 1054/1054/1054 1055/1055/1055
f 1053/1053/1053 1055/1055/1055 1056/1056/1056
f 1057/1057/1057 1058/1058/1058 1059/1059/1059
f 1057/1057/1057 1059/1059/1059 1060/1060/1060
f 1061/1061/1061 1062/1062/1062 1063/1063/1063
f 1061/1061/1061 1063/1063/1063 1064/1064/1064
f 1065/1065/1065 1066/1066/1066 1067/1067/1067
f 1065/1065/1065 1067/1067/1067 1068/1068/1068
f 1069/1069/1069 1070/1070/1070 1071/1071/1071
f 1069/1069/1069 1071/1071/1071 1072/1072/1072
f 1073/1073/1073 1074/1074/1074 1075/1075/1075
f 1073/1073/1073 1075/1075/1075 1076/1076/1076
f 1077/1077/1077 1078/1078/1078 1079/1079/1079
f 1077/1077/1077 1079/1079/1079 1080/1080/1080
f 1081/1081/1081 1082/1082/1082 1083/1083/1083
f 1081/1081/1081 1083/1083/1083 1084/1084/1084
f 1085/1085/1085 1086/1086/1086 1087/1087/1087
f 1085/1085/1085 1087/1087/1087 1088/1088/1088
f 1089/1089/1089 1090/1090/1090 1091/1091/1091
f 1089/1089/1089 1091/1091/1091 1092/1092/1092
f 1093/1093/1093 1094/1094/1094 1095/1095/1095
f 1093/1093/1093 1095/1095/1095 1096/1096/1096
f 1097/1097/1097 1098/1098/1098 1099/1099/1099
f 1097/1097/1097 1099/1099/1099 1100/1100/1100
f 1101/1101/1101 1102/1102/1102 1103/1103/1103
f 1101/1101/1101 1103/1103/1103 1104/1104/1104
f 1105/1105/1105 1106/1106/1106 1107/1107/1107
f 1105/1105/1105 1107/1107/1107 1108/1108/1108
f 1109/1109/1109 1110/1110/1110 1111/1111/1111
f 1109/1109/1109 1111/1111/1111 1112/1112/1112
f 1113/1113/1113 1114/1114/1114 1115/1115/1115
f 1113/1113/1113 1115/1115/1115 1116/1116/1116
f 1117/1117/1117 1118/1118/1118 103/103/103
f 1117/1117/1117 103/103/103 106/106/106
f 311/311/311 316/316/316 617/617/617
f 315/315/315 653/653/653 618/618/618
f 646/646/646 651/651/651 658/658/658
f 572/572/572 652/652/652 645/645/645
f 327/327/327 332/332/332 639/639/639
f 331/331/331 601/601/601 640/640/640
f 576/576/576 671/671/671 678/678/678
f 538/538/538 672/672/672 575/575/575
f 371/371/371 1119/1119/1119 1120/1120/1120
f 371/371/371 1120/1120/1120 1121/1121/1121
f 374/374/374 443/443/443 1122/1122/1122
f 374/374/374 1122/1122/1122 1123/1123/1123
f 389/389/389 1124/1124/1124 1125/1125/1125
f 389/389/389 1125/1125/1125 442/442/442
f 386/386/386 375/375/375 1126/1126/1126
f 386/386/386 1126/1126/1126 1127/1127/1127
f 406/406/406 387/387/387 1128/1128/1128
f 406/406/406 1128/1128/1128 1129/1129/1129
f 1130/1130/1130 407/407/407 1131/1131/1131
f 1130/1130/1130 1131/1131/1131 1132/1132/1132
f 1133/1133/1133 1134/1134/1134 1135/1135/1135
f 1133/1133/1133 1135/1135/1135 1136/1136/1136
f 1137/1137/1137 1138/1138/1138 1139/1139/1139
f 1137/1137/1137 1139/1139/1139 1140/1140/1140
f 414/414/414 1141/1141/1141 1142/1142/1142
f 414/414/414 1142/1142/1142 1143/1143/1143
f 430/430/430 415/415/415 1144/1144/1144
f 430/430/430 1144/1144/1144 1145/1145/1145
f 438/438/438 431/431/431 1146/1146/1146
f 438/438/438 1146/1146/1146 1147/1147/1147
f 446/446/446 1148/1148/1148 1149/1149/1149
f 446/446/446 1149/1149/1149 392/392/392
f 456/456/456 1150/1150/1150 1151/1151/1151
f 456/456/456 1151/1151/1151 449/449/449
f 450/450/450 1152/1152/1152 1153/1153/1153
f 450/450/450 1153/1153/1153 459/459/459
f 1154/1154/1154 1155/1155/1155 1156/1156/1156
f 1154/1154/1154 1156/1156/1156 453/453/453
f 1157/1157/1157 1158/1158/1158 1159/1159/1159
f 1157/1157/1157 1159/1159/1159 1160/1160/1160
f 468/468/468 1161/1161/1161 1162/1162/1162
f 468/468/468 1162/1162/1162 1163/1163/1163
f 484/484/484 1164/1164/1164 1165/1165/1165
f 484/484/484 1165/1165/1165 471/471/471
f 476/476/476 1166/1166/1166 1167/1167/1167
f 476/476/476 1167/1167/1167 487/487/487
f 496/496/496 1168/1168/1168 1169/1169/1169
f 496/496/496 1169/1169/1169 479/479/479
f 612/612/612 285/285/285 1170/1170/1170
f 612/612/612 1170/1170/1170 689/689/689
f 1171/1171/1171 282/282/282 685/685/685
f 1171/1171/1171 685/685/685 690/690/690
f 694/694/694 289/289/289 286/286/286
f 694/694/694 286/286/286 611/611/611
f 695/695/695 1172/1172/1172 1173/1173/1173
f 695/695/695 1173/1173/1173 1174/1174/1174
f 702/702/702 293/293/293 290/290/290
f 702/702/702 290/290/290 693/693/693
f 703/703/703 1175/1175/1175 1176/1176/1176
f 703/703/703 1176/1176/1176 1177/1177/1177
f 710/710/710 297/297/297 294/294/294
f 710/710/710 294/294/294 701/701/701
f 711/711/711 1178/1178/1178 1179/1179/1179
f 711/711/711 1179/1179/1179 1180/1180/1180
f 718/718/718 301/301/301 298/298/298
f 718/718/718 298/298/298 709/709/709
f 719/719/719 1181/1181/1181 1182/1182/1182
f 719/719/719 1182/1182/1182 1183/1183/1183
f 726/726/726 305/305/305 302/302/302
f 726/726/726 302/302/302 717/717/717
f 727/727/727 1184/1184/1184 1185/1185/1185
f 727/727/727 1185/1185/1185 1186/1186/1186
f 730/730/730 309/309/309 306/306/306
f 730/730/730 306/306/306 725/725/725
f 731/731/731 1187/1187/1187 1188/1188/1188
f 731/731/731 1188/1188/1188 1189/1189/1189
f 734/734/734 313/313/313 310/310/310
f 734/734/734 310/310/310 729/729/729
f 735/735/735 1190/1190/1190 1191/1191/1191
f 735/735/735 1191/1191/1191 1192/1192/1192
f 738/738/738 317/317/317 314/314/314
f 738/738/738 314/314/314 733/733/733
f 1193/1193/1193 275/275/275 318/318/318
f 1193/1193/1193 318/318/318 737/737/737
f 1194/1194/1194 1195/1195/1195 1196/1196/1196
f 1194/1194/1194 1196/1196/1196 1197/1197/1197
f 686/686/686 281/281/281 506/506/506
f 686/686/686 506/506/506 753/753/753
f 1198/1198/1198 748/748/748 749/749/749
f 1198/1198/1198 749/749/749 1199/1199/1199
f 687/687/687 1200/1200/1200 1201/1201/1201
f 687/687/687 1201/1201/1201 1202/1202/1202
f 505/505/505 522/522/522 741/741/741
f 505/505/505 741/741/741 754/754/754
f 744/744/744 1203/1203/1203 1204/1204/1204
f 744/744/744 1204/1204/1204 1205/1205/1205
f 768/768/768 757/757/757 750/750/750
f 768/768/768 750/750/750 747/747/747
f 521/521/521 518/518/518 761/761/761
f 521/521/521 761/761/761 742/742/742
f 764/764/764 1206/1206/1206 1207/1207/1207
f 764/764/764 1207/1207/1207 1208/1208/1208
f 780/780/780 769/769/769 758/758/758
f 780/780/780 758/758/758 767/767/767
f 517/517/517 570/570/570 773/773/773
f 517/517/517 773/773/773 762/762/762
f 776/776/776 1209/1209/1209 1210/1210/1210
f 776/776/776 1210/1210/1210 1211/1211/1211
f 792/792/792 781/781/781 770/770/770
f 792/792/792 770/770/770 779/779/779
f 569/569/569 544/544/544 785/785/785
f 569/569/569 785/785/785 774/774/774
f 788/788/788 1212/1212/1212 1213/1213/1213
f 788/788/788 1213/1213/1213 1214/1214/1214
f 804/804/804 793/793/793 782/782/782
f 804/804/804 782/782/782 791/791/791
f 543/543/543 536/536/536 797/797/797
f 543/543/543 797/797/797 786/786/786
f 800/800/800 1215/1215/1215 1216/1216/1216
f 800/800/800 1216/1216/1216 1217/1217/1217
f 820/820/820 805/805/805 794/794/794
f 820/820/820 794/794/794 803/803/803
f 535/535/535 558/558/558 813/813/813
f 535/535/535 813/813/813 798/798/798
f 816/816/816 1218/1218/1218 1219/1219/1219
f 816/816/816 1219/1219/1219 1220/1220/1220
f 828/828/828 1221/1221/1221 806/806/806
f 828/828/828 806/806/806 819/819/819
f 557/557/557 514/514/514 821/821/821
f 557/557/557 821/821/821 814/814/814
f 824/824/824 1222/1222/1222 1223/1223/1223
f 824/824/824 1223/1223/1223 1224/1224/1224
f 836/836/836 1225/1225/1225 1226/1226/1226
f 836/836/836 1226/1226/1226 827/827/827
f 513/513/513 574/574/574 829/829/829
f 513/513/513 829/829/829 822/822/822
f 832/832/832 1227/1227/1227 1228/1228/1228
f 832/832/832 1228/1228/1228 1229/1229/1229
f 573/573/573 648/648/648 837/837/837
f 573/573/573 837/837/837 830/830/830
f 840/840/840 1230/1230/1230 1231/1231/1231
f 840/840/840 1231/1231/1231 1232/1232/1232
f 1233/1233/1233 845/845/845 1234/1234/1234
f 1233/1233/1233 1234/1234/1234 1235/1235/1235
f 647/647/647 636/636/636 849/849/849
f 647/647/647 849/849/849 838/838/838
f 852/852/852 1236/1236/1236 1237/1237/1237
f 852/852/852 1237/1237/1237 1238/1238/1238
f 1239/1239/1239 857/857/857 846/846/846
f 1239/1239/1239 846/846/846 1240/1240/1240
f 635/635/635 562/562/562 861/861/861
f 635/635/635 861/861/861 850/850/850
f 864/864/864 1241/1241/1241 1242/1242/1242
f 864/864/864 1242/1242/1242 1243/1243/1243
f 870/870/870 325/325/325 526/526/526
f 870/870/870 526/526/526 873/873/873
f 525/525/525 322/322/322 1244/1244/1244
f 525/525/525 1244/1244/1244 874/874/874
f 894/894/894 329/329/329 326/326/326
f 894/894/894 326/326/326 869/869/869
f 1245/1245/1245 333/333/333 330/330/330
f 1245/1245/1245 330/330/330 893/893/893
f 902/902/902 337/337/337 334/334/334
f 902/902/902 334/334/334 1246/1246/1246
f 914/914/914 341/341/341 338/338/338
f 914/914/914 338/338/338 901/901/901
f 918/918/918 345/345/345 342/342/342
f 918/918/918 342/342/342 913/913/913
f 922/922/922 349/349/349 346/346/346
f 922/922/922 346/346/346 917/917/917
f 930/930/930 353/353/353 350/350/350
f 930/930/930 350/350/350 921/921/921
f 938/938/938 357/357/357 354/354/354
f 938/938/938 354/354/354 929/929/929
f 950/950/950 367/367/367 358/358/358
f 950/950/950 358/358/358 937/937/937
f 862/862/862 561/561/561 368/368/368
f 862/862/862 368/368/368 949/949/949
f 863/863/863 1247/1247/1247 1248/1248/1248
f 863/863/863 1248/1248/1248 1249/1249/1249
f 1250/1250/1250 321/321/321 566/566/566
f 1250/1250/1250 566/566/566 973/973/973
f 1251/1251/1251 1252/1252/1252 1253/1253/1253
f 1251/1251/1251 1253/1253/1253 1254/1254/1254
f 565/565/565 502/502/502 961/961/961
f 565/565/565 961/961/961 974/974/974
f 501/501/501 540/540/540 985/985/985
f 501/501/501 985/985/985 962/962/962
f 539/539/539 578/578/578 993/993/993
f 539/539/539 993/993/993 986/986/986
f 577/577/577 548/548/548 1255/1255/1255
f 577/577/577 1255/1255/1255 994/994/994
f 547/547/547 554/554/554 1017/1017/1017
f 547/547/547 1017/1017/1017 1256/1256/1256
f 553/553/553 532/532/532 1033/1033/1033
f 553/553/553 1033/1033/1033 1018/1018/1018
f 531/531/531 510/510/510 1045/1045/1045
f 531/531/531 1045/1045/1045 1034/1034/1034
f 509/509/509 582/582/582 1061/1061/1061
f 509/509/509 1061/1061/1061 1046/1046/1046
f 581/581/581 628/628/628 1257/1257/1257
f 581/581/581 1257/1257/1257 1062/1062/1062
f 627/627/627 594/594/594 1085/1085/1085
f 627/627/627 1085/1085/1085 1258/1258/1258
f 1259/1259/1259 1260/1260/1260 1261/1261/1261
f 1259/1259/1259 1261/1261/1261 1262/1262/1262
f 103/103/103 1118/1118/1118 665/665/665
f 103/103/103 665/665/665 104/104/104
f 100/100/100 666/666/666 583/583/583
f 100/100/100 583/583/583 101/101/101
f 94/94/94 584/584/584 669/669/669
f 94/94/94 669/669/669 95/95/95
f 79/79/79 670/670/670 649/649/649
f 79/79/79 649/649/649 80/80/80
f 70/70/70 650/650/650 661/661/661
f 70/70/70 661/661/661 71/71/71
f 75/75/75 662/662/662 673/673/673
f 75/75/75 673/673/673 73/73/73
f 123/123/123 674/674/674 277/277/277
f 123/123/123 277/277/277 121/121/121
f 126/126/126 278/278/278 599/599/599
f 126/126/126 599/599/599 124/124/124
f 138/138/138 600/600/600 617/617/617
f 138/138/138 617/617/617 136/136/136
f 618/618/618 617/617/617 316/316/316
f 618/618/618 316/316/316 315/315/315
f 144/144/144 618/618/618 653/653/653
f 144/144/144 653/653/653 142/142/142
f 148/148/148 654/654/654 1263/1263/1263
f 148/148/148 1263/1263/1263 149/149/149
f 109/109/109 550/550/550 630/630/630
f 109/109/109 630/630/630 110/110/110
f 652/652/652 651/651/651 646/646/646
f 652/652/652 646/646/646 645/645/645
f 61/61/61 644/644/644 359/359/359
f 61/61/61 359/359/359 62/62/62
f 67/67/67 360/360/360 675/675/675
f 67/67/67 675/675/675 68/68/68
f 66/66/66 676/676/676 639/639/639
f 66/66/66 639/639/639 64/64/64
f 640/640/640 639/639/639 332/332/332
f 640/640/640 332/332/332 331/331/331
f 58/58/58 640/640/640 601/601/601
f 58/58/58 601/601/601 59/59/59
f 54/54/54 602/602/602 619/619/619
f 54/54/54 619/619/619 52/52/52
f 55/55/55 620/620/620 637/637/637
f 55/55/55 637/637/637 56/56/56
f 51/51/51 638/638/638 655/655/655
f 51/51/51 655/655/655 49/49/49
f 46/46/46 656/656/656 667/667/667
f 46/46/46 667/667/667 47/47/47
f 43/43/43 668/668/668 679/679/679
f 43/43/43 679/679/679 44/44/44
f 40/40/40 680/680/680 607/607/607
f 40/40/40 607/607/607 41/41/41
f 34/34/34 608/608/608 1264/1264/1264
f 34/34/34 1264/1264/1264 35/35/35
f 93/93/93 528/528/528 586/586/586
f 93/93/93 586/586/586 91/91/91
f 672/672/672 671/671/671 576/576/576
f 672/672/672 576/576/576 575/575/575
f 372/372/372 371/371/371 1121/1121/1121
f 372/372/372 1121/1121/1121 1265/1265/1265
f 441/441/441 440/440/440 1266/1266/1266
f 441/441/441 1266/1266/1266 1267/1267/1267
f 374/374/374 373/373/373 440/440/440
f 374/374/374 440/440/440 443/443/443
f 390/390/390 389/389/389 442/442/442
f 390/390/390 442/442/442 441/441/441
f 370/370/370 369/369/369 1268/1268/1268
f 370/370/370 1268/1268/1268 1269/1269/1269
f 378/378/378 377/377/377 369/369/369
f 378/378/378 369/369/369 372/372/372
f 382/382/382 381/381/381 371/371/371
f 382/382/382 371/371/371 370/370/370
f 386/386/386 385/385/385 376/376/376
f 386/386/386 376/376/376 375/375/375
f 394/394/394 393/393/393 380/380/380
f 394/394/394 380/380/380 379/379/379
f 373/373/373 376/376/376 1270/1270/1270
f 373/373/373 1270/1270/1270 1271/1271/1271
f 379/379/379 378/378/378 1272/1272/1272
f 379/379/379 1272/1272/1272 1273/1273/1273
f 377/377/377 380/380/380 1274/1274/1274
f 377/377/377 1274/1274/1274 1275/1275/1275
f 375/375/375 374/374/374 1123/1123/1123
f 375/375/375 1123/1123/1123 1126/1126/1126
f 406/406/406 405/405/405 388/388/388
f 406/406/406 388/388/388 387/387/387
f 402/402/402 401/401/401 396/396/396
f 402/402/402 396/396/396 395/395/395
f 1130/1130/1130 1276/1276/1276 408/408/408
f 1130/1130/1130 408/408/408 407/407/407
f 398/398/398 397/397/397 404/404/404
f 398/398/398 404/404/404 403/403/403
f 401/401/401 404/404/404 1277/1277/1277
f 401/401/401 1277/1277/1277 1278/1278/1278
f 407/407/407 406/406/406 1129/1129/1129
f 407/407/407 1129/1129/1129 1131/1131/1131
f 405/405/405 408/408/408 1279/1279/1279
f 405/405/405 1279/1279/1279 1280/1280/1280
f 403/403/403 402/402/402 1281/1281/1281
f 403/403/403 1281/1281/1281 1282/1282/1282
f 1133/1133/1133 1283/1283/1283 1284/1284/1284
f 1133/1133/1133 1284/1284/1284 1134/1134/1134
f 410/410/410 409/409/409 400/400/400
f 410/410/410 400/400/400 399/399/399
f 1276/1276/1276 1285/1285/1285 1286/1286/1286
f 1276/1276/1276 1286/1286/1286 1287/1287/1287
f 399/399/399 398/398/398 1288/1288/1288
f 399/399/399 1288/1288/1288 1289/1289/1289
f 418/418/418 417/417/417 412/412/412
f 418/418/418 412/412/412 411/411/411
f 422/422/422 421/421/421 420/420/420
f 422/422/422 420/420/420 419/419/419
f 417/417/417 420/420/420 1290/1290/1290
f 417/417/417 1290/1290/1290 1291/1291/1291
f 1141/1141/1141 1137/1137/1137 1140/1140/1140
f 1141/1141/1141 1140/1140/1140 1142/1142/1142
f 1292/1292/1292 1293/1293/1293 1294/1294/1294
f 1292/1292/1292 1294/1294/1294 1295/1295/1295
f 419/419/419 418/418/418 1296/1296/1296
f 419/419/419 1296/1296/1296 1297/1297/1297
f 430/430/430 429/429/429 416/416/416
f 430/430/430 416/416/416 415/415/415
f 426/426/426 425/425/425 424/424/424
f 426/426/426 424/424/424 423/423/423
f 438/438/438 437/437/437 432/432/432
f 438/438/438 432/432/432 431/431/431
f 434/434/434 433/433/433 428/428/428
f 434/434/434 428/428/428 427/427/427
f 425/425/425 428/428/428 1298/1298/1298
f 425/425/425 1298/1298/1298 1299/1299/1299
f 427/427/427 426/426/426 1300/1300/1300
f 427/427/427 1300/1300/1300 1301/1301/1301
f 433/433/433 436/436/436 1302/1302/1302
f 433/433/433 1302/1302/1302 1303/1303/1303
f 1/1/1 438/438/438 1147/1147/1147
f 1/1/1 1147/1147/1147 2/2/2
f 437/437/437 439/439/439 1304/1304/1304
f 437/437/437 1304/1304/1304 1305/1305/1305
f 435/435/435 434/434/434 1306/1306/1306
f 435/435/435 1306/1306/1306 1307/1307/1307
f 447/447/447 446/446/446 392/392/392
f 447/447/447 392/392/392 391/391/391
f 1308/1308/1308 1309/1309/1309 384/384/384
f 1308/1308/1308 384/384/384 383/383/383
f 381/381/381 384/384/384 1310/1310/1310
f 381/381/381 1310/1310/1310 1311/1311/1311
f 391/391/391 390/390/390 1312/1312/1312
f 391/391/391 1312/1312/1312 1313/1313/1313
f 457/457/457 456/456/456 449/449/449
f 457/457/457 449/449/449 448/448/448
f 33/33/33 454/454/454 1314/1314/1314
f 33/33/33 1314/1314/1314 31/31/31
f 446/446/446 449/449/449 1151/1151/1151
f 446/446/446 1151/1151/1151 1148/1148/1148
f 1315/1315/1315 1308/1308/1308 1316/1316/1316
f 1315/1315/1315 1316/1316/1316 1317/1317/1317
f 1309/1309/1309 1314/1314/1314 1318/1318/1318
f 1309/1309/1309 1318/1318/1318 1319/1319/1319
f 448/448/448 447/447/447 1320/1320/1320
f 448/448/448 1320/1320/1320 1321/1321/1321
f 451/451/451 450/450/450 459/459/459
f 451/451/451 459/459/459 458/458/458
f 37/37/37 1322/1322/1322 455/455/455
f 37/37/37 455/455/455 38/38/38
f 456/456/456 459/459/459 1153/1153/1153
f 456/456/456 1153/1153/1153 1150/1150/1150
f 445/445/445 444/444/444 1323/1323/1323
f 445/445/445 1323/1323/1323 1324/1324/1324
f 454/454/454 455/455/455 1325/1325/1325
f 454/454/454 1325/1325/1325 1326/1326/1326
f 458/458/458 457/457/457 1327/1327/1327
f 458/458/458 1327/1327/1327 1328/1328/1328
f 1329/1329/1329 1154/1154/1154 453/453/453
f 1329/1329/1329 453/453/453 452/452/452
f 465/465/465 464/464/464 1330/1330/1330
f 465/465/465 1330/1330/1330 1331/1331/1331
f 1332/1332/1332 1333/1333/1333 1334/1334/1334
f 1332/1332/1332 1334/1334/1334 1335/1335/1335
f 461/461/461 460/460/460 467/467/467
f 461/461/461 467/467/467 466/466/466
f 1154/1154/1154 1160/1160/1160 1159/1159/1159
f 1154/1154/1154 1159/1159/1159 1155/1155/1155
f 466/466/466 465/465/465 1336/1336/1336
f 466/466/466 1336/1336/1336 1337/1337/1337
f 464/464/464 467/467/467 1338/1338/1338
f 464/464/464 1338/1338/1338 1339/1339/1339
f 1335/1335/1335 1329/1329/1329 1340/1340/1340
f 1335/1335/1335 1340/1340/1340 1341/1341/1341
f 469/469/469 468/468/468 1163/1163/1163
f 469/469/469 1163/1163/1163 1342/1342/1342
f 473/473/473 472/472/472 463/463/463
f 473/473/473 463/463/463 462/462/462
f 460/460/460 463/463/463 1343/1343/1343
f 460/460/460 1343/1343/1343 1344/1344/1344
f 1342/1342/1342 1332/1332/1332 1345/1345/1345
f 1342/1342/1342 1345/1345/1345 1346/1346/1346
f 485/485/485 484/484/484 471/471/471
f 485/485/485 471/471/471 470/470/470
f 481/481/481 480/480/480 475/475/475
f 481/481/481 475/475/475 474/474/474
f 477/477/477 476/476/476 487/487/487
f 477/477/477 487/487/487 486/486/486
f 489/489/489 488/488/488 483/483/483
f 489/489/489 483/483/483 482/482/482
f 484/484/484 487/487/487 1167/1167/1167
f 484/484/484 1167/1167/1167 1164/1164/1164
f 482/482/482 481/481/481 1347/1347/1347
f 482/482/482 1347/1347/1347 1348/1348/1348
f 480/480/480 483/483/483 1349/1349/1349
f 480/480/480 1349/1349/1349 1350/1350/1350
f 486/486/486 485/485/485 1351/1351/1351
f 486/486/486 1351/1351/1351 1352/1352/1352
f 497/497/497 496/496/496 479/479/479
f 497/497/497 479/479/479 478/478/478
f 493/493/493 492/492/492 491/491/491
f 493/493/493 491/491/491 490/490/490
f 494/494/494 493/493/493 1353/1353/1353
f 494/494/494 1353/1353/1353 1354/1354/1354
f 492/492/492 495/495/495 1355/1355/1355
f 492/492/492 1355/1355/1355 1356/1356/1356
f 7/7/7 13/13/13 15/15/15
f 7/7/7 15/15/15 8/8/8
f 10/10/10 9/9/9 8/8/8
f 10/10/10 8/8/8 11/11/11
f 16/16/16 12/12/12 11/11/11
f 16/16/16 11/11/11 17/17/17
f 19/19/19 18/18/18 17/17/17
f 19/19/19 17/17/17 20/20/20
f 20/20/20 23/23/23 22/22/22
f 20/20/20 22/22/22 21/21/21
f 25/25/25 24/24/24 23/23/23
f 25/25/25 23/23/23 26/26/26
f 28/28/28 27/27/27 26/26/26
f 28/28/28 26/26/26 29/29/29
f 38/38/38 33/33/33 32/32/32
f 38/38/38 32/32/32 39/39/39
f 35/35/35 32/32/32 31/31/31
f 35/35/35 31/31/31 36/36/36
f 29/29/29 37/37/37 39/39/39
f 29/29/29 39/39/39 30/30/30
f 36/36/36 42/42/42 41/41/41
f 36/36/36 41/41/41 34/34/34
f 42/42/42 45/45/45 44/44/44
f 42/42/42 44/44/44 40/40/40
f 45/45/45 48/48/48 47/47/47
f 45/45/45 47/47/47 43/43/43
f 50/50/50 57/57/57 56/56/56
f 50/50/50 56/56/56 51/51/51
f 48/48/48 50/50/50 49/49/49
f 48/48/48 49/49/49 46/46/46
f 53/53/53 60/60/60 59/59/59
f 53/53/53 59/59/59 54/54/54
f 57/57/57 53/53/53 52/52/52
f 57/57/57 52/52/52 55/55/55
f 65/65/65 69/69/69 68/68/68
f 65/65/65 68/68/68 66/66/66
f 69/69/69 63/63/63 62/62/62
f 69/69/69 62/62/62 67/67/67
f 60/60/60 65/65/65 64/64/64
f 60/60/60 64/64/64 58/58/58
f 74/74/74 72/72/72 71/71/71
f 74/74/74 71/71/71 75/75/75
f 76/76/76 82/82/82 84/84/84
f 76/76/76 84/84/84 77/77/77
f 72/72/72 81/81/81 80/80/80
f 72/72/72 80/80/80 70/70/70
f 87/87/87 84/84/84 83/83/83
f 87/87/87 83/83/83 85/85/85
f 86/86/86 88/88/88 90/90/90
f 86/86/86 90/90/90 87/87/87
f 89/89/89 93/93/93 92/92/92
f 89/89/89 92/92/92 90/90/90
f 81/81/81 96/96/96 95/95/95
f 81/81/81 95/95/95 79/79/79
f 99/99/99 92/92/92 91/91/91
f 99/99/99 91/91/91 97/97/97
f 96/96/96 102/102/102 101/101/101
f 96/96/96 101/101/101 94/94/94
f 102/102/102 105/105/105 104/104/104
f 102/102/102 104/104/104 100/100/100
f 105/105/105 107/107/107 106/106/106
f 105/105/105 106/106/106 103/103/103
f 107/107/107 111/111/111 110/110/110
f 107/107/107 110/110/110 108/108/108
f 111/111/111 113/113/113 112/112/112
f 111/111/111 112/112/112 109/109/109
f 113/113/113 116/116/116 115/115/115
f 113/113/113 115/115/115 114/114/114
f 116/116/116 119/119/119 118/118/118
f 116/116/116 118/118/118 117/117/117
f 119/119/119 15/15/15 14/14/14
f 119/119/119 14/14/14 120/120/120
f 63/63/63 99/99/99 98/98/98
f 63/63/63 98/98/98 61/61/61
f 122/122/122 74/74/74 73/73/73
f 122/122/122 73/73/73 123/123/123
f 125/125/125 122/122/122 121/121/121
f 125/125/125 121/121/121 126/126/126
f 127/127/127 78/78/78 77/77/77
f 127/127/127 77/77/77 128/128/128
f 130/130/130 133/133/133 135/135/135
f 130/130/130 135/135/135 131/131/131
f 134/134/134 129/129/129 128/128/128
f 134/134/134 128/128/128 135/135/135
f 137/137/137 125/125/125 124/124/124
f 137/137/137 124/124/124 138/138/138
f 139/139/139 132/132/132 131/131/131
f 139/139/139 131/131/131 140/140/140
f 143/143/143 137/137/137 136/136/136
f 143/143/143 136/136/136 144/144/144
f 140/140/140 146/146/146 145/145/145
f 140/140/140 145/145/145 141/141/141
f 154/154/154 151/151/151 153/153/153
f 154/154/154 153/153/153 155/155/155
f 152/152/152 150/150/150 149/149/149
f 152/152/152 149/149/149 153/153/153
f 159/159/159 156/156/156 155/155/155
f 159/159/159 155/155/155 157/157/157
f 160/160/160 147/147/147 146/146/146
f 160/160/160 146/146/146 161/161/161
f 150/150/150 143/143/143 142/142/142
f 150/150/150 142/142/142 148/148/148
f 158/158/158 162/162/162 161/161/161
f 158/158/158 161/161/161 159/159/159
f 605/605/605 7/7/7 9/9/9
f 605/605/605 9/9/9 616/616/616
f 527/527/527 89/89/89 88/88/88
f 527/527/527 88/88/88 660/660/660
f 621/621/621 158/158/158 157/157/157
f 621/621/621 157/157/157 1357/1357/1357
f 597/597/597 14/14/14 13/13/13
f 597/597/597 13/13/13 606/606/606
f 609/609/609 160/160/160 162/162/162
f 609/609/609 162/162/162 622/622/622
f 549/549/549 112/112/112 114/114/114
f 549/549/549 114/114/114 684/684/684
f 657/657/657 28/28/28 30/30/30
f 657/657/657 30/30/30 1358/1358/1358
f 587/587/587 130/130/130 132/132/132
f 587/587/587 132/132/132 596/596/596
f 651/651/651 25/25/25 27/27/27
f 651/651/651 27/27/27 658/658/658
f 681/681/681 134/134/134 133/133/133
f 681/681/681 133/133/133 588/588/588
f 1359/1359/1359 152/152/152 151/151/151
f 1359/1359/1359 151/151/151 445/445/445
f 623/623/623 16/16/16 18/18/18
f 623/623/623 18/18/18 632/632/632
f 663/663/663 83/83/83 82/82/82
f 663/663/663 82/82/82 672/672/672
f 615/615/615 10/10/10 12/12/12
f 615/615/615 12/12/12 624/624/624
f 643/643/643 98/98/98 97/97/97
f 643/643/643 97/97/97 585/585/585
f 659/659/659 86/86/86 85/85/85
f 659/659/659 85/85/85 664/664/664
f 589/589/589 118/118/118 120/120/120
f 589/589/589 120/120/120 598/598/598
f 603/603/603 145/145/145 147/147/147
f 603/603/603 147/147/147 610/610/610
f 683/683/683 115/115/115 117/117/117
f 683/683/683 117/117/117 590/590/590
f 595/595/595 139/139/139 141/141/141
f 595/595/595 141/141/141 604/604/604
f 444/444/444 154/154/154 156/156/156
f 444/444/444 156/156/156 1315/1315/1315
f 1117/1117/1117 106/106/106 108/108/108
f 1117/1117/1117 108/108/108 629/629/629
f 641/641/641 22/22/22 24/24/24
f 641/641/641 24/24/24 652/652/652
f 677/677/677 127/127/127 129/129/129
f 677/677/677 129/129/129 682/682/682
f 631/631/631 19/19/19 21/21/21
f 631/631/631 21/21/21 642/642/642
f 671/671/671 76/76/76 78/78/78
f 671/671/671 78/78/78 678/678/678
f 613/613/613 612/612/612 689/689/689
f 613/613/613 689/689/689 692/692/692
f 1170/1170/1170 1171/1171/1171 690/690/690
f 1170/1170/1170 690/690/690 689/689/689
f 685/685/685 688/688/688 691/691/691
f 685/685/685 691/691/691 690/690/690
f 695/695/695 694/694/694 611/611/611
f 695/695/695 611/611/611 614/614/614
f 286/286/286 285/285/285 612/612/612
f 286/286/286 612/612/612 611/611/611
f 1360/1360/1360 1361/1361/1361 1362/1362/1362
f 1360/1360/1360 1362/1362/1362 1363/1363/1363
f 703/703/703 702/702/702 693/693/693
f 703/703/703 693/693/693 696/696/696
f 290/290/290 289/289/289 694/694/694
f 290/290/290 694/694/694 693/693/693
f 1364/1364/1364 1365/1365/1365 1366/1366/1366
f 1364/1364/1364 1366/1366/1366 1367/1367/1367
f 699/699/699 698/698/698 1365/1365/1365
f 699/699/699 1365/1365/1365 1368/1368/1368
f 711/711/711 710/710/710 701/701/701
f 711/711/711 701/701/701 704/704/704
f 294/294/294 293/293/293 702/702/702
f 294/294/294 702/702/702 701/701/701
f 698/698/698 697/697/697 1369/1369/1369
f 698/698/698 1369/1369/1369 1370/1370/1370
f 707/707/707 706/706/706 697/697/697
f 707/707/707 697/697/697 700/700/700
f 719/719/719 718/718/718 709/709/709
f 719/719/719 709/709/709 712/712/712
f 298/298/298 297/297/297 710/710/710
f 298/298/298 710/710/710 709/709/709
f 706/706/706 705/705/705 1371/1371/1371
f 706/706/706 1371/1371/1371 1372/1372/1372
f 715/715/715 714/714/714 705/705/705
f 715/715/715 705/705/705 708/708/708
f 1373/1373/1373 1374/1374/1374 1375/1375/1375
f 1373/1373/1373 1375/1375/1375 1376/1376/1376
f 727/727/727 726/726/726 717/717/717
f 727/727/727 717/717/717 720/720/720
f 302/302/302 301/301/301 718/718/718
f 302/302/302 718/718/718 717/717/717
f 714/714/714 713/713/713 1377/1377/1377
f 714/714/714 1377/1377/1377 1378/1378/1378
f 723/723/723 722/722/722 713/713/713
f 723/723/723 713/713/713 716/716/716
f 1379/1379/1379 1380/1380/1380 1381/1381/1381
f 1379/1379/1379 1381/1381/1381 1382/1382/1382
f 731/731/731 730/730/730 725/725/725
f 731/731/731 725/725/725 728/728/728
f 306/306/306 305/305/305 726/726/726
f 306/306/306 726/726/726 725/725/725
f 722/722/722 721/721/721 1383/1383/1383
f 722/722/722 1383/1383/1383 1384/1384/1384
f 735/735/735 734/734/734 729/729/729
f 735/735/735 729/729/729 732/732/732
f 310/310/310 309/309/309 730/730/730
f 310/310/310 730/730/730 729/729/729
f 1385/1385/1385 1386/1386/1386 1387/1387/1387
f 1385/1385/1385 1387/1387/1387 1388/1388/1388
f 314/314/314 313/313/313 734/734/734
f 314/314/314 734/734/734 733/733/733
f 1389/1389/1389 1193/1193/1193 737/737/737
f 1389/1389/1389 737/737/737 740/740/740
f 1390/1390/1390 1391/1391/1391 1392/1392/1392
f 1390/1390/1390 1392/1392/1392 1393/1393/1393
f 1111/1111/1111 1110/1110/1110 1394/1394/1394
f 1111/1111/1111 1394/1394/1394 1395/1395/1395
f 687/687/687 686/686/686 753/753/753
f 687/687/687 753/753/753 756/756/756
f 506/506/506 505/505/505 754/754/754
f 506/506/506 754/754/754 753/753/753
f 741/741/741 744/744/744 755/755/755
f 741/741/741 755/755/755 754/754/754
f 746/746/746 745/745/745 1396/1396/1396
f 746/746/746 1396/1396/1396 1397/1397/1397
f 1198/1198/1198 1398/1398/1398 745/745/745
f 1198/1198/1198 745/745/745 748/748/748
f 765/765/765 768/768/768 747/747/747
f 765/765/765 747/747/747 746/746/746
f 750/750/750 749/749/749 748/748/748
f 750/750/750 748/748/748 747/747/747
f 1399/1399/1399 1199/1199/1199 749/749/749
f 1399/1399/1399 749/749/749 752/752/752
f 757/757/757 760/760/760 751/751/751
f 757/757/757 751/751/751 750/750/750
f 1400/1400/1400 1401/1401/1401 1402/1402/1402
f 1400/1400/1400 1402/1402/1402 1403/1403/1403
f 1404/1404/1404 1405/1405/1405 1406/1406/1406
f 1404/1404/1404 1406/1406/1406 1407/1407/1407
f 522/522/522 521/521/521 742/742/742
f 522/522/522 742/742/742 741/741/741
f 761/761/761 764/764/764 743/743/743
f 761/761/761 743/743/743 742/742/742
f 766/766/766 765/765/765 1408/1408/1408
f 766/766/766 1408/1408/1408 1409/1409/1409
f 777/777/777 780/780/780 767/767/767
f 777/777/777 767/767/767 766/766/766
f 758/758/758 757/757/757 768/768/768
f 758/758/758 768/768/768 767/767/767
f 769/769/769 772/772/772 759/759/759
f 769/769/769 759/759/759 758/758/758
f 518/518/518 517/517/517 762/762/762
f 518/518/518 762/762/762 761/761/761
f 773/773/773 776/776/776 763/763/763
f 773/773/773 763/763/763 762/762/762
f 778/778/778 777/777/777 1410/1410/1410
f 778/778/778 1410/1410/1410 1411/1411/1411
f 789/789/789 792/792/792 779/779/779
f 789/789/789 779/779/779 778/778/778
f 770/770/770 769/769/769 780/780/780
f 770/770/770 780/780/780 779/779/779
f 781/781/781 784/784/784 771/771/771
f 781/781/781 771/771/771 770/770/770
f 570/570/570 569/569/569 774/774/774
f 570/570/570 774/774/774 773/773/773
f 785/785/785 788/788/788 775/775/775
f 785/785/785 775/775/775 774/774/774
f 790/790/790 789/789/789 1412/1412/1412
f 790/790/790 1412/1412/1412 1413/1413/1413
f 801/801/801 804/804/804 791/791/791
f 801/801/801 791/791/791 790/790/790
f 782/782/782 781/781/781 792/792/792
f 782/782/782 792/792/792 791/791/791
f 544/544/544 543/543/543 786/786/786
f 544/544/544 786/786/786 785/785/785
f 797/797/797 800/800/800 787/787/787
f 797/797/797 787/787/787 786/786/786
f 802/802/802 801/801/801 1414/1414/1414
f 802/802/802 1414/1414/1414 1415/1415/1415
f 817/817/817 820/820/820 803/803/803
f 817/817/817 803/803/803 802/802/802
f 794/794/794 793/793/793 804/804/804
f 794/794/794 804/804/804 803/803/803
f 805/805/805 808/808/808 795/795/795
f 805/805/805 795/795/795 794/794/794
f 536/536/536 535/535/535 798/798/798
f 536/536/536 798/798/798 797/797/797
f 813/813/813 816/816/816 799/799/799
f 813/813/813 799/799/799 798/798/798
f 818/818/818 817/817/817 1416/1416/1416
f 818/818/818 1416/1416/1416 1417/1417/1417
f 825/825/825 828/828/828 819/819/819
f 825/825/825 819/819/819 818/818/818
f 806/806/806 805/805/805 820/820/820
f 806/806/806 820/820/820 819/819/819
f 1221/1221/1221 1418/1418/1418 807/807/807
f 1221/1221/1221 807/807/807 806/806/806
f 558/558/558 557/557/557 814/814/814
f 558/558/558 814/814/814 813/813/813
f 821/821/821 824/824/824 815/815/815
f 821/821/821 815/815/815 814/814/814
f 826/826/826 825/825/825 1419/1419/1419
f 826/826/826 1419/1419/1419 1420/1420/1420
f 833/833/833 836/836/836 827/827/827
f 833/833/833 827/827/827 826/826/826
f 514/514/514 513/513/513 822/822/822
f 514/514/514 822/822/822 821/821/821
f 829/829/829 832/832/832 823/823/823
f 829/829/829 823/823/823 822/822/822
f 834/834/834 833/833/833 1421/1421/1421
f 834/834/834 1421/1421/1421 1422/1422/1422
f 841/841/841 844/844/844 835/835/835
f 841/841/841 835/835/835 834/834/834
f 574/574/574 573/573/573 830/830/830
f 574/574/574 830/830/830 829/829/829
f 837/837/837 840/840/840 831/831/831
f 837/837/837 831/831/831 830/830/830
f 842/842/842 841/841/841 1423/1423/1423
f 842/842/842 1423/1423/1423 1424/1424/1424
f 853/853/853 856/856/856 843/843/843
f 853/853/853 843/843/843 842/842/842
f 648/648/648 647/647/647 838/838/838
f 648/648/648 838/838/838 837/837/837
f 849/849/849 852/852/852 839/839/839
f 849/849/849 839/839/839 838/838/838
f 854/854/854 853/853/853 1425/1425/1425
f 854/854/854 1425/1425/1425 1426/1426/1426
f 865/865/865 868/868/868 855/855/855
f 865/865/865 855/855/855 854/854/854
f 1427/1427/1427 1239/1239/1239 1240/1240/1240
f 1427/1427/1427 1240/1240/1240 1428/1428/1428
f 846/846/846 845/845/845 1233/1233/1233
f 846/846/846 1233/1233/1233 1240/1240/1240
f 1429/1429/1429 1430/1430/1430 848/848/848
f 1429/1429/1429 848/848/848 847/847/847
f 636/636/636 635/635/635 850/850/850
f 636/636/636 850/850/850 849/849/849
f 861/861/861 864/864/864 851/851/851
f 861/861/861 851/851/851 850/850/850
f 866/866/866 865/865/865 1431/1431/1431
f 866/866/866 1431/1431/1431 1432/1432/1432
f 957/957/957 960/960/960 867/867/867
f 957/957/957 867/867/867 866/866/866
f 858/858/858 857/857/857 1239/1239/1239
f 858/858/858 1239/1239/1239 1433/1433/1433
f 953/953/953 956/956/956 859/859/859
f 953/953/953 859/859/859 858/858/858
f 282/282/282 281/281/281 686/686/686
f 282/282/282 686/686/686 685/685/685
f 1199/1199/1199 1434/1434/1434 1435/1435/1435
f 1199/1199/1199 1435/1435/1435 1198/1198/1198
f 871/871/871 870/870/870 873/873/873
f 871/871/871 873/873/873 876/876/876
f 526/526/526 525/525/525 874/874/874
f 526/526/526 874/874/874 873/873/873
f 1244/1244/1244 1436/1436/1436 875/875/875
f 1244/1244/1244 875/875/875 874/874/874
f 1437/1437/1437 1438/1438/1438 879/879/879
f 1437/1437/1437 879/879/879 878/878/878
f 1101/1101/1101 1104/1104/1104 883/883/883
f 1101/1101/1101 883/883/883 882/882/882
f 1439/1439/1439 1440/1440/1440 887/887/887
f 1439/1439/1439 887/887/887 886/886/886
f 326/326/326 325/325/325 870/870/870
f 326/326/326 870/870/870 869/869/869
f 1441/1441/1441 1245/1245/1245 893/893/893
f 1441/1441/1441 893/893/893 896/896/896
f 330/330/330 329/329/329 894/894/894
f 330/330/330 894/894/894 893/893/893
f 334/334/334 333/333/333 1245/1245/1245
f 334/334/334 1245/1245/1245 1246/1246/1246
f 915/915/915 914/914/914 901/901/901
f 915/915/915 901/901/901 904/904/904
f 338/338/338 337/337/337 902/902/902
f 338/338/338 902/902/902 901/901/901
f 919/919/919 918/918/918 913/913/913
f 919/919/919 913/913/913 916/916/916
f 1442/1442/1442 1443/1443/1443 916/916/916
f 1442/1442/1442 916/916/916 915/915/915
f 923/923/923 922/922/922 917/917/917
f 923/923/923 917/917/917 920/920/920
f 346/346/346 345/345/345 918/918/918
f 346/346/346 918/918/918 917/917/917
f 1444/1444/1444 1445/1445/1445 1446/1446/1446
f 1444/1444/1444 1446/1446/1446 1447/1447/1447
f 931/931/931 930/930/930 921/921/921
f 931/931/931 921/921/921 924/924/924
f 927/927/927 926/926/926 1448/1448/1448
f 927/927/927 1448/1448/1448 1449/1449/1449
f 1450/1450/1450 1451/1451/1451 1452/1452/1452
f 1450/1450/1450 1452/1452/1452 1453/1453/1453
f 939/939/939 938/938/938 929/929/929
f 939/939/939 929/929/929 932/932/932
f 951/951/951 950/950/950 937/937/937
f 951/951/951 937/937/937 940/940/940
f 358/358/358 357/357/357 938/938/938
f 358/358/358 938/938/938 937/937/937
f 1454/1454/1454 1455/1455/1455 1456/1456/1456
f 1454/1454/1454 1456/1456/1456 1457/1457/1457
f 863/863/863 862/862/862 949/949/949
f 863/863/863 949/949/949 952/952/952
f 368/368/368 367/367/367 950/950/950
f 368/368/368 950/950/950 949/949/949
f 1455/1455/1455 1458/1458/1458 952/952/952
f 1455/1455/1455 952/952/952 951/951/951
f 959/959/959 958/958/958 1458/1458/1458
f 959/959/959 1458/1458/1458 1459/1459/1459
f 955/955/955 954/954/954 1460/1460/1460
f 955/955/955 1460/1460/1460 1461/1461/1461
f 562/562/562 561/561/561 862/862/862
f 562/562/562 862/862/862 861/861/861
f 958/958/958 957/957/957 1462/1462/1462
f 958/958/958 1462/1462/1462 1463/1463/1463
f 1251/1251/1251 1250/1250/1250 973/973/973
f 1251/1251/1251 973/973/973 976/976/976
f 566/566/566 565/565/565 974/974/974
f 566/566/566 974/974/974 973/973/973
f 961/961/961 964/964/964 975/975/975
f 961/961/961 975/975/975 974/974/974
f 1464/1464/1464 1465/1465/1465 1466/1466/1466
f 1464/1464/1464 1466/1466/1466 1467/1467/1467
f 1468/1468/1468 1469/1469/1469 1465/1465/1465
f 1468/1468/1468 1465/1465/1465 1470/1470/1470
f 1103/1103/1103 1102/1102/1102 1471/1471/1471
f 1103/1103/1103 1471/1471/1471 1472/1472/1472
f 1473/1473/1473 1474/1474/1474 1475/1475/1475
f 1473/1473/1473 1475/1475/1475 1476/1476/1476
f 1477/1477/1477 1478/1478/1478 1479/1479/1479
f 1477/1477/1477 1479/1479/1479 1480/1480/1480
f 1481/1481/1481 1482/1482/1482 1483/1483/1483
f 1481/1481/1481 1483/1483/1483 1484/1484/1484
f 1485/1485/1485 1486/1486/1486 1487/1487/1487
f 1485/1485/1485 1487/1487/1487 1488/1488/1488
f 502/502/502 501/501/501 962/962/962
f 502/502/502 962/962/962 961/961/961
f 985/985/985 988/988/988 963/963/963
f 985/985/985 963/963/963 962/962/962
f 540/540/540 539/539/539 986/986/986
f 540/540/540 986/986/986 985/985/985
f 993/993/993 996/996/996 987/987/987
f 993/993/993 987/987/987 986/986/986
f 1005/1005/1005 1008/1008/1008 1489/1489/1489
f 1005/1005/1005 1489/1489/1489 1490/1490/1490
f 578/578/578 577/577/577 994/994/994
f 578/578/578 994/994/994 993/993/993
f 1255/1255/1255 1491/1491/1491 995/995/995
f 1255/1255/1255 995/995/995 994/994/994
f 548/548/548 547/547/547 1256/1256/1256
f 548/548/548 1256/1256/1256 1255/1255/1255
f 1017/1017/1017 1020/1020/1020 1492/1492/1492
f 1017/1017/1017 1492/1492/1492 1256/1256/1256
f 1037/1037/1037 1040/1040/1040 1023/1023/1023
f 1037/1037/1037 1023/1023/1023 1022/1022/1022
f 554/554/554 553/553/553 1018/1018/1018
f 554/554/554 1018/1018/1018 1017/1017/1017
f 1033/1033/1033 1036/1036/1036 1019/1019/1019
f 1033/1033/1033 1019/1019/1019 1018/1018/1018
f 1049/1049/1049 1052/1052/1052 1039/1039/1039
f 1049/1049/1049 1039/1039/1039 1038/1038/1038
f 532/532/532 531/531/531 1034/1034/1034
f 532/532/532 1034/1034/1034 1033/1033/1033
f 510/510/510 509/509/509 1046/1046/1046
f 510/510/510 1046/1046/1046 1045/1045/1045
f 1061/1061/1061 1064/1064/1064 1047/1047/1047
f 1061/1061/1061 1047/1047/1047 1046/1046/1046
f 1493/1493/1493 1494/1494/1494 1495/1495/1495
f 1493/1493/1493 1495/1495/1495 1496/1496/1496
f 582/582/582 581/581/581 1062/1062/1062
f 582/582/582 1062/1062/1062 1061/1061/1061
f 1257/1257/1257 1497/1497/1497 1063/1063/1063
f 1257/1257/1257 1063/1063/1063 1062/1062/1062
f 628/628/628 627/627/627 1258/1258/1258
f 628/628/628 1258/1258/1258 1257/1257/1257
f 1085/1085/1085 1088/1088/1088 1498/1498/1498
f 1085/1085/1085 1498/1498/1498 1258/1258/1258
f 1499/1499/1499 1500/1500/1500 1501/1501/1501
f 1499/1499/1499 1501/1501/1501 1502/1502/1502
f 594/594/594 593/593/593 1086/1086/1086
f 594/594/594 1086/1086/1086 1085/1085/1085
f 1109/1109/1109 1112/1112/1112 1503/1503/1503
f 1109/1109/1109 1503/1503/1503 1504/1504/1504
f 1113/1113/1113 1116/1116/1116 1505/1505/1505
f 1113/1113/1113 1505/1505/1505 1506/1506/1506
f 322/322/322 321/321/321 1250/1250/1250
f 322/322/322 1250/1250/1250 1244/1244/1244
f 364/364/364 363/363/363 1507/1507/1507
f 364/364/364 1507/1507/1507 1508/1508/1508
f 1110/1110/1110 1109/1109/1109 1509/1509/1509
f 1110/1110/1110 1509/1509/1509 1510/1510/1510
f 285/285/285 284/284/284 1511/1511/1511
f 285/285/285 1511/1511/1511 1170/1170/1170
f 279/279/279 282/282/282 1171/1171/1171
f 279/279/279 1171/1171/1171 1512/1512/1512
f 289/289/289 288/288/288 283/283/283
f 289/289/289 283/283/283 286/286/286
f 503/503/503 506/506/506 281/281/281
f 503/503/503 281/281/281 280/280/280
f 293/293/293 292/292/292 287/287/287
f 293/293/293 287/287/287 290/290/290
f 297/297/297 296/296/296 291/291/291
f 297/297/297 291/291/291 294/294/294
f 301/301/301 300/300/300 295/295/295
f 301/301/301 295/295/295 298/298/298
f 305/305/305 304/304/304 299/299/299
f 305/305/305 299/299/299 302/302/302
f 309/309/309 308/308/308 303/303/303
f 309/309/309 303/303/303 306/306/306
f 313/313/313 312/312/312 307/307/307
f 313/313/313 307/307/307 310/310/310
f 317/317/317 316/316/316 311/311/311
f 317/317/317 311/311/311 314/314/314
f 275/275/275 274/274/274 315/315/315
f 275/275/275 315/315/315 318/318/318
f 363/363/363 362/362/362 273/273/273
f 363/363/363 273/273/273 276/276/276
f 593/593/593 592/592/592 361/361/361
f 593/593/593 361/361/361 364/364/364
f 519/519/519 522/522/522 505/505/505
f 519/519/519 505/505/505 504/504/504
f 515/515/515 518/518/518 521/521/521
f 515/515/515 521/521/521 520/520/520
f 567/567/567 570/570/570 517/517/517
f 567/567/567 517/517/517 516/516/516
f 541/541/541 544/544/544 569/569/569
f 541/541/541 569/569/569 568/568/568
f 533/533/533 536/536/536 543/543/543
f 533/533/533 543/543/543 542/542/542
f 555/555/555 558/558/558 535/535/535
f 555/555/555 535/535/535 534/534/534
f 511/511/511 514/514/514 557/557/557
f 511/511/511 557/557/557 556/556/556
f 571/571/571 574/574/574 513/513/513
f 571/571/571 513/513/513 512/512/512
f 645/645/645 648/648/648 573/573/573
f 645/645/645 573/573/573 572/572/572
f 633/633/633 636/636/636 647/647/647
f 633/633/633 647/647/647 646/646/646
f 559/559/559 562/562/562 635/635/635
f 559/559/559 635/635/635 634/634/634
f 365/365/365 368/368/368 561/561/561
f 365/365/365 561/561/561 560/560/560
f 325/325/325 324/324/324 523/523/523
f 325/325/325 523/523/523 526/526/526
f 319/319/319 322/322/322 525/525/525
f 319/319/319 525/525/525 524/524/524
f 329/329/329 328/328/328 323/323/323
f 329/329/329 323/323/323 326/326/326
f 563/563/563 566/566/566 321/321/321
f 563/563/563 321/321/321 320/320/320
f 333/333/333 332/332/332 327/327/327
f 333/333/333 327/327/327 330/330/330
f 337/337/337 336/336/336 331/331/331
f 337/337/337 331/331/331 334/334/334
f 341/341/341 340/340/340 335/335/335
f 341/341/341 335/335/335 338/338/338
f 345/345/345 344/344/344 339/339/339
f 345/345/345 339/339/339 342/342/342
f 349/349/349 348/348/348 343/343/343
f 349/349/349 343/343/343 346/346/346
f 353/353/353 352/352/352 347/347/347
f 353/353/353 347/347/347 350/350/350
f 357/357/357 356/356/356 351/351/351
f 357/357/357 351/351/351 354/354/354
f 367/367/367 366/366/366 355/355/355
f 367/367/367 355/355/355 358/358/358
f 499/499/499 502/502/502 565/565/565
f 499/499/499 565/565/565 564/564/564
f 537/537/537 540/540/540 501/501/501
f 537/537/537 501/501/501 500/500/500
f 575/575/575 578/578/578 539/539/539
f 575/575/575 539/539/539 538/538/538
f 545/545/545 548/548/548 577/577/577
f 545/545/545 577/577/577 576/576/576
f 551/551/551 554/554/554 547/547/547
f 551/551/551 547/547/547 546/546/546
f 529/529/529 532/532/532 553/553/553
f 529/529/529 553/553/553 552/552/552
f 507/507/507 510/510/510 531/531/531
f 507/507/507 531/531/531 530/530/530
f 579/579/579 582/582/582 509/509/509
f 579/579/579 509/509/509 508/508/508
f 625/625/625 628/628/628 581/581/581
f 625/625/625 581/581/581 580/580/580
f 591/591/591 594/594/594 627/627/627
f 591/591/591 627/627/627 626/626/626
f 1511/1511/1511 1512/1512/1512 1171/1171/1171
f 1511/1511/1511 1171/1171/1171 1170/1170/1170
f 245/245/245 244/244/244 1513/1513/1513
f 245/245/245 1513/1513/1513 1514/1514/1514
f 1515/1515/1515 1516/1516/1516 1517/1517/1517
f 1515/1515/1515 1517/1517/1517 1518/1518/1518
f 1519/1519/1519 268/268/268 267/267/267
f 1519/1519/1519 267/267/267 1520/1520/1520
f 1521/1521/1521 271/271/271 269/269/269
f 1521/1521/1521 269/269/269 1522/1522/1522
f 1523/1523/1523 1524/1524/1524 1525/1525/1525
f 1523/1523/1523 1525/1525/1525 1526/1526/1526
f 1527/1527/1527 1528/1528/1528 1529/1529/1529
f 1527/1527/1527 1529/1529/1529 1530/1530/1530
f 1526/1526/1526 1525/1525/1525 229/229/229
f 1526/1526/1526 229/229/229 232/232/232
f 1520/1520/1520 267/267/267 1531/1531/1531
f 1520/1520/1520 1531/1531/1531 1532/1532/1532
f 1533/1533/1533 1534/1534/1534 1535/1535/1535
f 1533/1533/1533 1535/1535/1535 1285/1285/1285
f 1532/1532/1532 1531/1531/1531 1524/1524/1524
f 1532/1532/1532 1524/1524/1524 1523/1523/1523
f 1536/1536/1536 1537/1537/1537 1292/1292/1292
f 1536/1536/1536 1292/1292/1292 1538/1538/1538
f 1539/1539/1539 1540/1540/1540 1517/1517/1517
f 1539/1539/1539 1517/1517/1517 1516/1516/1516
f 260/260/260 266/266/266 229/229/229
f 260/260/260 229/229/229 1525/1525/1525
f 239/239/239 1539/1539/1539 1516/1516/1516
f 239/239/239 1516/1516/1516 1529/1529/1529
f 266/266/266 265/265/265 230/230/230
f 266/266/266 230/230/230 229/229/229
f 265/265/265 1541/1541/1541 233/233/233
f 265/265/265 233/233/233 230/230/230
f 240/240/240 239/239/239 1529/1529/1529
f 240/240/240 1529/1529/1529 1528/1528/1528
f 250/250/250 240/240/240 1528/1528/1528
f 250/250/250 1528/1528/1528 1513/1513/1513
f 1541/1541/1541 1542/1542/1542 234/234/234
f 1541/1541/1541 234/234/234 233/233/233
f 242/242/242 241/241/241 247/247/247
f 242/242/242 247/247/247 253/253/253
f 241/241/241 251/251/251 244/244/244
f 241/241/241 244/244/244 247/247/247
f 1542/1542/1542 242/242/242 253/253/253
f 1542/1542/1542 253/253/253 234/234/234
f 251/251/251 250/250/250 1513/1513/1513
f 251/251/251 1513/1513/1513 244/244/244
f 1543/1543/1543 1544/1544/1544 256/256/256
f 1543/1543/1543 256/256/256 255/255/255
f 227/227/227 260/260/260 1525/1525/1525
f 227/227/227 1525/1525/1525 1524/1524/1524
f 1540/1540/1540 1543/1543/1543 255/255/255
f 1540/1540/1540 255/255/255 1517/1517/1517
f 237/237/237 228/228/228 1531/1531/1531
f 237/237/237 1531/1531/1531 267/267/267
f 228/228/228 227/227/227 1524/1524/1524
f 228/228/228 1524/1524/1524 1531/1531/1531
f 1545/1545/1545 259/259/259 270/270/270
f 1545/1545/1545 270/270/270 272/272/272
f 259/259/259 237/237/237 267/267/267
f 259/259/259 267/267/267 270/270/270
f 1544/1544/1544 1545/1545/1545 272/272/272
f 1544/1544/1544 272/272/272 256/256/256
f 168/168/168 170/170/170 1546/1546/1546
f 168/168/168 1546/1546/1546 1547/1547/1547
f 169/169/169 179/179/179 1548/1548/1548
f 169/169/169 1548/1548/1548 1549/1549/1549
f 266/266/266 260/260/260 174/174/174
f 266/266/266 174/174/174 164/164/164
f 1550/1550/1550 1551/1551/1551 165/165/165
f 1550/1550/1550 165/165/165 173/173/173
f 1542/1542/1542 1541/1541/1541 182/182/182
f 1542/1542/1542 182/182/182 188/188/188
f 178/178/178 185/185/185 1552/1552/1552
f 178/178/178 1552/1552/1552 1553/1553/1553
f 1541/1541/1541 265/265/265 176/176/176
f 1541/1541/1541 176/176/176 182/182/182
f 184/184/184 191/191/191 1554/1554/1554
f 184/184/184 1554/1554/1554 1555/1555/1555
f 1556/1556/1556 1557/1557/1557 1558/1558/1558
f 1556/1556/1556 1558/1558/1558 1559/1559/1559
f 242/242/242 1542/1542/1542 188/188/188
f 242/242/242 188/188/188 243/243/243
f 199/199/199 205/205/205 1560/1560/1560
f 199/199/199 1560/1560/1560 1561/1561/1561
f 1540/1540/1540 1539/1539/1539 171/171/171
f 1540/1540/1540 171/171/171 167/167/167
f 172/172/172 200/200/200 1562/1562/1562
f 172/172/172 1562/1562/1562 1563/1563/1563
f 1544/1544/1544 1543/1543/1543 198/198/198
f 1544/1544/1544 198/198/198 203/203/203
f 1545/1545/1545 1544/1544/1544 203/203/203
f 1545/1545/1545 203/203/203 1564/1564/1564
f 207/207/207 1565/1565/1565 208/208/208
f 207/207/207 208/208/208 1566/1566/1566
f 1539/1539/1539 239/239/239 180/180/180
f 1539/1539/1539 180/180/180 171/171/171
f 240/240/240 250/250/250 192/192/192
f 240/240/240 192/192/192 186/186/186
f 1543/1543/1543 1540/1540/1540 167/167/167
f 1543/1543/1543 167/167/167 198/198/198
f 259/259/259 1545/1545/1545 1564/1564/1564
f 259/259/259 1564/1564/1564 209/209/209
f 1567/1567/1567 1551/1551/1551 1546/1546/1546
f 1567/1567/1567 1546/1546/1546 1549/1549/1549
f 248/248/248 1547/1547/1547 1550/1550/1550
f 248/248/248 1550/1550/1550 1563/1563/1563
f 223/223/223 1568/1568/1568 1548/1548/1548
f 223/223/223 1548/1548/1548 1553/1553/1553
f 224/224/224 1552/1552/1552 1555/1555/1555
f 224/224/224 1555/1555/1555 225/225/225
f 1554/1554/1554 1569/1569/1569 1570/1570/1570
f 1554/1554/1554 1570/1570/1570 226/226/226
f 261/261/261 249/249/249 1562/1562/1562
f 261/261/261 1562/1562/1562 1561/1561/1561
f 263/263/263 262/262/262 1560/1560/1560
f 263/263/263 1560/1560/1560 1566/1566/1566
f 1567/1567/1567 163/163/163 165/165/165
f 1567/1567/1567 165/165/165 1551/1551/1551
f 248/248/248 166/166/166 168/168/168
f 248/248/248 168/168/168 1547/1547/1547
f 169/169/169 1549/1549/1549 1546/1546/1546
f 169/169/169 1546/1546/1546 170/170/170
f 172/172/172 1563/1563/1563 1550/1550/1550
f 172/172/172 1550/1550/1550 173/173/173
f 1547/1547/1547 1546/1546/1546 1551/1551/1551
f 1547/1547/1547 1551/1551/1551 1550/1550/1550
f 223/223/223 175/175/175 177/177/177
f 223/223/223 177/177/177 1568/1568/1568
f 178/178/178 1553/1553/1553 1548/1548/1548
f 178/178/178 1548/1548/1548 179/179/179
f 1549/1549/1549 1548/1548/1548 1568/1568/1568
f 1549/1549/1549 1568/1568/1568 1567/1567/1567
f 225/225/225 181/181/181 183/183/183
f 225/225/225 183/183/183 224/224/224
f 184/184/184 1555/1555/1555 1552/1552/1552
f 184/184/184 1552/1552/1552 185/185/185
f 1555/1555/1555 1554/1554/1554 226/226/226
f 1555/1555/1555 226/226/226 225/225/225
f 224/224/224 223/223/223 1553/1553/1553
f 224/224/224 1553/1553/1553 1552/1552/1552
f 1570/1570/1570 187/187/187 189/189/189
f 1570/1570/1570 189/189/189 226/226/226
f 190/190/190 1569/1569/1569 1554/1554/1554
f 190/190/190 1554/1554/1554 191/191/191
f 195/195/195 1570/1570/1570 1569/1569/1569
f 195/195/195 1569/1569/1569 193/193/193
f 261/261/261 197/197/197 196/196/196
f 261/261/261 196/196/196 249/249/249
f 199/199/199 1561/1561/1561 1562/1562/1562
f 199/199/199 1562/1562/1562 200/200/200
f 1563/1563/1563 1562/1562/1562 249/249/249
f 1563/1563/1563 249/249/249 248/248/248
f 263/263/263 202/202/202 204/204/204
f 263/263/263 204/204/204 262/262/262
f 207/207/207 1566/1566/1566 1560/1560/1560
f 207/207/207 1560/1560/1560 205/205/205
f 262/262/262 261/261/261 1561/1561/1561
f 262/262/262 1561/1561/1561 1560/1560/1560
f 1566/1566/1566 208/208/208 210/210/210
f 1566/1566/1566 210/210/210 263/263/263
f 170/170/170 168/168/168 167/167/167
f 170/170/170 167/167/167 171/171/171
f 173/173/173 165/165/165 164/164/164
f 173/173/173 164/164/164 174/174/174
f 179/179/179 169/169/169 171/171/171
f 179/179/179 171/171/171 180/180/180
f 163/163/163 177/177/177 176/176/176
f 163/163/163 176/176/176 164/164/164
f 175/175/175 183/183/183 182/182/182
f 175/175/175 182/182/182 176/176/176
f 185/185/185 178/178/178 180/180/180
f 185/185/185 180/180/180 186/186/186
f 191/191/191 184/184/184 186/186/186
f 191/191/191 186/186/186 192/192/192
f 188/188/188 182/182/182 181/181/181
f 188/188/188 181/181/181 189/189/189
f 194/194/194 243/243/243 1571/1571/1571
f 194/194/194 1571/1571/1571 195/195/195
f 252/252/252 194/194/194 193/193/193
f 252/252/252 193/193/193 1572/1572/1572
f 187/187/187 1571/1571/1571 243/243/243
f 187/187/187 243/243/243 188/188/188
f 1572/1572/1572 190/190/190 192/192/192
f 1572/1572/1572 192/192/192 252/252/252
f 197/197/197 204/204/204 203/203/203
f 197/197/197 203/203/203 198/198/198
f 174/174/174 201/201/201 200/200/200
f 174/174/174 200/200/200 172/172/172
f 166/166/166 196/196/196 198/198/198
f 166/166/166 198/198/198 167/167/167
f 206/206/206 238/238/238 1565/1565/1565
f 206/206/206 1565/1565/1565 207/207/207
f 201/201/201 206/206/206 205/205/205
f 201/201/201 205/205/205 199/199/199
f 209/209/209 1564/1564/1564 264/264/264
f 209/209/209 264/264/264 210/210/210
f 238/238/238 209/209/209 208/208/208
f 238/238/238 208/208/208 1565/1565/1565
f 202/202/202 264/264/264 1564/1564/1564
f 202/202/202 1564/1564/1564 203/203/203
f 1567/1567/1567 1568/1568/1568 177/177/177
f 1567/1567/1567 177/177/177 163/163/163
f 1573/1573/1573 1574/1574/1574 211/211/211
f 1573/1573/1573 211/211/211 214/214/214
f 1575/1575/1575 1576/1576/1576 1577/1577/1577
f 1575/1575/1575 1577/1577/1577 1578/1578/1578
f 1579/1579/1579 1580/1580/1580 1157/1157/1157
f 1579/1579/1579 1157/1157/1157 1160/1160/1160
f 1581/1581/1581 1582/1582/1582 1574/1574/1574
f 1581/1581/1581 1574/1574/1574 1573/1573/1573
f 1578/1578/1578 1577/1577/1577 215/215/215
f 1578/1578/1578 215/215/215 218/218/218
f 1582/1582/1582 211/211/211 1574/1574/1574
f 211/211/211 1582/1582/1582 212/212/212
f 212/212/212 1582/1582/1582 216/216/216
f 212/212/212 216/216/216 1576/1576/1576
f 1576/1576/1576 216/216/216 1577/1577/1577
f 1577/1577/1577 216/216/216 215/215/215
f 1581/1581/1581 216/216/216 1582/1582/1582
f 216/216/216 1581/1581/1581 217/217/217
f 217/217/217 1583/1583/1583 1584/1584/1584
f 246/246/246 253/253/253 247/247/247
f 253/253/253 246/246/246 254/254/254
f 254/254/254 246/246/246 1585/1585/1585
f 254/254/254 1585/1585/1585 1586/1586/1586
f 255/255/255 1518/1518/1518 1517/1517/1517
f 1518/1518/1518 255/255/255 1587/1587/1587
f 1587/1587/1587 255/255/255 258/258/258
f 271/271/271 1588/1588/1588 272/272/272
f 1588/1588/1588 271/271/271 1589/1589/1589
f 1589/1589/1589 271/271/271 1521/1521/1521
f 272/272/272 257/257/257 256/256/256
f 257/257/257 272/272/272 1590/1590/1590
f 1590/1590/1590 272/272/272 1588/1588/1588
f 1263/1263/1263 153/153/153 149/149/149
f 153/153/153 1263/1263/1263 155/155/155
f 155/155/155 1357/1357/1357 157/157/157
f 1357/1357/1357 155/155/155 1263/1263/1263
f 1535/1535/1535 1536/1536/1536 1538/1538/1538
f 1536/1536/1536 1535/1535/1535 1591/1591/1591
f 1591/1591/1591 1535/1535/1535 1592/1592/1592
f 1592/1592/1592 1535/1535/1535 1593/1593/1593
f 1593/1593/1593 1535/1535/1535 1534/1534/1534
f 1276/1276/1276 1533/1533/1533 1285/1285/1285
f 1533/1533/1533 1276/1276/1276 1594/1594/1594
f 1594/1594/1594 1276/1276/1276 1595/1595/1595
f 1595/1595/1595 1276/1276/1276 1596/1596/1596
f 1596/1596/1596 1276/1276/1276 1597/1597/1597
f 1597/1597/1597 1276/1276/1276 1598/1598/1598
f 1598/1598/1598 1276/1276/1276 1599/1599/1599
f 1600/1600/1600 1134/1134/1134 1284/1284/1284
f 1134/1134/1134 1600/1600/1600 1130/1130/1130
f 1130/1130/1130 1600/1600/1600 1601/1601/1601
f 1130/1130/1130 1601/1601/1601 1602/1602/1602
f 1130/1130/1130 1602/1602/1602 1603/1603/1603
f 1130/1130/1130 1603/1603/1603 1599/1599/1599
f 1130/1130/1130 1599/1599/1599 1276/1276/1276
f 1292/1292/1292 1604/1604/1604 1293/1293/1293
f 1604/1604/1604 1292/1292/1292 1605/1605/1605
f 1605/1605/1605 1292/1292/1292 1606/1606/1606
f 1606/1606/1606 1292/1292/1292 1537/1537/1537
f 1308/1308/1308 90/90/90 1309/1309/1309
f 90/90/90 1308/1308/1308 87/87/87
f 87/87/87 1308/1308/1308 84/84/84
f 84/84/84 1308/1308/1308 1315/1315/1315
f 1309/1309/1309 90/90/90 92/92/92
f 84/84/84 1315/1315/1315 77/77/77
f 77/77/77 1315/1315/1315 128/128/128
f 128/128/128 1315/1315/1315 135/135/135
f 135/135/135 1315/1315/1315 131/131/131
f 131/131/131 1315/1315/1315 140/140/140
f 140/140/140 1315/1315/1315 146/146/146
f 146/146/146 1315/1315/1315 161/161/161
f 161/161/161 1315/1315/1315 159/159/159
f 159/159/159 1315/1315/1315 156/156/156
f 1309/1309/1309 65/65/65 1314/1314/1314
f 65/65/65 1309/1309/1309 69/69/69
f 69/69/69 1309/1309/1309 63/63/63
f 63/63/63 1309/1309/1309 99/99/99
f 99/99/99 1309/1309/1309 92/92/92
f 1314/1314/1314 65/65/65 60/60/60
f 1314/1314/1314 60/60/60 53/53/53
f 1314/1314/1314 53/53/53 57/57/57
f 1314/1314/1314 57/57/57 50/50/50
f 1314/1314/1314 50/50/50 48/48/48
f 1314/1314/1314 48/48/48 45/45/45
f 1314/1314/1314 45/45/45 42/42/42
f 1314/1314/1314 42/42/42 36/36/36
f 1314/1314/1314 36/36/36 31/31/31
f 1331/1331/1331 152/152/152 1359/1359/1359
f 152/152/152 1331/1331/1331 150/150/150
f 150/150/150 1331/1331/1331 143/143/143
f 143/143/143 1331/1331/1331 137/137/137
f 137/137/137 1331/1331/1331 125/125/125
f 125/125/125 1331/1331/1331 122/122/122
f 122/122/122 1331/1331/1331 74/74/74
f 74/74/74 1331/1331/1331 72/72/72
f 72/72/72 1331/1331/1331 81/81/81
f 81/81/81 1331/1331/1331 96/96/96
f 96/96/96 1331/1331/1331 102/102/102
f 102/102/102 1331/1331/1331 105/105/105
f 105/105/105 1331/1331/1331 107/107/107
f 107/107/107 1331/1331/1331 111/111/111
f 29/29/29 1322/1322/1322 37/37/37
f 1322/1322/1322 29/29/29 1330/1330/1330
f 1330/1330/1330 29/29/29 26/26/26
f 1330/1330/1330 26/26/26 23/23/23
f 1330/1330/1330 23/23/23 20/20/20
f 1330/1330/1330 20/20/20 17/17/17
f 1330/1330/1330 17/17/17 11/11/11
f 1330/1330/1330 11/11/11 8/8/8
f 1330/1330/1330 8/8/8 15/15/15
f 1330/1330/1330 15/15/15 119/119/119
f 1330/1330/1330 119/119/119 116/116/116
f 1330/1330/1330 116/116/116 113/113/113
f 1330/1330/1330 113/113/113 111/111/111
f 1330/1330/1330 111/111/111 1331/1331/1331
f 1329/1329/1329 1607/1607/1607 1154/1154/1154
f 1607/1607/1607 1329/1329/1329 1335/1335/1335
f 1607/1607/1607 1335/1335/1335 1608/1608/1608
f 1608/1608/1608 1335/1335/1335 1334/1334/1334
f 1154/1154/1154 1609/1609/1609 1160/1160/1160
f 1609/1609/1609 1154/1154/1154 1607/1607/1607
f 1160/1160/1160 1609/1609/1609 1610/1610/1610
f 1160/1160/1160 1610/1610/1610 1579/1579/1579
f 1332/1332/1332 1611/1611/1611 1333/1333/1333
f 1611/1611/1611 1332/1332/1332 1342/1342/1342
f 1611/1611/1611 1342/1342/1342 1612/1612/1612
f 1612/1612/1612 1342/1342/1342 1613/1613/1613
f 1614/1614/1614 1157/1157/1157 1580/1580/1580
f 1157/1157/1157 1614/1614/1614 1163/1163/1163
f 1163/1163/1163 1614/1614/1614 1613/1613/1613
f 1163/1163/1163 1613/1613/1613 1342/1342/1342
f 1264/1264/1264 32/32/32 35/35/35
f 32/32/32 1264/1264/1264 39/39/39
f 39/39/39 1358/1358/1358 30/30/30
f 1358/1358/1358 39/39/39 1264/1264/1264
f 1615/1615/1615 1137/1137/1137 1616/1616/1616
f 1137/1137/1137 1615/1615/1615 1138/1138/1138
f 1138/1138/1138 1615/1615/1615 1617/1617/1617
f 1293/1293/1293 1618/1618/1618 413/413/413
f 1618/1618/1618 1293/1293/1293 1604/1604/1604
f 413/413/413 1619/1619/1619 414/414/414
f 1619/1619/1619 413/413/413 1618/1618/1618
f 414/414/414 1619/1619/1619 1620/1620/1620
f 414/414/414 1620/1620/1620 1141/1141/1141
f 1621/1621/1621 1138/1138/1138 1617/1617/1617
f 1138/1138/1138 1621/1621/1621 1133/1133/1133
f 1133/1133/1133 1621/1621/1621 1622/1622/1622
f 1133/1133/1133 1622/1622/1622 1283/1283/1283
f 1528/1528/1528 1514/1514/1514 1513/1513/1513
f 1514/1514/1514 1528/1528/1528 1623/1623/1623
f 1623/1623/1623 1528/1528/1528 1624/1624/1624
f 1624/1624/1624 1528/1528/1528 1527/1527/1527
f 1516/1516/1516 1530/1530/1530 1529/1529/1529
f 1530/1530/1530 1516/1516/1516 1625/1625/1625
f 1625/1625/1625 1516/1516/1516 1515/1515/1515
f 1626/1626/1626 1141/1141/1141 1620/1620/1620
f 1141/1141/1141 1626/1626/1626 1137/1137/1137
f 1137/1137/1137 1626/1626/1626 1627/1627/1627
f 1137/1137/1137 1627/1627/1627 1616/1616/1616
f 1519/1519/1519 269/269/269 268/268/268
f 269/269/269 1519/1519/1519 1522/1522/1522
f 1522/1522/1522 1519/1519/1519 1628/1628/1628
f 1522/1522/1522 1628/1628/1628 1629/1629/1629
f 1575/1575/1575 212/212/212 1576/1576/1576
f 212/212/212 1575/1575/1575 213/213/213
f 213/213/213 1575/1575/1575 1630/1630/1630
f 213/213/213 1630/1630/1630 1631/1631/1631

o Cube_side_0
usemtl side
v -0.96194601 -0.97768372 -4.09521294
v -0.94909304 -0.97768372 -4.09632158
v -0.95500916 -0.98416024 -4.08986807
v -0.96194601 0.97768456 -4.09521294
v -0.95500916 0.98416108 -4.08986807
v -0.94909304 0.97768456 -4.09632158
v 0.67348766 -0.97768372 -4.08882475
v 0.66652691 -0.98416024 -4.08348560
v 0.66063488 -0.97768372 -4.08998489
v -1.03507006 -0.99352306 5.34109259
v -1.02805853 -0.99999958 5.33594608
v -1.02225506 -0.99352306 5.34242249
v -1.03507006 0.99352396 5.34109259
v -1.02225506 0.99352396 5.34242249
v -1.02805853 1.00000048 5.33594608
v 0.70959461 -0.99352306 5.34109259
v 0.69677955 -0.99352306 5.34242249
v 0.70258296 -0.99999958 5.33594608
v 1.80999327 0.99352396 -0.41680315
v 1.84108233 0.65902984 -0.42401582
v 1.84049737 0.65901852 -0.43715689
v 1.80941641 0.99352396 -0.42973933
v -1.99646187 -0.99352306 -2.41681790
v -2.13489175 -0.99352306 -0.42973933
v -2.16621900 -0.65891486 -0.43715918
v -2.02560401 -0.65885121 -2.45569038
v 1.67098653 0.99352396 -2.41681790
v 1.84049737 0.65901852 -0.43715689
v 1.69988143 0.65897375 -2.45567608
v -2.13546872 -0.99352306 -0.41680315
v -2.16680264 -0.65894067 -0.42401773
v -1.88645208 0.99352396 -3.38188624
v -1.91400898 0.65694845 -3.43634152
v -1.91597521 0.65747392 -3.42325687
v -1.88843000 0.99352396 -3.36909008
v 1.65010333 -0.99352306 -2.85506296
v 1.67870343 -0.65855598 -2.90091205
v 1.67945445 -0.65875334 -2.88775015
v 1.65085924 -0.99352306 -2.84213281
v -1.93058300 0.99352396 -3.03539920
v -1.95876300 0.65789247 -3.08420181
v -1.96004534 0.65821671 -3.07106590
v -1.93187201 0.99352396 -3.02251482
v 1.63764262 -0.99352306 -3.02832937
v 1.66609740 -0.65794086 -3.07701254
v 1.66732621 -0.65828782 -3.06386876
v 1.63888121 -0.99352306 -3.01544023
v 1.59488487 -0.99352306 -3.37481785
v 1.62274182 -0.65696645 -3.42915750
v 1.62465572 -0.65750515 -3.41606331
v 1.59681273 -0.99352306 -3.36201406
v -1.83826172 0.99352396 -3.63593435
v -1.86516368 0.65553904 -3.69467831
v -1.86908841 0.65629631 -3.68212008
v -1.84218419 0.99352396 -3.62370276
v -1.71915877 0.99352396 -3.82887483
v -1.74437916 0.65253508 -3.89125252
v -1.75327122 0.65320289 -3.88150859
v -1.72795868 0.99352396 -3.81940556
v 1.54772305 -0.99352306 -3.62887073
v 1.57494426 -0.65553856 -3.68750191
v 1.57882190 -0.65630388 -3.67492843
v 1.55160046 -0.99352306 -3.61662531
v -1.78040981 0.99352396 -3.75524521
v -1.80650973 0.65394205 -3.81618309
v -1.81341398 0.65473622 -3.80499125
v -1.78726518 0.99352396 -3.74437022
v 1.49036527 -0.99352306 -3.74818301
v 1.51679468 -0.65393198 -3.80900908
v 1.52366424 -0.65472996 -3.79779649
v 1.49718761 -0.99352306 -3.73728800
v 1.29813874 -0.99281675 -3.94367671
v 1.32162309 -0.65139991 -4.00803185
v 1.33242989 -0.65192193 -4.00087881
v 1.30877769 -0.99352306 -3.93664837
v 1.42943072 -0.99352306 -3.82181191
v 1.45498717 -0.65252268 -3.88407779
v 1.46385574 -0.65319073 -3.87431312
v 1.43820810 -0.99352306 -3.81232190
v -1.58730924 0.99281764 -3.95072055
v -1.61044824 0.65140820 -4.01518822
v -1.62127733 0.65193278 -4.00807476
v -1.59797025 0.99352396 -3.94373131
v 0.67347592 0.65020227 -4.15497160
v 0.66063488 0.97768456 -4.08998489
v 0.67348766 0.97768456 -4.08882475
v 0.68652874 0.65025872 -4.15378237
v -1.44632077 0.97768456 -4.00908756
v -1.46662831 0.65039718 -4.07276344
v -1.47916925 0.65065825 -4.06906939
v -1.45865750 0.97832137 -4.00541973
v -2.14992690 -0.99352306 0.32384706
v -2.18149590 -0.65887535 0.32835311
v -2.18127561 -0.65892810 0.31519616
v -2.14971495 -0.99352306 0.31089577
v 1.15743113 -0.97768372 -4.00270128
v 1.17807901 -0.65039396 -4.06627750
v 1.19060743 -0.65065259 -4.06255293
v 1.16975522 -0.97832054 -3.99900317
v -2.16072440 -0.99352306 1.15249515
v -2.19248748 -0.65863043 1.17012882
v -2.19238710 -0.65877831 1.15696347
v -2.16063929 -0.99352306 1.13954270
v 1.67023242 -0.99352306 -2.42974830
v 1.69912267 -0.65888900 -2.46882081
v 1.69988143 -0.65897262 -2.45567608
v 1.67098653 -0.99352306 -2.41681790
v -1.94372547 0.99352396 -2.86213422
v -1.97206652 0.65845495 -2.90810943
v -1.97331977 0.65862411 -2.89499235
v -1.94497323 0.99352396 -2.84924459
v 1.82445133 0.99352396 0.32384706
v 1.85577691 0.65894592 0.32835215
v 1.85555625 0.65900654 0.31519514
v 1.82423961 0.99352396 0.31089577
v 1.83524895 0.99352396 1.15249515
v 1.86676943 0.65869093 1.17012572
v 1.86666882 0.65884316 1.15696013
v 1.83516395 0.99352396 1.13954270
v -2.03739047 -0.99352306 3.97565460
v -2.06742024 -0.65615761 4.03846264
v -2.06940651 -0.65679365 4.02534914
v -2.03940129 -0.99352306 3.96286368
v 1.83497453 0.99352396 2.39912724
v 1.86653721 0.65819687 2.43655396
v 1.86678946 0.65847886 2.42336988
v 1.83524895 0.99352396 2.38617992
v -2.12008333 -0.99352306 3.33772469
v -2.15132356 -0.65733063 3.39017129
v -2.15240264 -0.65777946 3.37700272
v -2.12118673 -0.99352306 3.32483077
v 1.79460788 0.99352396 3.33772469
v 1.82560527 0.65738451 3.39016294
v 1.82668471 0.65783393 3.37699437
v 1.79571128 0.99352396 3.32483077
v 1.71191502 0.99352396 3.97565460
v 1.74170148 0.65621078 4.03845263
v 1.74368811 0.65684724 4.02533960
v 1.71392584 0.99352396 3.96286368
v -1.94078302 -0.99352306 4.49631357
v -1.96941364 -0.65447241 4.56778383
v -1.97171319 -0.65539974 4.55464506
v -1.94312334 -0.99352306 4.48357391
v -1.77160347 -0.99352306 5.06420898
v -1.79795003 -0.64886457 5.14611816
v -1.80606365 -0.65036273 5.13592100
v -1.77970016 -0.99352306 5.05452490
v 1.61530757 0.99352396 4.49631357
v 1.64369416 0.65452445 4.56777334
v 1.64599407 0.65545261 4.55463409
v 1.61764789 0.99352396 4.48357391
v -1.86956692 -0.99352306 4.87765121
v -1.89726460 -0.65189564 4.95582581
v -1.90130889 -0.65329856 4.94316339
v -1.87365913 -0.99352306 4.86550522
v 1.54409146 0.99352396 4.87765121
v 1.57154357 0.65194476 4.95581484
v 1.57558870 0.65334946 4.94315243
v 1.54818368 0.99352396 4.86550522
v 1.21632969 0.99352396 5.23477316
v 1.23883033 0.64665055 5.32000637
v 1.25045741 0.64761412 5.31444454
v 1.22783113 0.99352396 5.22953320
v 1.44612801 0.99352396 5.06420898
v 1.47222769 0.64890534 5.14610863
v 1.48034191 0.65040869 5.13591003
v 1.45422471 0.99352396 5.05452490
v -1.54180515 -0.99352306 5.23477316
v -1.56455278 -0.64662582 5.32001257
v -1.57617986 -0.64758062 5.31445217
v -1.55330658 -0.99352306 5.22953320
v -1.02225506 -0.99352306 5.34242249
v -1.03651500 -0.64574862 5.42964792
v -1.04952919 -0.64602554 5.42822695
v -2.16044998 -0.99352306 2.39912724
v -2.19225502 -0.65814126 2.43655992
v -2.19250727 -0.65842128 2.42337608
v -2.16072440 -0.99352306 2.38617992
v -1.99524128 0.99352396 -2.42970943
v -2.02437282 0.65875286 -2.46879745
v -2.02560401 0.65885192 -2.45569038
v -1.99646187 0.99352396 -2.41681790
v -1.99524128 -0.99352306 -2.42970943
v -1.98871291 -0.99999958 -2.42975545
v -1.98997068 -0.99999958 -2.41680217
v -1.99646187 -0.99352306 -2.41681790
v -1.99524128 0.99352396 -2.42970943
v -1.99646187 0.99352396 -2.41681790
v -1.98997068 1.00000048 -2.41680217
v -1.98871291 1.00000048 -2.42975545
v -2.13546872 0.99352396 -0.41680315
v -2.12899089 1.00000048 -0.41680190
v -2.12839842 1.00000048 -0.42975500
v -2.13489175 0.99352396 -0.42973933
v 1.67098653 -0.99352306 -2.41681790
v 1.66449535 -0.99999958 -2.41680217
v 1.66374850 -0.99999958 -2.42975545
v 1.80999327 -0.99352306 -0.41680315
v 1.80351555 -0.99999958 -0.41680190
v 1.80292308 -0.99999958 -0.42975500
v 1.80941641 -0.99352306 -0.42973933
v -1.94372547 -0.99352306 -2.86213422
v -1.93723094 -0.99999958 -2.86213827
v -1.93845737 -0.99999958 -2.84918714
v -1.94497323 -0.99352306 -2.84924459
v -1.94497323 0.99352396 -2.84924459
v -1.93845737 1.00000048 -2.84918714
v -1.93723094 1.00000048 -2.86213827
v 1.65085924 -0.99352306 -2.84213281
v 1.64437544 -0.99999958 -2.84213781
v 1.64360881 -0.99999958 -2.85509253
v -1.93058300 -0.99352306 -3.03539920
v -1.92405033 -0.99999958 -3.03543591
v -1.92538011 -0.99999958 -3.02248526
v -1.93187201 -0.99352306 -3.02251482
v -1.93187201 0.99352396 -3.02251482
v -1.92538011 1.00000048 -3.02248526
v -1.92405033 1.00000048 -3.03543591
v 1.63888121 -0.99352306 -3.01544023
v 1.63238907 -0.99999958 -3.01543617
v 1.63111007 -0.99999958 -3.02839208
v -1.88645208 -0.99352306 -3.38188624
v -1.87985134 -0.99999958 -3.38197637
v -1.88190985 -0.99999958 -3.36902714
v -1.88843000 -0.99352306 -3.36909008
v -1.88645208 0.99352396 -3.38188624
v -1.88843000 0.99352396 -3.36909008
v -1.88190985 1.00000048 -3.36902714
v -1.87985134 1.00000048 -3.38197637
v 1.59681273 -0.99352306 -3.36201406
v 1.59029233 -0.99999958 -3.36197758
v 1.58828449 -0.99999958 -3.37493491
v -1.83826172 -0.99352306 -3.63593435
v -1.83082497 -0.99999958 -3.63652897
v -1.83562148 -0.99999958 -3.62358570
v -1.84218419 -0.99352306 -3.62370276
v -1.84218419 0.99352396 -3.62370276
v -1.83562148 1.00000048 -3.62358570
v -1.83082497 1.00000048 -3.63652897
v 1.55160046 -0.99352306 -3.61662531
v 1.54503715 -0.99999958 -3.61653519
v 1.54028499 -0.99999958 -3.62949848
v -1.78040981 -0.99352306 -3.75524521
v -1.77087307 -0.99999958 -3.75667834
v -1.78040195 -0.99999958 -3.74374557
v -1.78726518 -0.99352306 -3.74437022
v -1.78726518 0.99352396 -3.74437022
v -1.78040195 1.00000048 -3.74374557
v -1.77087307 1.00000048 -3.75667834
v 1.49718761 -0.99352306 -3.73728800
v 1.49032068 -0.99999958 -3.73669028
v 1.48081303 -0.99999958 -3.74966431
v -1.71915877 -0.99352306 -3.82887483
v -1.70764923 -0.99999958 -3.83086014
v -1.72079468 -0.99999958 -3.81793618
v -1.72795868 -0.99352306 -3.81940556
v -1.72079468 1.00000048 -3.81793618
v -1.70764923 1.00000048 -3.83086014
v 1.43103540 -0.99999958 -3.81087708
v 1.41788495 -0.99999958 -3.82385993
v -1.58730924 -0.99281675 -3.95072055
v -1.56262314 -0.99834925 -3.95437431
v -1.59069455 -0.99999958 -3.94170356
v -1.59797025 -0.99352306 -3.94373131
v -1.59797025 0.99352396 -3.94373131
v -1.59069455 1.00000048 -3.94170356
v -1.56262302 0.99835020 -3.95437431
v 1.30877769 -0.99352306 -3.93664837
v 1.30149019 -0.99999958 -3.93464327
v 1.27347088 -0.99834931 -3.94745111
v -1.44632077 -0.97768372 -4.00908756
v -1.38027084 -0.98416024 -4.01425314
v -1.45134354 -0.98581052 -4.00168753
v -1.45865750 -0.97832054 -4.00541973
v -1.45865750 0.97832137 -4.00541973
v -1.45134354 0.98581135 -4.00168753
v -1.38027084 0.98416108 -4.01425314
v 1.16975522 -0.97832054 -3.99900317
v 1.16242278 -0.98581052 -3.99530697
v 1.08943105 -0.98416024 -4.00822449
v -2.14971495 -0.99352306 0.31089577
v -2.14323735 -0.99999958 0.31089452
v -2.14344978 -0.99999958 0.32384762
v -2.14992690 0.99352396 0.32384706
v -2.14344978 1.00000048 0.32384762
v -2.14323735 1.00000048 0.31089452
v -2.14971495 0.99352396 0.31089577
v 1.82445133 -0.99352306 0.32384706
v 1.81797433 -0.99999958 0.32384762
v 1.81776178 -0.99999958 0.31089452
v 1.82423961 -0.99352306 0.31089577
v -2.16063929 -0.99352306 1.13954270
v -2.15416241 -0.99999958 1.13954210
v -2.15424776 -0.99999958 1.15249515
v -2.16072440 0.99352396 1.15249515
v -2.15424776 1.00000048 1.15249515
v -2.15416241 1.00000048 1.13954210
v -2.16063929 0.99352396 1.13954270
v 1.83524895 -0.99352306 1.15249515
v 1.82877243 -0.99999958 1.15249515
v 1.82868683 -0.99999958 1.13954210
v 1.83516395 -0.99352306 1.13954270
v -2.16072440 -0.99352306 2.38617992
v -2.15424776 -0.99999958 2.38617992
v -2.15396738 -0.99999958 2.39913321
v -2.16044998 0.99352396 2.39912724
v -2.15396738 1.00000048 2.39913321
v -2.15424776 1.00000048 2.38617992
v -2.16072440 0.99352396 2.38617992
v 1.83497453 -0.99352306 2.39912724
v 1.82849193 -0.99999958 2.39913321
v 1.82877243 -0.99999958 2.38617992
v 1.83524895 -0.99352306 2.38617992
v -2.12118673 -0.99352306 3.32483077
v -2.11470461 -0.99999958 3.32482481
v -2.11354613 -0.99999958 3.33777809
v -2.12008333 0.99352396 3.33772469
v -2.11354613 1.00000048 3.33777809
v -2.11470461 1.00000048 3.32482481
v -2.12118673 0.99352396 3.32483077
v 1.79460788 -0.99352306 3.33772469
v 1.78807080 -0.99999958 3.33777809
v 1.78922927 -0.99999958 3.32482481
v 1.79571128 -0.99352306 3.32483077
v -2.03940129 -0.99352306 3.96286368
v -2.03287792 -0.99999958 3.96281028
v -2.03078318 -0.99999958 3.97576356
v -2.03739047 0.99352396 3.97565460
v -2.03078318 1.00000048 3.97576356
v -2.03287792 1.00000048 3.96281028
v -2.03940129 0.99352396 3.96286368
v 1.71191502 -0.99352306 3.97565460
v 1.70530772 -0.99999958 3.97576356
v 1.70740247 -0.99999958 3.96281028
v 1.71392584 -0.99352306 3.96286368
v -1.94312334 -0.99352306 4.48357391
v -1.93655634 -0.99999958 4.48346519
v -1.93418121 -0.99999958 4.49641800
v -1.94078302 0.99352396 4.49631357
v -1.93418121 1.00000048 4.49641800
v -1.93655634 1.00000048 4.48346519
v -1.94312334 0.99352396 4.48357391
v 1.61530757 -0.99352306 4.49631357
v 1.60870576 -0.99999958 4.49641800
v 1.61108088 -0.99999958 4.48346519
v 1.61764789 -0.99352306 4.48357391
v -1.87365913 -0.99352306 4.86550522
v -1.86709535 -0.99999958 4.86540079
v -1.86194563 -0.99999958 4.87835360
v -1.86956692 0.99352396 4.87765121
v -1.86194563 1.00000048 4.87835360
v -1.86709535 1.00000048 4.86540079
v -1.87365913 0.99352396 4.86550522
v 1.54409146 -0.99352306 4.87765121
v 1.53647017 -0.99999958 4.87835360
v 1.54161990 -0.99999958 4.86540079
v 1.54818368 -0.99352306 4.86550522
v -1.77279246 -0.99999958 5.05382252
v -1.75748718 -0.99999958 5.06677532
v -1.77160347 0.99352396 5.06420898
v -1.75748718 1.00000048 5.06677532
v -1.77279246 1.00000048 5.05382252
v -1.77970016 0.99352396 5.05452490
v 1.44612801 -0.99352306 5.06420898
v 1.43201172 -0.99999958 5.06677532
v 1.44731700 -0.99999958 5.05382252
v 1.45422471 -0.99352306 5.05452490
v -1.55330658 -0.99352306 5.22953320
v -1.54596758 -0.99999958 5.22696686
v -1.48573542 -0.99999958 5.23991966
v -1.54180515 0.99352396 5.23477316
v -1.48573542 1.00000048 5.23991966
v -1.54596758 1.00000048 5.22696686
v -1.55330658 0.99352396 5.22953320
v 1.21632969 -0.99352306 5.23477316
v 1.16025996 -0.99999958 5.23991966
v 1.22049212 -0.99999958 5.22696686
v 1.22783113 -0.99352306 5.22953320
v -2.02437282 0.65875286 -2.46879745
v -2.18127561 -0.65892810 0.31519616
v 1.80941641 0.99352396 -0.42973933
v 1.67098653 0.99352396 -2.41681790
v 1.66449535 1.00000048 -2.41680217
v 1.80292308 1.00000048 -0.42975500
v 1.84108233 0.65902984 -0.42401582
v 1.85555625 0.65900654 0.31519514
v -1.96004534 0.65821671 -3.07106590
v 1.66732621 -0.65828782 -3.06386876
v -1.91597521 0.65747392 -3.42325687
v 1.66609740 -0.65794086 -3.07701254
v 1.62465572 -0.65750515 -3.41606331
v -1.93187201 -0.99352306 -3.02251482
v -1.92538011 -0.99999958 -3.02248526
v 1.63238907 -0.99999958 -3.01543617
v 1.65010333 0.99352396 -2.85506296
v 1.63888121 0.99352396 -3.01544023
v 1.63238907 1.00000048 -3.01543617
v 1.64360881 1.00000048 -2.85509253
v -1.92538011 1.00000048 -3.02248526
v -1.91400898 0.65694845 -3.43634152
v -1.86908841 0.65629631 -3.68212008
v 1.62274182 -0.65696645 -3.42915750
v 1.57882190 -0.65630388 -3.67492843
v -1.86516368 0.65553904 -3.69467831
v 1.57494426 -0.65553856 -3.68750191
v 1.54503715 -0.99999958 -3.61653519
v 1.59488487 0.99352396 -3.37481785
v 1.55160046 0.99352396 -3.61662531
v 1.54503715 1.00000048 -3.61653519
v 1.58828449 1.00000048 -3.37493491
v -1.72795868 0.99352396 -3.81940556
v -1.75327122 0.65320289 -3.88150859
v 1.51679468 -0.65393198 -3.80900908
v 1.43820810 -0.99352306 -3.81232190
v 1.46385574 -0.65319073 -3.87431312
v -1.78726518 -0.99352306 -3.74437022
v -1.78040195 -0.99999958 -3.74374557
v 1.49032068 -0.99999958 -3.73669028
v 1.54772305 0.99352396 -3.62887073
v 1.49718761 0.99352396 -3.73728800
v 1.49032068 1.00000048 -3.73669028
v 1.54028499 1.00000048 -3.62949848
v -1.78040195 1.00000048 -3.74374557
v 1.45498717 -0.65252268 -3.88407779
v -1.61044824 0.65140820 -4.01518822
v -1.59797025 -0.99352306 -3.94373131
v -1.59069455 -0.99999958 -3.94170356
v 1.30149019 -0.99999958 -3.93464327
v 1.42943072 0.99352396 -3.82181191
v 1.30877769 0.99352396 -3.93664837
v 1.30149019 1.00000048 -3.93464327
v 1.41788495 1.00000048 -3.82385993
v -1.59069455 1.00000048 -3.94170356
v -1.46662831 0.65039718 -4.07276344
v -0.97464001 0.65025926 -4.16027069
v 0.68652874 -0.65025789 -4.15378237
v 1.29813874 0.99281764 -3.94367671
v 1.16975534 0.97832137 -3.99900341
v 1.16242278 0.98581135 -3.99530697
v 1.27347088 0.99835020 -3.94745111
v -1.45134354 0.98581135 -4.00168753
v -0.94909304 0.97768456 -4.09632158
v -0.96158695 0.65020227 -4.16140842
v -0.95500916 0.98416108 -4.08986807
v 0.66652691 0.98416108 -4.08348560
v 0.66063488 -0.97768372 -4.08998489
v 0.67347592 -0.65020144 -4.15497160
v -0.94909304 -0.97768372 -4.09632158
v 0.66652691 -0.98416024 -4.08348560
v -0.95500916 -0.98416024 -4.08986807
v -2.19238710 -0.65877831 1.15696347
v 1.82423961 -0.99352306 0.31089577
v 1.81776178 -0.99999958 0.31089452
v 1.82423961 0.99352396 0.31089577
v 1.80999327 0.99352396 -0.41680315
v 1.80351555 1.00000048 -0.41680190
v 1.81776178 1.00000048 0.31089452
v -2.19248748 -0.65863043 1.17012882
v 1.86676943 0.65869093 1.17012572
v -2.19225502 -0.65814126 2.43655992
v 1.86653721 0.65819687 2.43655396
v -2.15132356 -0.65733063 3.39017129
v -2.06940651 -0.65679365 4.02534914
v 1.82560527 0.65738451 3.39016294
v 1.74368811 0.65684724 4.02533960
v 1.79571128 -0.99352306 3.32483077
v 1.78922927 -0.99999958 3.32482481
v -2.11470461 -0.99999958 3.32482481
v -2.12118673 0.99352396 3.32483077
v -2.11470461 1.00000048 3.32482481
v 1.79571128 0.99352396 3.32483077
v 1.83497453 0.99352396 2.39912724
v 1.82849193 1.00000048 2.39913321
v 1.78922927 1.00000048 3.32482481
v -1.97171319 -0.65539974 4.55464506
v 1.64369416 0.65452445 4.56777334
v 1.61764789 -0.99352306 4.48357391
v 1.61108088 -0.99999958 4.48346519
v 1.61764789 0.99352396 4.48357391
v 1.71191502 0.99352396 3.97565460
v 1.70530772 1.00000048 3.97576356
v 1.61108088 1.00000048 4.48346519
v -1.89726460 -0.65189564 4.95582581
v -1.77970016 -0.99352306 5.05452490
v -1.80606365 -0.65036273 5.13592100
v 1.57154357 0.65194476 4.95581484
v 1.45422471 0.99352396 5.05452490
v 1.48034191 0.65040869 5.13591003
v 1.54818368 -0.99352306 4.86550522
v 1.54161990 -0.99999958 4.86540079
v -1.86709535 -0.99999958 4.86540079
v -1.87365913 0.99352396 4.86550522
v -1.86709535 1.00000048 4.86540079
v 1.54818368 0.99352396 4.86550522
v 1.61530757 0.99352396 4.49631357
v 1.60870576 1.00000048 4.49641800
v 1.54161990 1.00000048 4.86540079
v 1.47222769 0.64890534 5.14610863
v 0.70959461 0.99352396 5.34109259
v 0.72380733 0.64604080 5.42822313
v 1.22783113 -0.99352306 5.22953320
v 1.22049212 -0.99999958 5.22696686
v -1.54596758 -0.99999958 5.22696686
v -1.55330658 0.99352396 5.22953320
v -1.54596758 1.00000048 5.22696686
v 1.22783113 0.99352396 5.22953320
v 1.44612801 0.99352396 5.06420898
v 1.43201172 1.00000048 5.06677532
v 1.22049212 1.00000048 5.22696686
v 0.71079320 -0.64575338 5.42964697
v -1.03651500 -0.64574862 5.42964792
v 0.69677955 -0.99352306 5.34242249
v -1.02225506 0.99352396 5.34242249
v 0.69677955 0.99352396 5.34242249
v 0.70258296 1.00000048 5.33594608
v -1.02805853 1.00000048 5.33594608
v 0.71079320 0.64575422 5.42964697
v -1.02805853 -0.99999958 5.33594608
v 0.70258296 -0.99999958 5.33594608
v 0.70959461 0.99352396 5.34109259
v 1.21632969 0.99352396 5.23477316
v 1.16025996 1.00000048 5.23991966
v 0.70258296 1.00000048 5.33594608
v 0.72380733 -0.64604002 5.42822313
v -1.03651500 0.64574945 5.42964792
v 0.71079320 0.64575422 5.42964697
v 1.23883033 -0.64664978 5.32000637
v 0.72380733 -0.64604002 5.42822313
v -1.56455278 0.64662677 5.32001257
v -1.04952919 0.64602661 5.42822695
v 1.47222769 -0.64890468 5.14610863
v 1.25045741 -0.64761347 5.31444454
v -1.79795003 0.64886558 5.14611816
v -1.57617974 0.64758164 5.31445217
v 1.57154346 -0.65194416 4.95581484
v 1.48034191 -0.65040821 5.13591003
v 1.45422471 -0.99352306 5.05452490
v -1.89726460 0.65189672 4.95582581
v -1.80606365 0.65036392 5.13592100
v -1.77970016 0.99352396 5.05452490
v 1.64369404 -0.65452379 4.56777287
v 1.57558870 -0.65334904 4.94315195
v -1.96941364 0.65447360 4.56778383
v -1.90130889 0.65329981 4.94316339
v 1.74170148 -0.65621018 4.03845263
v 1.64599407 -0.65545207 4.55463409
v -2.03739047 0.99352396 3.97565460
v -2.06742024 0.65615880 4.03846264
v -1.97171307 0.65540117 4.55464506
v -1.94312334 0.99352396 4.48357391
v 1.82560515 -0.65738392 3.39016294
v 1.74368811 -0.65684664 4.02533960
v 1.71392584 -0.99352306 3.96286368
v -2.15132356 0.65733182 3.39017129
v -2.06940651 0.65679497 4.02534914
v -2.03940129 0.99352396 3.96286368
v 1.86653721 -0.65819621 2.43655396
v 1.82668471 -0.65783334 3.37699437
v -2.19225502 0.65814233 2.43655992
v -2.15240264 0.65778065 3.37700248
v 1.86676943 -0.65869009 1.17012572
v 1.86678934 -0.65847820 2.42336988
v 1.83524895 -0.99352306 2.38617992
v -2.16072440 0.99352396 1.15249515
v -2.19248748 0.65863144 1.17012882
v -2.19250727 0.65842247 2.42337608
v -2.16072440 0.99352396 2.38617992
v 1.85577691 -0.65894508 0.32835215
v 1.86666882 -0.65884233 1.15696013
v 1.83516395 -0.99352306 1.13954270
v -2.14992690 0.99352396 0.32384706
v -2.18149590 0.65887618 0.32835311
v -2.19238710 0.65877926 1.15696347
v -2.16063929 0.99352396 1.13954270
v -0.96158695 -0.65020144 -4.16140842
v -0.97464001 -0.65025842 -4.16027069
v 1.15743113 0.97768456 -4.00270128
v 1.17807901 0.65039480 -4.06627750
v -1.46662831 -0.65039641 -4.07276344
v 1.29813874 0.99281764 -3.94367671
v 1.32162309 0.65140086 -4.00803185
v 1.19060755 0.65065354 -4.06255293
v 1.16975534 0.97832137 -3.99900341
v -1.61044824 -0.65140742 -4.01518822
v -1.47916925 -0.65065753 -4.06906939
v -1.45865750 -0.97832054 -4.00541973
v 1.42943072 0.99352396 -3.82181191
v 1.45498717 0.65252376 -3.88407779
v 1.33242989 0.65192294 -4.00087881
v 1.30877769 0.99352396 -3.93664837
v -1.74437904 -0.65253431 -3.89125252
v -1.62127733 -0.65193200 -4.00807428
v 1.49036527 0.99352396 -3.74818301
v 1.51679468 0.65393299 -3.80900908
v 1.46385574 0.65319192 -3.87431312
v 1.43820810 0.99352396 -3.81232190
v -1.80650973 -0.65394139 -3.81618285
v -1.75327122 -0.65320224 -3.88150859
v -1.72795868 -0.99352306 -3.81940556
v 1.54772305 0.99352396 -3.62887073
v 1.57494426 0.65553981 -3.68750167
v 1.52366424 0.65473127 -3.79779649
v 1.49718761 0.99352396 -3.73728800
v -1.86516368 -0.65553832 -3.69467831
v -1.81341386 -0.65473568 -3.80499125
v 1.59488487 0.99352396 -3.37481785
v 1.62274170 0.65696758 -3.42915750
v 1.57882190 0.65630513 -3.67492819
v 1.55160046 0.99352396 -3.61662531
v -1.91400898 -0.65694785 -3.43634152
v -1.86908841 -0.65629572 -3.68212008
v -1.84218419 -0.99352306 -3.62370276
v 1.63764250 0.99352396 -3.02832937
v 1.66609740 0.65794206 -3.07701254
v 1.62465560 0.65750647 -3.41606307
v 1.59681261 0.99352396 -3.36201406
v -1.95876300 -0.65789169 -3.08420181
v -1.91597521 -0.65747339 -3.42325687
v -1.88843000 -0.99352306 -3.36909008
v 1.65010333 0.99352396 -2.85506296
v 1.67870343 0.65855694 -2.90091205
v 1.66732621 0.65828913 -3.06386876
v 1.63888121 0.99352396 -3.01544023
v -1.97206652 -0.65845418 -2.90810943
v -1.96004522 -0.65821606 -3.07106590
v 1.69988143 -0.65897262 -2.45567608
v 1.84049737 -0.65901756 -0.43715689
v 1.80941641 -0.99352306 -0.42973933
v 1.67023253 0.99352396 -2.42974830
v 1.69912279 0.65889001 -2.46882081
v 1.67945457 0.65875447 -2.88775015
v 1.65085936 0.99352396 -2.84213281
v -2.02560401 0.65885192 -2.45569038
v -2.16621900 0.65891576 -0.43715918
v -2.13489175 0.99352396 -0.42973933
v -2.02437282 -0.65875208 -2.46879745
v -2.19250727 0.65842247 2.42337608
v -1.04952919 0.64602661 5.42822695
v 1.47222769 -0.64890468 5.14610863
v 1.48034191 -0.65040821 5.13591003
v 1.23883033 -0.64664978 5.32000637
v 1.57558870 -0.65334904 4.94315195
v -1.89726460 0.65189672 4.95582581
v 1.64599407 -0.65545207 4.55463409
v -1.79795003 0.64886558 5.14611816
v -1.80606365 0.65036392 5.13592100
v -1.97171307 0.65540117 4.55464506
v 1.74170148 -0.65621018 4.03845263
v -2.15240264 0.65778065 3.37700248
v 1.86653721 -0.65819621 2.43655396
v 1.86666882 -0.65884233 1.15696013
v 1.85555625 -0.65900576 0.31519514
v -1.97206652 -0.65845418 -2.90810943
v -1.94497323 -0.99352306 -2.84924459
v -1.97331977 -0.65862346 -2.89499235
v -2.19238710 0.65877926 1.15696347
v 1.19060755 0.65065354 -4.06255293
v -2.14971495 0.99352396 0.31089577
v -2.18127561 0.65892905 0.31519616
v -1.46662831 -0.65039641 -4.07276344
v -1.47916925 -0.65065753 -4.06906939
v -0.96158695 0.65020227 -4.16140842
v -1.61044824 -0.65140742 -4.01518822
v 1.45498717 0.65252376 -3.88407779
v 1.43820810 0.99352396 -3.81232190
v 1.46385574 0.65319192 -3.87431312
v 1.51679468 0.65393299 -3.80900908
v 1.57494426 0.65553981 -3.68750167
v -1.75327122 -0.65320224 -3.88150859
v 1.62274170 0.65696758 -3.42915750
v 1.66732621 0.65828913 -3.06386876
v -1.95876300 -0.65789169 -3.08420181
v -1.96004522 -0.65821606 -3.07106590
v 1.67870343 0.65855694 -2.90091205
v 1.67945457 0.65875447 -2.88775015
v -1.91400898 -0.65694785 -3.43634152
v -2.16680264 0.65894145 -0.42401773
v -2.13546872 0.99352396 -0.41680315
v 1.84108233 -0.65902883 -0.42401582
v 1.85555625 -0.65900576 0.31519514
v 1.84049737 -0.65901756 -0.43715689
v -2.02437282 -0.65875208 -2.46879745
vt 0.77002084 0.50673038
vt 0.77002084 0.50653943
vt 0.76976323 0.50655660
vt 0.84781164 0.50673035
vt 0.84806931 0.50655660
vt 0.84781170 0.50653943
vt 0.77002084 0.45774144
vt 0.76976317 0.45791608
vt 0.77002084 0.45793253
vt 0.76584148 0.55355307
vt 0.76556069 0.55372325
vt 0.76584148 0.55374292
vt 0.85199130 0.55355310
vt 0.85199130 0.55374295
vt 0.85227209 0.55372328
vt 0.76584148 0.60581362
vt 0.76584148 0.60562375
vt 0.76556069 0.60564345
vt 0.67652887 0.46393210
vt 0.69103110 0.46393210
vt 0.69103152 0.46354467
vt 0.67652881 0.46354467
vt 0.58721608 0.40407819
vt 0.58721614 0.46361226
vt 0.60172331 0.46361232
vt 0.60172600 0.40407813
vt 0.67652875 0.40403682
vt 0.69103158 0.46354467
vt 0.69103342 0.40403682
vt 0.58721602 0.46399987
vt 0.60172206 0.46399987
vt 0.67336571 0.37516028
vt 0.65877324 0.37516028
vt 0.65879619 0.37554371
vt 0.67336583 0.37554371
vt 0.76267856 0.39091152
vt 0.74815583 0.39091152
vt 0.74816442 0.39129877
vt 0.76267856 0.39129877
vt 0.67336583 0.38554299
vt 0.65881431 0.38554299
vt 0.65882838 0.38592893
vt 0.67336583 0.38592893
vt 0.76267850 0.38572270
vt 0.74812913 0.38572270
vt 0.74814421 0.38610864
vt 0.76267862 0.38610864
vt 0.76267856 0.37534815
vt 0.74808687 0.37534821
vt 0.74811023 0.37573147
vt 0.76267850 0.37573147
vt 0.67336577 0.36754602
vt 0.65871227 0.36754602
vt 0.65874511 0.36791277
vt 0.67336583 0.36791277
vt 0.85199130 0.52939805
vt 0.83720744 0.52939802
vt 0.83723652 0.52953863
vt 0.85199136 0.52953863
vt 0.76267856 0.36774278
vt 0.74802494 0.36774278
vt 0.74805826 0.36810923
vt 0.76267862 0.36810923
vt 0.67336589 0.36396700
vt 0.65864307 0.36396700
vt 0.65867740 0.36429334
vt 0.67336577 0.36429334
vt 0.76267856 0.36417460
vt 0.74795532 0.36417460
vt 0.74798989 0.36450028
vt 0.76267850 0.36450028
vt 0.76601523 0.43902266
vt 0.78076839 0.43902266
vt 0.78065181 0.43870360
vt 0.76584148 0.43870360
vt 0.76584160 0.43508339
vt 0.78062582 0.43508339
vt 0.78059697 0.43494260
vt 0.76584160 0.43494260
vt 0.85181755 0.52545506
vt 0.83706462 0.52545506
vt 0.83718133 0.52577406
vt 0.85199124 0.52577403
vt 0.83478332 0.45812654
vt 0.84781158 0.45812660
vt 0.84781176 0.45774138
vt 0.83478570 0.45774138
vt 0.84781164 0.52123499
vt 0.83479118 0.52123496
vt 0.83489728 0.52160433
vt 0.84798086 0.52160433
vt 0.58721614 0.48618680
vt 0.60172498 0.48618680
vt 0.60172272 0.48579895
vt 0.58721608 0.48579895
vt 0.77002096 0.44324064
vt 0.78304160 0.44324064
vt 0.78293562 0.44287133
vt 0.76985180 0.44287127
vt 0.58721608 0.51100948
vt 0.60173559 0.51100945
vt 0.60172927 0.51062149
vt 0.58721614 0.51062149
vt 0.76267856 0.40364951
vt 0.74817026 0.40364951
vt 0.74817383 0.40403676
vt 0.76267850 0.40403682
vt 0.67336583 0.39073420
vt 0.65883869 0.39073420
vt 0.65884602 0.39112043
vt 0.67336583 0.39112037
vt 0.67652887 0.48611629
vt 0.69103467 0.48611629
vt 0.69103205 0.48572838
vt 0.67652881 0.48572838
vt 0.67652869 0.51093689
vt 0.69104558 0.51093692
vt 0.69103909 0.51054886
vt 0.67652875 0.51054889
vt 0.58721602 0.59556437
vt 0.60184276 0.59556437
vt 0.60181516 0.59518141
vt 0.58721602 0.59518138
vt 0.67652881 0.54827893
vt 0.69106716 0.54827890
vt 0.69105494 0.54789102
vt 0.67652887 0.54789102
vt 0.58721614 0.57646295
vt 0.60179198 0.57646292
vt 0.60177249 0.57607687
vt 0.58721608 0.57607687
vt 0.67652881 0.57639802
vt 0.69110239 0.57639802
vt 0.69108284 0.57601172
vt 0.67652881 0.57601169
vt 0.67652881 0.59551501
vt 0.69115323 0.59551501
vt 0.69112557 0.59513167
vt 0.67652875 0.59513167
vt 0.58721608 0.61115167
vt 0.60191584 0.61115170
vt 0.60187554 0.61077029
vt 0.58721602 0.61077031
vt 0.76584148 0.53149056
vt 0.78078437 0.53149056
vt 0.78071952 0.53133589
vt 0.76584154 0.53133589
vt 0.67652881 0.61112064
vt 0.69122636 0.61112061
vt 0.69118619 0.61073881
vt 0.67652887 0.61073881
vt 0.58721608 0.62256804
vt 0.60202754 0.62256807
vt 0.60196668 0.62220454
vt 0.58721602 0.62220457
vt 0.67652881 0.62255046
vt 0.69133818 0.62255049
vt 0.69127727 0.62218618
vt 0.67652875 0.62218621
vt 0.85199130 0.62099257
vt 0.83695233 0.62099260
vt 0.83699405 0.62133718
vt 0.85199118 0.62133718
vt 0.85199118 0.62787616
vt 0.83705008 0.62787616
vt 0.83711523 0.62803081
vt 0.85199124 0.62803081
vt 0.76584142 0.53837413
vt 0.78088140 0.53837413
vt 0.78083998 0.53802955
vt 0.76584142 0.53802955
vt 0.76584148 0.55393690
vt 0.78091943 0.55393690
vt 0.78090751 0.55355307
vt 0.58721608 0.54835153
vt 0.60175675 0.54835153
vt 0.60174471 0.54796368
vt 0.58721614 0.54796368
vt 0.67336589 0.40369183
vt 0.65885162 0.40369189
vt 0.65885586 0.40407819
vt 0.67336577 0.40407819
vt 0.58721608 0.40369183
vt 0.58693534 0.40366733
vt 0.58693534 0.40388453
vt 0.58721614 0.40388453
vt 0.55612999 0.46506685
vt 0.55616504 0.46468204
vt 0.55597878 0.46468157
vt 0.55594271 0.46506816
vt 0.56015319 0.40498370
vt 0.55996734 0.40498364
vt 0.55995035 0.40537030
vt 0.56013662 0.40536982
vt 0.76267856 0.40384328
vt 0.76295936 0.40384328
vt 0.76295936 0.40364021
vt 0.76267850 0.46393216
vt 0.76295936 0.46392834
vt 0.76295936 0.46373814
vt 0.76267856 0.46373820
vt 0.58721614 0.39073420
vt 0.58693534 0.39071983
vt 0.58693534 0.39092773
vt 0.58721614 0.39092773
vt 0.67336583 0.39092773
vt 0.67364663 0.39092773
vt 0.67364663 0.39071977
vt 0.76267856 0.39110500
vt 0.76295936 0.39110500
vt 0.76295936 0.39089710
vt 0.58721626 0.38554287
vt 0.58693534 0.38551754
vt 0.58693534 0.38573551
vt 0.58721614 0.38573551
vt 0.67336583 0.38573551
vt 0.67364663 0.38573551
vt 0.67364669 0.38551754
vt 0.76267856 0.38591516
vt 0.76295936 0.38591516
vt 0.76295936 0.38569725
vt 0.58721608 0.37516028
vt 0.58693534 0.37512261
vt 0.58693534 0.37535119
vt 0.58721614 0.37535119
vt 0.55300885 0.49348825
vt 0.55306554 0.49310631
vt 0.55287850 0.49310440
vt 0.55281943 0.49349093
vt 0.76267856 0.37553895
vt 0.76295936 0.37553895
vt 0.76295936 0.37531042
vt 0.58721614 0.36754602
vt 0.58693540 0.36744559
vt 0.58693534 0.36772186
vt 0.58721614 0.36772180
vt 0.67336583 0.36772186
vt 0.67364663 0.36772186
vt 0.67364663 0.36744553
vt 0.76267856 0.36791837
vt 0.76295936 0.36791837
vt 0.76295930 0.36764222
vt 0.58721602 0.36396700
vt 0.58693534 0.36380088
vt 0.58693534 0.36411756
vt 0.58721608 0.36411756
vt 0.67336583 0.36411756
vt 0.67364663 0.36411756
vt 0.67364663 0.36380088
vt 0.76267856 0.36432469
vt 0.76295936 0.36432469
vt 0.76295936 0.36400825
vt 0.76584154 0.52939805
vt 0.76556081 0.52918711
vt 0.76556081 0.52953863
vt 0.76584166 0.52953860
vt 0.85227215 0.52953863
vt 0.85227215 0.52918711
vt 0.76556081 0.43494260
vt 0.76556081 0.43529582
vt 0.76601517 0.52545509
vt 0.76639897 0.52479425
vt 0.76556069 0.52563348
vt 0.76584148 0.52563351
vt 0.85199124 0.52563348
vt 0.85227203 0.52563348
vt 0.85143381 0.52479422
vt 0.76584148 0.43884432
vt 0.76556069 0.43884432
vt 0.76639891 0.43968308
vt 0.77002090 0.52123493
vt 0.76976329 0.51929104
vt 0.76976329 0.52141896
vt 0.76999563 0.52142590
vt 0.84783703 0.52142590
vt 0.84806937 0.52141896
vt 0.84806937 0.51929104
vt 0.76999563 0.44304955
vt 0.76976329 0.44305742
vt 0.76976323 0.44524419
vt 0.58721614 0.48599285
vt 0.58693534 0.48599285
vt 0.58693534 0.48618430
vt 0.56056798 0.38287610
vt 0.56038219 0.38287610
vt 0.56037605 0.38326275
vt 0.56056190 0.38326263
vt 0.76267850 0.48611635
vt 0.76295936 0.48611379
vt 0.76295936 0.48592234
vt 0.76267862 0.48592234
vt 0.58721614 0.51081544
vt 0.58693534 0.51081544
vt 0.58693534 0.51100945
vt 0.56087774 0.35814184
vt 0.56069195 0.35814184
vt 0.56068951 0.35852844
vt 0.56087536 0.35852844
vt 0.76267850 0.51093689
vt 0.76295936 0.51093683
vt 0.76295936 0.51074284
vt 0.76267862 0.51074284
vt 0.58721608 0.54815772
vt 0.58693528 0.54815772
vt 0.58693528 0.54835987
vt 0.67336589 0.54835153
vt 0.67364663 0.54835990
vt 0.67364663 0.54815772
vt 0.67336583 0.54815769
vt 0.76267862 0.54827893
vt 0.76295936 0.54828733
vt 0.76295936 0.54808506
vt 0.76267862 0.54808503
vt 0.58721608 0.57627067
vt 0.58693528 0.57627067
vt 0.58693528 0.57648939
vt 0.67336583 0.57646295
vt 0.67364663 0.57648942
vt 0.67364663 0.57627067
vt 0.67336583 0.57627067
vt 0.76267862 0.57639802
vt 0.76295936 0.57642448
vt 0.76295936 0.57620555
vt 0.76267862 0.57620555
vt 0.58721608 0.59537372
vt 0.58693528 0.59537372
vt 0.58693528 0.59560299
vt 0.55733931 0.27387351
vt 0.55714971 0.27387023
vt 0.55720985 0.27425689
vt 0.55739701 0.27425528
vt 0.76267856 0.59551501
vt 0.76295936 0.59555373
vt 0.76295936 0.59532416
vt 0.76267862 0.59532413
vt 0.58721608 0.61096093
vt 0.58693528 0.61096093
vt 0.58693528 0.61118951
vt 0.67336589 0.61115167
vt 0.67364663 0.61118951
vt 0.67364663 0.61096093
vt 0.67336583 0.61096090
vt 0.76267862 0.61112064
vt 0.76295936 0.61115849
vt 0.76295936 0.61092964
vt 0.76267862 0.61092964
vt 0.58721608 0.62239534
vt 0.58693528 0.62239534
vt 0.58693534 0.62267679
vt 0.67336577 0.62256804
vt 0.67364669 0.62267679
vt 0.67364663 0.62239534
vt 0.67336583 0.62239534
vt 0.76267850 0.62255046
vt 0.76295936 0.62265956
vt 0.76295936 0.62237719
vt 0.76267862 0.62237719
vt 0.76556075 0.53133589
vt 0.76556075 0.53179628
vt 0.85199124 0.53149059
vt 0.85227209 0.53179631
vt 0.85227209 0.53133592
vt 0.85199136 0.53133589
vt 0.76584142 0.62787613
vt 0.76556069 0.62757042
vt 0.76556069 0.62803078
vt 0.76584154 0.62803078
vt 0.76584148 0.53818420
vt 0.76556063 0.53820765
vt 0.76556063 0.54001379
vt 0.85199124 0.53837413
vt 0.85227209 0.54001376
vt 0.85227209 0.53820762
vt 0.85199136 0.53818417
vt 0.76584142 0.62099269
vt 0.76556075 0.61935294
vt 0.76556069 0.62115908
vt 0.76584148 0.62118253
vt 0.65885168 0.40369183
vt 0.60172266 0.48579895
vt 0.68897349 0.62536979
vt 0.69294500 0.68468201
vt 0.69313127 0.68468153
vt 0.68915975 0.62537026
vt 0.69103104 0.46393210
vt 0.69103199 0.48572838
vt 0.65882838 0.38592899
vt 0.74814427 0.38610864
vt 0.65879613 0.37554371
vt 0.74812913 0.38572276
vt 0.74811018 0.37573147
vt 0.58721620 0.38592899
vt 0.58693534 0.38591558
vt 0.76295936 0.38609523
vt 0.69354421 0.69776314
vt 0.69386613 0.70255023
vt 0.69405240 0.70255011
vt 0.69373047 0.69776404
vt 0.67364663 0.38591558
vt 0.65877324 0.37516034
vt 0.65874505 0.36791283
vt 0.74808693 0.37534815
vt 0.74805832 0.36810923
vt 0.65871221 0.36754602
vt 0.74802500 0.36774278
vt 0.76295936 0.36807775
vt 0.69512838 0.71327722
vt 0.69637024 0.72049496
vt 0.69655854 0.72049224
vt 0.69531775 0.71328074
vt 0.67336583 0.36204040
vt 0.65861100 0.36204040
vt 0.74795538 0.36417460
vt 0.76267856 0.36225849
vt 0.74792325 0.36225849
vt 0.58721608 0.36429334
vt 0.58693540 0.36422938
vt 0.76295936 0.36443633
vt 0.69648147 0.72086045
vt 0.69793135 0.72409660
vt 0.69812840 0.72407874
vt 0.69669485 0.72087920
vt 0.67364663 0.36422944
vt 0.78062594 0.43508339
vt 0.83706468 0.52545506
vt 0.76584142 0.52577406
vt 0.76556075 0.52568972
vt 0.76556069 0.43878824
vt 0.69987535 0.72661954
vt 0.70333689 0.73004729
vt 0.70354599 0.72998744
vt 0.70020658 0.72668070
vt 0.85227203 0.52568972
vt 0.83479112 0.52123499
vt 0.83478558 0.50673038
vt 0.78304690 0.45774144
vt 0.70364213 0.73025706
vt 0.70732546 0.73190853
vt 0.70753586 0.73179817
vt 0.70434988 0.73036972
vt 0.84810686 0.52146345
vt 0.84781158 0.50634548
vt 0.83478332 0.50634545
vt 0.84806931 0.50652191
vt 0.84806931 0.45794928
vt 0.77002078 0.45812654
vt 0.78304911 0.45812654
vt 0.77002078 0.50634545
vt 0.76976317 0.45794928
vt 0.76976317 0.50652188
vt 0.60172927 0.51062146
vt 0.76267850 0.48572844
vt 0.76295936 0.48572457
vt 0.68854815 0.60326260
vt 0.68895686 0.62498367
vt 0.68914270 0.62498361
vt 0.68873399 0.60326272
vt 0.60173553 0.51100948
vt 0.69104564 0.51093689
vt 0.60175681 0.54835153
vt 0.69106716 0.54827893
vt 0.60179198 0.57646295
vt 0.60181510 0.59518141
vt 0.69110233 0.57639802
vt 0.69112563 0.59513167
vt 0.76267856 0.57601169
vt 0.76295930 0.57601976
vt 0.58693528 0.57608491
vt 0.67336583 0.57607687
vt 0.67364663 0.57608491
vt 0.68936664 0.51329988
vt 0.68824017 0.54093111
vt 0.68842614 0.54093099
vt 0.68955261 0.51330006
vt 0.60187560 0.61077031
vt 0.69122636 0.61112064
vt 0.76267862 0.61073878
vt 0.76295936 0.61077094
vt 0.69447529 0.47871268
vt 0.69177079 0.49387348
vt 0.69196033 0.49387020
vt 0.69466376 0.47871590
vt 0.60202754 0.62256804
vt 0.58721608 0.62785810
vt 0.60209399 0.62785810
vt 0.69133818 0.62255046
vt 0.67652881 0.62785754
vt 0.69140476 0.62785757
vt 0.76267862 0.62218615
vt 0.76295936 0.62221780
vt 0.58693528 0.62223613
vt 0.67336583 0.62220454
vt 0.67364663 0.62223616
vt 0.69646823 0.46731246
vt 0.69454247 0.47833234
vt 0.69473189 0.47832924
vt 0.69665658 0.46731555
vt 0.83705002 0.62787616
vt 0.85199124 0.60581362
vt 0.83692580 0.60581362
vt 0.76584142 0.62133718
vt 0.76556069 0.62123445
vt 0.76556069 0.53813225
vt 0.85199124 0.53802958
vt 0.85227209 0.53813225
vt 0.70565927 0.45644659
vt 0.69939625 0.46138132
vt 0.69980127 0.46130472
vt 0.70586985 0.45652318
vt 0.78091919 0.60542977
vt 0.78091949 0.55393690
vt 0.76584148 0.60542974
vt 0.85199130 0.55393693
vt 0.85199124 0.60542974
vt 0.85227203 0.60560361
vt 0.85227209 0.55376309
vt 0.83691341 0.60542977
vt 0.76556069 0.55376306
vt 0.76556069 0.60560361
vt 0.72052759 0.45311660
vt 0.70598924 0.45629013
vt 0.70759791 0.45613652
vt 0.72072881 0.45327026
vt 0.78090680 0.60581365
vt 0.83691335 0.55393690
vt 0.83691335 0.60542977
vt 0.78088039 0.62099266
vt 0.78090680 0.60581362
vt 0.83695126 0.53837413
vt 0.83692527 0.55355310
vt 0.78078258 0.62787616
vt 0.78083861 0.62133718
vt 0.83704841 0.53149056
vt 0.83699262 0.53802958
vt 0.74786913 0.62255046
vt 0.74780256 0.62785757
vt 0.76267850 0.62785760
vt 0.65855426 0.62256807
vt 0.65848792 0.62785810
vt 0.67336583 0.62785810
vt 0.74798107 0.61112064
vt 0.74793011 0.62218615
vt 0.65866613 0.61115170
vt 0.65861517 0.62220454
vt 0.74805415 0.59551501
vt 0.74802136 0.61073881
vt 0.67336589 0.59556431
vt 0.65873921 0.59556431
vt 0.65870631 0.61077031
vt 0.67336583 0.61077031
vt 0.74810505 0.57639802
vt 0.74808174 0.59513170
vt 0.76267856 0.59513170
vt 0.65878999 0.57646298
vt 0.65876675 0.59518141
vt 0.67336583 0.59518141
vt 0.74814034 0.54827893
vt 0.74812448 0.57601172
vt 0.65882516 0.54835153
vt 0.65880948 0.57607689
vt 0.74816155 0.51093689
vt 0.74815249 0.54789102
vt 0.76267856 0.54789108
vt 0.67336571 0.51100948
vt 0.65884626 0.51100948
vt 0.65883732 0.54796374
vt 0.67336583 0.54796374
vt 0.74817264 0.48611635
vt 0.74816817 0.51054886
vt 0.76267850 0.51054889
vt 0.67336577 0.48618686
vt 0.65885693 0.48618686
vt 0.65885270 0.51062149
vt 0.67336577 0.51062149
vt 0.78304911 0.50634545
vt 0.78304684 0.50673038
vt 0.84781182 0.44324058
vt 0.83479118 0.44324058
vt 0.78304142 0.52123493
vt 0.85181749 0.43902266
vt 0.83706439 0.43902266
vt 0.83489692 0.44287133
vt 0.84798080 0.44287133
vt 0.78076792 0.52545512
vt 0.78293538 0.52160433
vt 0.76985180 0.52160433
vt 0.85199136 0.43508339
vt 0.83720702 0.43508339
vt 0.83718085 0.43870360
vt 0.85199118 0.43870360
vt 0.78062534 0.52939802
vt 0.78065133 0.52577406
vt 0.67652881 0.36417466
vt 0.69125199 0.36417460
vt 0.69128406 0.36225855
vt 0.67652875 0.36225855
vt 0.60193884 0.36396700
vt 0.60197097 0.36204040
vt 0.58721614 0.36204040
vt 0.67652881 0.36774278
vt 0.69118237 0.36774278
vt 0.69121736 0.36450028
vt 0.67652881 0.36450022
vt 0.60186970 0.36754602
vt 0.60190439 0.36429334
vt 0.67652875 0.37534815
vt 0.69112039 0.37534815
vt 0.69114923 0.36810923
vt 0.67652887 0.36810923
vt 0.60180849 0.37516034
vt 0.60183680 0.36791289
vt 0.58721608 0.36791289
vt 0.67652881 0.38572270
vt 0.69107819 0.38572276
vt 0.69109702 0.37573147
vt 0.67652875 0.37573147
vt 0.60176778 0.38554287
vt 0.60178578 0.37554371
vt 0.58721614 0.37554371
vt 0.67652887 0.39091152
vt 0.69105154 0.39091158
vt 0.69106311 0.38610870
vt 0.67652875 0.38610870
vt 0.60174322 0.39073420
vt 0.60175359 0.38592899
vt 0.74817383 0.40403682
vt 0.74817574 0.46354467
vt 0.76267850 0.46354467
vt 0.67652881 0.40364951
vt 0.69103706 0.40364951
vt 0.69104296 0.39129877
vt 0.67652881 0.39129877
vt 0.65885592 0.40407813
vt 0.65885866 0.46361232
vt 0.67336583 0.46361232
vt 0.60173035 0.40369189
vt 0.65883732 0.54796368
vt 0.83692533 0.55355310
vt 0.78078258 0.62787613
vt 0.78071749 0.62803078
vt 0.78088033 0.62099266
vt 0.74793011 0.62218618
vt 0.65855432 0.62256804
vt 0.74802130 0.61073881
vt 0.83704835 0.53149056
vt 0.83711344 0.53133589
vt 0.65870631 0.61077029
vt 0.74805409 0.59551501
vt 0.65880942 0.57607689
vt 0.74814028 0.54827893
vt 0.74816823 0.51054889
vt 0.74817526 0.48572838
vt 0.60174328 0.39073420
vt 0.58721608 0.39112043
vt 0.60173589 0.39112043
vt 0.65885276 0.51062149
vt 0.83489692 0.44287139
vt 0.67336577 0.48579890
vt 0.65885925 0.48579890
vt 0.78304148 0.52123493
vt 0.78293544 0.52160433
vt 0.83478332 0.50634548
vt 0.78076804 0.52545512
vt 0.83720708 0.43508339
vt 0.85199142 0.43494254
vt 0.83723605 0.43494254
vt 0.69125199 0.36417466
vt 0.69118232 0.36774278
vt 0.78059649 0.52953863
vt 0.69112039 0.37534821
vt 0.69106305 0.38610870
vt 0.60176778 0.38554293
vt 0.60175365 0.38592899
vt 0.69105160 0.39091152
vt 0.69104302 0.39129871
vt 0.60180849 0.37516028
vt 0.65885973 0.46399993
vt 0.67336577 0.46399993
vt 0.74817628 0.46393216
vt 0.74817526 0.48572844
vt 0.74817580 0.46354467
vt 0.60173035 0.40369183
vn -0.12168005 -0.46361718 -0.87764060
vn -0.02975607 -0.46279085 -0.88596797
vn -0.03509709 -0.91261578 -0.40730929
vn -0.12168005 0.46361718 -0.87764060
vn -0.03509709 0.91261578 -0.40730929
vn -0.02975607 0.46279085 -0.88596797
vn 0.12323521 -0.46391740 -0.87726498
vn 0.03665338 -0.91309935 -0.40608644
vn 0.03524917 -0.46312213 -0.88559324
vn -0.14203770 -0.48428324 0.86330473
vn -0.04257461 -0.91091365 0.41039488
vn -0.03775238 -0.48360893 0.87446970
vn -0.14203770 0.48428324 0.86330473
vn -0.03775238 0.48360893 0.87446970
vn -0.04257461 0.91091365 0.41039488
vn 0.14206597 -0.48424503 0.86332160
vn 0.03778286 -0.48360834 0.87446868
vn 0.04257461 -0.91091365 0.41039488
vn 0.90502340 0.42437279 -0.02899347
vn 0.99839705 0.04663296 -0.03207542
vn 0.99727535 0.04681643 -0.05700983
vn 0.90393168 0.42455918 -0.05154773
vn -0.90192783 -0.42555684 -0.07367285
vn -0.90377629 -0.42489359 -0.05151705
vn -0.99726135 -0.04715147 -0.05697851
vn -0.99547070 -0.04809804 -0.08200471
vn 0.90293103 0.42586020 -0.05795532
vn 0.99727535 0.04681643 -0.05700983
vn 0.99689269 0.04672410 -0.06341782
vn -0.90486753 -0.42470697 -0.02896284
vn -0.99838078 -0.04699986 -0.03204536
vn -0.89011592 0.43050042 -0.14954288
vn -0.98475599 0.05304199 -0.16565703
vn -0.98899102 0.05227864 -0.13843313
vn -0.89476830 0.42867577 -0.12500754
vn 0.90333188 -0.42503813 -0.05774195
vn 0.99686974 -0.04663290 -0.06384557
vn 0.99754775 -0.04632802 -0.05246236
vn 0.90424758 -0.42436677 -0.04742653
vn -0.89856184 0.42704803 -0.10107791
vn -0.99245918 0.04938033 -0.11218919
vn -0.99508017 0.04837301 -0.08646104
vn -0.90162027 0.42546418 -0.07785375
vn 0.89888692 -0.42717957 -0.09757042
vn 0.99288845 -0.04947199 -0.10828293
vn 0.99540967 -0.04852530 -0.08249301
vn 0.90186197 -0.42558509 -0.07431335
vn 0.89064616 -0.43059751 -0.14606561
vn 0.98539525 -0.05313346 -0.16178085
vn 0.98951757 -0.05243165 -0.13455828
vn 0.89519364 -0.42879692 -0.12149755
vn -0.83621883 0.44099861 -0.32597277
vn -0.92823040 0.06750766 -0.36582932
vn -0.96791035 0.06085490 -0.24381635
vn -0.87490267 0.43282762 -0.21726836
vn -0.62989080 0.46166766 -0.62458044
vn -0.70902586 0.08810940 -0.69965643
vn -0.75196314 0.08807848 -0.65329444
vn -0.66955692 0.45940289 -0.58364588
vn 0.83731532 -0.44111955 -0.32298106
vn 0.92952389 -0.06763059 -0.36250728
vn 0.96882361 -0.06100735 -0.24012299
vn 0.87566274 -0.43294826 -0.21394102
vn -0.72355628 0.45413014 -0.51983863
vn -0.80952334 0.08136434 -0.58142245
vn -0.87461770 0.07754915 -0.47857073
vn -0.78450543 0.44817981 -0.42858624
vn 0.72492743 -0.45428133 -0.51779222
vn 0.81114691 -0.08148704 -0.57913780
vn 0.87613690 -0.07770114 -0.47575927
vn 0.78581566 -0.44830072 -0.42605200
vn 0.39162552 -0.45293909 -0.80092180
vn 0.46422693 -0.09674574 -0.88041675
vn 0.61712879 -0.09473160 -0.78113896
vn 0.54238272 -0.46422368 -0.70022666
vn 0.63122845 -0.46178591 -0.62314087
vn 0.71060801 -0.08823087 -0.69803405
vn 0.75355500 -0.08823164 -0.65143704
vn 0.67094344 -0.45953396 -0.58194816
vn -0.38819814 0.45289782 -0.80261183
vn -0.46054146 0.09671675 -0.88235348
vn -0.61493254 0.09464023 -0.78288007
vn -0.54040504 0.46416783 -0.70179099
vn 0.04733535 0.09818041 -0.99404234
vn 0.03524917 0.46312213 -0.88559324
vn 0.12323521 0.46391740 -0.87726498
vn 0.13238993 0.09930772 -0.98621047
vn -0.18399934 0.41771421 -0.88975233
vn -0.22690651 0.09924679 -0.96884650
vn -0.32737797 0.10025512 -0.93955988
vn -0.27506584 0.41383475 -0.86780167
vn -0.90487862 -0.42546085 -0.01333666
vn -0.99879247 -0.04684653 -0.01480167
vn -0.99873561 -0.04693828 -0.01800623
vn -0.90484005 -0.42544088 -0.01626685
vn 0.18494676 -0.41741198 -0.88969767
vn 0.22822554 -0.09921921 -0.96853942
vn 0.33085755 -0.10025524 -0.93834019
vn 0.27824166 -0.41374600 -0.86683100
vn -0.90492523 -0.42555994 -0.00302140
vn -0.99888891 -0.04699936 -0.00347917
vn -0.99883723 -0.04715240 -0.01004087
vn -0.90495747 -0.42540815 -0.00894215
vn 0.90379786 -0.42528611 -0.04776267
vn 0.99758351 -0.04590099 -0.05215744
vn 0.99689269 -0.04672410 -0.06341782
vn 0.90292943 -0.42585945 -0.05798573
vn -0.90073001 0.42744547 -0.07730397
vn -0.99531984 0.04757930 -0.08411067
vn -0.99305844 0.04937978 -0.10675554
vn -0.89811629 0.42876291 -0.09772217
vn 0.90502995 0.42513883 -0.01333709
vn 0.99880946 0.04648110 -0.01480193
vn 0.99875218 0.04657141 -0.01803650
vn 0.90498561 0.42513236 -0.01623621
vn 0.90507036 0.42525125 -0.00302138
vn 0.99890608 0.04663251 -0.00347913
vn 0.99885315 0.04681600 -0.01004072
vn 0.90510249 0.42509940 -0.00894207
vn -0.88733822 -0.43559685 0.15128240
vn -0.98407638 -0.05847388 0.16785301
vn -0.98834890 -0.05792454 0.14075235
vn -0.89215612 -0.43351957 0.12695821
vn 0.90414494 0.42628419 0.02835181
vn 0.99833375 0.04831139 0.03155652
vn 0.99880165 0.04782358 0.01040704
vn 0.90503061 0.42524686 0.00921663
vn -0.89754295 -0.43053615 0.09515927
vn -0.99285454 -0.05380556 0.10651243
vn -0.99661350 -0.05182048 0.06384479
vn -0.90214175 -0.42769334 0.05673483
vn 0.89769971 0.43020242 0.09519023
vn 0.99287283 0.05346919 0.10651112
vn 0.99663240 0.05145524 0.06384601
vn 0.90229964 0.42736012 0.05673516
vn 0.88748449 0.43528858 0.15131183
vn 0.98409563 0.05813931 0.16785629
vn 0.98836386 0.05758971 0.14078499
vn 0.89231700 0.43318790 0.12695938
vn -0.88448727 -0.43765044 0.16169262
vn -0.98242593 -0.05884179 0.17713577
vn -0.98189086 -0.06161805 0.17914709
vn -0.88411593 -0.43780050 0.16330919
vn -0.60440224 -0.47777808 0.63751554
vn -0.68832147 -0.10620550 0.71758902
vn -0.83097094 -0.09976657 0.54729694
vn -0.73964661 -0.46496865 0.48654613
vn 0.88463420 0.43734244 0.16172209
vn 0.98244101 0.05850516 0.17716350
vn 0.98191398 0.06125136 0.17914574
vn 0.88426733 0.43749472 0.16330898
vn -0.82425964 -0.45174360 0.34135604
vn -0.91939247 -0.07895330 0.38533607
vn -0.96574599 -0.07046857 0.24973769
vn -0.87067795 -0.43938273 0.22104947
vn 0.82438374 0.45147005 0.34141794
vn 0.91939074 0.07867848 0.38539639
vn 0.96576351 0.07013192 0.24976486
vn 0.87081826 0.43908677 0.22108462
vn 0.24894907 0.48755196 0.83684975
vn 0.31395292 0.11997171 0.94182825
vn 0.51067913 0.12143622 0.85115224
vn 0.44384235 0.48635578 0.75263679
vn 0.60448968 0.47759172 0.63757229
vn 0.68833709 0.10599427 0.71760529
vn 0.83097982 0.09949297 0.54733336
vn 0.73976392 0.46472153 0.48660403
vn -0.24891570 -0.48763794 0.83680964
vn -0.31392080 -0.12009317 0.94182342
vn -0.51066965 -0.12158657 0.85113651
vn -0.44378081 -0.48650780 0.75257486
vn -0.03775238 -0.48360893 0.87446970
vn -0.05307255 -0.12204550 0.99110466
vn -0.15470198 -0.12442690 0.98009455
vn -0.90400022 -0.42659312 0.02832153
vn -0.99831593 -0.04867824 0.03155693
vn -0.99878412 -0.04818896 0.01040686
vn -0.90488541 -0.42555559 0.00921671
vn -0.89926183 0.42675644 -0.09595382
vn -0.99307382 0.04919743 -0.10669616
vn -0.99547070 0.04809804 -0.08200471
vn -0.90192783 0.42555684 -0.07367285
vn -0.89926183 -0.42675644 -0.09595382
vn -0.38271227 -0.92293483 -0.04150628
vn -0.38410911 -0.92273468 -0.03195314
vn -0.90192783 -0.42555684 -0.07367285
vn -0.89926183 0.42675644 -0.09595382
vn -0.90192783 0.42555684 -0.07367285
vn -0.38410911 0.92273468 -0.03195314
vn -0.38271227 0.92293483 -0.04150628
vn -0.90486753 0.42470697 -0.02896284
vn -0.38512266 0.92278063 -0.01251290
vn -0.38445354 0.92287767 -0.02218764
vn -0.90377629 0.42489359 -0.05151705
vn 0.90292943 -0.42585945 -0.05798573
vn 0.38063955 -0.92440599 -0.02423250
vn 0.38103643 -0.92434525 -0.01992926
vn 0.90502411 -0.42437315 -0.02896297
vn 0.38512266 -0.92278063 -0.01251290
vn 0.38445354 -0.92287767 -0.02218764
vn 0.90393311 -0.42455983 -0.05151729
vn -0.90073001 -0.42744547 -0.07730397
vn -0.37913781 -0.92478740 -0.03198393
vn -0.37788486 -0.92496645 -0.04049857
vn -0.89811629 -0.42876291 -0.09772217
vn -0.89811629 0.42876291 -0.09772217
vn -0.37788486 0.92496645 -0.04049857
vn -0.37913781 0.92478740 -0.03198393
vn 0.90424758 -0.42436677 -0.04742653
vn 0.38338494 -0.92336506 -0.02032593
vn 0.38298690 -0.92342299 -0.02472065
vn -0.89856184 -0.42704803 -0.10107791
vn -0.38255548 -0.92289412 -0.04379475
vn -0.38408080 -0.92267895 -0.03384550
vn -0.90162027 -0.42546418 -0.07785375
vn -0.90162027 0.42546418 -0.07785375
vn -0.38408080 0.92267895 -0.03384550
vn -0.38255548 0.92289412 -0.04379475
vn 0.90186197 -0.42558509 -0.07431335
vn 0.38420424 -0.92268223 -0.03231967
vn 0.38271037 -0.92289960 -0.04229956
vn -0.89011592 -0.43050042 -0.14954288
vn -0.37953612 -0.92289895 -0.06488371
vn -0.38206831 -0.92253065 -0.05441552
vn -0.89476830 -0.42867577 -0.12500754
vn -0.89011592 0.43050042 -0.14954288
vn -0.89476830 0.42867577 -0.12500754
vn -0.38206831 0.92253065 -0.05441552
vn -0.37953612 0.92289895 -0.06488371
vn 0.89519364 -0.42879692 -0.12149755
vn 0.38228145 -0.92252946 -0.05292001
vn 0.37978148 -0.92290193 -0.06338847
vn -0.83621883 -0.44099861 -0.32597277
vn -0.35970065 -0.92070675 -0.15137582
vn -0.38460851 -0.91714573 -0.10449925
vn -0.87490267 -0.43282762 -0.21726836
vn -0.87490267 0.43282762 -0.21726836
vn -0.38460851 0.91714573 -0.10449925
vn -0.35970065 0.92070675 -0.15137582
vn 0.87566274 -0.43294826 -0.21394102
vn 0.38502976 -0.91713142 -0.10306322
vn 0.36022019 -0.92070848 -0.15012480
vn -0.72355628 -0.45413014 -0.51983863
vn -0.30567542 -0.92200083 -0.23764922
vn -0.34432390 -0.91620308 -0.20497069
vn -0.78450543 -0.44817981 -0.42858624
vn -0.78450543 0.44817981 -0.42858624
vn -0.34432390 0.91620308 -0.20497069
vn -0.30567542 0.92200083 -0.23764922
vn 0.78581566 -0.44830072 -0.42605200
vn 0.34499407 -0.91616923 -0.20399331
vn 0.30628625 -0.92200214 -0.23685607
vn -0.62989080 -0.46166766 -0.62458044
vn -0.26695168 -0.92314571 -0.27665681
vn -0.29011631 -0.91939348 -0.26560932
vn -0.66955692 -0.45940289 -0.58364588
vn -0.29011631 0.91939348 -0.26560932
vn -0.26695168 0.92314571 -0.27665681
vn 0.29078865 -0.91936576 -0.26496923
vn 0.26753297 -0.92315054 -0.27607840
vn -0.38820767 -0.45290893 -0.80260104
vn -0.13651057 -0.86941940 -0.47484189
vn -0.21214093 -0.90563518 -0.36717993
vn -0.54042667 -0.46416020 -0.70177948
vn -0.54040504 0.46416783 -0.70179099
vn -0.21214093 0.90563518 -0.36717993
vn -0.13651057 0.86941940 -0.47484189
vn 0.54238272 -0.46422368 -0.70022666
vn 0.21336026 -0.90572059 -0.36626184
vn 0.13879997 -0.86942250 -0.47417220
vn -0.18402883 -0.41771188 -0.88974738
vn -0.06582964 -0.89762700 -0.43581235
vn -0.09772141 -0.82687813 -0.55382591
vn -0.27506584 -0.41383475 -0.86780167
vn -0.27506584 0.41383475 -0.86780167
vn -0.09772141 0.82687813 -0.55382591
vn -0.06582964 0.89762700 -0.43581235
vn 0.27824166 -0.41374600 -0.86683100
vn 0.09930950 -0.82652116 -0.55407625
vn 0.06619608 -0.89759940 -0.43581375
vn -0.90484005 -0.42544088 -0.01626685
vn -0.38295013 -0.92374361 -0.00686673
vn -0.38297909 -0.92373985 -0.00564596
vn -0.90487862 0.42546085 -0.01333666
vn -0.38297909 0.92373985 -0.00564596
vn -0.38295013 0.92374361 -0.00686673
vn -0.90484005 0.42544088 -0.01626685
vn 0.90502995 -0.42513883 -0.01333709
vn 0.38297909 -0.92373985 -0.00564596
vn 0.38295013 -0.92374361 -0.00686673
vn 0.90498561 -0.42513236 -0.01623621
vn -0.90495747 -0.42540815 -0.00894215
vn -0.38334891 -0.92359585 -0.00378435
vn -0.38335139 -0.92360181 -0.00125129
vn -0.90492523 0.42555994 -0.00302140
vn -0.38335139 0.92360181 -0.00125129
vn -0.38334891 0.92359585 -0.00378435
vn -0.90495747 0.42540815 -0.00894215
vn 0.90507036 -0.42525125 -0.00302138
vn 0.38335139 -0.92360181 -0.00125129
vn 0.38332289 -0.92360675 -0.00378440
vn 0.90510249 -0.42509940 -0.00894207
vn -0.90488541 -0.42555559 0.00921671
vn -0.38485047 -0.92296970 0.00412013
vn -0.38459486 -0.92300326 0.01232950
vn -0.90400022 0.42659312 0.02832153
vn -0.38459486 0.92300326 0.01232950
vn -0.38485047 0.92296970 0.00412013
vn -0.90488541 0.42555559 0.00921671
vn 0.90414494 -0.42628419 0.02835181
vn 0.38460568 -0.92299873 0.01232984
vn 0.38487649 -0.92295897 0.00412008
vn 0.90503061 -0.42524686 0.00921663
vn -0.90214175 -0.42769334 0.05673483
vn -0.38652807 -0.92192972 0.02533109
vn -0.38426957 -0.92226535 0.04199468
vn -0.89754295 0.43053615 0.09515927
vn -0.38426957 0.92226535 0.04199468
vn -0.38652807 0.92192972 0.02533109
vn -0.90214175 0.42769334 0.05673483
vn 0.89769971 -0.43020242 0.09519023
vn 0.38429564 -0.92225456 0.04199418
vn 0.38652807 -0.92192972 0.02533109
vn 0.90229964 -0.42736012 0.05673516
vn -0.89215612 -0.43351957 0.12695821
vn -0.38191688 -0.92253339 0.05542281
vn -0.37935513 -0.92290425 0.06586070
vn -0.88733822 0.43559685 0.15128240
vn -0.37935513 0.92290425 0.06586070
vn -0.38191688 0.92253339 0.05542281
vn -0.89215612 0.43351957 0.12695821
vn 0.88748449 -0.43528858 0.15131183
vn 0.37935513 -0.92290425 0.06586070
vn 0.38191688 -0.92253339 0.05542281
vn 0.89231700 -0.43318790 0.12695938
vn -0.88411593 -0.43780050 0.16330919
vn -0.37609321 -0.92398137 0.06937108
vn -0.37629408 -0.92394996 0.06869732
vn -0.88448727 0.43765044 0.16169262
vn -0.37630469 0.92394555 0.06869926
vn -0.37609321 0.92398137 0.06937108
vn -0.88411593 0.43780050 0.16330919
vn 0.88463420 -0.43734244 0.16172209
vn 0.37630469 -0.92394555 0.06869926
vn 0.37609321 -0.92398137 0.06937108
vn 0.88426733 -0.43749472 0.16330898
vn -0.87067795 -0.43938273 0.22104947
vn -0.38533509 -0.91630763 0.10907552
vn -0.35582283 -0.92051882 0.16135478
vn -0.82425964 0.45174360 0.34135604
vn -0.35582283 0.92051882 0.16135478
vn -0.38533509 0.91630763 0.10907552
vn -0.87065881 0.43941900 0.22105236
vn 0.82438374 -0.45147005 0.34141794
vn 0.35582283 -0.92051882 0.16135478
vn 0.38533378 -0.91630453 0.10910568
vn 0.87081826 -0.43908677 0.22108462
vn -0.32429829 -0.90975046 0.25920057
vn -0.24107330 -0.92217630 0.30244794
vn -0.60440224 0.47777808 0.63751554
vn -0.24107330 0.92217630 0.30244794
vn -0.32429829 0.90975046 0.25920057
vn -0.73964661 0.46496865 0.48654613
vn 0.60448968 -0.47759172 0.63757229
vn 0.24107330 -0.92217630 0.30244794
vn 0.32429829 -0.90975046 0.25920057
vn 0.73976392 -0.46472153 0.48660403
vn -0.44378081 -0.48650780 0.75257486
vn -0.15549539 -0.90809923 0.38881481
vn -0.07947224 -0.92372739 0.37471586
vn -0.24891570 0.48763794 0.83680964
vn -0.07947224 0.92372739 0.37471586
vn -0.15549539 0.90809923 0.38881481
vn -0.44378081 0.48650780 0.75257486
vn 0.24894536 -0.48757520 0.83683723
vn 0.07947224 -0.92372739 0.37471586
vn 0.15549539 -0.90809923 0.38881481
vn 0.44384235 -0.48635578 0.75263679
vn -0.99307382 0.04919743 -0.10669616
vn -0.99873561 -0.04693828 -0.01800623
vn 0.90393168 0.42455918 -0.05154773
vn 0.90293103 0.42586020 -0.05795532
vn 0.38063982 0.92440665 -0.02420200
vn 0.38445354 0.92287767 -0.02218764
vn 0.99839705 0.04663296 -0.03207542
vn 0.99875218 0.04657141 -0.01803650
vn -0.99508017 0.04837301 -0.08646104
vn 0.99540967 -0.04852530 -0.08249301
vn -0.98899102 0.05227864 -0.13843313
vn 0.99288845 -0.04947199 -0.10828293
vn 0.98951757 -0.05243165 -0.13455828
vn -0.90162027 -0.42546418 -0.07785375
vn -0.38408080 -0.92267895 -0.03384550
vn 0.38420424 -0.92268223 -0.03231967
vn 0.90333188 0.42503813 -0.05774195
vn 0.90186197 0.42558509 -0.07431335
vn 0.38420424 0.92268223 -0.03231967
vn 0.38298690 0.92342299 -0.02472065
vn -0.38408080 0.92267895 -0.03384550
vn -0.98475599 0.05304199 -0.16565703
vn -0.96791035 0.06085490 -0.24381635
vn 0.98539525 -0.05313346 -0.16178085
vn 0.96882361 -0.06100735 -0.24012299
vn -0.92823040 0.06750766 -0.36582932
vn 0.92952389 -0.06763059 -0.36250728
vn 0.38502976 -0.91713142 -0.10306322
vn 0.89064616 0.43059751 -0.14606561
vn 0.87566274 0.43294826 -0.21394102
vn 0.38502976 0.91713142 -0.10306322
vn 0.37978148 0.92290193 -0.06338847
vn -0.66955692 0.45940289 -0.58364588
vn -0.75196314 0.08807848 -0.65329444
vn 0.81114691 -0.08148704 -0.57913780
vn 0.67094344 -0.45953396 -0.58194816
vn 0.75355500 -0.08823164 -0.65143704
vn -0.78450543 -0.44817981 -0.42858624
vn -0.34432390 -0.91620308 -0.20497069
vn 0.34499407 -0.91616923 -0.20399331
vn 0.83731532 0.44111955 -0.32298106
vn 0.78581566 0.44830072 -0.42605200
vn 0.34499407 0.91616923 -0.20399331
vn 0.36022019 0.92070848 -0.15012480
vn -0.34432390 0.91620308 -0.20497069
vn 0.71060801 -0.08823087 -0.69803405
vn -0.46054146 0.09671675 -0.88235348
vn -0.54042667 -0.46416020 -0.70177948
vn -0.21214093 -0.90563518 -0.36717993
vn 0.21336026 -0.90572059 -0.36626184
vn 0.63122845 0.46178591 -0.62314087
vn 0.54238272 0.46422368 -0.70022666
vn 0.21336026 0.90572059 -0.36626184
vn 0.26753297 0.92315054 -0.27607840
vn -0.21214093 0.90563518 -0.36717993
vn -0.22690651 0.09924679 -0.96884650
vn -0.13037802 0.09937052 -0.98647213
vn 0.13238993 -0.09930772 -0.98621047
vn 0.39162552 0.45293909 -0.80092180
vn 0.27824166 0.41374600 -0.86683100
vn 0.09930950 0.82652116 -0.55407625
vn 0.13879997 0.86942250 -0.47417220
vn -0.09772141 0.82687813 -0.55382591
vn -0.02975607 0.46279085 -0.88596797
vn -0.04147512 0.09817915 -0.99430418
vn -0.03509709 0.91261578 -0.40730929
vn 0.03665338 0.91309935 -0.40608644
vn 0.03524917 -0.46312213 -0.88559324
vn 0.04733535 -0.09818041 -0.99404234
vn -0.02975607 -0.46279085 -0.88596797
vn 0.03665338 -0.91309935 -0.40608644
vn -0.03509709 -0.91261578 -0.40730929
vn -0.99883723 -0.04715240 -0.01004087
vn 0.90498561 -0.42513236 -0.01623621
vn 0.38295013 -0.92374361 -0.00686673
vn 0.90498561 0.42513236 -0.01623621
vn 0.90502340 0.42437279 -0.02899347
vn 0.38512266 0.92278063 -0.01251290
vn 0.38295013 0.92374361 -0.00686673
vn -0.99888891 -0.04699936 -0.00347917
vn 0.99890608 0.04663251 -0.00347913
vn -0.99831593 -0.04867824 0.03155693
vn 0.99833375 0.04831139 0.03155652
vn -0.99285454 -0.05380556 0.10651243
vn -0.98834890 -0.05792454 0.14075235
vn 0.99287283 0.05346919 0.10651112
vn 0.98836386 0.05758971 0.14078499
vn 0.90229964 -0.42736012 0.05673516
vn 0.38652807 -0.92192972 0.02533109
vn -0.38652807 -0.92192972 0.02533109
vn -0.90214175 0.42769334 0.05673483
vn -0.38652807 0.92192972 0.02533109
vn 0.90229964 0.42736012 0.05673516
vn 0.90414494 0.42628419 0.02835181
vn 0.38460568 0.92299873 0.01232984
vn 0.38652807 0.92192972 0.02533109
vn -0.98189086 -0.06161805 0.17914709
vn 0.98244101 0.05850516 0.17716350
vn 0.88426733 -0.43749472 0.16330898
vn 0.37609321 -0.92398137 0.06937108
vn 0.88426733 0.43749472 0.16330898
vn 0.88748449 0.43528858 0.15131183
vn 0.37935513 0.92290425 0.06586070
vn 0.37609321 0.92398137 0.06937108
vn -0.91939247 -0.07895330 0.38533607
vn -0.73964661 -0.46496865 0.48654613
vn -0.83097094 -0.09976657 0.54729694
vn 0.91939074 0.07867848 0.38539639
vn 0.73976392 0.46472153 0.48660403
vn 0.83097982 0.09949297 0.54733336
vn 0.87081826 -0.43908677 0.22108462
vn 0.38533378 -0.91630453 0.10910568
vn -0.38533509 -0.91630763 0.10907552
vn -0.87065881 0.43941900 0.22105236
vn -0.38533509 0.91630763 0.10907552
vn 0.87081826 0.43908677 0.22108462
vn 0.88463420 0.43734244 0.16172209
vn 0.37630469 0.92394555 0.06869926
vn 0.38533509 0.91630763 0.10907552
vn 0.68833709 0.10599427 0.71760529
vn 0.14206597 0.48424503 0.86332160
vn 0.15473235 0.12439626 0.98009360
vn 0.44384235 -0.48635578 0.75263679
vn 0.15549539 -0.90809923 0.38881481
vn -0.15549539 -0.90809923 0.38881481
vn -0.44378081 0.48650780 0.75257486
vn -0.15549539 0.90809923 0.38881481
vn 0.44384235 0.48635578 0.75263679
vn 0.60448968 0.47759172 0.63757229
vn 0.24107330 0.92217630 0.30244794
vn 0.15549539 0.90809923 0.38881481
vn 0.05313361 -0.12201504 0.99110514
vn -0.05307255 -0.12204550 0.99110466
vn 0.03778286 -0.48360834 0.87446868
vn -0.03775238 0.48360893 0.87446970
vn 0.03778286 0.48360834 0.87446868
vn 0.04257461 0.91091365 0.41039488
vn -0.04257461 0.91091365 0.41039488
vn 0.05313361 0.12201504 0.99110514
vn -0.04257461 -0.91091365 0.41039488
vn 0.04257461 -0.91091365 0.41039488
vn 0.14206597 0.48424503 0.86332160
vn 0.24894907 0.48755196 0.83684975
vn 0.07947224 0.92372739 0.37471586
vn 0.04257461 0.91091365 0.41039488
vn 0.15473235 -0.12439626 0.98009360
vn -0.05307255 0.12204550 0.99110466
vn 0.05313361 0.12201504 0.99110514
vn 0.31395292 -0.11997171 0.94182825
vn 0.15473235 -0.12439626 0.98009360
vn -0.31392080 0.12009317 0.94182342
vn -0.15470198 0.12442690 0.98009455
vn 0.68833709 -0.10599427 0.71760529
vn 0.51067913 -0.12143622 0.85115224
vn -0.68832147 0.10620550 0.71758902
vn -0.51066965 0.12158657 0.85113651
vn 0.91939074 -0.07867848 0.38539639
vn 0.83097982 -0.09949297 0.54733336
vn 0.73976392 -0.46472153 0.48660403
vn -0.91939026 0.07898364 0.38533518
vn -0.83097094 0.09976657 0.54729694
vn -0.73964661 0.46496865 0.48654613
vn 0.98244101 -0.05850516 0.17716350
vn 0.96576351 -0.07013192 0.24976486
vn -0.98242593 0.05884179 0.17713577
vn -0.96574599 0.07046857 0.24973769
vn 0.98409563 -0.05813931 0.16785629
vn 0.98191398 -0.06125136 0.17914574
vn -0.88733822 0.43559685 0.15128240
vn -0.98407638 0.05847388 0.16785301
vn -0.98189086 0.06161805 0.17914709
vn -0.88411593 0.43780050 0.16330919
vn 0.99286968 -0.05346902 0.10654130
vn 0.98836386 -0.05758971 0.14078499
vn 0.89231700 -0.43318790 0.12695938
vn -0.99285454 0.05380556 0.10651243
vn -0.98834890 0.05792454 0.14075235
vn -0.89215612 0.43351957 0.12695821
vn 0.99833375 -0.04831139 0.03155652
vn 0.99663240 -0.05145524 0.06384601
vn -0.99831593 0.04867824 0.03155693
vn -0.99661350 0.05182048 0.06384479
vn 0.99890608 -0.04663251 -0.00347913
vn 0.99880165 -0.04782358 0.01040704
vn 0.90503061 -0.42524686 0.00921663
vn -0.90492523 0.42555994 -0.00302140
vn -0.99888891 0.04699936 -0.00347917
vn -0.99878412 0.04818896 0.01040686
vn -0.90488541 0.42555559 0.00921671
vn 0.99880946 -0.04648110 -0.01480193
vn 0.99885315 -0.04681600 -0.01004072
vn 0.90510249 -0.42509940 -0.00894207
vn -0.90487862 0.42546085 -0.01333666
vn -0.99879247 0.04684653 -0.01480167
vn -0.99883723 0.04715240 -0.01004087
vn -0.90495747 0.42540815 -0.00894215
vn -0.04147512 -0.09817915 -0.99430418
vn -0.13037802 -0.09937052 -0.98647213
vn 0.18494676 0.41741198 -0.88969767
vn 0.22821879 0.09921627 -0.96854132
vn -0.22690651 -0.09924679 -0.96884650
vn 0.39162552 0.45293909 -0.80092180
vn 0.46422693 0.09674574 -0.88041675
vn 0.33085755 0.10025524 -0.93834019
vn 0.27824166 0.41374600 -0.86683100
vn -0.46056548 -0.09671539 -0.88234103
vn -0.32737797 -0.10025512 -0.93955988
vn -0.27506584 -0.41383475 -0.86780167
vn 0.63122845 0.46178591 -0.62314087
vn 0.71060801 0.08823087 -0.69803405
vn 0.61712879 0.09473160 -0.78113896
vn 0.54238272 0.46422368 -0.70022666
vn -0.70904100 -0.08810750 -0.69964123
vn -0.61493254 -0.09464023 -0.78288007
vn 0.72492743 0.45428133 -0.51779222
vn 0.81114691 0.08148704 -0.57913780
vn 0.75355500 0.08823164 -0.65143704
vn 0.67094344 0.45953396 -0.58194816
vn -0.80952334 -0.08136434 -0.58142245
vn -0.75196314 -0.08807848 -0.65329444
vn -0.66955692 -0.45940289 -0.58364588
vn 0.83731532 0.44111955 -0.32298106
vn 0.92952389 0.06763059 -0.36250728
vn 0.87613481 0.07773148 -0.47575814
vn 0.78581566 0.44830072 -0.42605200
vn -0.92823040 -0.06750766 -0.36582932
vn -0.87461770 -0.07754915 -0.47857073
vn 0.89064616 0.43059751 -0.14606561
vn 0.98539525 0.05313346 -0.16178085
vn 0.96882361 0.06100735 -0.24012299
vn 0.87566274 0.43294826 -0.21394102
vn -0.98475599 -0.05304199 -0.16565703
vn -0.96791035 -0.06085490 -0.24381635
vn -0.87490267 -0.43282762 -0.21726836
vn 0.89889860 0.42715460 -0.09757169
vn 0.99288845 0.04947199 -0.10828293
vn 0.98951757 0.05243165 -0.13455828
vn 0.89519364 0.42879692 -0.12149755
vn -0.99245918 -0.04938033 -0.11218919
vn -0.98899102 -0.05227864 -0.13843313
vn -0.89476830 -0.42867577 -0.12500754
vn 0.90333188 0.42503813 -0.05774195
vn 0.99686974 0.04663290 -0.06384557
vn 0.99540716 0.04852518 -0.08252333
vn 0.90186197 0.42558509 -0.07431335
vn -0.99531984 -0.04757930 -0.08411067
vn -0.99508017 -0.04837301 -0.08646104
vn 0.99689269 -0.04672410 -0.06341782
vn 0.99727535 -0.04681643 -0.05700983
vn 0.90393311 -0.42455983 -0.05151729
vn 0.90379786 0.42528611 -0.04776267
vn 0.99758351 0.04590099 -0.05215744
vn 0.99754775 0.04632802 -0.05246236
vn 0.90424758 0.42436677 -0.04742653
vn -0.99547070 0.04809804 -0.08200471
vn -0.99726135 0.04715147 -0.05697851
vn -0.90377629 0.42489359 -0.05151705
vn -0.99307382 -0.04919743 -0.10669616
vn -0.99878412 0.04818896 0.01040686
vn -0.15470198 0.12442690 0.98009455
vn 0.68833709 -0.10599427 0.71760529
vn 0.83097982 -0.09949297 0.54733336
vn 0.31395292 -0.11997171 0.94182825
vn 0.96576351 -0.07013192 0.24976486
vn -0.91939026 0.07898364 0.38533518
vn 0.98191398 -0.06125136 0.17914574
vn -0.68832147 0.10620550 0.71758902
vn -0.83097094 0.09976657 0.54729694
vn -0.98189086 0.06161805 0.17914709
vn 0.98409563 -0.05813931 0.16785629
vn -0.99661350 0.05182048 0.06384479
vn 0.99833375 -0.04831139 0.03155652
vn 0.99885315 -0.04681600 -0.01004072
vn 0.99875218 -0.04657141 -0.01803650
vn -0.99531984 -0.04757930 -0.08411067
vn -0.89811629 -0.42876291 -0.09772217
vn -0.99305844 -0.04937978 -0.10675554
vn -0.99883723 0.04715240 -0.01004087
vn 0.33085755 0.10025524 -0.93834019
vn -0.90484005 0.42544088 -0.01626685
vn -0.99873561 0.04693828 -0.01800623
vn -0.22690651 -0.09924679 -0.96884650
vn -0.32737797 -0.10025512 -0.93955988
vn -0.04147512 0.09817915 -0.99430418
vn -0.46056548 -0.09671539 -0.88234103
vn 0.71060801 0.08823087 -0.69803405
vn 0.67094344 0.45953396 -0.58194816
vn 0.75355500 0.08823164 -0.65143704
vn 0.81114691 0.08148704 -0.57913780
vn 0.92952389 0.06763059 -0.36250728
vn -0.75196314 -0.08807848 -0.65329444
vn 0.98539525 0.05313346 -0.16178085
vn 0.99540716 0.04852518 -0.08252333
vn -0.99245918 -0.04938033 -0.11218919
vn -0.99508017 -0.04837301 -0.08646104
vn 0.99686974 0.04663290 -0.06384557
vn 0.99754775 0.04632802 -0.05246236
vn -0.98475599 -0.05304199 -0.16565703
vn -0.99838078 0.04699986 -0.03204536
vn -0.90486753 0.42470697 -0.02896284
vn 0.99839705 -0.04663296 -0.03207542
vn 0.99875218 -0.04657141 -0.01803650
vn 0.99727535 -0.04681643 -0.05700983
vn -0.99307382 -0.04919743 -0.10669616
f 1632/1632/1632 1633/1633/1633 1634/1634/1634
f 1635/1635/1635 1636/1636/1636 1637/1637/1637
f 1638/1638/1638 1639/1639/1639 1640/1640/1640
f 1641/1641/1641 1642/1642/1642 1643/1643/1643
f 1644/1644/1644 1645/1645/1645 1646/1646/1646
f 1647/1647/1647 1648/1648/1648 1649/1649/1649
f 1650/1650/1650 1651/1651/1651 1652/1652/1652
f 1650/1650/1650 1652/1652/1652 1653/1653/1653
f 1654/1654/1654 1655/1655/1655 1656/1656/1656
f 1654/1654/1654 1656/1656/1656 1657/1657/1657
f 1658/1658/1658 1653/1653/1653 1659/1659/1659
f 1658/1658/1658 1659/1659/1659 1660/1660/1660
f 1661/1661/1661 1662/1662/1662 1656/1656/1656
f 1661/1661/1661 1656/1656/1656 1655/1655/1655
f 1663/1663/1663 1664/1664/1664 1665/1665/1665
f 1663/1663/1663 1665/1665/1665 1666/1666/1666
f 1667/1667/1667 1668/1668/1668 1669/1669/1669
f 1667/1667/1667 1669/1669/1669 1670/1670/1670
f 1671/1671/1671 1672/1672/1672 1673/1673/1673
f 1671/1671/1671 1673/1673/1673 1674/1674/1674
f 1675/1675/1675 1676/1676/1676 1677/1677/1677
f 1675/1675/1675 1677/1677/1677 1678/1678/1678
f 1679/1679/1679 1680/1680/1680 1681/1681/1681
f 1679/1679/1679 1681/1681/1681 1682/1682/1682
f 1683/1683/1683 1684/1684/1684 1685/1685/1685
f 1683/1683/1683 1685/1685/1685 1686/1686/1686
f 1687/1687/1687 1688/1688/1688 1689/1689/1689
f 1687/1687/1687 1689/1689/1689 1690/1690/1690
f 1691/1691/1691 1692/1692/1692 1693/1693/1693
f 1691/1691/1691 1693/1693/1693 1694/1694/1694
f 1695/1695/1695 1696/1696/1696 1697/1697/1697
f 1695/1695/1695 1697/1697/1697 1698/1698/1698
f 1699/1699/1699 1700/1700/1700 1701/1701/1701
f 1699/1699/1699 1701/1701/1701 1702/1702/1702
f 1703/1703/1703 1704/1704/1704 1705/1705/1705
f 1703/1703/1703 1705/1705/1705 1706/1706/1706
f 1707/1707/1707 1708/1708/1708 1709/1709/1709
f 1707/1707/1707 1709/1709/1709 1710/1710/1710
f 1711/1711/1711 1712/1712/1712 1713/1713/1713
f 1711/1711/1711 1713/1713/1713 1714/1714/1714
f 1715/1715/1715 1716/1716/1716 1717/1717/1717
f 1715/1715/1715 1717/1717/1717 1718/1718/1718
f 1719/1719/1719 1720/1720/1720 1721/1721/1721
f 1719/1719/1719 1721/1721/1721 1722/1722/1722
f 1723/1723/1723 1724/1724/1724 1725/1725/1725
f 1723/1723/1723 1725/1725/1725 1726/1726/1726
f 1727/1727/1727 1728/1728/1728 1729/1729/1729
f 1727/1727/1727 1729/1729/1729 1730/1730/1730
f 1731/1731/1731 1732/1732/1732 1733/1733/1733
f 1731/1731/1731 1733/1733/1733 1734/1734/1734
f 1735/1735/1735 1736/1736/1736 1737/1737/1737
f 1735/1735/1735 1737/1737/1737 1738/1738/1738
f 1739/1739/1739 1740/1740/1740 1741/1741/1741
f 1739/1739/1739 1741/1741/1741 1742/1742/1742
f 1743/1743/1743 1744/1744/1744 1745/1745/1745
f 1743/1743/1743 1745/1745/1745 1746/1746/1746
f 1747/1747/1747 1748/1748/1748 1749/1749/1749
f 1747/1747/1747 1749/1749/1749 1750/1750/1750
f 1751/1751/1751 1752/1752/1752 1753/1753/1753
f 1751/1751/1751 1753/1753/1753 1754/1754/1754
f 1755/1755/1755 1756/1756/1756 1757/1757/1757
f 1755/1755/1755 1757/1757/1757 1758/1758/1758
f 1759/1759/1759 1760/1760/1760 1761/1761/1761
f 1759/1759/1759 1761/1761/1761 1762/1762/1762
f 1763/1763/1763 1764/1764/1764 1765/1765/1765
f 1763/1763/1763 1765/1765/1765 1766/1766/1766
f 1767/1767/1767 1768/1768/1768 1769/1769/1769
f 1767/1767/1767 1769/1769/1769 1770/1770/1770
f 1771/1771/1771 1772/1772/1772 1773/1773/1773
f 1771/1771/1771 1773/1773/1773 1774/1774/1774
f 1775/1775/1775 1776/1776/1776 1777/1777/1777
f 1775/1775/1775 1777/1777/1777 1778/1778/1778
f 1779/1779/1779 1780/1780/1780 1781/1781/1781
f 1779/1779/1779 1781/1781/1781 1782/1782/1782
f 1783/1783/1783 1784/1784/1784 1785/1785/1785
f 1783/1783/1783 1785/1785/1785 1786/1786/1786
f 1787/1787/1787 1788/1788/1788 1789/1789/1789
f 1787/1787/1787 1789/1789/1789 1790/1790/1790
f 1791/1791/1791 1792/1792/1792 1793/1793/1793
f 1791/1791/1791 1793/1793/1793 1794/1794/1794
f 1795/1795/1795 1796/1796/1796 1797/1797/1797
f 1795/1795/1795 1797/1797/1797 1798/1798/1798
f 1799/1799/1799 1800/1800/1800 1801/1801/1801
f 1799/1799/1799 1801/1801/1801 1802/1802/1802
f 1803/1803/1803 1804/1804/1804 1805/1805/1805
f 1803/1803/1803 1805/1805/1805 1641/1641/1641
f 1806/1806/1806 1807/1807/1807 1808/1808/1808
f 1806/1806/1806 1808/1808/1808 1809/1809/1809
f 1810/1810/1810 1811/1811/1811 1812/1812/1812
f 1810/1810/1810 1812/1812/1812 1813/1813/1813
f 1814/1814/1814 1815/1815/1815 1816/1816/1816
f 1814/1814/1814 1816/1816/1816 1817/1817/1817
f 1818/1818/1818 1819/1819/1819 1820/1820/1820
f 1818/1818/1818 1820/1820/1820 1821/1821/1821
f 1822/1822/1822 1823/1823/1823 1824/1824/1824
f 1822/1822/1822 1824/1824/1824 1825/1825/1825
f 1735/1735/1735 1826/1826/1826 1827/1827/1827
f 1735/1735/1735 1827/1827/1827 1828/1828/1828
f 1829/1829/1829 1830/1830/1830 1831/1831/1831
f 1829/1829/1829 1831/1831/1831 1832/1832/1832
f 1833/1833/1833 1834/1834/1834 1835/1835/1835
f 1833/1833/1833 1835/1835/1835 1836/1836/1836
f 1739/1739/1739 1837/1837/1837 1838/1838/1838
f 1739/1739/1739 1838/1838/1838 1839/1839/1839
f 1667/1667/1667 1840/1840/1840 1841/1841/1841
f 1667/1667/1667 1841/1841/1841 1842/1842/1842
f 1843/1843/1843 1844/1844/1844 1845/1845/1845
f 1843/1843/1843 1845/1845/1845 1846/1846/1846
f 1671/1671/1671 1847/1847/1847 1848/1848/1848
f 1671/1671/1671 1848/1848/1848 1849/1849/1849
f 1675/1675/1675 1850/1850/1850 1851/1851/1851
f 1675/1675/1675 1851/1851/1851 1852/1852/1852
f 1853/1853/1853 1854/1854/1854 1855/1855/1855
f 1853/1853/1853 1855/1855/1855 1856/1856/1856
f 1857/1857/1857 1858/1858/1858 1859/1859/1859
f 1857/1857/1857 1859/1859/1859 1860/1860/1860
f 1679/1679/1679 1861/1861/1861 1862/1862/1862
f 1679/1679/1679 1862/1862/1862 1863/1863/1863
f 1864/1864/1864 1865/1865/1865 1866/1866/1866
f 1864/1864/1864 1866/1866/1866 1867/1867/1867
f 1683/1683/1683 1868/1868/1868 1869/1869/1869
f 1683/1683/1683 1869/1869/1869 1870/1870/1870
f 1691/1691/1691 1871/1871/1871 1872/1872/1872
f 1691/1691/1691 1872/1872/1872 1873/1873/1873
f 1874/1874/1874 1875/1875/1875 1876/1876/1876
f 1874/1874/1874 1876/1876/1876 1877/1877/1877
f 1695/1695/1695 1878/1878/1878 1879/1879/1879
f 1695/1695/1695 1879/1879/1879 1880/1880/1880
f 1699/1699/1699 1881/1881/1881 1882/1882/1882
f 1699/1699/1699 1882/1882/1882 1883/1883/1883
f 1884/1884/1884 1885/1885/1885 1886/1886/1886
f 1884/1884/1884 1886/1886/1886 1887/1887/1887
f 1687/1687/1687 1690/1690/1690 1888/1888/1888
f 1687/1687/1687 1888/1888/1888 1889/1889/1889
f 1707/1707/1707 1710/1710/1710 1890/1890/1890
f 1707/1707/1707 1890/1890/1890 1891/1891/1891
f 1892/1892/1892 1893/1893/1893 1894/1894/1894
f 1892/1892/1892 1894/1894/1894 1895/1895/1895
f 1711/1711/1711 1896/1896/1896 1897/1897/1897
f 1711/1711/1711 1897/1897/1897 1898/1898/1898
f 1703/1703/1703 1899/1899/1899 1900/1900/1900
f 1703/1703/1703 1900/1900/1900 1901/1901/1901
f 1902/1902/1902 1903/1903/1903 1904/1904/1904
f 1902/1902/1902 1904/1904/1904 1905/1905/1905
f 1719/1719/1719 1906/1906/1906 1907/1907/1907
f 1719/1719/1719 1907/1907/1907 1908/1908/1908
f 1727/1727/1727 1909/1909/1909 1910/1910/1910
f 1727/1727/1727 1910/1910/1910 1911/1911/1911
f 1723/1723/1723 1912/1912/1912 1913/1913/1913
f 1723/1723/1723 1913/1913/1913 1914/1914/1914
f 1915/1915/1915 1916/1916/1916 1917/1917/1917
f 1915/1915/1915 1917/1917/1917 1918/1918/1918
f 1919/1919/1919 1920/1920/1920 1921/1921/1921
f 1919/1919/1919 1921/1921/1921 1922/1922/1922
f 1731/1731/1731 1923/1923/1923 1924/1924/1924
f 1731/1731/1731 1924/1924/1924 1925/1925/1925
f 1926/1926/1926 1927/1927/1927 1928/1928/1928
f 1926/1926/1926 1928/1928/1928 1929/1929/1929
f 1930/1930/1930 1931/1931/1931 1932/1932/1932
f 1930/1930/1930 1932/1932/1932 1933/1933/1933
f 1806/1806/1806 1934/1934/1934 1935/1935/1935
f 1806/1806/1806 1935/1935/1935 1936/1936/1936
f 1937/1937/1937 1938/1938/1938 1939/1939/1939
f 1937/1937/1937 1939/1939/1939 1940/1940/1940
f 1941/1941/1941 1942/1942/1942 1943/1943/1943
f 1941/1941/1941 1943/1943/1943 1944/1944/1944
f 1759/1759/1759 1945/1945/1945 1946/1946/1946
f 1759/1759/1759 1946/1946/1946 1947/1947/1947
f 1948/1948/1948 1949/1949/1949 1950/1950/1950
f 1948/1948/1948 1950/1950/1950 1951/1951/1951
f 1952/1952/1952 1953/1953/1953 1954/1954/1954
f 1952/1952/1952 1954/1954/1954 1955/1955/1955
f 1751/1751/1751 1956/1956/1956 1957/1957/1957
f 1751/1751/1751 1957/1957/1957 1958/1958/1958
f 1959/1959/1959 1960/1960/1960 1961/1961/1961
f 1959/1959/1959 1961/1961/1961 1962/1962/1962
f 1963/1963/1963 1964/1964/1964 1965/1965/1965
f 1963/1963/1963 1965/1965/1965 1966/1966/1966
f 1771/1771/1771 1967/1967/1967 1968/1968/1968
f 1771/1771/1771 1968/1968/1968 1969/1969/1969
f 1970/1970/1970 1971/1971/1971 1972/1972/1972
f 1970/1970/1970 1972/1972/1972 1973/1973/1973
f 1974/1974/1974 1975/1975/1975 1976/1976/1976
f 1974/1974/1974 1976/1976/1976 1977/1977/1977
f 1783/1783/1783 1978/1978/1978 1979/1979/1979
f 1783/1783/1783 1979/1979/1979 1980/1980/1980
f 1981/1981/1981 1982/1982/1982 1983/1983/1983
f 1981/1981/1981 1983/1983/1983 1984/1984/1984
f 1985/1985/1985 1986/1986/1986 1987/1987/1987
f 1985/1985/1985 1987/1987/1987 1988/1988/1988
f 1775/1775/1775 1778/1778/1778 1989/1989/1989
f 1775/1775/1775 1989/1989/1989 1990/1990/1990
f 1991/1991/1991 1992/1992/1992 1993/1993/1993
f 1991/1991/1991 1993/1993/1993 1994/1994/1994
f 1995/1995/1995 1996/1996/1996 1997/1997/1997
f 1995/1995/1995 1997/1997/1997 1998/1998/1998
f 1799/1799/1799 1999/1999/1999 2000/2000/2000
f 1799/1799/1799 2000/2000/2000 2001/2001/2001
f 2002/2002/2002 2003/2003/2003 2004/2004/2004
f 2002/2002/2002 2004/2004/2004 2005/2005/2005
f 2006/2006/2006 2007/2007/2007 2008/2008/2008
f 2006/2006/2006 2008/2008/2008 2009/2009/2009
f 2010/2010/2010 1810/1810/1810 1742/1742/1742
f 2010/2010/2010 1742/1742/1742 1741/1741/1741
f 1662/1662/1662 1661/1661/1661 1726/1726/1726
f 1662/1662/1662 1726/1726/1726 2011/2011/2011
f 2012/2012/2012 2013/2013/2013 2014/2014/2014
f 2012/2012/2012 2014/2014/2014 2015/2015/2015
f 1736/1736/1736 1735/1735/1735 1670/1670/1670
f 1736/1736/1736 1670/1670/1670 1669/1669/1669
f 2016/2016/2016 1650/1650/1650 1746/1746/1746
f 2016/2016/2016 1746/1746/1746 2017/2017/2017
f 1740/1740/1740 1739/1739/1739 1674/1674/1674
f 1740/1740/1740 1674/1674/1674 2018/2018/2018
f 1668/1668/1668 1667/1667/1667 1678/1678/1678
f 1668/1668/1668 1678/1678/1678 2019/2019/2019
f 1672/1672/1672 1671/1671/1671 1666/1666/1666
f 1672/1672/1672 1666/1666/1666 2020/2020/2020
f 2021/2021/2021 1675/1675/1675 1682/1682/1682
f 2021/2021/2021 1682/1682/1682 2022/2022/2022
f 1833/1833/1833 2023/2023/2023 2024/2024/2024
f 1833/1833/1833 2024/2024/2024 1834/1834/1834
f 1678/1678/1678 1667/1667/1667 1842/1842/1842
f 1678/1678/1678 1842/1842/1842 2025/2025/2025
f 2026/2026/2026 2027/2027/2027 2028/2028/2028
f 2026/2026/2026 2028/2028/2028 2029/2029/2029
f 1674/1674/1674 1739/1739/1739 1839/1839/1839
f 1674/1674/1674 1839/1839/1839 2030/2030/2030
f 2031/2031/2031 1663/1663/1663 1686/1686/1686
f 2031/2031/2031 1686/1686/1686 2032/2032/2032
f 2033/2033/2033 1679/1679/1679 1694/1694/1694
f 2033/2033/2033 1694/1694/1694 2034/2034/2034
f 2035/2035/2035 1683/1683/1683 1698/1698/1698
f 2035/2035/2035 1698/1698/1698 1697/1697/1697
f 2036/2036/2036 1691/1691/1691 1702/1702/1702
f 2036/2036/2036 1702/1702/1702 1701/1701/1701
f 1694/1694/1694 1679/1679/1679 1863/1863/1863
f 1694/1694/1694 1863/1863/1863 2037/2037/2037
f 2038/2038/2038 2039/2039/2039 2040/2040/2040
f 2038/2038/2038 2040/2040/2040 2041/2041/2041
f 1696/1696/1696 1695/1695/1695 2042/2042/2042
f 1696/1696/1696 2042/2042/2042 2043/2043/2043
f 2044/2044/2044 1699/1699/1699 2045/2045/2045
f 2044/2044/2044 2045/2045/2045 2046/2046/2046
f 1864/1864/1864 2047/2047/2047 2048/2048/2048
f 1864/1864/1864 2048/2048/2048 1865/1865/1865
f 1702/1702/1702 1691/1691/1691 1873/1873/1873
f 1702/1702/1702 1873/1873/1873 2049/2049/2049
f 2050/2050/2050 2051/2051/2051 2052/2052/2052
f 2050/2050/2050 2052/2052/2052 2053/2053/2053
f 1698/1698/1698 1683/1683/1683 1870/1870/1870
f 1698/1698/1698 1870/1870/1870 2054/2054/2054
f 1688/1688/1688 1687/1687/1687 1714/1714/1714
f 1688/1688/1688 1714/1714/1714 1713/1713/1713
f 2055/2055/2055 1707/1707/1707 1706/1706/1706
f 2055/2055/2055 1706/1706/1706 1705/1705/1705
f 2056/2056/2056 1711/1711/1711 1722/1722/1722
f 2056/2056/2056 1722/1722/1722 1721/1721/1721
f 1704/1704/1704 1703/1703/1703 1730/1730/1730
f 1704/1704/1704 1730/1730/1730 1729/1729/1729
f 1884/1884/1884 2057/2057/2057 2058/2058/2058
f 1884/1884/1884 2058/2058/2058 1885/1885/1885
f 1706/1706/1706 1707/1707/1707 1891/1891/1891
f 1706/1706/1706 1891/1891/1891 2059/2059/2059
f 2060/2060/2060 2061/2061/2061 2062/2062/2062
f 2060/2060/2060 2062/2062/2062 2063/2063/2063
f 1714/1714/1714 1687/1687/1687 1889/1889/1889
f 1714/1714/1714 1889/1889/1889 2064/2064/2064
f 2065/2065/2065 1719/1719/1719 1635/1635/1635
f 2065/2065/2065 1635/1635/1635 2066/2066/2066
f 1728/1728/1728 1727/1727/1727 1638/1638/1638
f 1728/1728/1728 1638/1638/1638 2067/2067/2067
f 2068/2068/2068 2069/2069/2069 2070/2070/2070
f 2068/2068/2068 2070/2070/2070 2071/2071/2071
f 1722/1722/1722 1711/1711/1711 1898/1898/1898
f 1722/1722/1722 1898/1898/1898 2072/2072/2072
f 2073/2073/2073 1716/1716/1716 1715/1715/1715
f 2073/2073/2073 1715/1715/1715 2074/2074/2074
f 1716/1716/1716 2073/2073/2073 2075/2075/2075
f 1716/1716/1716 2075/2075/2075 2076/2076/2076
f 2077/2077/2077 2078/2078/2078 2067/2067/2067
f 2077/2077/2077 2067/2067/2067 1638/1638/1638
f 2079/2079/2079 2077/2077/2077 2080/2080/2080
f 2079/2079/2079 2080/2080/2080 2081/2081/2081
f 1724/1724/1724 1723/1723/1723 1734/1734/1734
f 1724/1724/1724 1734/1734/1734 2082/2082/2082
f 1744/1744/1744 1743/1743/1743 1750/1750/1750
f 1744/1744/1744 1750/1750/1750 1749/1749/1749
f 1829/1829/1829 2083/2083/2083 2084/2084/2084
f 1829/1829/1829 2084/2084/2084 1830/1830/1830
f 2085/2085/2085 2086/2086/2086 2087/2087/2087
f 2085/2085/2085 2087/2087/2087 2088/2088/2088
f 2089/2089/2089 1731/1731/1731 1809/1809/1809
f 2089/2089/2089 1809/1809/1809 1808/1808/1808
f 2090/2090/2090 1747/1747/1747 1758/1758/1758
f 2090/2090/2090 1758/1758/1758 1757/1757/1757
f 2091/2091/2091 1806/1806/1806 1762/1762/1762
f 2091/2091/2091 1762/1762/1762 1761/1761/1761
f 2092/2092/2092 1755/1755/1755 1766/1766/1766
f 2092/2092/2092 1766/1766/1766 1765/1765/1765
f 2093/2093/2093 1759/1759/1759 1754/1754/1754
f 2093/2093/2093 1754/1754/1754 2094/2094/2094
f 2095/2095/2095 1763/1763/1763 1770/1770/1770
f 2095/2095/2095 1770/1770/1770 2096/2096/2096
f 1941/1941/1941 2097/2097/2097 2098/2098/2098
f 1941/1941/1941 2098/2098/2098 1942/1942/1942
f 1762/1762/1762 1806/1806/1806 1936/1936/1936
f 1762/1762/1762 1936/1936/1936 2099/2099/2099
f 1937/1937/1937 2100/2100/2100 2101/2101/2101
f 1937/1937/1937 2101/2101/2101 1938/1938/1938
f 2102/2102/2102 2103/2103/2103 2104/2104/2104
f 2102/2102/2102 2104/2104/2104 2105/2105/2105
f 1752/1752/1752 1751/1751/1751 1774/1774/1774
f 1752/1752/1752 1774/1774/1774 2106/2106/2106
f 1768/1768/1768 1767/1767/1767 1782/1782/1782
f 1768/1768/1768 1782/1782/1782 1781/1781/1781
f 1772/1772/1772 1771/1771/1771 1786/1786/1786
f 1772/1772/1772 1786/1786/1786 1785/1785/1785
f 2107/2107/2107 1779/1779/1779 1790/1790/1790
f 2107/2107/2107 1790/1790/1790 1789/1789/1789
f 1963/1963/1963 2108/2108/2108 2109/2109/2109
f 1963/1963/1963 2109/2109/2109 1964/1964/1964
f 2110/2110/2110 2111/2111/2111 2112/2112/2112
f 2110/2110/2110 2112/2112/2112 2113/2113/2113
f 2114/2114/2114 1783/1783/1783 2115/2115/2115
f 2114/2114/2114 2115/2115/2115 2116/2116/2116
f 2117/2117/2117 1787/1787/1787 2118/2118/2118
f 2117/2117/2117 2118/2118/2118 2119/2119/2119
f 1974/1974/1974 2120/2120/2120 2121/2121/2121
f 1974/1974/1974 2121/2121/2121 1975/1975/1975
f 1786/1786/1786 1771/1771/1771 1969/1969/1969
f 1786/1786/1786 1969/1969/1969 2122/2122/2122
f 1970/1970/1970 2123/2123/2123 2124/2124/2124
f 1970/1970/1970 2124/2124/2124 1971/1971/1971
f 2125/2125/2125 2126/2126/2126 2127/2127/2127
f 2125/2125/2125 2127/2127/2127 2128/2128/2128
f 1776/1776/1776 1775/1775/1775 1802/1802/1802
f 1776/1776/1776 1802/1802/1802 1801/1801/1801
f 2129/2129/2129 1795/1795/1795 1794/1794/1794
f 2129/2129/2129 1794/1794/1794 1793/1793/1793
f 1800/1800/1800 1799/1799/1799 1641/1641/1641
f 1800/1800/1800 1641/1641/1641 1805/1805/1805
f 1792/1792/1792 1791/1791/1791 2130/2130/2130
f 1792/1792/1792 2130/2130/2130 2131/2131/2131
f 1995/1995/1995 2132/2132/2132 2133/2133/2133
f 1995/1995/1995 2133/2133/2133 1996/1996/1996
f 1802/1802/1802 1775/1775/1775 1990/1990/1990
f 1802/1802/1802 1990/1990/1990 2134/2134/2134
f 1991/1991/1991 2135/2135/2135 2136/2136/2136
f 1991/1991/1991 2136/2136/2136 1992/1992/1992
f 2137/2137/2137 2138/2138/2138 2139/2139/2139
f 2137/2137/2137 2139/2139/2139 2140/2140/2140
f 2141/2141/2141 2142/2142/2142 1803/1803/1803
f 2141/2141/2141 1803/1803/1803 2143/2143/2143
f 2144/2144/2144 2145/2145/2145 2146/2146/2146
f 2144/2144/2144 2146/2146/2146 2147/2147/2147
f 2145/2145/2145 2148/2148/2148 2131/2131/2131
f 2145/2145/2145 2131/2131/2131 2130/2130/2130
f 2143/2143/2143 1803/1803/1803 2149/2149/2149
f 2143/2143/2143 2149/2149/2149 2150/2150/2150
f 2002/2002/2002 1644/1644/1644 1646/1646/1646
f 2002/2002/2002 1646/1646/1646 2003/2003/2003
f 2151/2151/2151 2152/2152/2152 2153/2153/2153
f 2151/2151/2151 2153/2153/2153 2154/2154/2154
f 2141/2141/2141 2143/2143/2143 1647/1647/1647
f 2141/2141/2141 1647/1647/1647 2155/2155/2155
f 2145/2145/2145 2144/2144/2144 2156/2156/2156
f 2145/2145/2145 2156/2156/2156 2157/2157/2157
f 2006/2006/2006 2158/2158/2158 2159/2159/2159
f 2006/2006/2006 2159/2159/2159 1647/1647/1647
f 2002/2002/2002 2160/2160/2160 2161/2161/2161
f 2002/2002/2002 2161/2161/2161 1644/1644/1644
f 1995/1995/1995 2162/2162/2162 2163/2163/2163
f 1995/1995/1995 2163/2163/2163 2132/2132/2132
f 1991/1991/1991 2164/2164/2164 2165/2165/2165
f 1991/1991/1991 2165/2165/2165 2135/2135/2135
f 1985/1985/1985 2166/2166/2166 2167/2167/2167
f 1985/1985/1985 2167/2167/2167 2168/2168/2168
f 1981/1981/1981 2169/2169/2169 2170/2170/2170
f 1981/1981/1981 2170/2170/2170 2171/2171/2171
f 1974/1974/1974 2172/2172/2172 2173/2173/2173
f 1974/1974/1974 2173/2173/2173 2120/2120/2120
f 1970/1970/1970 2174/2174/2174 2175/2175/2175
f 1970/1970/1970 2175/2175/2175 2123/2123/2123
f 1963/1963/1963 2176/2176/2176 2177/2177/2177
f 1963/1963/1963 2177/2177/2177 2108/2108/2108
f 2178/2178/2178 2179/2179/2179 2180/2180/2180
f 2178/2178/2178 2180/2180/2180 2181/2181/2181
f 1952/1952/1952 2182/2182/2182 2183/2183/2183
f 1952/1952/1952 2183/2183/2183 2184/2184/2184
f 1948/1948/1948 2185/2185/2185 2186/2186/2186
f 1948/1948/1948 2186/2186/2186 2187/2187/2187
f 1941/1941/1941 2188/2188/2188 2189/2189/2189
f 1941/1941/1941 2189/2189/2189 2097/2097/2097
f 1937/1937/1937 2190/2190/2190 2191/2191/2191
f 1937/1937/1937 2191/2191/2191 2100/2100/2100
f 1930/1930/1930 2192/2192/2192 2193/2193/2193
f 1930/1930/1930 2193/2193/2193 2194/2194/2194
f 2195/2195/2195 2196/2196/2196 2197/2197/2197
f 2195/2195/2195 2197/2197/2197 2198/2198/2198
f 1919/1919/1919 2199/2199/2199 2200/2200/2200
f 1919/1919/1919 2200/2200/2200 2201/2201/2201
f 2202/2202/2202 2203/2203/2203 2204/2204/2204
f 2202/2202/2202 2204/2204/2204 2205/2205/2205
f 2206/2206/2206 2078/2078/2078 2077/2077/2077
f 2206/2206/2206 2077/2077/2077 2079/2079/2079
f 2206/2206/2206 2079/2079/2079 1632/1632/1632
f 2206/2206/2206 1632/1632/1632 2207/2207/2207
f 2208/2208/2208 2209/2209/2209 1718/1718/1718
f 2208/2208/2208 1718/1718/1718 1717/1717/1717
f 1902/1902/1902 2210/2210/2210 2207/2207/2207
f 1902/1902/1902 2207/2207/2207 1632/1632/1632
f 2211/2211/2211 2212/2212/2212 2213/2213/2213
f 2211/2211/2211 2213/2213/2213 2214/2214/2214
f 1892/1892/1892 2215/2215/2215 2216/2216/2216
f 1892/1892/1892 2216/2216/2216 2217/2217/2217
f 2218/2218/2218 2219/2219/2219 2220/2220/2220
f 2218/2218/2218 2220/2220/2220 2221/2221/2221
f 1884/1884/1884 2222/2222/2222 2223/2223/2223
f 1884/1884/1884 2223/2223/2223 2057/2057/2057
f 2224/2224/2224 2225/2225/2225 2226/2226/2226
f 2224/2224/2224 2226/2226/2226 2227/2227/2227
f 1874/1874/1874 2228/2228/2228 2229/2229/2229
f 1874/1874/1874 2229/2229/2229 2230/2230/2230
f 2231/2231/2231 2232/2232/2232 2233/2233/2233
f 2231/2231/2231 2233/2233/2233 2234/2234/2234
f 1864/1864/1864 2235/2235/2235 2236/2236/2236
f 1864/1864/1864 2236/2236/2236 2047/2047/2047
f 2237/2237/2237 2238/2238/2238 2239/2239/2239
f 2237/2237/2237 2239/2239/2239 2240/2240/2240
f 1853/1853/1853 2241/2241/2241 2242/2242/2242
f 1853/1853/1853 2242/2242/2242 2243/2243/2243
f 2244/2244/2244 2245/2245/2245 2246/2246/2246
f 2244/2244/2244 2246/2246/2246 2247/2247/2247
f 1843/1843/1843 2248/2248/2248 2249/2249/2249
f 1843/1843/1843 2249/2249/2249 2250/2250/2250
f 2251/2251/2251 2252/2252/2252 2253/2253/2253
f 2251/2251/2251 2253/2253/2253 2254/2254/2254
f 1833/1833/1833 2255/2255/2255 2256/2256/2256
f 1833/1833/1833 2256/2256/2256 2023/2023/2023
f 2257/2257/2257 2258/2258/2258 2259/2259/2259
f 2257/2257/2257 2259/2259/2259 1738/1738/1738
f 2260/2260/2260 2261/2261/2261 2262/2262/2262
f 2260/2260/2260 2262/2262/2262 2263/2263/2263
f 2264/2264/2264 2265/2265/2265 2266/2266/2266
f 2264/2264/2264 2266/2266/2266 1813/1813/1813
f 2267/2267/2267 1814/1814/1814 1654/1654/1654
f 2267/2267/2267 1654/1654/1654 1657/1657/1657
f 2190/2190/2190 1937/1937/1937 2198/2198/2198
f 2190/2190/2190 2198/2198/2198 2268/2268/2268
f 2156/2156/2156 2144/2144/2144 1644/1644/1644
f 2156/2156/2156 1644/1644/1644 2269/2269/2269
f 2160/2160/2160 2002/2002/2002 2135/2135/2135
f 2160/2160/2160 2135/2135/2135 2165/2165/2165
f 2270/2270/2270 1995/1995/1995 1998/1998/1998
f 2270/2270/2270 1998/1998/1998 2271/2271/2271
f 2272/2272/2272 2006/2006/2006 2132/2132/2132
f 2272/2272/2272 2132/2132/2132 2163/2163/2163
f 2166/2166/2166 1985/1985/1985 2120/2120/2120
f 2166/2166/2166 2120/2120/2120 2273/2273/2273
f 2274/2274/2274 1981/1981/1981 2123/2123/2123
f 2274/2274/2274 2123/2123/2123 2175/2175/2175
f 2172/2172/2172 1974/1974/1974 2108/2108/2108
f 2172/2172/2172 2108/2108/2108 2275/2275/2275
f 2276/2276/2276 1991/1991/1991 1994/1994/1994
f 2276/2276/2276 1994/1994/1994 2277/2277/2277
f 2174/2174/2174 1970/1970/1970 2181/2181/2181
f 2174/2174/2174 2181/2181/2181 2278/2278/2278
f 2279/2279/2279 1963/1963/1963 2184/2184/2184
f 2279/2279/2279 2184/2184/2184 2183/2183/2183
f 2182/2182/2182 1952/1952/1952 2097/2097/2097
f 2182/2182/2182 2097/2097/2097 2189/2189/2189
f 2185/2185/2185 1948/1948/1948 2100/2100/2100
f 2185/2185/2185 2100/2100/2100 2280/2280/2280
f 2281/2281/2281 1941/1941/1941 2194/2194/2194
f 2281/2281/2281 2194/2194/2194 2193/2193/2193
f 2179/2179/2179 2178/2178/2178 2187/2187/2187
f 2179/2179/2179 2187/2187/2187 2186/2186/2186
f 2192/2192/2192 1930/1930/1930 2201/2201/2201
f 2192/2192/2192 2201/2201/2201 2282/2282/2282
f 2199/2199/2199 1919/1919/1919 2083/2083/2083
f 2199/2199/2199 2083/2083/2083 2283/2283/2283
f 2284/2284/2284 1833/1833/1833 2285/2285/2285
f 2284/2284/2284 2285/2285/2285 2286/2286/2286
f 2261/2261/2261 2260/2260/2260 1658/1658/1658
f 2261/2261/2261 1658/1658/1658 1660/1660/1660
f 2196/2196/2196 2195/2195/2195 2205/2205/2205
f 2196/2196/2196 2205/2205/2205 2287/2287/2287
f 2209/2209/2209 2208/2208/2208 2214/2214/2214
f 2209/2209/2209 2214/2214/2214 2288/2288/2288
f 2203/2203/2203 2202/2202/2202 2289/2289/2289
f 2203/2203/2203 2289/2289/2289 2290/2290/2290
f 2291/2291/2291 1902/1902/1902 2217/2217/2217
f 2291/2291/2291 2217/2217/2217 2292/2292/2292
f 2073/2073/2073 2293/2293/2293 2066/2066/2066
f 2073/2073/2073 2066/2066/2066 1635/1635/1635
f 2294/2294/2294 1892/1892/1892 2057/2057/2057
f 2294/2294/2294 2057/2057/2057 2223/2223/2223
f 2295/2295/2295 2218/2218/2218 2296/2296/2296
f 2295/2295/2295 2296/2296/2296 2297/2297/2297
f 2212/2212/2212 2211/2211/2211 2221/2221/2221
f 2212/2212/2212 2221/2221/2221 2220/2220/2220
f 2298/2298/2298 2224/2224/2224 2234/2234/2234
f 2298/2298/2298 2234/2234/2234 2233/2233/2233
f 2228/2228/2228 1874/1874/1874 2047/2047/2047
f 2228/2228/2228 2047/2047/2047 2236/2236/2236
f 2299/2299/2299 2231/2231/2231 2240/2240/2240
f 2299/2299/2299 2240/2240/2240 2239/2239/2239
f 2222/2222/2222 1884/1884/1884 1887/1887/1887
f 2222/2222/2222 1887/1887/1887 2300/2300/2300
f 2235/2235/2235 1864/1864/1864 2243/2243/2243
f 2235/2235/2235 2243/2243/2243 2242/2242/2242
f 2301/2301/2301 2237/2237/2237 2247/2247/2247
f 2301/2301/2301 2247/2247/2247 2246/2246/2246
f 2245/2245/2245 2244/2244/2244 2254/2254/2254
f 2245/2245/2245 2254/2254/2254 2302/2302/2302
f 2303/2303/2303 1843/1843/1843 2023/2023/2023
f 2303/2303/2303 2023/2023/2023 2304/2304/2304
f 2305/2305/2305 2251/2251/2251 2263/2263/2263
f 2305/2305/2305 2263/2263/2263 2306/2306/2306
f 2307/2307/2307 1853/1853/1853 2250/2250/2250
f 2307/2307/2307 2250/2250/2250 2249/2249/2249
f 2308/2308/2308 2309/2309/2309 2266/2266/2266
f 2308/2308/2308 2266/2266/2266 2265/2265/2265
f 1829/1829/1829 2310/2310/2310 2311/2311/2311
f 1829/1829/1829 2311/2311/2311 2083/2083/2083
f 2309/2309/2309 2308/2308/2308 2290/2290/2290
f 2309/2309/2309 2290/2290/2290 2289/2289/2289
f 2310/2310/2310 1829/1829/1829 2259/2259/2259
f 2310/2310/2310 2259/2259/2259 2312/2312/2312
f 2141/2141/2141 2155/2155/2155 2131/2131/2131
f 2141/2141/2141 2131/2131/2131 2148/2148/2148
f 2156/2156/2156 2269/2269/2269 1805/1805/1805
f 2156/2156/2156 1805/1805/1805 1804/1804/1804
f 2272/2272/2272 2163/2163/2163 1793/1793/1793
f 2272/2272/2272 1793/1793/1793 1792/1792/1792
f 2160/2160/2160 2165/2165/2165 1801/1801/1801
f 2160/2160/2160 1801/1801/1801 1800/1800/1800
f 2270/2270/2270 2271/2271/2271 1797/1797/1797
f 2270/2270/2270 1797/1797/1797 1796/1796/1796
f 2276/2276/2276 2277/2277/2277 1777/1777/1777
f 2276/2276/2276 1777/1777/1777 1776/1776/1776
f 2166/2166/2166 2273/2273/2273 1789/1789/1789
f 2166/2166/2166 1789/1789/1789 1788/1788/1788
f 2274/2274/2274 2175/2175/2175 1785/1785/1785
f 2274/2274/2274 1785/1785/1785 1784/1784/1784
f 2172/2172/2172 2275/2275/2275 1781/1781/1781
f 2172/2172/2172 1781/1781/1781 1780/1780/1780
f 2174/2174/2174 2278/2278/2278 1773/1773/1773
f 2174/2174/2174 1773/1773/1773 1772/1772/1772
f 2279/2279/2279 2183/2183/2183 1769/1769/1769
f 2279/2279/2279 1769/1769/1769 1768/1768/1768
f 2179/2179/2179 2186/2186/2186 1753/1753/1753
f 2179/2179/2179 1753/1753/1753 1752/1752/1752
f 2182/2182/2182 2189/2189/2189 1765/1765/1765
f 2182/2182/2182 1765/1765/1765 1764/1764/1764
f 2185/2185/2185 2280/2280/2280 1761/1761/1761
f 2185/2185/2185 1761/1761/1761 1760/1760/1760
f 2281/2281/2281 2193/2193/2193 1757/1757/1757
f 2281/2281/2281 1757/1757/1757 1756/1756/1756
f 2190/2190/2190 2268/2268/2268 1808/1808/1808
f 2190/2190/2190 1808/1808/1808 1807/1807/1807
f 2192/2192/2192 2282/2282/2282 1749/1749/1749
f 2192/2192/2192 1749/1749/1749 1748/1748/1748
f 2196/2196/2196 2287/2287/2287 1733/1733/1733
f 2196/2196/2196 1733/1733/1733 1732/1732/1732
f 2199/2199/2199 2283/2283/2283 1745/1745/1745
f 2199/2199/2199 1745/1745/1745 1744/1744/1744
f 2203/2203/2203 2290/2290/2290 1725/1725/1725
f 2203/2203/2203 1725/1725/1725 1724/1724/1724
f 1715/1715/1715 1718/1718/1718 2067/2067/2067
f 1715/1715/1715 2067/2067/2067 2078/2078/2078
f 2206/2206/2206 2207/2207/2207 2066/2066/2066
f 2206/2206/2206 2066/2066/2066 2293/2293/2293
f 2209/2209/2209 2288/2288/2288 1729/1729/1729
f 2209/2209/2209 1729/1729/1729 1728/1728/1728
f 2291/2291/2291 2292/2292/2292 1721/1721/1721
f 2291/2291/2291 1721/1721/1721 1720/1720/1720
f 2212/2212/2212 2220/2220/2220 1705/1705/1705
f 2212/2212/2212 1705/1705/1705 1704/1704/1704
f 2294/2294/2294 2223/2223/2223 1713/1713/1713
f 2294/2294/2294 1713/1713/1713 1712/1712/1712
f 2295/2295/2295 2297/2297/2297 1709/1709/1709
f 2295/2295/2295 1709/1709/1709 1708/1708/1708
f 2222/2222/2222 2300/2300/2300 1689/1689/1689
f 2222/2222/2222 1689/1689/1689 1688/1688/1688
f 2298/2298/2298 2233/2233/2233 1701/1701/1701
f 2298/2298/2298 1701/1701/1701 1700/1700/1700
f 2228/2228/2228 2236/2236/2236 1697/1697/1697
f 2228/2228/2228 1697/1697/1697 1696/1696/1696
f 2299/2299/2299 2239/2239/2239 1693/1693/1693
f 2299/2299/2299 1693/1693/1693 1692/1692/1692
f 2235/2235/2235 2242/2242/2242 1685/1685/1685
f 2235/2235/2235 1685/1685/1685 1684/1684/1684
f 2301/2301/2301 2246/2246/2246 1681/1681/1681
f 2301/2301/2301 1681/1681/1681 1680/1680/1680
f 2307/2307/2307 2249/2249/2249 1665/1665/1665
f 2307/2307/2307 1665/1665/1665 1664/1664/1664
f 2245/2245/2245 2302/2302/2302 1677/1677/1677
f 2245/2245/2245 1677/1677/1677 1676/1676/1676
f 2303/2303/2303 2304/2304/2304 1673/1673/1673
f 2303/2303/2303 1673/1673/1673 1672/1672/1672
f 2305/2305/2305 2306/2306/2306 1669/1669/1669
f 2305/2305/2305 1669/1669/1669 1668/1668/1668
f 2284/2284/2284 2286/2286/2286 1741/1741/1741
f 2284/2284/2284 1741/1741/1741 1740/1740/1740
f 2310/2310/2310 2312/2312/2312 1652/1652/1652
f 2310/2310/2310 1652/1652/1652 1651/1651/1651
f 2261/2261/2261 1660/1660/1660 1737/1737/1737
f 2261/2261/2261 1737/1737/1737 1736/1736/1736
f 2308/2308/2308 2265/2265/2265 1656/1656/1656
f 2308/2308/2308 1656/1656/1656 1662/1662/1662
f 2267/2267/2267 1657/1657/1657 1812/1812/1812
f 2267/2267/2267 1812/1812/1812 1811/1811/1811
f 2010/2010/2010 1741/1741/1741 2286/2286/2286
f 2010/2010/2010 2286/2286/2286 2313/2313/2313
f 2091/2091/2091 1761/1761/1761 2191/2191/2191
f 2091/2091/2091 2191/2191/2191 2190/2190/2190
f 2142/2142/2142 2141/2141/2141 2157/2157/2157
f 2142/2142/2142 2157/2157/2157 2156/2156/2156
f 1800/1800/1800 1805/1805/1805 2161/2161/2161
f 1800/1800/1800 2161/2161/2161 2160/2160/2160
f 2129/2129/2129 1793/1793/1793 2163/2163/2163
f 2129/2129/2129 2163/2163/2163 2162/2162/2162
f 1792/1792/1792 2131/2131/2131 2159/2159/2159
f 1792/1792/1792 2159/2159/2159 2158/2158/2158
f 2117/2117/2117 2119/2119/2119 2167/2167/2167
f 2117/2117/2117 2167/2167/2167 2166/2166/2166
f 2114/2114/2114 2116/2116/2116 2170/2170/2170
f 2114/2114/2114 2170/2170/2170 2169/2169/2169
f 2107/2107/2107 1789/1789/1789 2173/2173/2173
f 2107/2107/2107 2173/2173/2173 2172/2172/2172
f 1776/1776/1776 1801/1801/1801 2165/2165/2165
f 1776/1776/1776 2165/2165/2165 2164/2164/2164
f 1772/1772/1772 1785/1785/1785 2175/2175/2175
f 1772/1772/1772 2175/2175/2175 2174/2174/2174
f 1768/1768/1768 1781/1781/1781 2177/2177/2177
f 1768/1768/1768 2177/2177/2177 2176/2176/2176
f 2095/2095/2095 2096/2096/2096 2183/2183/2183
f 2095/2095/2095 2183/2183/2183 2182/2182/2182
f 2093/2093/2093 2094/2094/2094 2186/2186/2186
f 2093/2093/2093 2186/2186/2186 2185/2185/2185
f 2092/2092/2092 1765/1765/1765 2189/2189/2189
f 2092/2092/2092 2189/2189/2189 2188/2188/2188
f 1752/1752/1752 2106/2106/2106 2180/2180/2180
f 1752/1752/1752 2180/2180/2180 2179/2179/2179
f 2090/2090/2090 1757/1757/1757 2193/2193/2193
f 2090/2090/2090 2193/2193/2193 2192/2192/2192
f 1744/1744/1744 1749/1749/1749 2200/2200/2200
f 1744/1744/1744 2200/2200/2200 2199/2199/2199
f 1740/1740/1740 2018/2018/2018 2256/2256/2256
f 1740/1740/1740 2256/2256/2256 2255/2255/2255
f 1736/1736/1736 1669/1669/1669 2262/2262/2262
f 1736/1736/1736 2262/2262/2262 2261/2261/2261
f 2089/2089/2089 1808/1808/1808 2197/2197/2197
f 2089/2089/2089 2197/2197/2197 2196/2196/2196
f 1728/1728/1728 2067/2067/2067 1718/1718/1718
f 1728/1728/1728 1718/1718/1718 2209/2209/2209
f 1724/1724/1724 2082/2082/2082 2204/2204/2204
f 1724/1724/1724 2204/2204/2204 2203/2203/2203
f 2065/2065/2065 2066/2066/2066 2207/2207/2207
f 2065/2065/2065 2207/2207/2207 2210/2210/2210
f 2078/2078/2078 2206/2206/2206 2074/2074/2074
f 2078/2078/2078 2074/2074/2074 1715/1715/1715
f 2056/2056/2056 1721/1721/1721 2216/2216/2216
f 2056/2056/2056 2216/2216/2216 2215/2215/2215
f 2055/2055/2055 1705/1705/1705 2220/2220/2220
f 2055/2055/2055 2220/2220/2220 2219/2219/2219
f 1704/1704/1704 1729/1729/1729 2213/2213/2213
f 1704/1704/1704 2213/2213/2213 2212/2212/2212
f 2044/2044/2044 2046/2046/2046 2226/2226/2226
f 2044/2044/2044 2226/2226/2226 2225/2225/2225
f 1696/1696/1696 2043/2043/2043 2229/2229/2229
f 1696/1696/1696 2229/2229/2229 2228/2228/2228
f 2036/2036/2036 1701/1701/1701 2233/2233/2233
f 2036/2036/2036 2233/2233/2233 2232/2232/2232
f 1688/1688/1688 1713/1713/1713 2223/2223/2223
f 1688/1688/1688 2223/2223/2223 2222/2222/2222
f 2035/2035/2035 1697/1697/1697 2236/2236/2236
f 2035/2035/2035 2236/2236/2236 2235/2235/2235
f 2033/2033/2033 2034/2034/2034 2239/2239/2239
f 2033/2033/2033 2239/2239/2239 2238/2238/2238
f 2021/2021/2021 2022/2022/2022 2246/2246/2246
f 2021/2021/2021 2246/2246/2246 2245/2245/2245
f 1672/1672/1672 2020/2020/2020 2249/2249/2249
f 1672/1672/1672 2249/2249/2249 2248/2248/2248
f 1668/1668/1668 2019/2019/2019 2253/2253/2253
f 1668/1668/1668 2253/2253/2253 2252/2252/2252
f 2031/2031/2031 2032/2032/2032 2242/2242/2242
f 2031/2031/2031 2242/2242/2242 2241/2241/2241
f 1662/1662/1662 2011/2011/2011 2290/2290/2290
f 1662/1662/1662 2290/2290/2290 2308/2308/2308
f 2258/2258/2258 2257/2257/2257 1660/1660/1660
f 2258/2258/2258 1660/1660/1660 1659/1659/1659
f 2265/2265/2265 2264/2264/2264 1657/1657/1657
f 2265/2265/2265 1657/1657/1657 1656/1656/1656
f 2016/2016/2016 2017/2017/2017 2311/2311/2311
f 2016/2016/2016 2311/2311/2311 2310/2310/2310
f 1814/1814/1814 2313/2313/2313 2286/2286/2286
f 1814/1814/1814 2286/2286/2286 2285/2285/2285

o Cube_screen_0
usemtl screen
v 0.91641611 -0.92711192 2.83090997
v 0.90359509 -0.92711192 2.83275318
v 0.90822464 -0.92757398 2.81945276
v 0.86056805 -0.92711192 2.83536696
v 0.86658931 -0.92757398 2.82243037
v 0.87351286 -0.92711192 2.83490467
v 0.95471740 -0.92711192 2.82163215
v 0.94228917 -0.92711192 2.82528138
v 0.94498003 -0.92757398 2.81145692
v 0.99130750 -0.92711192 2.80699849
v 0.97952521 -0.92711186 2.81237936
v 0.98022074 -0.92757398 2.79831266
v 1.02544200 -0.92711192 2.78730679
v 1.01454544 -0.92711192 2.79430962
v 1.01323295 -0.92757398 2.78028655
v 1.05642784 -0.92711192 2.76295686
v 1.04663873 -0.92711186 2.77143908
v 1.04334342 -0.92757398 2.75774622
v 1.08363330 -0.92711192 2.73444486
v 1.07515073 -0.92711192 2.74423385
v 1.06993997 -0.92757398 2.73114991
v 1.10650229 -0.92711192 2.70235324
v 1.09949958 -0.92711192 2.71324992
v 1.09247959 -0.92757398 2.70104051
v 1.12457263 -0.92711192 2.66733193
v 1.11919177 -0.92711192 2.67911434
v 1.11050606 -0.92757398 2.66802740
v 1.13747513 -0.92711192 2.63009501
v 1.13382590 -0.92711192 2.64252329
v 1.12365067 -0.92757398 2.63278556
v 1.14494658 -0.92711192 2.59140229
v 1.14310312 -0.92711192 2.60422325
v 1.13164568 -0.92757398 2.59603286
v 1.14756036 -0.92711192 2.54837632
v 1.14709806 -0.92711192 2.56132102
v 1.13462377 -0.92757398 2.55439425
v -1.20903945 -0.92711192 2.83536696
v -1.22198427 -0.92711192 2.83490467
v -1.21506071 -0.92757398 2.82243037
v -1.26757622 -0.92711186 2.83071756
v -1.25938475 -0.92757398 2.81926036
v -1.25475514 -0.92711192 2.83256102
v -1.30851173 -0.92711192 2.82086682
v -1.29877436 -0.92757398 2.81069160
v -1.29608357 -0.92711192 2.82451606
v -1.34762609 -0.92711192 2.80529189
v -1.33653915 -0.92757398 2.79660630
v -1.33584368 -0.92711192 2.81067276
v -1.38412690 -0.92711186 2.78430772
v -1.37191820 -0.92757398 2.77728748
v -1.37323046 -0.92711192 2.79131055
v -1.41726971 -0.92711192 2.75834298
v -1.40418541 -0.92757398 2.75313258
v -1.40748072 -0.92711192 2.76682544
v -1.44638062 -0.92711186 2.72792578
v -1.43268716 -0.92757398 2.72463107
v -1.43789816 -0.92711192 2.73771477
v -1.47086620 -0.92711192 2.69367456
v -1.45684350 -0.92757398 2.69236183
v -1.46386349 -0.92711192 2.70457125
v -1.49022734 -0.92711192 2.65628934
v -1.47616065 -0.92757398 2.65698481
v -1.48484635 -0.92711192 2.66807175
v -1.50407159 -0.92711186 2.61652732
v -1.49024713 -0.92757398 2.61921811
v -1.50042236 -0.92711192 2.62895560
v -1.51211619 -0.92711186 2.57520032
v -1.49881530 -0.92757398 2.57983088
v -1.51027274 -0.92711192 2.58802128
v -1.51492226 -0.92711192 2.52948594
v -1.50198567 -0.92757398 2.53550386
v -1.51445997 -0.92711192 2.54243064
v -1.42456758 -0.92711192 0.96076047
v -1.41174650 -0.92711186 0.95891708
v -1.41637707 -0.92757398 0.97221792
v -1.39208066 -0.92711192 0.95797402
v -1.39809942 -0.92757398 0.97091055
v -1.40502548 -0.92711192 0.95843637
v -1.43998230 -0.92711192 0.96505940
v -1.42755413 -0.92711192 0.96141016
v -1.43024480 -0.92757398 0.97523463
v -1.45462906 -0.92711192 0.97150862
v -1.44284666 -0.92711186 0.96612775
v -1.44354248 -0.92757398 0.98019439
v -1.46820807 -0.92711192 0.97997618
v -1.45731151 -0.92711186 0.97297335
v -1.45599854 -0.92757398 0.98699594
v -1.48044419 -0.92711192 0.99029022
v -1.47065485 -0.92711192 0.98180783
v -1.46735954 -0.92757398 0.99550074
v -1.49108827 -0.92711192 1.00224125
v -1.48260593 -0.92711192 0.99245203
v -1.47739530 -0.92757398 1.00553644
v -1.49992299 -0.92711192 1.01558495
v -1.49292016 -0.92711186 1.00468826
v -1.48590076 -0.92757398 1.01689851
v -1.50676847 -0.92711192 1.03004956
v -1.50138760 -0.92711186 1.01826715
v -1.49270153 -0.92757398 1.02935302
v -1.51148605 -0.92711192 1.04534221
v -1.50783682 -0.92711186 1.03291404
v -1.49766159 -0.92757398 1.04265153
v -1.51397932 -0.92711192 1.06115055
v -1.51213586 -0.92711192 1.04832947
v -1.50067842 -0.92757398 1.05651999
v -1.51492226 -0.92711192 1.08081520
v -1.51445997 -0.92711192 1.06787038
v -1.50198567 -0.92757398 1.07479727
v 1.04613793 -0.92711192 0.95797402
v 1.05908275 -0.92711192 0.95843637
v 1.05215669 -0.92757398 0.97091055
v 1.07557666 -0.92711192 0.96054244
v 1.06738615 -0.92757398 0.97199988
v 1.06275558 -0.92711192 0.95869905
v 1.08800519 -0.92711192 0.96419179
v 1.07826734 -0.92757398 0.97436690
v 1.07557702 -0.92711192 0.96054250
v 1.09978831 -0.92711192 0.96957302
v 1.08870196 -0.92757398 0.97825891
v 1.08800590 -0.92711192 0.96419209
v 1.11068523 -0.92711186 0.97657591
v 1.09847558 -0.92757398 0.98359561
v 1.09978843 -0.92711192 0.96957308
v 1.12047493 -0.92711192 0.98505878
v 1.10738993 -0.92757398 0.99026895
v 1.11068583 -0.92711192 0.97657639
v 1.12895811 -0.92711192 0.99484873
v 1.11526537 -0.92757398 0.99814433
v 1.12047577 -0.92711192 0.98505956
v 1.13596117 -0.92711192 1.00574577
v 1.12193894 -0.92757398 1.00705922
v 1.12895834 -0.92711192 0.99484897
v 1.14134204 -0.92711192 1.01752806
v 1.12727511 -0.92757398 1.01683152
v 1.13596117 -0.92711192 1.00574565
v 1.14499164 -0.92711192 1.02995741
v 1.13116717 -0.92757398 1.02726674
v 1.14134252 -0.92711192 1.01752925
v 1.14683521 -0.92711186 1.04277909
v 1.13353431 -0.92757398 1.03814852
v 1.14499176 -0.92711192 1.02995801
v 1.14756036 -0.92711192 1.05939710
v 1.13462377 -0.92757398 1.05337930
v 1.14709795 -0.92711192 1.04645228
v 0.94301897 -0.92692709 2.82776713
v 0.91678482 -0.92692709 2.83347416
v 0.94734681 -0.92453772 2.84250379
v 0.91897005 -0.92453772 2.84867692
v 0.91860884 -0.92508835 2.84616494
v 0.94663185 -0.92508835 2.84006882
v 0.97054827 -0.84046483 2.92146897
v 0.93066853 -0.84046483 2.93014431
v 0.93058997 -0.84299618 2.92959785
v 0.97039276 -0.84299618 2.92093921
v 0.96936345 -0.85539287 2.91743803
v 0.93007189 -0.85539281 2.92598534
v 0.92994273 -0.85782009 2.92508698
v 0.96910769 -0.85782009 2.91656709
v 0.96758991 -0.86957258 2.91140461
v 0.92917860 -0.86957258 2.91976047
v 0.92900145 -0.87184626 2.91852832
v 0.96723926 -0.87184626 2.91021037
v 0.96526432 -0.88271528 2.90349150
v 0.92800689 -0.88271534 2.91159630
v 0.92778540 -0.88478911 2.91005588
v 0.96482581 -0.88478917 2.90199804
v 0.96243382 -0.89455342 2.89385986
v 0.92658043 -0.89455342 2.90165925
v 0.92631906 -0.89638525 2.89984131
v 0.96191633 -0.89638537 2.89209747
v 0.95915622 -0.90484613 2.88270521
v 0.92492813 -0.90484607 2.89015150
v 0.92463219 -0.90639859 2.88809323
v 0.95857042 -0.90639853 2.88071036
v 0.95549846 -0.91338366 2.87025547
v 0.92308348 -0.91338378 2.87730694
v 0.92275906 -0.91462517 2.87505078
v 0.95485622 -0.91462517 2.86806822
v 0.95153505 -0.91999239 2.85676336
v 0.92108393 -0.91999233 2.86338782
v 0.92073756 -0.92089772 2.86097908
v 0.95084941 -0.92089772 2.85442829
v 0.91787851 -0.84046483 2.93198323
v 0.87708062 -0.84046483 2.93490100
v 0.87706095 -0.84299618 2.93435025
v 0.91779995 -0.84299618 2.93143678
v 0.91727930 -0.85539287 2.92782474
v 0.87693125 -0.85539287 2.93071032
v 0.87689894 -0.85782009 2.92980504
v 0.91715014 -0.85782009 2.92692637
v 0.91638249 -0.86957258 2.92160010
v 0.87670761 -0.86957264 2.92443776
v 0.87666327 -0.87184626 2.92319632
v 0.91620535 -0.87184626 2.92036843
v 0.91520661 -0.88271534 2.91343689
v 0.87641430 -0.88271528 2.91621113
v 0.87635887 -0.88478911 2.91465855
v 0.91498506 -0.88478911 2.91189599
v 0.91377556 -0.89455348 2.90350032
v 0.87605727 -0.89455336 2.90619779
v 0.87599182 -0.89638525 2.90436602
v 0.91351420 -0.89638531 2.90168238
v 0.91211867 -0.90484607 2.89199305
v 0.87564367 -0.90484613 2.89460158
v 0.87556958 -0.90639853 2.89252782
v 0.91182274 -0.90639859 2.88993502
v 0.91026974 -0.91338372 2.87914920
v 0.87518185 -0.91338366 2.88165879
v 0.87510067 -0.91462523 2.87938499
v 0.90994537 -0.91462517 2.87689304
v 0.90826666 -0.91999239 2.86523056
v 0.87468135 -0.91999239 2.86763239
v 0.87459469 -0.92089772 2.86520529
v 0.90792036 -0.92089772 2.86282182
v 0.90615028 -0.92453772 2.85052013
v 0.87415218 -0.92453772 2.85280848
v 0.87406176 -0.92508835 2.85027719
v 0.90578908 -0.92508841 2.84800816
v 0.90396374 -0.92692709 2.83531761
v 0.87360513 -0.92692709 2.83748865
v 0.98698229 -0.92453772 2.82870674
v 0.95977372 -0.92453772 2.83885479
v 0.95905876 -0.92508835 2.83641982
v 0.98592800 -0.92508841 2.82639813
v 1.01594603 -0.92692709 2.79648876
v 0.99238360 -0.92692709 2.80935502
v 1.02118564 -0.84046483 2.90356588
v 0.98294640 -0.84046483 2.91782832
v 0.98279089 -0.84299618 2.91729879
v 1.02095628 -0.84299618 2.90306377
v 1.01943910 -0.85539287 2.89974451
v 0.98176396 -0.85539287 2.91379690
v 0.98150826 -0.85782009 2.91292596
v 1.01906216 -0.85782003 2.89891887
v 1.01682520 -0.86957258 2.89402485
v 0.97999400 -0.86957258 2.90776229
v 0.97964334 -0.87184626 2.90656829
v 1.01630807 -0.87184620 2.89289260
v 1.01339686 -0.88271534 2.88652325
v 0.97767234 -0.88271534 2.89984798
v 0.97723389 -0.88478917 2.89835477
v 1.01275027 -0.88478905 2.88510776
v 1.00922441 -0.89455354 2.87739253
v 0.97484636 -0.89455342 2.89021492
v 0.97432894 -0.89638531 2.88845277
v 1.00846159 -0.89638525 2.87572217
v 1.00439286 -0.90484607 2.86681843
v 0.97157323 -0.90484613 2.87905931
v 0.97098750 -0.90639853 2.87706447
v 1.00352907 -0.90639859 2.86492682
v 0.99900049 -0.91338372 2.85501575
v 0.96791953 -0.91338366 2.86660814
v 0.96727735 -0.91462523 2.86442113
v 0.99805355 -0.91462517 2.85294223
v 0.99315727 -0.91999239 2.84222484
v 0.96395952 -0.91999239 2.85311532
v 0.96327388 -0.92089772 2.85078025
v 0.99214637 -0.92089766 2.84001136
v 1.02425027 -0.92453772 2.80940938
v 0.99876344 -0.92453772 2.82332635
v 0.99770927 -0.92508835 2.82101774
v 1.02287817 -0.92508835 2.80727458
v 1.04833519 -0.92692709 2.77339697
v 1.02684271 -0.92692709 2.78948593
v 1.06648719 -0.85539287 2.87510490
v 1.03119528 -0.85539287 2.89437580
v 1.03081822 -0.85782009 2.89355016
v 1.06599653 -0.85782015 2.87434149
v 1.06308579 -0.86957264 2.86981535
v 1.02858460 -0.86957258 2.88865471
v 1.02806747 -0.87184626 2.88752222
v 1.06241286 -0.87184620 2.86876845
v 1.05862486 -0.88271528 2.86287808
v 1.02516019 -0.88271534 2.88115120
v 1.02451372 -0.88478911 2.87973547
v 1.05778337 -0.88478917 2.86156893
v 1.05319524 -0.89455348 2.85443401
v 1.02099204 -0.89455354 2.87201858
v 1.02022910 -0.89638519 2.87034798
v 1.05220246 -0.89638525 2.85288930
v 1.04690790 -0.90484607 2.84465504
v 1.01616466 -0.90484601 2.86144233
v 1.01530087 -0.90639859 2.85955095
v 1.04578376 -0.90639859 2.84290576
v 1.03989065 -0.91338372 2.83374000
v 1.01077616 -0.91338366 2.84963775
v 1.00982916 -0.91462517 2.84756422
v 1.03865814 -0.91462523 2.83182240
v 1.03228641 -0.91999239 2.82191110
v 1.00493610 -0.91999245 2.83684564
v 1.00392532 -0.92089772 2.83463216
v 1.03097081 -0.92089760 2.81986427
v 1.05839384 -0.92453772 2.78500414
v 1.03514588 -0.92453772 2.80240726
v 1.03377378 -0.92508835 2.80027223
v 1.05673170 -0.92508841 2.78308606
v 1.07710862 -0.92692709 2.74593043
v 1.05812430 -0.92692709 2.76491451
v 1.10954976 -0.85539287 2.84402013
v 1.07735956 -0.85539287 2.86811757
v 1.07686901 -0.85782009 2.86735415
v 1.10895550 -0.85782003 2.84333444
v 1.10543025 -0.86957258 2.83926892
v 1.07396126 -0.86957264 2.86282611
v 1.07328832 -0.87184620 2.86177921
v 1.10461509 -0.87184626 2.83832812
v 1.10002756 -0.88271534 2.83303690
v 1.06950390 -0.88271528 2.85588670
v 1.06866241 -0.88478917 2.85457730
v 1.09900820 -0.88478911 2.83186054
v 1.09345150 -0.89455348 2.82545137
v 1.06407821 -0.89455348 2.84744000
v 1.06308532 -0.89638525 2.84589505
v 1.09224892 -0.89638531 2.82406354
v 1.08583629 -0.90484613 2.81666660
v 1.05779457 -0.90484613 2.83765864
v 1.05667055 -0.90639859 2.83590937
v 1.08447480 -0.90639859 2.81509542
v 1.07733727 -0.91338372 2.80686140
v 1.05078089 -0.91338372 2.82674122
v 1.04954851 -0.91462517 2.82482362
v 1.07584453 -0.91462517 2.80513859
v 1.06812716 -0.91999239 2.79623532
v 1.04317987 -0.91999239 2.81491065
v 1.04186416 -0.92089772 2.81286335
v 1.06653357 -0.92089772 2.79439616
v 1.08871663 -0.92453772 2.75598812
v 1.06818199 -0.92453772 2.77652264
v 1.06651998 -0.92508835 2.77460480
v 1.08679867 -0.92508841 2.75432611
v 1.10167873 -0.92692709 2.71465039
v 1.08559096 -0.92692709 2.73614120
v 1.14775014 -0.85539287 2.80712366
v 1.11931729 -0.85539287 2.83555675
v 1.11872292 -0.85782009 2.83487082
v 1.14706433 -0.85782009 2.80652952
v 1.14299655 -0.86957258 2.80300689
v 1.11520040 -0.86957258 2.83080292
v 1.11438525 -0.87184626 2.82986212
v 1.14205587 -0.87184620 2.80219173
v 1.13676190 -0.88271528 2.79760742
v 1.10980070 -0.88271528 2.82456827
v 1.10878158 -0.88478911 2.82339191
v 1.13558555 -0.88478911 2.79658794
v 1.12917340 -0.89455342 2.79103494
v 1.10322833 -0.89455342 2.81697965
v 1.10202575 -0.89638525 2.81559181
v 1.12778533 -0.89638537 2.78983212
v 1.12038553 -0.90484613 2.78342319
v 1.09561670 -0.90484613 2.80819178
v 1.09425521 -0.90639853 2.80662060
v 1.11881435 -0.90639853 2.78206158
v 1.11057758 -0.91338372 2.77492714
v 1.08712065 -0.91338372 2.79838395
v 1.08562803 -0.91462517 2.79666138
v 1.10885501 -0.91462523 2.77343440
v 1.09994924 -0.91999239 2.76571989
v 1.07791340 -0.91999239 2.78775549
v 1.07631981 -0.92089772 2.78591633
v 1.09811008 -0.92089772 2.76412606
v 1.11460006 -0.92453772 2.72295380
v 1.09719801 -0.92453772 2.74620008
v 1.09528005 -0.92508835 2.74453807
v 1.11246514 -0.92508841 2.72158170
v 1.12154853 -0.92692709 2.68019056
v 1.10868180 -0.92692709 2.70375395
v 1.18031096 -0.85539287 2.76516652
v 1.15621364 -0.85539287 2.79735661
v 1.15552771 -0.85782009 2.79676223
v 1.17954743 -0.85782015 2.76467586
v 1.17501950 -0.86957258 2.76176810
v 1.15146220 -0.86957264 2.79323697
v 1.15052164 -0.87184626 2.79242182
v 1.17397249 -0.87184626 2.76109529
v 1.16807997 -0.88271528 2.75731063
v 1.14523053 -0.88271528 2.78783393
v 1.14405429 -0.88478917 2.78681469
v 1.16677070 -0.88478917 2.75646925
v 1.15963328 -0.89455348 2.75188518
v 1.13764501 -0.89455336 2.78125811
v 1.13625705 -0.89638531 2.78005528
v 1.15808833 -0.89638525 2.75089240
v 1.14985156 -0.90484607 2.74560189
v 1.12886035 -0.90484607 2.77364278
v 1.12728906 -0.90639853 2.77228117
v 1.14810252 -0.90639859 2.74447775
v 1.13893414 -0.91338372 2.73858833
v 1.11905503 -0.91338378 2.76514363
v 1.11733258 -0.91462517 2.76365089
v 1.13701665 -0.91462511 2.73735595
v 1.12710345 -0.91999245 2.73098731
v 1.10842896 -0.91999245 2.75593328
v 1.10659003 -0.92089772 2.75433993
v 1.12505639 -0.92089772 2.72967196
v 1.13551974 -0.92453772 2.68657017
v 1.12160230 -0.92453772 2.71205807
v 1.11946738 -0.92508835 2.71068597
v 1.13321137 -0.92508841 2.68551612
v 1.13631153 -0.92692709 2.64325309
v 1.12692928 -0.92692709 2.66840816
v 1.21039164 -0.84046483 2.72074628
v 1.19083214 -0.84046483 2.75656652
v 1.19036770 -0.84299618 2.75626802
v 1.20988941 -0.84299618 2.72051692
v 1.20656931 -0.85539287 2.71900201
v 1.18729830 -0.85539287 2.75429392
v 1.18653488 -0.85782009 2.75380325
v 1.20574379 -0.85782009 2.71862507
v 1.20084834 -0.86957258 2.71639132
v 1.18200886 -0.86957258 2.75089264
v 1.18096173 -0.87184626 2.75021982
v 1.19971609 -0.87184626 2.71587420
v 1.19334483 -0.88271528 2.71296716
v 1.17507160 -0.88271528 2.74643159
v 1.17376232 -0.88478917 2.74559021
v 1.19192910 -0.88478917 2.71232057
v 1.18421209 -0.89455348 2.70879865
v 1.16662741 -0.89455348 2.74100208
v 1.16508245 -0.89638525 2.74000931
v 1.18254161 -0.89638519 2.70803595
v 1.17363572 -0.90484613 2.70397139
v 1.15684819 -0.90484613 2.73471498
v 1.15509915 -0.90639859 2.73359084
v 1.17174447 -0.90639859 2.70310783
v 1.16183138 -0.91338366 2.69858289
v 1.14593315 -0.91338372 2.72769785
v 1.14401555 -0.91462517 2.72646546
v 1.15975785 -0.91462523 2.69763589
v 1.14903927 -0.91999239 2.69274282
v 1.13410425 -0.91999245 2.72009397
v 1.13205719 -0.92089772 2.71877837
v 1.14682567 -0.92089772 2.69173193
v 1.15104878 -0.92453772 2.64757991
v 1.14090014 -0.92453772 2.67478919
v 1.13859153 -0.92508835 2.67373490
v 1.14861357 -0.92508841 2.64686489
v 1.14566731 -0.92692709 2.60459185
v 1.13996089 -0.92692709 2.63082480
v 1.23002195 -0.84046483 2.67075300
v 1.21575940 -0.84046483 2.70899248
v 1.21525729 -0.84299618 2.70876312
v 1.22949231 -0.84299618 2.67059755
v 1.22599041 -0.85539287 2.66957068
v 1.21193826 -0.85539287 2.70724583
v 1.21111262 -0.85782009 2.70686889
v 1.22511947 -0.85782009 2.66931486
v 1.21995592 -0.86957258 2.66780066
v 1.20621860 -0.86957252 2.70463204
v 1.20508635 -0.87184626 2.70411491
v 1.21876168 -0.87184626 2.66744995
v 1.21204162 -0.88271528 2.66547894
v 1.19871712 -0.88271528 2.70120382
v 1.19730139 -0.88478917 2.70055723
v 1.21054828 -0.88478911 2.66504049
v 1.20240855 -0.89455348 2.66265273
v 1.18958616 -0.89455354 2.69703126
v 1.18791556 -0.89638525 2.69626832
v 1.20064652 -0.89638519 2.66213512
v 1.19125283 -0.90484613 2.65937948
v 1.17901170 -0.90484613 2.69219971
v 1.17712057 -0.90639853 2.69133592
v 1.18925798 -0.90639859 2.65879393
v 1.17880189 -0.91338372 2.65572572
v 1.16720915 -0.91338366 2.68680716
v 1.16513574 -0.91462523 2.68586040
v 1.17661476 -0.91462517 2.65508342
v 1.16530895 -0.91999239 2.65176558
v 1.15441859 -0.91999233 2.68096399
v 1.15220499 -0.92089772 2.67995310
v 1.16297412 -0.92089772 2.65108013
v 1.16087008 -0.92453772 2.60677719
v 1.15469754 -0.92453766 2.63515282
v 1.15226245 -0.92508835 2.63443780
v 1.15835810 -0.92508835 2.60641599
v 1.14968193 -0.92692709 2.56141329
v 1.14751053 -0.92692709 2.59177089
v 1.24233735 -0.84046483 2.61847520
v 1.23366225 -0.84046483 2.65835476
v 1.23313260 -0.84299618 2.65819931
v 1.24179089 -0.84299618 2.61839652
v 1.23817849 -0.85539287 2.61787868
v 1.22963142 -0.85539287 2.65717006
v 1.22876060 -0.85782009 2.65691423
v 1.23728001 -0.85782009 2.61774945
v 1.23195362 -0.86957258 2.61698532
v 1.22359812 -0.86957258 2.65539670
v 1.22240376 -0.87184626 2.65504599
v 1.23072159 -0.87184626 2.61680818
v 1.22378945 -0.88271528 2.61581373
v 1.21568489 -0.88271523 2.65307093
v 1.21419144 -0.88478917 2.65263224
v 1.22224879 -0.88478923 2.61559224
v 1.21385229 -0.89455348 2.61438727
v 1.20605314 -0.89455348 2.65023994
v 1.20429111 -0.89638525 2.64972258
v 1.21203446 -0.89638531 2.61412597
v 1.20234442 -0.90484613 2.61273527
v 1.19489884 -0.90484613 2.64696240
v 1.19290400 -0.90639853 2.64637661
v 1.20028639 -0.90639853 2.61243939
v 1.18950009 -0.91338366 2.61089039
v 1.18244898 -0.91338372 2.64330459
v 1.18026197 -0.91462517 2.64266229
v 1.18724382 -0.91462517 2.61056614
v 1.17558086 -0.91999239 2.60889101
v 1.16895711 -0.91999239 2.63934112
v 1.16662216 -0.92089772 2.63865542
v 1.17317224 -0.92089772 2.60854459
v 1.16500199 -0.92453772 2.56195998
v 1.16271317 -0.92453772 2.59395742
v 1.16020131 -0.92508835 2.59359622
v 1.16247058 -0.92508835 2.56186962
v 1.15014434 -0.92692709 1.05930483
v 1.15014434 -0.92692709 2.54846859
v 1.24709439 -0.84046483 2.56488752
v 1.24417627 -0.84046483 2.60568523
v 1.24362981 -0.84299618 2.60560656
v 1.24654377 -0.84299618 2.56486797
v 1.24290371 -0.85539287 2.56473827
v 1.24001765 -0.85539287 2.60508609
v 1.23911929 -0.85782009 2.60495687
v 1.24199843 -0.85782009 2.56470609
v 1.23663116 -0.86957258 2.56451464
v 1.23379338 -0.86957264 2.60418916
v 1.23256147 -0.87184626 2.60401201
v 1.23538971 -0.87184626 2.56447029
v 1.22840464 -0.88271528 2.56422138
v 1.22562993 -0.88271528 2.60301328
v 1.22408926 -0.88478917 2.60279179
v 1.22685206 -0.88478917 2.56416607
v 1.21839118 -0.89455348 2.56386447
v 1.21569335 -0.89455342 2.60158229
v 1.21387553 -0.89638525 2.60132098
v 1.21655941 -0.89638519 2.56379914
v 1.20679498 -0.90484613 2.56345129
v 1.20418620 -0.90484619 2.59992576
v 1.20212817 -0.90639853 2.59962988
v 1.20472121 -0.90639853 2.56337714
v 1.19385219 -0.91338366 2.56298947
v 1.19134247 -0.91338366 2.59807658
v 1.18908608 -0.91462523 2.59775233
v 1.19157839 -0.91462523 2.56290841
v 1.17982578 -0.91999245 2.56248903
v 1.17742360 -0.91999239 2.59607387
v 1.17501497 -0.92089772 2.59572744
v 1.17739868 -0.92089766 2.56240249
v 1.24911785 -0.82509243 2.56495976
v 1.24618435 -0.82509238 2.60597467
v 1.24600089 -0.82767630 2.60594821
v 1.24893320 -0.82767624 2.56495309
v -1.22262371 -0.92453772 2.85280848
v -1.25731027 -0.92453772 2.85032797
v -1.25694907 -0.92508835 2.84781575
v -1.22253323 -0.92508841 2.85027719
v -1.22517943 -0.86957258 2.92443776
v -1.26754272 -0.86957258 2.92140818
v -1.26736557 -0.87184626 2.92017579
v -1.22513509 -0.87184626 2.92319632
v -1.22488606 -0.88271534 2.91621113
v -1.26636660 -0.88271528 2.91324449
v -1.26614511 -0.88478923 2.91170382
v -1.22483051 -0.88478917 2.91465855
v -1.22452891 -0.89455348 2.90619779
v -1.26493561 -0.89455348 2.90330768
v -1.26467419 -0.89638519 2.90148997
v -1.22446346 -0.89638525 2.90436578
v -1.22411525 -0.90484613 2.89460158
v -1.26327860 -0.90484613 2.89180064
v -1.26298273 -0.90639859 2.88974261
v -1.22404110 -0.90639859 2.89252782
v -1.22365344 -0.91338366 2.88165855
v -1.26142979 -0.91338372 2.87895679
v -1.26110542 -0.91462517 2.87670064
v -1.22357225 -0.91462523 2.87938499
v -1.22315288 -0.91999239 2.86763239
v -1.25942671 -0.91999245 2.86503816
v -1.25908041 -0.92089766 2.86262965
v -1.22306621 -0.92089766 2.86520529
v -1.26794493 -0.92692709 2.83328176
v -1.29681337 -0.92692709 2.82700181
v -1.28033876 -0.86957258 2.91956806
v -1.32138383 -0.86957264 2.91063929
v -1.32103312 -0.87184626 2.90944505
v -1.28016162 -0.87184626 2.91833615
v -1.27916694 -0.88271523 2.91140413
v -1.31905806 -0.88271528 2.90272617
v -1.31861961 -0.88478917 2.90123272
v -1.27894545 -0.88478923 2.90986323
v -1.27774048 -0.89455354 2.90146661
v -1.31622779 -0.89455342 2.89309454
v -1.31571031 -0.89638531 2.89133215
v -1.27747905 -0.89638519 2.89964890
v -1.27608812 -0.90484607 2.88995910
v -1.31295025 -0.90484607 2.88193989
v -1.31236446 -0.90639853 2.87994504
v -1.27579224 -0.90639865 2.88790083
v -1.27424347 -0.91338372 2.87711453
v -1.30929255 -0.91338366 2.86949015
v -1.30865026 -0.91462523 2.86730289
v -1.27391911 -0.91462517 2.87485838
v -1.27224398 -0.91999245 2.86319542
v -1.30532920 -0.91999239 2.85599804
v -1.30464363 -0.92089772 2.85366321
v -1.27189767 -0.92089766 2.86078691
v -1.27013004 -0.92453772 2.84848475
v -1.30114102 -0.92453772 2.84173846
v -1.30042601 -0.92508835 2.83930349
v -1.26976883 -0.92508841 2.84597254
v -1.30924153 -0.92692709 2.82335234
v -1.33691967 -0.92692709 2.81302905
v -1.33378792 -0.86957258 2.90699697
v -1.37314403 -0.86957258 2.89231801
v -1.37262702 -0.87184626 2.89118576
v -1.33343709 -0.87184620 2.90580273
v -1.33146620 -0.88271528 2.89908266
v -1.36971581 -0.88271528 2.88481617
v -1.36906934 -0.88478917 2.88340068
v -1.33102775 -0.88478917 2.89758945
v -1.32864034 -0.89455342 2.88944983
v -1.36554337 -0.89455342 2.87568545
v -1.36478043 -0.89638525 2.87401485
v -1.32812285 -0.89638531 2.88768744
v -1.32536721 -0.90484613 2.87829399
v -1.36071146 -0.90484613 2.86511111
v -1.35984778 -0.90639853 2.86321998
v -1.32478142 -0.90639853 2.87629914
v -1.32171357 -0.91338366 2.86584282
v -1.35531902 -0.91338372 2.85330868
v -1.35437214 -0.91462523 2.85123539
v -1.32107139 -0.91462517 2.86365581
v -1.31775367 -0.91999239 2.85234976
v -1.34947586 -0.91999233 2.84051800
v -1.34846497 -0.92089772 2.83830428
v -1.31706810 -0.92089766 2.85001493
v -1.31356788 -0.92453772 2.83808947
v -1.34330082 -0.92453772 2.82699966
v -1.34224665 -0.92508835 2.82469130
v -1.31285298 -0.92508841 2.83565450
v -1.34870207 -0.92692709 2.80764794
v -1.37463081 -0.92692709 2.79348969
v -1.38490355 -0.86957258 2.88694763
v -1.42177022 -0.86957264 2.86681652
v -1.42109740 -0.87184620 2.86576939
v -1.38438642 -0.87184626 2.88581538
v -1.38147914 -0.88271528 2.87944412
v -1.41730940 -0.88271523 2.85987902
v -1.41646779 -0.88478917 2.85856986
v -1.38083255 -0.88478911 2.87802839
v -1.37731075 -0.89455348 2.87031126
v -1.41187978 -0.89455354 2.85143495
v -1.41088700 -0.89638525 2.84989023
v -1.37654781 -0.89638519 2.86864090
v -1.37248325 -0.90484613 2.85973525
v -1.40559256 -0.90484601 2.84165597
v -1.40446842 -0.90639859 2.83990693
v -1.37161958 -0.90639853 2.85784411
v -1.36709476 -0.91338366 2.84793091
v -1.39857519 -0.91338366 2.83074093
v -1.39734268 -0.91462523 2.82882309
v -1.36614776 -0.91462523 2.84585738
v -1.36125481 -0.91999239 2.83513880
v -1.39097106 -0.91999239 2.81891203
v -1.38965547 -0.92089766 2.81686497
v -1.36024392 -0.92089766 2.83292532
v -1.35508192 -0.92453772 2.82161927
v -1.38293517 -0.92453772 2.80641007
v -1.38156307 -0.92508835 2.80427527
v -1.35402775 -0.92508835 2.81931090
v -1.38552737 -0.92692709 2.78648686
v -1.40917718 -0.92692709 2.76878333
v -1.43264556 -0.86957264 2.85982728
v -1.46627247 -0.86957252 2.83465481
v -1.46545744 -0.87184626 2.83371425
v -1.43197274 -0.87184626 2.85878038
v -1.42818844 -0.88271528 2.85288763
v -1.46086979 -0.88271528 2.82842326
v -1.45985043 -0.88478917 2.82724690
v -1.42734694 -0.88478923 2.85157824
v -1.42276287 -0.89455348 2.84444094
v -1.45429373 -0.89455348 2.82083774
v -1.45309103 -0.89638525 2.81944990
v -1.42176998 -0.89638519 2.84289598
v -1.41647923 -0.90484607 2.83465958
v -1.44667864 -0.90484613 2.81205297
v -1.44531703 -0.90639859 2.81048179
v -1.41535521 -0.90639859 2.83291054
v -1.40946567 -0.91338366 2.82374215
v -1.43817949 -0.91338366 2.80224776
v -1.43668664 -0.91462517 2.80052495
v -1.40823328 -0.91462523 2.82182455
v -1.40186453 -0.91999245 2.81191134
v -1.42896926 -0.91999233 2.79162145
v -1.42737567 -0.92089772 2.78978229
v -1.40054893 -0.92089772 2.80986428
v -1.39383066 -0.92453772 2.79940796
v -1.41923583 -0.92453778 2.78039050
v -1.41757405 -0.92508835 2.77847266
v -1.39245868 -0.92508835 2.79727316
v -1.41896641 -0.92692709 2.76030111
v -1.43985605 -0.92692709 2.73941135
v -1.47064304 -0.88271528 2.81995463
v -1.49950993 -0.88271528 2.79108787
v -1.49833357 -0.88478917 2.79006839
v -1.46962380 -0.88478917 2.81877828
v -1.46407068 -0.89455348 2.81236601
v -1.49192131 -0.89455348 2.78451538
v -1.49053335 -0.89638525 2.78331280
v -1.46286798 -0.89638525 2.81097817
v -1.45645905 -0.90484607 2.80357814
v -1.48313344 -0.90484607 2.77690387
v -1.48156214 -0.90639859 2.77554226
v -1.45509744 -0.90639859 2.80200696
v -1.44796288 -0.91338372 2.79377031
v -1.47332537 -0.91338372 2.76840782
v -1.47160256 -0.91462523 2.76691508
v -1.44647026 -0.91462523 2.79204774
v -1.43875563 -0.91999239 2.78314185
v -1.46269667 -0.91999245 2.75920057
v -1.46085763 -0.92089766 2.75760698
v -1.43716192 -0.92089772 2.78130269
v -1.42902410 -0.92453772 2.77190900
v -1.45146418 -0.92453772 2.74946904
v -1.44954622 -0.92508835 2.74780703
v -1.42736220 -0.92508835 2.76999116
v -1.44833839 -0.92692709 2.72962213
v -1.46604264 -0.92692709 2.70597172
v -1.51896179 -0.85539287 2.79083681
v -1.54467416 -0.85539287 2.75648904
v -1.54391050 -0.85782009 2.75599837
v -1.51827586 -0.85782009 2.79024243
v -1.51421034 -0.86957264 2.78671718
v -1.53938293 -0.86957264 2.75309062
v -1.53833580 -0.87184626 2.75241756
v -1.51326966 -0.87184614 2.78590202
v -1.50797856 -0.88271528 2.78131437
v -1.53244340 -0.88271528 2.74863291
v -1.53113401 -0.88478917 2.74779153
v -1.50680220 -0.88478917 2.78029513
v -1.50039291 -0.89455348 2.77473855
v -1.52399671 -0.89455354 2.74320745
v -1.52245188 -0.89638525 2.74221444
v -1.49900508 -0.89638525 2.77353597
v -1.49160826 -0.90484607 2.76712346
v -1.51421523 -0.90484607 2.73692393
v -1.51246607 -0.90639859 2.73579979
v -1.49003685 -0.90639859 2.76576185
v -1.48180294 -0.91338366 2.75862408
v -1.50329781 -0.91338372 2.72991014
v -1.50138021 -0.91462523 2.72867775
v -1.48008025 -0.91462517 2.75713134
v -1.47117651 -0.91999245 2.74941421
v -1.49146712 -0.91999239 2.72230887
v -1.48942018 -0.92089772 2.72099352
v -1.46933770 -0.92089766 2.74782085
v -1.45994556 -0.92453772 2.73968101
v -1.47896397 -0.92453766 2.71427512
v -1.47682905 -0.92508835 2.71290302
v -1.45802760 -0.92508835 2.73801899
v -1.47304559 -0.92692709 2.69507527
v -1.48720312 -0.92692709 2.66914797
v -1.55166149 -0.85539287 2.74561644
v -1.57222390 -0.85539287 2.70795894
v -1.57139850 -0.85782009 2.70758200
v -1.55089784 -0.85782003 2.74512577
v -1.54637206 -0.86957258 2.74221516
v -1.56650281 -0.86957258 2.70534849
v -1.56537056 -0.87184626 2.70483136
v -1.54532504 -0.87184626 2.74154210
v -1.53943479 -0.88271528 2.73775387
v -1.55899942 -0.88271528 2.70192409
v -1.55758369 -0.88478917 2.70127749
v -1.53812551 -0.88478911 2.73691249
v -1.53099072 -0.89455348 2.73232460
v -1.54986656 -0.89455342 2.69775558
v -1.54819608 -0.89638525 2.69699287
v -1.52944577 -0.89638531 2.73133159
v -1.52121174 -0.90484607 2.72603703
v -1.53929019 -0.90484619 2.69292831
v -1.53739905 -0.90639853 2.69206476
v -1.51946270 -0.90639853 2.72491288
v -1.51029670 -0.91338366 2.71901965
v -1.52748585 -0.91338372 2.68754005
v -1.52541244 -0.91462517 2.68659306
v -1.50837910 -0.91462523 2.71778727
v -1.49846780 -0.91999239 2.71141553
v -1.51469374 -0.91999239 2.68169999
v -1.51248026 -0.92089772 2.68068910
v -1.49642086 -0.92089766 2.71009994
v -1.48596609 -0.92453772 2.70337939
v -1.50117421 -0.92453772 2.67552757
v -1.49886596 -0.92508835 2.67447352
v -1.48383117 -0.92508841 2.70200729
v -1.49258387 -0.92692709 2.65736556
v -1.50290787 -0.92692709 2.62968540
v -1.57759285 -0.85539287 2.69620275
v -1.59258676 -0.85539287 2.65600252
v -1.59171593 -0.85782009 2.65574670
v -1.57676721 -0.85782009 2.69582582
v -1.57187307 -0.86957258 2.69358897
v -1.58655226 -0.86957264 2.65423250
v -1.58535814 -0.87184626 2.65388179
v -1.57074094 -0.87184620 2.69307184
v -1.56437147 -0.88271528 2.69016075
v -1.57863808 -0.88271528 2.65191078
v -1.57714462 -0.88478917 2.65147233
v -1.56295574 -0.88478911 2.68951416
v -1.55524063 -0.89455348 2.68598819
v -1.56900489 -0.89455342 2.64908481
v -1.56724286 -0.89638525 2.64856720
v -1.55357015 -0.89638531 2.68522549
v -1.54466629 -0.90484613 2.68115664
v -1.55784929 -0.90484613 2.64581180
v -1.55585432 -0.90639853 2.64522600
v -1.54277503 -0.90639853 2.68029284
v -1.53286362 -0.91338372 2.67576432
v -1.54539824 -0.91338372 2.64215803
v -1.54321110 -0.91462517 2.64151573
v -1.53079021 -0.91462517 2.67481732
v -1.52007294 -0.91999239 2.66992116
v -1.53190517 -0.91999239 2.63819790
v -1.52957034 -0.92089772 2.63751221
v -1.51785946 -0.92089772 2.66891026
v -1.50655460 -0.92453772 2.66374636
v -1.51764488 -0.92453772 2.63401198
v -1.51520991 -0.92508835 2.63329697
v -1.50424623 -0.92508835 2.66269231
v -1.50655723 -0.92692709 2.61725712
v -1.51283681 -0.92692709 2.58838987
v -1.59622788 -0.85539287 2.64360189
v -1.60534799 -0.85539287 2.60167670
v -1.60444963 -0.85782009 2.60154748
v -1.59535694 -0.85782009 2.64334607
v -1.58228135 -0.88271528 2.63950276
v -1.59095907 -0.88271528 2.59961176
v -1.58941841 -0.88478917 2.59939027
v -1.58078790 -0.88478917 2.63906431
v -1.57264948 -0.89455348 2.63667202
v -1.58102179 -0.89455342 2.59818530
v -1.57920408 -0.89638525 2.59792399
v -1.57088757 -0.89638519 2.63615465
v -1.56149518 -0.90484607 2.63339472
v -1.56951392 -0.90484613 2.59653330
v -1.56745613 -0.90639853 2.59623742
v -1.55950034 -0.90639853 2.63280892
v -1.54904532 -0.91338372 2.62973690
v -1.55666971 -0.91338366 2.59468842
v -1.55441344 -0.91462523 2.59436417
v -1.54685831 -0.91462517 2.62909460
v -1.53555346 -0.91999239 2.62577319
v -1.54275048 -0.91999239 2.59268904
v -1.54034162 -0.92089772 2.59234262
v -1.53321850 -0.92089778 2.62508750
v -1.52129388 -0.92453772 2.62158489
v -1.52803957 -0.92453772 2.59057522
v -1.52552760 -0.92508835 2.59021401
v -1.51885891 -0.92508835 2.62086987
v -1.51468015 -0.92692709 2.57556891
v -1.51704371 -0.92692709 2.54252291
v -1.60718727 -0.85539287 2.58888412
v -1.61026537 -0.85539287 2.54584789
v -1.60936010 -0.85782009 2.54581571
v -1.60628891 -0.85782009 2.58875489
v -1.59279954 -0.88271528 2.58681130
v -1.59576619 -0.88271528 2.54533100
v -1.59421372 -0.88478911 2.54527569
v -1.59125888 -0.88478923 2.58658981
v -1.58286297 -0.89455348 2.58538032
v -1.58575284 -0.89455348 2.54497409
v -1.58392119 -0.89638525 2.54490876
v -1.58104515 -0.89638525 2.58511901
v -1.57135570 -0.90484613 2.58372378
v -1.57415676 -0.90484613 2.54456091
v -1.57208288 -0.90639853 2.54448676
v -1.56929779 -0.90639853 2.58342791
v -1.55851209 -0.91338366 2.58187461
v -1.56121385 -0.91338366 2.54409909
v -1.55894017 -0.91462523 2.54401779
v -1.55625570 -0.91462523 2.58155036
v -1.54459321 -0.91999239 2.57987189
v -1.54718757 -0.91999245 2.54359865
v -1.54476047 -0.92089772 2.54351187
v -1.54218459 -0.92089772 2.57952547
v -1.52988279 -0.92453772 2.57775545
v -1.53236365 -0.92453772 2.54306960
v -1.52983224 -0.92508835 2.54297924
v -1.52737081 -0.92508835 2.57739425
v 0.86066037 -0.92692709 2.83795094
v -1.20913172 -0.92692709 2.83795094
v 0.86399364 -0.85539287 2.93117237
v -1.21246541 -0.85539293 2.93117237
v -1.21243310 -0.85782009 2.93026710
v 0.86396134 -0.85782015 2.93026710
v 0.86376917 -0.86957258 2.92489982
v -1.21224093 -0.86957264 2.92489982
v -1.21219659 -0.87184626 2.92365837
v 0.86372483 -0.87184626 2.92365837
v 0.86347479 -0.88271534 2.91667318
v -1.21194649 -0.88271540 2.91667318
v -1.21189094 -0.88478911 2.91512084
v 0.86341935 -0.88478905 2.91512084
v 0.86311656 -0.89455348 2.90666008
v -1.21158814 -0.89455342 2.90666008
v -1.21152270 -0.89638525 2.90482807
v 0.86305112 -0.89638531 2.90482807
v 0.86270177 -0.90484613 2.89506388
v -1.21117342 -0.90484607 2.89506388
v -1.21109927 -0.90639853 2.89298987
v 0.86262769 -0.90639865 2.89298987
v 0.86223894 -0.91338366 2.88212085
v -1.21071053 -0.91338366 2.88212085
v -1.21062934 -0.91462523 2.87984729
v 0.86215776 -0.91462517 2.87984729
v 0.86173749 -0.91999239 2.86809468
v -1.21020901 -0.91999239 2.86809468
v -1.21012235 -0.92089772 2.86566758
v 0.86165082 -0.92089766 2.86566758
v 0.86120772 -0.92453772 2.85327077
v -1.20967925 -0.92453772 2.85327077
v -1.20958877 -0.92508835 2.85073948
v 0.86111730 -0.92508835 2.85073948
v 0.98060137 -0.92692709 2.81473565
v 0.95544726 -0.92692709 2.82411766
v 0.86414367 -0.84046483 2.93536305
v -1.21261537 -0.84046483 2.93536305
v -1.21259570 -0.84299618 2.93481231
v 0.86412400 -0.84299618 2.93481231
v -1.43261170 -0.92453772 0.94418782
v -1.42712128 -0.92453772 0.94299346
v -1.42676020 -0.92508835 0.94550538
v -1.43189669 -0.92508835 0.94662279
v -1.39572775 -0.82509238 0.85595441
v 1.04978502 -0.82509238 0.85595435
v 1.04977846 -0.82767630 0.85613918
v -1.39572120 -0.82767630 0.85613918
v -1.45581365 -0.84046483 0.86522287
v -1.43881929 -0.84046483 0.86152601
v -1.43874073 -0.84299618 0.86207247
v -1.45565820 -0.84299618 0.86575264
v -1.45462871 -0.85539287 0.86925381
v -1.43822265 -0.85539287 0.86568493
v -1.43809342 -0.85782009 0.86658323
v -1.45437312 -0.85782009 0.87012470
v -1.45285535 -0.86957258 0.87528718
v -1.43732941 -0.86957258 0.87190980
v -1.43715227 -0.87184626 0.87314183
v -1.45250463 -0.87184626 0.87648147
v -1.45052958 -0.88271528 0.88320035
v -1.43615770 -0.88271528 0.88007396
v -1.43593621 -0.88478917 0.88161451
v -1.45009112 -0.88478917 0.88469368
v -1.44769907 -0.89455348 0.89283210
v -1.43473136 -0.89455348 0.89001119
v -1.43446994 -0.89638525 0.89182895
v -1.44718170 -0.89638525 0.89459419
v -1.44442141 -0.90484613 0.90398645
v -1.43307912 -0.90484607 0.90151906
v -1.43278325 -0.90639853 0.90357703
v -1.44383562 -0.90639859 0.90598130
v -1.44076359 -0.91338366 0.91643631
v -1.43123448 -0.91338372 0.91436338
v -1.43091011 -0.91462523 0.91661966
v -1.44012141 -0.91462517 0.91862345
v -1.43680012 -0.91999239 0.92992836
v -1.42923510 -0.91999245 0.92828268
v -1.42888880 -0.92089772 0.93069124
v -1.43611455 -0.92089772 0.93226314
v -1.42335737 -0.88271528 0.87823355
v -1.40792620 -0.88271534 0.87712985
v -1.40787077 -0.88478917 0.87868232
v -1.42313588 -0.88478917 0.87977409
v -1.42192650 -0.89455348 0.88817006
v -1.40756929 -0.89455348 0.88714319
v -1.40750384 -0.89638525 0.88897502
v -1.42166507 -0.89638525 0.88998789
v -1.42026961 -0.90484613 0.89967734
v -1.40715575 -0.90484613 0.89873940
v -1.40708172 -0.90639853 0.90081316
v -1.41997373 -0.90639853 0.90173525
v -1.41842079 -0.91338366 0.91252100
v -1.40669417 -0.91338366 0.91168231
v -1.40661299 -0.91462523 0.91395599
v -1.41809642 -0.91462523 0.91477734
v -1.41641784 -0.91999239 0.92643982
v -1.40619373 -0.91999245 0.92570853
v -1.40610707 -0.92089772 0.92813569
v -1.41607153 -0.92089766 0.92884839
v -1.41430151 -0.92453772 0.94115019
v -1.40566468 -0.92453766 0.94053245
v -1.40557432 -0.92508835 0.94306380
v -1.41394043 -0.92508835 0.94366217
v -1.41211510 -0.92692709 0.95635289
v -1.40511775 -0.92692709 0.95585239
v -1.45030379 -0.92453772 0.94980049
v -1.44503868 -0.92453772 0.94783670
v -1.44432366 -0.92508835 0.95027173
v -1.44924951 -0.92508835 0.95210892
v -1.48450708 -0.84046483 0.87494117
v -1.46821177 -0.84046483 0.86886334
v -1.46805632 -0.84299618 0.86939299
v -1.48427773 -0.84299618 0.87544334
v -1.48276055 -0.85539287 0.87876242
v -1.46702933 -0.85539287 0.87289494
v -1.46677363 -0.85782009 0.87376577
v -1.48238361 -0.85782009 0.87958801
v -1.48014665 -0.86957258 0.88448203
v -1.46525931 -0.86957258 0.87892938
v -1.46490860 -0.87184626 0.88012362
v -1.47962952 -0.87184626 0.88561428
v -1.47671843 -0.88271528 0.89198363
v -1.46293771 -0.88271528 0.88684368
v -1.46249926 -0.88478917 0.88833708
v -1.47607183 -0.88478917 0.89339942
v -1.47254586 -0.89455348 0.90111452
v -1.46011162 -0.89455348 0.89647675
v -1.45959425 -0.89638525 0.89823884
v -1.47178304 -0.89638525 0.90278500
v -1.46771419 -0.90484613 0.91168886
v -1.45683837 -0.90484613 0.90763235
v -1.45625257 -0.90639853 0.90962726
v -1.46685052 -0.90639853 0.91358012
v -1.46232188 -0.91338372 0.92349148
v -1.45318472 -0.91338372 0.92008346
v -1.45254254 -0.91462523 0.92227060
v -1.46137500 -0.91462517 0.92556489
v -1.45647871 -0.91999239 0.93628216
v -1.44922459 -0.91999239 0.93357646
v -1.44853902 -0.92089772 0.93591136
v -1.45546782 -0.92089772 0.93849570
v -1.46701634 -0.92453772 0.95787352
v -1.46208489 -0.92453772 0.95518076
v -1.46103072 -0.92508835 0.95748913
v -1.46564436 -0.92508835 0.96000838
v -1.47235131 -0.92692709 0.97984999
v -1.46960866 -0.92692709 0.97779685
v -1.51152539 -0.84046483 0.88864404
v -1.49626088 -0.84046483 0.88030899
v -1.49603164 -0.84299618 0.88081110
v -1.51122689 -0.84299618 0.88910842
v -1.50925291 -0.85539293 0.89217776
v -1.49451673 -0.85539287 0.88413125
v -1.49413979 -0.85782009 0.88495690
v -1.50876224 -0.85782003 0.89294124
v -1.50585151 -0.86957258 0.89746714
v -1.49190605 -0.86957258 0.88985240
v -1.49138892 -0.87184626 0.89098459
v -1.50517857 -0.87184626 0.89851421
v -1.50139058 -0.88271528 0.90440440
v -1.48848176 -0.88271528 0.89735574
v -1.48783517 -0.88478917 0.89877152
v -1.50054908 -0.88478917 0.90571386
v -1.49596107 -0.89455348 0.91284859
v -1.48431349 -0.89455348 0.90648860
v -1.48355067 -0.89638525 0.90815908
v -1.49496818 -0.89638525 0.91439354
v -1.48967373 -0.90484613 0.92262769
v -1.47948599 -0.90484607 0.91706485
v -1.47862232 -0.90639853 0.91895604
v -1.48854959 -0.90639853 0.92437673
v -1.48265648 -0.91338372 0.93354267
v -1.47409761 -0.91338372 0.92886925
v -1.47315073 -0.91462517 0.93094265
v -1.48142409 -0.91462517 0.93546027
v -1.47505248 -0.91999239 0.94537145
v -1.46825767 -0.91999239 0.94166124
v -1.46724665 -0.92089772 0.94387490
v -1.47373676 -0.92089772 0.94741875
v -1.51262283 -0.82509238 0.88693762
v -1.49710310 -0.82509238 0.87846327
v -1.49702609 -0.82767630 0.87863183
v -1.51252258 -0.82767630 0.88709354
v -1.48240995 -0.92453772 0.96824288
v -1.47791195 -0.92453772 0.96487570
v -1.47653985 -0.92508835 0.96701062
v -1.48074806 -0.92508835 0.97016084
v -1.48456371 -0.92692709 0.99075562
v -1.48214054 -0.92692709 0.98833245
v -1.53356612 -0.85539287 0.90922683
v -1.52012527 -0.85539293 0.89916509
v -1.51963460 -0.85782003 0.89992857
v -1.53297174 -0.85782009 0.90991282
v -1.52944660 -0.86957258 0.91397834
v -1.51672697 -0.86957258 0.90445638
v -1.51605403 -0.87184626 0.90550345
v -1.52863157 -0.87184626 0.91491902
v -1.52404380 -0.88271534 0.92021018
v -1.51226962 -0.88271528 0.91139603
v -1.51142812 -0.88478917 0.91270530
v -1.52302456 -0.88478911 0.92138642
v -1.51746786 -0.89455348 0.92779565
v -1.50684404 -0.89455348 0.91984266
v -1.50585115 -0.89638525 0.92138761
v -1.51626527 -0.89638525 0.92918360
v -1.50985265 -0.90484607 0.93658030
v -1.50056052 -0.90484613 0.92962426
v -1.49943638 -0.90639853 0.93137330
v -1.50849116 -0.90639859 0.93815172
v -1.50135350 -0.91338366 0.94638562
v -1.49354684 -0.91338366 0.94054157
v -1.49231446 -0.91462517 0.94245917
v -1.49986076 -0.91462523 0.94810838
v -1.49214339 -0.91999239 0.95701194
v -1.48594582 -0.91999239 0.95237231
v -1.48463023 -0.92089772 0.95441943
v -1.49054992 -0.92089766 0.95885092
v -1.49617171 -0.92453772 0.98069805
v -1.49219811 -0.92453772 0.97672445
v -1.49053621 -0.92508835 0.97864234
v -1.49425375 -0.92508835 0.98235989
v -1.49509931 -0.92692709 1.00328767
v -1.49304605 -0.92692709 1.00054479
v -1.55838192 -0.84046483 0.92681223
v -1.54608393 -0.84046483 0.91451430
v -1.54572237 -0.84299618 0.91493154
v -1.55796468 -0.84299618 0.92717379
v -1.55520582 -0.85539287 0.92956263
v -1.54333341 -0.85539287 0.91769040
v -1.54273915 -0.85782009 0.91837633
v -1.55451977 -0.85782009 0.93015701
v -1.53662884 -0.89455348 0.94565153
v -1.52724457 -0.89455348 0.93626732
v -1.52604198 -0.89638525 0.93765521
v -1.53524089 -0.89638525 0.94685417
v -1.52784097 -0.90484613 0.95326310
v -1.51963305 -0.90484607 0.94505513
v -1.51827145 -0.90639859 0.94662648
v -1.52626967 -0.90639853 0.95462465
v -1.51803291 -0.91338372 0.96175909
v -1.51113701 -0.91338366 0.95486313
v -1.50964427 -0.91462523 0.95658588
v -1.51631021 -0.91462523 0.96325183
v -1.50740445 -0.91999239 0.97096652
v -1.50192964 -0.91999239 0.96549177
v -1.50033605 -0.92089772 0.96733087
v -1.50556529 -0.92089766 0.97256005
v -1.50802064 -0.92453772 0.99498451
v -1.50465310 -0.92453772 0.99048626
v -1.50273526 -0.92508835 0.99214810
v -1.50588572 -0.92508841 0.99635655
v -1.50374401 -0.92692709 1.01719105
v -1.50210226 -0.92692709 1.01418447
v -1.57726634 -0.84046483 0.95050055
v -1.56684375 -0.84046483 0.93657768
v -1.56642652 -0.84299618 0.93693924
v -1.57680190 -0.84299618 0.95079905
v -1.57373118 -0.85539287 0.95277101
v -1.56366932 -0.85539287 0.93933004
v -1.56298327 -0.85782009 0.93992442
v -1.57296765 -0.85782009 0.95326167
v -1.56843984 -0.86957258 0.95616949
v -1.55891776 -0.86957258 0.94344956
v -1.55797708 -0.87184626 0.94426459
v -1.56739271 -0.87184626 0.95684236
v -1.56150019 -0.88271534 0.96062672
v -1.55268598 -0.88271528 0.94885236
v -1.55150974 -0.88478917 0.94987166
v -1.56019092 -0.88478917 0.96146816
v -1.55305350 -0.89455348 0.96605229
v -1.54510045 -0.89455348 0.95542836
v -1.54371262 -0.89638525 0.95663095
v -1.55150855 -0.89638519 0.96704519
v -1.54327202 -0.90484613 0.97233576
v -1.53631568 -0.90484613 0.96304345
v -1.53474438 -0.90639853 0.96440494
v -1.54152286 -0.90639853 0.97345990
v -1.53235471 -0.91338366 0.97934943
v -1.52651048 -0.91338372 0.97154260
v -1.52478778 -0.91462517 0.97303540
v -1.53043711 -0.91462523 0.98058182
v -1.52052402 -0.91999239 0.98695052
v -1.51588428 -0.91999239 0.98075265
v -1.51404512 -0.92089772 0.98234630
v -1.51847672 -0.92089772 0.98826623
v -1.51771545 -0.92453772 1.01081133
v -1.51502275 -0.92453772 1.00588012
v -1.51288784 -0.92508835 1.00725210
v -1.51540697 -0.92508841 1.01186562
v -1.51032245 -0.92692709 1.03218424
v -1.50912488 -0.92692709 1.02897346
v -1.59258711 -0.84046483 0.97663534
v -1.58425224 -0.84046483 0.96137089
v -1.58378780 -0.84299618 0.96166933
v -1.59208500 -0.84299618 0.97686470
v -1.58876491 -0.85539287 0.97837949
v -1.58071840 -0.85539287 0.96364343
v -1.57995486 -0.85782009 0.96413416
v -1.58793926 -0.85782009 0.97875655
v -1.58304369 -0.86957258 0.98099023
v -1.57542908 -0.86957258 0.96704483
v -1.57438195 -0.87184626 0.96771783
v -1.58191156 -0.87184626 0.98150730
v -1.57554042 -0.88271528 0.98441452
v -1.56849170 -0.88271534 0.97150576
v -1.56718242 -0.88478917 0.97234720
v -1.57412457 -0.88478911 0.98506111
v -1.56640768 -0.89455348 0.98858279
v -1.56004763 -0.89455348 0.97693521
v -1.55850255 -0.89638525 0.97792816
v -1.56473708 -0.89638525 0.98934567
v -1.55583131 -0.90484613 0.99341023
v -1.55026853 -0.90484619 0.98322272
v -1.54851949 -0.90639853 0.98434675
v -1.55394006 -0.90639853 0.99427390
v -1.54402697 -0.91338366 0.99879873
v -1.53935361 -0.91338366 0.99023986
v -1.53743589 -0.91462523 0.99147230
v -1.54195344 -0.91462523 0.99974561
v -1.53123486 -0.91999239 1.00463867
v -1.52752471 -0.91999239 0.99784398
v -1.52547765 -0.92089772 0.99915963
v -1.52902126 -0.92089772 1.00564957
v -1.52505958 -0.92453772 1.02785766
v -1.52309573 -0.92453772 1.02259243
v -1.52078724 -0.92508835 1.02364671
v -1.52262449 -0.92508841 1.02857268
v -1.51470017 -0.92692709 1.04796076
v -1.51397181 -0.92692709 1.04461229
v -1.60000122 -0.85539287 1.00586700
v -1.59413362 -0.85539287 0.99013567
v -1.59330809 -0.85782009 0.99051273
v -1.59913027 -0.85782009 1.00612259
v -1.59396684 -0.86957258 1.00763702
v -1.58841407 -0.86957264 0.99274969
v -1.58728182 -0.87184620 0.99326676
v -1.59277260 -0.87184632 1.00798774
v -1.58605266 -0.88271528 1.00995874
v -1.58091259 -0.88271528 0.99617791
v -1.57949674 -0.88478917 0.99682444
v -1.58455920 -0.88478923 1.01039720
v -1.57641947 -0.89455348 1.01278472
v -1.57178164 -0.89455348 1.00035024
v -1.57011104 -0.89638525 1.00111330
v -1.57465732 -0.89638525 1.01330209
v -1.56526387 -0.90484613 1.01605797
v -1.56120729 -0.90484607 1.00518203
v -1.55931592 -0.90639853 1.00604570
v -1.56326890 -0.90639853 1.01664376
v -1.55281270 -0.91338366 1.01971161
v -1.54940474 -0.91338372 1.01057434
v -1.54733121 -0.91462523 1.01152134
v -1.55062556 -0.91462523 1.02035379
v -1.53931975 -0.91999239 1.02367175
v -1.53661406 -0.91999239 1.01641762
v -1.53440058 -0.92089772 1.01742840
v -1.53698492 -0.92089772 1.02435732
v -1.52990305 -0.92453772 1.04577565
v -1.52870846 -0.92453772 1.04028463
v -1.52627349 -0.92508835 1.04099965
v -1.52739096 -0.92508841 1.04613674
v -1.61137033 -0.84046483 1.03407705
v -1.60767329 -0.84046483 1.01708269
v -1.60714364 -0.84299618 1.01723814
v -1.61082387 -0.84299618 1.03415561
v -1.60721135 -0.85539287 1.03467381
v -1.60364234 -0.85539287 1.01826751
v -1.60277152 -0.85782009 1.01852334
v -1.60631311 -0.85782009 1.03480291
v -1.60098648 -0.86957258 1.03556693
v -1.59760904 -0.86957258 1.02004111
v -1.59641480 -0.87184626 1.02039170
v -1.59975457 -0.87184620 1.03574407
v -1.59282255 -0.88271528 1.03673875
v -1.58969593 -0.88271528 1.02236676
v -1.58820260 -0.88478917 1.02280533
v -1.59128189 -0.88478917 1.03696024
v -1.58288515 -0.89455348 1.03816521
v -1.58006418 -0.89455348 1.02519727
v -1.57830203 -0.89638525 1.02571464
v -1.58106744 -0.89638525 1.03842664
v -1.57137728 -0.90484613 1.03981757
v -1.56890976 -0.90484613 1.02847493
v -1.56691492 -0.90639853 1.02906060
v -1.56931937 -0.90639853 1.04011345
v -1.55853307 -0.91338366 1.04166222
v -1.55646002 -0.91338372 1.03213274
v -1.55427289 -0.91462523 1.03277493
v -1.55627668 -0.91462517 1.04198658
v -1.54461372 -0.91999239 1.04366171
v -1.54296792 -0.91999239 1.03609622
v -1.54063308 -0.92089772 1.03678179
v -1.54220510 -0.92089772 1.04400802
v -1.53236377 -0.92453772 1.06723130
v -1.53174615 -0.92453766 1.05859542
v -1.52923417 -0.92508835 1.05895662
v -1.52983236 -0.92508835 1.06732166
v 1.05917501 -0.92692709 0.95585239
v 1.06312418 -0.92692709 0.95613486
v -1.61445618 -0.84046483 1.06430399
v -1.61320925 -0.84046483 1.04686713
v -1.61266291 -0.84299618 1.04694569
v -1.61390555 -0.84299618 1.06432366
v -1.60399306 -0.86957258 1.06467676
v -1.60282636 -0.86957264 1.04836297
v -1.60159433 -0.87184626 1.04854012
v -1.60275149 -0.87184626 1.06472099
v -1.58575296 -0.89455348 1.06532681
v -1.58472621 -0.89455348 1.05097008
v -1.58290851 -0.89638525 1.05123150
v -1.58392119 -0.89638519 1.06539226
v -1.57415676 -0.90484613 1.06574035
v -1.57321906 -0.90484613 1.05262709
v -1.57116115 -0.90639853 1.05292296
v -1.57208300 -0.90639853 1.06581438
v -1.56121385 -0.91338366 1.06620193
v -1.56037533 -0.91338366 1.05447590
v -1.55811906 -0.91462523 1.05480027
v -1.55894017 -0.91462523 1.06628311
v -1.54718769 -0.91999239 1.06670225
v -1.54645658 -0.91999239 1.05647898
v -1.54404795 -0.92089772 1.05682528
v -1.54476047 -0.92089772 1.06678891
v -1.51750600 -0.92692709 2.52957821
v -1.51750600 -0.92692709 1.08072293
v -1.61072755 -0.85539287 2.53291035
v -1.61072755 -0.85539287 1.07739079
v -1.60982227 -0.85782009 1.07742321
v -1.60982227 -0.85782009 2.53287816
v -1.59622836 -0.88271534 2.53239155
v -1.59622836 -0.88271534 1.07790947
v -1.59467590 -0.88478911 1.07796490
v -1.59467590 -0.88478917 2.53233624
v -1.58621502 -0.89455348 2.53203344
v -1.58621502 -0.89455354 1.07826757
v -1.58438337 -0.89638525 1.07833302
v -1.58438337 -0.89638525 2.53196812
v -1.57461894 -0.90484613 2.53161907
v -1.57461894 -0.90484613 1.07868218
v -1.57254517 -0.90639853 1.07875621
v -1.57254517 -0.90639853 2.53154492
v -1.56167603 -0.91338366 2.53115630
v -1.56167603 -0.91338372 1.07914484
v -1.55940247 -0.91462523 1.07922614
v -1.55940247 -0.91462517 2.53107500
v -1.54764986 -0.91999239 2.53065491
v -1.54764986 -0.91999239 1.07964611
v -1.54522276 -0.92089772 1.07973278
v -1.54522276 -0.92089766 2.53056812
v -1.53282595 -0.92453772 2.53012514
v -1.53282595 -0.92453772 1.08017576
v -1.53029466 -0.92508835 1.08026612
v -1.53029466 -0.92508835 2.53003478
v -1.42828393 -0.92692709 0.95892459
v -1.42493618 -0.92692709 0.95819634
v 1.05972195 -0.92453772 0.94053245
v 1.06531060 -0.92453772 0.94093215
v 1.06494939 -0.92508835 0.94344413
v 1.05963159 -0.92508835 0.94306380
v 1.06264949 -0.84046483 0.85843998
v 1.07703805 -0.84046483 0.85946906
v 1.07695949 -0.84299618 0.86001545
v 1.06262982 -0.84299618 0.85899061
v 1.06250024 -0.85539287 0.86263067
v 1.07643890 -0.85539287 0.86362755
v 1.07630968 -0.85782009 0.86452591
v 1.06246781 -0.85782009 0.86353594
v 1.06227672 -0.86957258 0.86890322
v 1.07554221 -0.86957258 0.86985195
v 1.07536507 -0.87184626 0.87108403
v 1.06223249 -0.87184626 0.87014467
v 1.06162655 -0.89455348 0.88714319
v 1.07293534 -0.89455348 0.88795203
v 1.07267404 -0.89638525 0.88976979
v 1.06156111 -0.89638525 0.88897496
v 1.06075144 -0.91338366 0.91168231
v 1.06942976 -0.91338366 0.91230297
v 1.06910539 -0.91462523 0.91455930
v 1.06067026 -0.91462523 0.91395599
v 1.06025100 -0.91999239 0.92570853
v 1.06742680 -0.91999239 0.92622179
v 1.06708050 -0.92089772 0.92863035
v 1.06016433 -0.92089772 0.92813569
v 1.08923149 -0.85539287 0.86546689
v 1.10265148 -0.85539287 0.86838621
v 1.10239577 -0.85782009 0.86925709
v 1.08910227 -0.85782009 0.86636525
v 1.08833826 -0.86957258 0.87169182
v 1.10087800 -0.86957258 0.87441963
v 1.10052729 -0.87184626 0.87561393
v 1.08816111 -0.87184626 0.87292379
v 1.08716667 -0.88271528 0.87985593
v 1.09855235 -0.88271534 0.88233274
v 1.09811378 -0.88478911 0.88382614
v 1.08694518 -0.88478917 0.88139653
v 1.08574021 -0.89455348 0.88979316
v 1.09572172 -0.89455348 0.89196450
v 1.09520435 -0.89638525 0.89372653
v 1.08547890 -0.89638525 0.89161086
v 1.08224344 -0.91338366 0.91414535
v 1.08878636 -0.91338372 0.91556865
v 1.08814418 -0.91462523 0.91775584
v 1.08191907 -0.91462523 0.91640162
v 1.08024406 -0.91999239 0.92806464
v 1.08482289 -0.91999239 0.92906076
v 1.08413732 -0.92089772 0.93139547
v 1.07989776 -0.92089772 0.93047321
v 1.07813036 -0.92453772 0.94277543
v 1.08063459 -0.92453772 0.94332021
v 1.07991958 -0.92508835 0.94575512
v 1.07776916 -0.92508841 0.94528735
v 1.08982813 -0.84046483 0.86130798
v 1.10383630 -0.84046483 0.86435527
v 1.10368073 -0.84299618 0.86488497
v 1.08974957 -0.84299618 0.86185437
v 1.08873498 -0.92692709 0.96170622
v 1.08908200 -0.92692709 0.96183568
v 1.11505198 -0.85539287 0.87202740
v 1.12791979 -0.85539287 0.87682682
v 1.12754285 -0.85782009 0.87765241
v 1.11479640 -0.85782009 0.87289822
v 1.11328208 -0.86957258 0.87806183
v 1.12530589 -0.86957258 0.88254642
v 1.12478876 -0.87184626 0.88367862
v 1.11293137 -0.87184626 0.87925607
v 1.11096036 -0.88271528 0.88597608
v 1.12187767 -0.88271534 0.89004803
v 1.12123108 -0.88478911 0.89146376
v 1.11052191 -0.88478917 0.88746947
v 1.10813427 -0.89455348 0.89560914
v 1.11770511 -0.89455348 0.89917886
v 1.11694217 -0.89638525 0.90084940
v 1.10761690 -0.89638525 0.89737123
v 1.10486114 -0.90484613 0.90676475
v 1.11287344 -0.90484607 0.90975326
v 1.11200976 -0.90639853 0.91164446
v 1.10427535 -0.90639853 0.90875965
v 1.10120749 -0.91338366 0.91921586
v 1.10748112 -0.91338366 0.92155582
v 1.10653424 -0.91462523 0.92362934
v 1.10056531 -0.91462523 0.92140305
v 1.09724736 -0.91999239 0.93270886
v 1.10163808 -0.91999239 0.93434650
v 1.10062718 -0.92089772 0.93656009
v 1.09656179 -0.92089772 0.93504375
v 1.11623442 -0.84046483 0.86799574
v 1.12966633 -0.84046483 0.87300557
v 1.12943697 -0.84299618 0.87350774
v 1.11607897 -0.84299618 0.86852545
v 1.13967597 -0.85539287 0.88219565
v 1.15172994 -0.85539287 0.88877755
v 1.15123928 -0.85782009 0.88954109
v 1.13929904 -0.85782009 0.88302130
v 1.13706529 -0.86957258 0.88791674
v 1.14832854 -0.86957258 0.89406699
v 1.14765561 -0.87184626 0.89511406
v 1.13654816 -0.87184626 0.88904893
v 1.13364100 -0.88271534 0.89542007
v 1.14386761 -0.88271528 0.90100425
v 1.14302611 -0.88478917 0.90231353
v 1.13299441 -0.88478911 0.89683586
v 1.12947273 -0.89455348 0.90455294
v 1.13843811 -0.89455348 0.90944839
v 1.13744521 -0.89638525 0.91099334
v 1.12870979 -0.89638525 0.90622348
v 1.12464523 -0.90484613 0.91512924
v 1.13215077 -0.90484613 0.91922748
v 1.13102663 -0.90639853 0.92097658
v 1.12378156 -0.90639853 0.91702044
v 1.11925685 -0.91338366 0.92693365
v 1.12513351 -0.91338366 0.93014252
v 1.12390113 -0.91462517 0.93206012
v 1.11830997 -0.91462523 0.92900711
v 1.11341691 -0.91999239 0.93972570
v 1.11752939 -0.91999239 0.94197130
v 1.11621380 -0.92089772 0.94401842
v 1.11240602 -0.92089766 0.94193923
v 1.16596901 -0.82509238 0.89052266
v 1.17767811 -0.82509238 0.89928800
v 1.17755687 -0.82767630 0.89942801
v 1.16586888 -0.82767630 0.89067852
v 1.16260242 -0.85539287 0.89576489
v 1.17359674 -0.85539287 0.90399516
v 1.17300248 -0.85782009 0.90468109
v 1.16211164 -0.85782009 0.89652836
v 1.15920401 -0.86957258 0.90105617
v 1.16947722 -0.86957258 0.90874672
v 1.16866219 -0.87184626 0.90968734
v 1.15853107 -0.87184626 0.90210325
v 1.15474665 -0.88271528 0.90799582
v 1.16407454 -0.88271534 0.91497856
v 1.16305530 -0.88478911 0.91615480
v 1.15390515 -0.88478917 0.90930516
v 1.14932108 -0.89455348 0.91644239
v 1.15749860 -0.89455348 0.92256403
v 1.15629601 -0.89638525 0.92395198
v 1.14832819 -0.89638525 0.91798741
v 1.14303756 -0.90484613 0.92622405
v 1.14988351 -0.90484607 0.93134880
v 1.14852190 -0.90639853 0.93292010
v 1.14191353 -0.90639859 0.92797309
v 1.13602388 -0.91338372 0.93714136
v 1.14138436 -0.91338366 0.94115406
v 1.13989162 -0.91462523 0.94287676
v 1.13479161 -0.91462517 0.93905890
v 1.12842286 -0.91999239 0.94897217
v 1.13217425 -0.91999239 0.95178038
v 1.13058066 -0.92089772 0.95361936
v 1.12710726 -0.92089772 0.95101923
v 1.18336427 -0.85539287 0.91245866
v 1.19307554 -0.85539287 0.92216986
v 1.19238961 -0.85782009 0.92276430
v 1.18276989 -0.85782009 0.91314459
v 1.17924738 -0.86957258 0.91721249
v 1.18832183 -0.86957258 0.92628682
v 1.18738103 -0.87184626 0.92710191
v 1.17843223 -0.87184626 0.91815311
v 1.16727543 -0.89455348 0.93103570
v 1.17449856 -0.89455348 0.93825877
v 1.17311060 -0.89638525 0.93946141
v 1.16607285 -0.89638525 0.93242359
v 1.15966380 -0.90484613 0.93982351
v 1.16571081 -0.90484607 0.94587040
v 1.16413951 -0.90639859 0.94723201
v 1.15830231 -0.90639859 0.94139475
v 1.15116787 -0.91338366 0.94963151
v 1.15590274 -0.91338366 0.95436645
v 1.15418005 -0.91462517 0.95585918
v 1.14967513 -0.91462523 0.95135427
v 1.14196050 -0.91999239 0.96026015
v 1.14527428 -0.91999239 0.96357387
v 1.14343524 -0.92089772 0.96516746
v 1.14036691 -0.92089766 0.96209919
v 1.13222897 -0.92453772 0.97149283
v 1.13404155 -0.92453772 0.97330546
v 1.13212371 -0.92508835 0.97496736
v 1.13056707 -0.92508835 0.97341079
v 1.20153904 -0.85539287 0.93193728
v 1.20976937 -0.85539287 0.94293177
v 1.20900583 -0.85782009 0.94342256
v 1.20085311 -0.85782009 0.93253171
v 1.19678748 -0.86957258 0.93605691
v 1.20447803 -0.86957258 0.94633019
v 1.20343101 -0.87184626 0.94700313
v 1.19584692 -0.87184626 0.93687201
v 1.19055569 -0.88271528 0.94145966
v 1.19753838 -0.88271528 0.95078748
v 1.19622910 -0.88478917 0.95162898
v 1.18937933 -0.88478917 0.94247895
v 1.18297029 -0.89455348 0.94803560
v 1.18909180 -0.89455348 0.95621312
v 1.18754685 -0.89638525 0.95720595
v 1.18158233 -0.89638525 0.94923824
v 1.17418551 -0.90484607 0.95565075
v 1.17931008 -0.90484613 0.96249658
v 1.17756104 -0.90639853 0.96362060
v 1.17261422 -0.90639853 0.95701236
v 1.16438019 -0.91338372 0.96415007
v 1.16839278 -0.91338366 0.96951020
v 1.16647518 -0.91462523 0.97074258
v 1.16265762 -0.91462517 0.96564275
v 1.15375400 -0.91999239 0.97336012
v 1.15656209 -0.91999239 0.97711128
v 1.15451491 -0.92089772 0.97842687
v 1.15191495 -0.92089772 0.97495365
v 1.14252305 -0.92453772 0.98309362
v 1.14405882 -0.92453772 0.98514527
v 1.14192402 -0.92508835 0.98651725
v 1.14060521 -0.92508841 0.98475546
v 1.21675658 -0.85539287 0.95380425
v 1.22333860 -0.85539287 0.96585804
v 1.22251308 -0.85782009 0.96623504
v 1.21599317 -0.85782009 0.95429492
v 1.21146727 -0.86957258 0.95720565
v 1.21761751 -0.86957258 0.96846879
v 1.21648526 -0.87184626 0.96898586
v 1.21042013 -0.87184626 0.95787859
v 1.20452988 -0.88271528 0.96166652
v 1.21011412 -0.88271528 0.97189307
v 1.20869839 -0.88478917 0.97253960
v 1.20322061 -0.88478911 0.96250802
v 1.19608581 -0.89455348 0.96709597
v 1.20098126 -0.89455348 0.97606128
v 1.19931066 -0.89638525 0.97682422
v 1.19454086 -0.89638525 0.96808887
v 1.18630672 -0.90484613 0.97338349
v 1.19040489 -0.90484613 0.98088872
v 1.18851376 -0.90639853 0.98175240
v 1.18455768 -0.90639853 0.97450751
v 1.17539167 -0.91338366 0.98040068
v 1.17860055 -0.91338372 0.98627722
v 1.17652714 -0.91462517 0.98722410
v 1.17347407 -0.91462523 0.98163301
v 1.15106094 -0.92453772 0.99604082
v 1.15228903 -0.92453772 0.99828982
v 1.14998066 -0.92508835 0.99934399
v 1.14892614 -0.92508835 0.99741280
v 1.22870755 -0.85539287 0.97761422
v 1.23350692 -0.85539287 0.99048215
v 1.23263621 -0.85782009 0.99073786
v 1.22788203 -0.85782009 0.97799128
v 1.22298789 -0.86957258 0.98022819
v 1.22747266 -0.86957258 0.99225217
v 1.22627831 -0.87184626 0.99260288
v 1.22185576 -0.87184626 0.98074526
v 1.21548629 -0.88271528 0.98365629
v 1.21955836 -0.88271523 0.99457383
v 1.21806490 -0.88478917 0.99501234
v 1.21407044 -0.88478923 0.98430288
v 1.20635545 -0.89455348 0.98782879
v 1.20992529 -0.89455348 0.99739999
v 1.20816314 -0.89638525 0.99791741
v 1.20468485 -0.89638531 0.98859167
v 1.19578099 -0.90484613 0.99266040
v 1.19876969 -0.90484601 1.00067317
v 1.19677472 -0.90639859 1.00125897
v 1.19388974 -0.90639853 0.99352413
v 1.18397844 -0.91338372 0.99805284
v 1.18631852 -0.91338366 1.00432682
v 1.18413138 -0.91462523 1.00496900
v 1.18190491 -0.91462523 0.99899971
v 1.17118776 -0.91999239 1.00389600
v 1.17282557 -0.91999245 1.00828695
v 1.17049074 -0.92089772 1.00897253
v 1.16897428 -0.92089772 1.00490677
v 1.15766943 -0.92453772 1.01007092
v 1.15856528 -0.92453772 1.01247275
v 1.15613031 -0.92508835 1.01318777
v 1.15536094 -0.92508835 1.01112521
v 1.24312532 -0.82509243 1.00112569
v 1.24623442 -0.82509238 1.01541793
v 1.24605107 -0.82767630 1.01544428
v 1.24294758 -0.82767630 1.00117791
v 1.23714817 -0.85539287 1.00288272
v 1.24006736 -0.85539287 1.01630259
v 1.23916900 -0.85782009 1.01643181
v 1.23627722 -0.85782009 1.00313842
v 1.23111475 -0.86957258 1.00465620
v 1.23384249 -0.86957258 1.01719582
v 1.23261058 -0.87184626 1.01737297
v 1.22992051 -0.87184626 1.00500691
v 1.22320175 -0.88271528 1.00698197
v 1.22567844 -0.88271528 1.01836753
v 1.22413778 -0.88478917 1.01858914
v 1.22170830 -0.88478917 1.00742054
v 1.21356988 -0.89455348 1.00981247
v 1.21574116 -0.89455348 1.01979399
v 1.21392345 -0.89638525 1.02005529
v 1.21180797 -0.89638525 1.01032984
v 1.20241559 -0.90484607 1.01309013
v 1.20423329 -0.90484607 1.02144623
v 1.20217526 -0.90639859 1.02174211
v 1.20042062 -0.90639859 1.01367593
v 1.18996572 -0.91338366 1.01674795
v 1.19138885 -0.91338366 1.02329087
v 1.18913269 -0.91462517 1.02361524
v 1.18777859 -0.91462523 1.01739025
v 1.16221416 -0.92453772 1.02489984
v 1.16275895 -0.92453772 1.02740419
v 1.16024697 -0.92508835 1.02776539
v 1.15977919 -0.92508835 1.02561486
v 1.24117899 -0.84046483 1.00169790
v 1.24422634 -0.84046483 1.01570594
v 1.24367988 -0.84299618 1.01578450
v 1.24064934 -0.84299618 1.00185347
v 1.14939940 -0.92692709 1.04241037
v 1.14968193 -0.92692709 1.04636002
v 1.22751892 -0.88271528 1.03116786
v 1.22840464 -0.88271528 1.04355097
v 1.22685206 -0.88478917 1.04360640
v 1.22597826 -0.88478917 1.03138947
v 1.21758223 -0.89455348 1.03259885
v 1.21839118 -0.89455354 1.04390800
v 1.21655941 -0.89638525 1.04397345
v 1.21576452 -0.89638525 1.03286028
v 1.19323123 -0.91338372 1.03610456
v 1.19385207 -0.91338366 1.04478323
v 1.19157839 -0.91462523 1.04486442
v 1.19097507 -0.91462517 1.03642893
v 1.17931259 -0.91999239 1.03810763
v 1.17982590 -0.91999239 1.04528379
v 1.17739868 -0.92089772 1.04537046
v 1.17690396 -0.92089772 1.03845394
v 1.16460216 -0.92453772 1.04022396
v 1.16500199 -0.92453766 1.04581296
v 1.16247058 -0.92508835 1.04590344
v 1.16209018 -0.92508835 1.04058516
v 1.24606526 -0.84046483 1.02849603
v 1.24709439 -0.84046483 1.04288471
v 1.24654377 -0.84299618 1.04290438
v 1.24551880 -0.84299618 1.02857459
v -1.39217293 -0.92692709 0.95539004
v 1.04623020 -0.92692709 0.95539004
v -1.39528108 -0.86957258 0.86844105
v 1.04933834 -0.86957258 0.86844105
v 1.04929399 -0.87184626 0.86968261
v -1.39523673 -0.87184626 0.86968261
v -1.39498663 -0.88271528 0.87666774
v 1.04904389 -0.88271528 0.87666768
v 1.04898846 -0.88478917 0.87822014
v -1.39493120 -0.88478917 0.87822014
v -1.39462852 -0.89455348 0.88668102
v 1.04868579 -0.89455348 0.88668102
v 1.04862034 -0.89638525 0.88851279
v -1.39456308 -0.89638525 0.88851279
v -1.39421391 -0.90484613 0.89827710
v 1.04827118 -0.90484607 0.89827716
v 1.04819715 -0.90639853 0.90035099
v -1.39413989 -0.90639853 0.90035099
v -1.39375126 -0.91338366 0.91122001
v 1.04780853 -0.91338372 0.91122001
v 1.04772735 -0.91462523 0.91349369
v -1.39367008 -0.91462523 0.91349369
v -1.39324987 -0.91999239 0.92524618
v 1.04730713 -0.91999239 0.92524618
v 1.04722047 -0.92089772 0.92767340
v -1.39316320 -0.92089766 0.92767340
v -1.39272022 -0.92453772 0.94007009
v 1.04677749 -0.92453772 0.94007009
v 1.04668713 -0.92508835 0.94260150
v -1.39262986 -0.92508841 0.94260150
v -1.39565527 -0.84046483 0.85797793
v 1.04971254 -0.84046483 0.85797793
v 1.04969287 -0.84299618 0.85852855
v -1.39563560 -0.84299618 0.85852861
v 1.16546428 -0.92453772 1.05875742
v 1.16546428 -0.92453772 2.54901552
v 1.16293299 -0.92508835 2.54892516
v 1.16293299 -0.92508835 1.05884790
v -1.22207654 -0.92692709 2.83748865
v -1.25512385 -0.92692709 2.83512521
v 1.24336588 -0.85539287 1.05597162
v 1.24336588 -0.85539287 2.55180073
v 1.24246049 -0.85782009 2.55176854
v 1.24246049 -0.85782009 1.05600393
v 1.23709333 -0.86957258 1.05619609
v 1.23709345 -0.86957264 2.55157614
v 1.23585188 -0.87184626 2.55153179
v 1.23585188 -0.87184626 1.05624044
v 1.22886682 -0.88271528 1.05649054
v 1.22886682 -0.88271528 2.55128193
v 1.22731423 -0.88478917 2.55122662
v 1.22731423 -0.88478923 1.05654597
v 1.20725727 -0.90484613 1.05726349
v 1.20725727 -0.90484613 2.55050945
v 1.20518351 -0.90639853 2.55043530
v 1.20518351 -0.90639853 1.05733752
v 1.19431436 -0.91338366 1.05772614
v 1.19431436 -0.91338372 2.55004668
v 1.19204068 -0.91462523 2.54996562
v 1.19204080 -0.91462523 1.05780733
v 1.18028820 -0.91999239 1.05822766
v 1.18028808 -0.91999245 2.54954529
v 1.17786109 -0.92089766 2.54945874
v 1.17786109 -0.92089772 1.05831432
v 1.24958003 -0.82509243 1.05574918
v 1.24958003 -0.82509243 2.55202317
v 1.24939513 -0.82767630 2.55201650
v 1.24939525 -0.82767630 1.05575573
v 0.93093026 -0.82767630 2.93196893
v 0.91814154 -0.82767630 2.93380785
v 0.86420947 -0.82767630 2.93720174
v 0.87714612 -0.82767630 2.93673968
v 1.03271019 -0.84299618 2.89769602
v 1.07933164 -0.84299618 2.87118840
v 1.06846130 -0.84299618 2.87817430
v 1.12170613 -0.84299618 2.83831573
v 1.11194062 -0.84299624 2.84677744
v 1.15897083 -0.84299618 2.79974723
v 1.15050900 -0.84299618 2.80951262
v 1.18338180 -0.84299618 2.76713824
v 1.23543084 -0.82767630 2.65887499
v 1.23179090 -0.82767630 2.67127180
v 1.24416208 -0.82767630 2.61873698
v 1.25004196 -0.81215584 2.55203938
v 1.24957991 -0.81215584 2.56497598
v 1.21702170 -0.89638525 2.55085850
v 1.21885347 -0.89455354 2.55092382
v 1.24700582 -0.84299618 2.55193090
v -1.22537065 -0.85782003 2.92980504
v -1.28110278 -0.85782009 2.92489457
v -1.26831019 -0.85782009 2.92673397
v -1.33530223 -0.85782009 2.91216040
v -1.32290161 -0.85782009 2.91580176
v -1.38713729 -0.85782003 2.89184308
v -1.37538111 -0.85782003 2.89721203
v -1.43555343 -0.85782009 2.86435485
v -1.42468095 -0.85782009 2.87134218
v -1.47956514 -0.85782003 2.83025694
v -1.47604275 -0.86957258 2.82618928
v -1.46979773 -0.85782009 2.83872056
v -1.47522759 -0.87184626 2.82524848
v -1.50574458 -0.86957258 2.79648709
v -1.50981247 -0.85782009 2.80000973
v -1.50480390 -0.87184620 2.79567194
v -1.58091187 -0.84299618 2.69772005
v -1.57554412 -0.84299618 2.70947385
v -1.59972906 -0.84299618 2.64463115
v -1.59608865 -0.84299618 2.65702939
v -1.58900011 -0.87184626 2.64147782
v -1.61079943 -0.84299618 2.58940458
v -1.60896039 -0.84299618 2.60219455
v -1.59973097 -0.87184620 2.58781004
v -1.59789109 -0.87184626 2.60060620
v -1.61436760 -0.84299618 2.53304052
v -1.61390543 -0.84299618 2.54597759
v -1.60445499 -0.86957258 2.53268576
v -1.60399282 -0.86957258 2.54562426
v -1.60321343 -0.87184632 2.53264141
v -1.60275137 -0.87184626 2.54557991
v -1.42435622 -0.87184626 0.87130201
v -1.42530084 -0.85782009 0.86474395
v -1.42453337 -0.86957258 0.87006998
v -1.42595065 -0.84299618 0.86023349
v -1.42543006 -0.85539287 0.86384559
v -1.43908095 -0.82767630 0.85970122
v -1.42629218 -0.82767630 0.85786247
v -1.42602921 -0.84046483 0.85968709
v -1.40859222 -0.84046483 0.85843992
v -1.40865779 -0.82767630 0.85660124
v -1.39550543 -0.85539287 0.86216855
v -1.40844297 -0.85539287 0.86263061
v -1.40857255 -0.84299618 0.85899061
v -1.39547300 -0.85782009 0.86307389
v -1.40821946 -0.86957258 0.86890316
v -1.40841055 -0.85782009 0.86353594
v -1.40817523 -0.87184626 0.87014467
v -1.44071221 -0.92692709 0.96257377
v -1.46873057 -0.82767630 0.86709434
v -1.45633364 -0.82767630 0.86345434
v -1.44392276 -0.92692709 0.96377128
v -1.45570517 -0.92692709 0.96915209
v -1.48527348 -0.82767630 0.87326455
v -1.45871210 -0.92692709 0.97079396
v -1.52209723 -0.84299618 0.89609432
v -1.52339172 -0.82767630 0.89407873
v -1.52239573 -0.84046483 0.89562988
v -1.53279781 -0.88478911 0.92985505
v -1.53840160 -0.87184626 0.92338485
v -1.53381705 -0.88271534 0.92867881
v -1.53921664 -0.86957258 0.92244422
v -1.53595698 -0.84299618 0.90646964
v -1.54729068 -0.82767630 0.91312063
v -1.53752625 -0.82767630 0.90465969
v -1.53631854 -0.84046483 0.90605247
v -1.54304099 -0.88478917 0.94009835
v -1.54951131 -0.87184626 0.93449461
v -1.54421735 -0.88271528 0.93907905
v -1.55045187 -0.86957258 0.93367952
v -1.56823659 -0.82767630 0.93536997
v -1.55977559 -0.82767630 0.92560548
v -1.58580267 -0.82767630 0.96037364
v -1.57881749 -0.82767630 0.94950449
v -1.59745276 -0.84299618 0.98861855
v -1.59963167 -0.82767630 0.98762280
v -1.59426439 -0.82767630 0.97587013
v -1.59795511 -0.84046483 0.98838919
v -1.60350311 -0.84299618 1.00484002
v -1.60944188 -0.82767630 1.01656270
v -1.60580182 -0.82767630 1.00416577
v -1.60403275 -0.84046483 1.00468457
v -1.51654351 -0.92692709 1.06078184
v -1.59312224 -0.88478917 1.04976058
v -1.59466290 -0.88271528 1.04953909
v -1.60815239 -0.85782009 1.04759550
v -1.60905075 -0.85539287 1.04746628
v -1.61503386 -0.82767630 1.04660416
v -1.61319506 -0.82767630 1.03381538
v -1.51704371 -0.92692709 1.06777811
v -1.59421384 -0.88478917 1.06502533
v -1.60321355 -0.87184626 1.07765949
v -1.59576631 -0.88271534 1.06496990
v -1.60936022 -0.85782009 1.06448567
v -1.60445499 -0.86957258 1.07761514
v -1.61436749 -0.84299618 1.07726061
v -1.61026549 -0.85539287 1.06445324
v 1.06113899 -0.90639853 0.90081316
v 1.06121302 -0.90484613 0.89873940
v 1.06192803 -0.88478917 0.87868232
v 1.06198347 -0.88271528 0.87712985
v 1.04953027 -0.85782009 0.86307389
v 1.04956269 -0.85539287 0.86216855
v 1.09008980 -0.82767630 0.85948318
v 1.07730103 -0.82767630 0.85764444
v 1.07436633 -0.88271528 0.87801552
v 1.07414484 -0.88478917 0.87955606
v 1.08408809 -0.90484613 0.90130103
v 1.07127857 -0.90484613 0.89945930
v 1.08379221 -0.90639853 0.90335894
v 1.07098269 -0.90639853 0.90151721
v 1.07594526 -0.92692709 0.95797831
v 1.11675322 -0.82767630 0.86622673
v 1.10435629 -0.82767630 0.86258662
v 1.09244418 -0.90484607 0.90311879
v 1.09185839 -0.90639853 0.90511376
v 1.09306157 -0.92453772 0.94696921
v 1.09234655 -0.92508835 0.94940406
v 1.07630682 -0.92692709 0.95805693
v 1.14218533 -0.82767630 0.87669623
v 1.14142013 -0.84046483 0.87837338
v 1.13043272 -0.82767630 0.87132895
v 1.14119077 -0.84299618 0.87887555
v 1.10724413 -0.92453772 0.95324510
v 1.09546304 -0.92453772 0.94786489
v 1.10618997 -0.92508835 0.95555353
v 1.10086441 -0.92692709 0.96721649
v 1.09440875 -0.92508835 0.95017326
v 1.16487277 -0.84046483 0.89222968
v 1.15400243 -0.84046483 0.88524377
v 1.15499961 -0.82767630 0.88369334
v 1.16457427 -0.84299618 0.89269412
v 1.15370405 -0.84299618 0.88570815
v 1.12038898 -0.92453772 0.96147537
v 1.10949337 -0.92453766 0.95447326
v 1.11901689 -0.92508841 0.96361035
v 1.11208570 -0.92692709 0.97439659
v 1.10118902 -0.92692709 0.96739376
v 1.10812128 -0.92508835 0.95660812
v 1.18732131 -0.82767630 0.90788895
v 1.18611455 -0.84046483 0.90928251
v 1.17634904 -0.84046483 0.90082073
v 1.18575299 -0.84299618 0.90969980
v 1.17598760 -0.84299618 0.90123791
v 1.17384768 -0.88271534 0.92344713
v 1.17282856 -0.88478911 0.92462337
v 1.12244081 -0.92453772 0.96301132
v 1.12217152 -0.92692709 0.98310089
v 1.11238229 -0.92692709 0.97461855
v 1.12077892 -0.92508835 0.96492934
v 1.20610619 -0.82767624 0.92797726
v 1.20471346 -0.84046483 0.92918491
v 1.19625163 -0.84046483 0.91941947
v 1.19764519 -0.82767630 0.91821283
v 1.20429623 -0.84299618 0.92954648
v 1.19583440 -0.84299618 0.91978103
v 1.18208706 -0.88271528 0.93168640
v 1.18091083 -0.88478917 0.93270564
v 1.13091600 -0.92692709 0.99315220
v 1.12243366 -0.92692709 0.98336303
v 1.22184086 -0.82767630 0.95053452
v 1.22029042 -0.84046483 0.95153171
v 1.21330452 -0.84046483 0.94066137
v 1.21485567 -0.82767630 0.93966526
v 1.21982598 -0.84299618 0.95183015
v 1.21284008 -0.84299618 0.94095981
v 1.16356277 -0.91999239 0.98800468
v 1.16151571 -0.92089766 0.98932028
v 1.13814056 -0.92692709 1.00434518
v 1.13113773 -0.92692709 0.99344838
v 1.23420525 -0.82767624 0.97510135
v 1.23252881 -0.84046483 0.97586769
v 1.22716093 -0.84046483 0.96411383
v 1.22883797 -0.82767630 0.96334869
v 1.23202658 -0.84299618 0.97609705
v 1.22665870 -0.84299618 0.96434319
v 1.16580844 -0.91999239 0.99211711
v 1.16359496 -0.92089772 0.99312800
v 1.14369857 -0.92692709 1.01645184
v 1.13831770 -0.92692709 1.00466943
v 1.23753870 -0.84046483 0.98929971
v 1.23930764 -0.82767624 0.98878098
v 1.23700905 -0.84299618 0.98945522
v 1.17647374 -0.91999239 1.02071142
v 1.17413878 -0.92089772 1.02139699
v 1.14747751 -0.92692709 1.02922750
v 1.14382827 -0.92692709 1.01679933
v 1.24788976 -0.82767630 1.02823305
v 1.24190664 -0.85539287 1.02909517
v 1.24100828 -0.85782009 1.02922440
v 1.23568225 -0.86957258 1.02999187
v 1.23445034 -0.87184626 1.03016901
v 1.20607507 -0.90484607 1.03425574
v 1.20401692 -0.90639853 1.03455162
v 1.17746973 -0.91999239 1.02529037
v 1.17506111 -0.92089772 1.02563667
v 1.14755619 -0.92692715 1.02958930
v 1.24957991 -0.81215584 1.04279602
v 1.25004196 -0.81215584 1.05573261
v 1.24911797 -0.82509243 1.04281259
v 1.24700594 -0.84299618 1.05584133
v 1.24290371 -0.85539287 1.04303408
v 1.23663116 -0.86957264 1.04325759
v 1.24199843 -0.85782009 1.04306638
v 1.23538983 -0.87184626 1.04330194
v 1.21885335 -0.89455348 1.05684876
v 1.21702170 -0.89638519 1.05691421
v 1.20679498 -0.90484613 1.04432166
v 1.20472121 -0.90639853 1.04439569
v 1.18384624 -0.84046483 2.76743674
v 1.21206856 -0.82767630 2.72151136
v 1.19238269 -0.82767630 2.75756359
v 1.23560870 -0.82509238 2.65892720
v 1.23196864 -0.82509238 2.67132401
v 1.21743584 -0.82767630 2.70975876
v 1.24480426 -0.81215584 2.61882925
v 1.23605311 -0.81215584 2.65905762
v 1.24434555 -0.82509238 2.61876345
v 1.24664295 -0.81215584 2.60604072
v -1.43604410 -0.85539287 2.86511827
v -1.42517161 -0.85539287 2.87210584
v -1.52171910 -0.84299618 2.79322767
v -1.54774499 -0.84299618 2.75846076
v -1.55473089 -0.84299618 2.74759054
v -1.59019446 -0.86957258 2.64182854
v -1.60096288 -0.86957258 2.58798718
v -1.59912312 -0.86957258 2.60078335
v -1.21268129 -0.82767630 2.93720174
v -1.46878278 -0.82509238 0.86691660
v -1.45638585 -0.82509238 0.86327654
v -1.52349186 -0.82509238 0.89392287
v -1.56026566 -0.81215584 0.92518085
v -1.54771531 -0.81215584 0.91263050
v -1.54741192 -0.82509238 0.91298062
v -1.55991554 -0.82509238 0.92548418
v -1.59485435 -0.81215584 0.97560078
v -1.58634818 -0.81215584 0.96002299
v -1.58595860 -0.82509238 0.96027350
v -1.59443283 -0.82509238 0.97579312
v -1.60642409 -0.81215584 1.00398314
v -1.60022151 -0.81215584 0.98735327
v -1.59980011 -0.82509238 0.98754579
v -1.60597968 -0.82509238 1.00411355
v 1.22199667 -0.82509238 0.95043433
v 1.21501160 -0.82509238 0.93956512
v 1.24893320 -0.82767624 1.04281914
vt 0.39460289 0.29923576
vt 0.39347082 0.29907858
vt 0.39387959 0.30021292
vt 0.38967162 0.29885566
vt 0.39020330 0.29995900
vt 0.39081466 0.29889512
vt 0.39798483 0.30002713
vt 0.39688745 0.29971582
vt 0.39712501 0.30089480
vt 0.40121573 0.30127507
vt 0.40017533 0.30081618
vt 0.40023673 0.30201584
vt 0.40422970 0.30295461
vt 0.40326756 0.30235726
vt 0.40315166 0.30355322
vt 0.40696564 0.30503130
vt 0.40610135 0.30430782
vt 0.40581042 0.30547559
vt 0.40936789 0.30746293
vt 0.40861887 0.30662805
vt 0.40815881 0.30774391
vt 0.41138715 0.31019992
vt 0.41076878 0.30927056
vt 0.41014895 0.31031185
vt 0.41298276 0.31318671
vt 0.41250759 0.31218177
vt 0.41174066 0.31312740
vt 0.41412196 0.31636250
vt 0.41379979 0.31530255
vt 0.41290134 0.31613308
vt 0.41478172 0.31966245
vt 0.41461891 0.31856894
vt 0.41360724 0.31926751
vt 0.41501254 0.32333195
vt 0.41497168 0.32222790
vt 0.41387022 0.32281870
vt 0.20692939 0.29885566
vt 0.20578633 0.29889512
vt 0.20639771 0.29995900
vt 0.20176068 0.29925221
vt 0.20248398 0.30022931
vt 0.20289278 0.29909503
vt 0.19814615 0.30009228
vt 0.19900593 0.30096012
vt 0.19924352 0.29978108
vt 0.19469240 0.30142063
vt 0.19567138 0.30216140
vt 0.19573274 0.30096173
vt 0.19146946 0.30321032
vt 0.19254747 0.30380905
vt 0.19243158 0.30261302
vt 0.18854304 0.30542469
vt 0.18969834 0.30586910
vt 0.18940741 0.30470133
vt 0.18597260 0.30801886
vt 0.18718168 0.30829990
vt 0.18672156 0.30718404
vt 0.18381056 0.31094009
vt 0.18504876 0.31105202
vt 0.18442893 0.31001067
vt 0.18210101 0.31412846
vt 0.18334304 0.31406915
vt 0.18257613 0.31312364
vt 0.18087861 0.31751966
vt 0.18209928 0.31729013
vt 0.18120085 0.31645966
vt 0.18016827 0.32104421
vt 0.18134275 0.32064933
vt 0.18033105 0.31995082
vt 0.17992051 0.32494301
vt 0.18106279 0.32442975
vt 0.17996131 0.32383901
vt 0.18789867 0.46818262
vt 0.18903074 0.46833980
vt 0.18862185 0.46720541
vt 0.19076717 0.46842021
vt 0.19023572 0.46731699
vt 0.18962418 0.46838081
vt 0.18653755 0.46781594
vt 0.18763494 0.46812719
vt 0.18739733 0.46694821
vt 0.18524425 0.46726590
vt 0.18628463 0.46772486
vt 0.18622322 0.46652514
vt 0.18404528 0.46654373
vt 0.18500739 0.46714097
vt 0.18512332 0.46594501
vt 0.18296489 0.46566403
vt 0.18382922 0.46638757
vt 0.18412018 0.46521974
vt 0.18202499 0.46464491
vt 0.18277398 0.46547973
vt 0.18323410 0.46436381
vt 0.18124492 0.46350688
vt 0.18186326 0.46443617
vt 0.18248305 0.46339476
vt 0.18064046 0.46227324
vt 0.18111563 0.46327806
vt 0.18188250 0.46233261
vt 0.18022394 0.46096897
vt 0.18054613 0.46202886
vt 0.18144454 0.46119845
vt 0.18000373 0.45962071
vt 0.18016654 0.46071422
vt 0.18117820 0.46001571
vt 0.17992051 0.45794356
vt 0.17996131 0.45904768
vt 0.18106279 0.45845687
vt 0.40605706 0.46842021
vt 0.40720007 0.46838081
vt 0.40658855 0.46731699
vt 0.40865654 0.46820122
vt 0.40793329 0.46722400
vt 0.40752438 0.46835840
vt 0.40975392 0.46788990
vt 0.40889403 0.46702212
vt 0.40865654 0.46820116
vt 0.41079435 0.46743095
vt 0.40981543 0.46669024
vt 0.40975392 0.46788990
vt 0.41175652 0.46683371
vt 0.41067839 0.46623516
vt 0.41079435 0.46743095
vt 0.41262093 0.46611029
vt 0.41146556 0.46566600
vt 0.41175652 0.46683371
vt 0.41336995 0.46527535
vt 0.41216087 0.46499425
vt 0.41262099 0.46611017
vt 0.41398832 0.46434593
vt 0.41275018 0.46423393
vt 0.41336995 0.46527535
vt 0.41446343 0.46334112
vt 0.41322139 0.46340048
vt 0.41398832 0.46434593
vt 0.41478568 0.46228105
vt 0.41356495 0.46251047
vt 0.41446349 0.46334094
vt 0.41494852 0.46118760
vt 0.41377404 0.46158248
vt 0.41478568 0.46228099
vt 0.41501254 0.45977026
vt 0.41387022 0.46028352
vt 0.41497168 0.46087432
vt 0.39695188 0.29950386
vt 0.39463544 0.29901719
vt 0.39733398 0.29824698
vt 0.39482841 0.29772049
vt 0.39479652 0.29793483
vt 0.39727086 0.29845476
vt 0.39938265 0.29151237
vt 0.39586142 0.29077256
vt 0.39585444 0.29081911
vt 0.39936894 0.29155761
vt 0.39927813 0.29185623
vt 0.39580870 0.29112720
vt 0.39579728 0.29120386
vt 0.39925551 0.29193050
vt 0.39912146 0.29237080
vt 0.39572984 0.29165810
vt 0.39571416 0.29176319
vt 0.39909047 0.29247260
vt 0.39891610 0.29304570
vt 0.39562634 0.29235440
vt 0.39560682 0.29248577
vt 0.39887738 0.29317296
vt 0.39866614 0.29386705
vt 0.39550039 0.29320192
vt 0.39547729 0.29335696
vt 0.39862049 0.29401743
vt 0.39837682 0.29481840
vt 0.39535448 0.29418331
vt 0.39532837 0.29435885
vt 0.39832503 0.29498857
vt 0.39805374 0.29588020
vt 0.39519161 0.29527879
vt 0.39516300 0.29547125
vt 0.39799705 0.29606670
vt 0.39770383 0.29703081
vt 0.39501506 0.29646593
vt 0.39498448 0.29667133
vt 0.39764330 0.29723006
vt 0.39473206 0.29061568
vt 0.39112967 0.29036677
vt 0.39112791 0.29041386
vt 0.39472508 0.29066235
vt 0.39467913 0.29097039
vt 0.39111644 0.29072422
vt 0.39111361 0.29080147
vt 0.39466774 0.29104692
vt 0.39459994 0.29150116
vt 0.39109671 0.29125923
vt 0.39109284 0.29136515
vt 0.39458430 0.29160625
vt 0.39449614 0.29219741
vt 0.39107081 0.29196078
vt 0.39106590 0.29209322
vt 0.39447653 0.29232883
vt 0.39436978 0.29304487
vt 0.39103934 0.29281485
vt 0.39103353 0.29297101
vt 0.39434668 0.29319996
vt 0.39422345 0.29402632
vt 0.39100277 0.29380381
vt 0.39099622 0.29398072
vt 0.39419734 0.29420179
vt 0.39406019 0.29512167
vt 0.39096203 0.29490769
vt 0.39095482 0.29510158
vt 0.39403158 0.29531413
vt 0.39388332 0.29630876
vt 0.39091781 0.29610395
vt 0.39091021 0.29631090
vt 0.39385274 0.29651415
vt 0.39369643 0.29756331
vt 0.39087111 0.29736817
vt 0.39086312 0.29758412
vt 0.39366460 0.29777759
vt 0.39350340 0.29885989
vt 0.39082280 0.29867470
vt 0.40083379 0.29942369
vt 0.39843124 0.29855824
vt 0.39836818 0.29876590
vt 0.40074068 0.29962057
vt 0.40339127 0.30217147
vt 0.40131074 0.30107415
vt 0.40385386 0.29303926
vt 0.40047741 0.29182285
vt 0.40046367 0.29186809
vt 0.40383357 0.29308206
vt 0.40369970 0.29336518
vt 0.40037298 0.29216671
vt 0.40035042 0.29224098
vt 0.40366632 0.29343557
vt 0.40346885 0.29385293
vt 0.40021673 0.29268134
vt 0.40018570 0.29278320
vt 0.40342316 0.29394954
vt 0.40316612 0.29449278
vt 0.40001172 0.29335636
vt 0.39997303 0.29348373
vt 0.40310907 0.29461348
vt 0.40279770 0.29527152
vt 0.39976215 0.29417795
vt 0.39971647 0.29432821
vt 0.40273035 0.29541391
vt 0.40237108 0.29617333
vt 0.39947319 0.29512936
vt 0.39942151 0.29529953
vt 0.40229478 0.29633462
vt 0.40189490 0.29717994
vt 0.39915052 0.29619133
vt 0.39909384 0.29637778
vt 0.40181136 0.29735672
vt 0.40137905 0.29827082
vt 0.39880085 0.29734194
vt 0.39874038 0.29754108
vt 0.40128970 0.29845959
vt 0.40412444 0.30106950
vt 0.40187401 0.29988259
vt 0.40178093 0.30007952
vt 0.40400326 0.30125153
vt 0.40625116 0.30414087
vt 0.40435338 0.30276865
vt 0.40785393 0.29546660
vt 0.40473765 0.29382306
vt 0.40470448 0.29389346
vt 0.40781057 0.29553175
vt 0.40755355 0.29591769
vt 0.40450713 0.29431099
vt 0.40446150 0.29440761
vt 0.40749413 0.29600698
vt 0.40715963 0.29650939
vt 0.40420479 0.29495096
vt 0.40414768 0.29507172
vt 0.40708536 0.29662097
vt 0.40668026 0.29722947
vt 0.40383673 0.29572982
vt 0.40376937 0.29587233
vt 0.40659258 0.29736131
vt 0.40612507 0.29806352
vt 0.40341052 0.29663181
vt 0.40333429 0.29679316
vt 0.40602589 0.29821271
vt 0.40550548 0.29899448
vt 0.40293470 0.29763860
vt 0.40285110 0.29781538
vt 0.40539670 0.29915798
vt 0.40483409 0.30000329
vt 0.40241903 0.29872960
vt 0.40232980 0.29891837
vt 0.40471786 0.30017787
vt 0.40713924 0.30315095
vt 0.40508652 0.30166668
vt 0.40496534 0.30184877
vt 0.40699252 0.30331451
vt 0.40879175 0.30648333
vt 0.40711546 0.30486429
vt 0.41165629 0.29811770
vt 0.40881389 0.29606253
vt 0.40877056 0.29612762
vt 0.41160381 0.29817617
vt 0.41129255 0.29852289
vt 0.40851387 0.29651380
vt 0.40845448 0.29660308
vt 0.41122052 0.29860312
vt 0.41081542 0.29905438
vt 0.40812030 0.29710561
vt 0.40804601 0.29721731
vt 0.41072544 0.29915476
vt 0.41023481 0.29970133
vt 0.40764111 0.29782605
vt 0.40755349 0.29795778
vt 0.41012856 0.29981971
vt 0.40956241 0.30045056
vt 0.40708634 0.29866022
vt 0.40698713 0.29880941
vt 0.40944219 0.30058455
vt 0.40881190 0.30128676
vt 0.40646702 0.29959130
vt 0.40635821 0.29975492
vt 0.40868014 0.30143374
vt 0.40799871 0.30219305
vt 0.40579593 0.30060035
vt 0.40567973 0.30077487
vt 0.40785801 0.30234987
vt 0.40981668 0.30562556
vt 0.40800357 0.30387425
vt 0.40785676 0.30403781
vt 0.40964738 0.30576724
vt 0.41096115 0.30915117
vt 0.40954074 0.30731827
vt 0.41502932 0.30126446
vt 0.41251871 0.29883945
vt 0.41246623 0.29889804
vt 0.41496873 0.30131513
vt 0.41460958 0.30161554
vt 0.41215521 0.29924494
vt 0.41208315 0.29932523
vt 0.41452646 0.30168504
vt 0.41405895 0.30207604
vt 0.41167843 0.29977667
vt 0.41158843 0.29987699
vt 0.41395509 0.30216300
vt 0.41338891 0.30263656
vt 0.41109809 0.30042386
vt 0.41099188 0.30054218
vt 0.41326633 0.30273914
vt 0.41261300 0.30328578
vt 0.41042593 0.30117333
vt 0.41030577 0.30130732
vt 0.41247430 0.30340189
vt 0.41174698 0.30401033
vt 0.40967584 0.30200988
vt 0.40954399 0.30215675
vt 0.41159487 0.30413765
vt 0.41080847 0.30479556
vt 0.40886277 0.30291623
vt 0.40872213 0.30307311
vt 0.41064614 0.30493152
vt 0.41210216 0.30844295
vt 0.41056558 0.30646038
vt 0.41039619 0.30660212
vt 0.41191363 0.30855995
vt 0.41271564 0.31209004
vt 0.41157958 0.31008035
vt 0.41790432 0.30484277
vt 0.41577652 0.30209744
vt 0.41571599 0.30214816
vt 0.41783693 0.30488461
vt 0.41743711 0.30513263
vt 0.41535699 0.30244881
vt 0.41527402 0.30251831
vt 0.41734463 0.30519003
vt 0.41682428 0.30551285
vt 0.41480675 0.30290955
vt 0.41470295 0.30299652
vt 0.41670874 0.30558455
vt 0.41607851 0.30597550
vt 0.41413701 0.30347037
vt 0.41401437 0.30357295
vt 0.41594204 0.30606014
vt 0.41521478 0.30651134
vt 0.41336134 0.30411988
vt 0.41322258 0.30423599
vt 0.41506037 0.30660725
vt 0.41425079 0.30710959
vt 0.41249555 0.30484474
vt 0.41234344 0.30497205
vt 0.41408151 0.30721468
vt 0.41320622 0.30775779
vt 0.41155726 0.30563027
vt 0.41139489 0.30576617
vt 0.41302541 0.30786997
vt 0.41394937 0.31154597
vt 0.41272047 0.30937219
vt 0.41253188 0.30948925
vt 0.41374552 0.31163579
vt 0.41401923 0.31524026
vt 0.41319081 0.31309491
vt 0.42056036 0.30863124
vt 0.41883332 0.30557626
vt 0.41879231 0.30560172
vt 0.42051601 0.30865073
vt 0.42022294 0.30877990
vt 0.41852131 0.30577010
vt 0.41845387 0.30581194
vt 0.42014995 0.30881214
vt 0.41971773 0.30900264
vt 0.41805416 0.30606014
vt 0.41796184 0.30611748
vt 0.41961780 0.30904669
vt 0.41905516 0.30929464
vt 0.41744173 0.30644053
vt 0.41732603 0.30651236
vt 0.41893011 0.30934978
vt 0.41824880 0.30965018
vt 0.41669610 0.30690366
vt 0.41655970 0.30698830
vt 0.41810131 0.30971521
vt 0.41731495 0.31006187
vt 0.41583255 0.30743986
vt 0.41567814 0.30753577
vt 0.41714787 0.31013554
vt 0.41627258 0.31052142
vt 0.41486883 0.30803835
vt 0.41469952 0.30814344
vt 0.41608953 0.31060225
vt 0.41514310 0.31101948
vt 0.41382441 0.30868685
vt 0.41364360 0.30879903
vt 0.41494763 0.31110573
vt 0.41532049 0.31487125
vt 0.41442442 0.31255066
vt 0.41422051 0.31264061
vt 0.41510549 0.31493223
vt 0.41484538 0.31853753
vt 0.41434145 0.31630027
vt 0.42229372 0.31289500
vt 0.42103434 0.30963361
vt 0.42099005 0.30965322
vt 0.42224690 0.31290823
vt 0.42193773 0.31299573
vt 0.42069691 0.30978256
vt 0.42062408 0.30981475
vt 0.42186078 0.31301761
vt 0.42140493 0.31314671
vt 0.42019194 0.31000549
vt 0.42009196 0.31004959
vt 0.42129946 0.31317669
vt 0.42070609 0.31334472
vt 0.41952959 0.31029791
vt 0.41940451 0.31035304
vt 0.42057416 0.31338209
vt 0.41985554 0.31358582
vt 0.41872326 0.31065375
vt 0.41857576 0.31071883
vt 0.41969994 0.31362993
vt 0.41887048 0.31386489
vt 0.41778958 0.31106585
vt 0.41762263 0.31113952
vt 0.41869432 0.31391484
vt 0.41777110 0.31417650
vt 0.41674748 0.31152570
vt 0.41656435 0.31160653
vt 0.41757792 0.31423134
vt 0.41657966 0.31451428
vt 0.41561803 0.31202406
vt 0.41542259 0.31211025
vt 0.41637352 0.31457275
vt 0.41618773 0.31835115
vt 0.41564265 0.31593114
vt 0.41542765 0.31599212
vt 0.41596594 0.31838197
vt 0.41519985 0.32222009
vt 0.41500813 0.31963104
vt 0.42338109 0.31735349
vt 0.42261508 0.31395227
vt 0.42256838 0.31396562
vt 0.42333287 0.31736022
vt 0.42301387 0.31740439
vt 0.42225921 0.31405336
vt 0.42218238 0.31407517
vt 0.42293459 0.31741548
vt 0.42246422 0.31748056
vt 0.42172647 0.31420457
vt 0.42162099 0.31423450
vt 0.42235544 0.31749564
vt 0.42174333 0.31758046
vt 0.42102772 0.31440300
vt 0.42089587 0.31444043
vt 0.42160735 0.31759936
vt 0.42086598 0.31770211
vt 0.42017728 0.31464446
vt 0.42002171 0.31468850
vt 0.42070538 0.31772441
vt 0.41984987 0.31784302
vt 0.41919240 0.31492394
vt 0.41901627 0.31497389
vt 0.41966811 0.31786829
vt 0.41871572 0.31800038
vt 0.41809309 0.31523585
vt 0.41790000 0.31529063
vt 0.41851640 0.31802797
vt 0.41748667 0.31817091
vt 0.41690177 0.31557399
vt 0.41669562 0.31563240
vt 0.41727394 0.31820041
vt 0.41655254 0.32217342
vt 0.41635048 0.31944448
vt 0.41612870 0.31947535
vt 0.41632906 0.32218117
vt 0.41524065 0.45977813
vt 0.41524065 0.32332408
vt 0.42380109 0.32192379
vt 0.42354345 0.31844431
vt 0.42349523 0.31845105
vt 0.42375261 0.32192546
vt 0.42343116 0.32193649
vt 0.42317629 0.31849533
vt 0.42309693 0.31850642
vt 0.42335120 0.32193923
vt 0.42287725 0.32195556
vt 0.42262673 0.31857193
vt 0.42251796 0.31858701
vt 0.42276767 0.32195932
vt 0.42215091 0.32198066
vt 0.42190585 0.31867218
vt 0.42176986 0.31869107
vt 0.42201385 0.32198530
vt 0.42126673 0.32201099
vt 0.42102849 0.31879419
vt 0.42086798 0.31881648
vt 0.42110503 0.32201666
vt 0.42024285 0.32204628
vt 0.42001241 0.31893551
vt 0.41983074 0.31896073
vt 0.42005974 0.32205260
vt 0.41909999 0.32208562
vt 0.41887838 0.31909317
vt 0.41867909 0.31912094
vt 0.41889924 0.32209259
vt 0.41786149 0.32212836
vt 0.41764933 0.31926399
vt 0.41743669 0.31929356
vt 0.41764715 0.32213575
vt 0.42397982 0.32191759
vt 0.42372084 0.31841964
vt 0.42370462 0.31842190
vt 0.42396355 0.32191819
vt 0.20572992 0.29736817
vt 0.20266718 0.29757971
vt 0.20269907 0.29779392
vt 0.20573789 0.29758412
vt 0.20550422 0.29125923
vt 0.20176363 0.29151756
vt 0.20177928 0.29162264
vt 0.20550813 0.29136515
vt 0.20553012 0.29196078
vt 0.20186749 0.29221380
vt 0.20188701 0.29234523
vt 0.20553502 0.29209322
vt 0.20556165 0.29281485
vt 0.20199385 0.29306126
vt 0.20201692 0.29321635
vt 0.20556748 0.29297107
vt 0.20559821 0.29380381
vt 0.20214015 0.29404265
vt 0.20216623 0.29421818
vt 0.20560476 0.29398072
vt 0.20563897 0.29490769
vt 0.20230339 0.29513806
vt 0.20233203 0.29533041
vt 0.20564616 0.29510158
vt 0.20568317 0.29610395
vt 0.20248029 0.29632521
vt 0.20251086 0.29653054
vt 0.20569086 0.29631090
vt 0.20172811 0.29903346
vt 0.19917910 0.29956913
vt 0.20063378 0.29167455
vt 0.19700959 0.29243600
vt 0.19704053 0.29253787
vt 0.20064940 0.29177958
vt 0.20073727 0.29237080
vt 0.19721493 0.29311091
vt 0.19725361 0.29323828
vt 0.20075682 0.29250222
vt 0.20086321 0.29321837
vt 0.19746484 0.29393232
vt 0.19751051 0.29408264
vt 0.20088628 0.29337341
vt 0.20100912 0.29419976
vt 0.19775423 0.29488361
vt 0.19780597 0.29505378
vt 0.20103523 0.29437530
vt 0.20117193 0.29529518
vt 0.19807720 0.29594541
vt 0.19813392 0.29613197
vt 0.20120062 0.29548758
vt 0.20134851 0.29648232
vt 0.19842717 0.29709619
vt 0.19848770 0.29729527
vt 0.20137909 0.29668772
vt 0.20153517 0.29773688
vt 0.19879696 0.29831225
vt 0.19886011 0.29851991
vt 0.20156705 0.29795116
vt 0.19808170 0.29988033
vt 0.19563779 0.30076081
vt 0.19591433 0.29274666
vt 0.19243926 0.29399854
vt 0.19248492 0.29409510
vt 0.19594529 0.29284853
vt 0.19611934 0.29342163
vt 0.19274196 0.29463840
vt 0.19279903 0.29475909
vt 0.19615805 0.29354900
vt 0.19636878 0.29424316
vt 0.19311042 0.29541713
vt 0.19317773 0.29555959
vt 0.19641456 0.29439342
vt 0.19665787 0.29519457
vt 0.19353703 0.29631895
vt 0.19361326 0.29648018
vt 0.19670954 0.29536474
vt 0.19698045 0.29625648
vt 0.19401316 0.29732555
vt 0.19409674 0.29750234
vt 0.19703716 0.29644299
vt 0.19733009 0.29740733
vt 0.19452912 0.29841644
vt 0.19461836 0.29860520
vt 0.19739065 0.29760641
vt 0.19769970 0.29862350
vt 0.19507438 0.29956925
vt 0.19516745 0.29976612
vt 0.19776280 0.29883116
vt 0.19459745 0.30121970
vt 0.19230796 0.30242723
vt 0.19140092 0.29445654
vt 0.18814564 0.29617351
vt 0.18820506 0.29626274
vt 0.19144656 0.29455316
vt 0.19170327 0.29509652
vt 0.18853953 0.29676521
vt 0.18861383 0.29687679
vt 0.19176038 0.29521728
vt 0.19207132 0.29587543
vt 0.18901895 0.29748529
vt 0.18910664 0.29761702
vt 0.19213870 0.29601789
vt 0.19249761 0.29677737
vt 0.18957409 0.29831934
vt 0.18967336 0.29846847
vt 0.19257385 0.29693866
vt 0.19297341 0.29778415
vt 0.19019374 0.29925019
vt 0.19030254 0.29941374
vt 0.19305700 0.29796094
vt 0.19348904 0.29887515
vt 0.19086516 0.30025905
vt 0.19098130 0.30043364
vt 0.19357830 0.29906392
vt 0.19403407 0.30002815
vt 0.19157472 0.30132532
vt 0.19169584 0.30150735
vt 0.19412716 0.30022508
vt 0.19134581 0.30302447
vt 0.18925756 0.30453438
vt 0.18718541 0.29676956
vt 0.18421617 0.29891646
vt 0.18428814 0.29899657
vt 0.18724477 0.29685891
vt 0.18757895 0.29736143
vt 0.18469323 0.29944789
vt 0.18478322 0.29954821
vt 0.18765326 0.29747307
vt 0.18805802 0.29808176
vt 0.18527389 0.30009484
vt 0.18538010 0.30021316
vt 0.18814567 0.29821354
vt 0.18861283 0.29891604
vt 0.18594626 0.30084401
vt 0.18606654 0.30097806
vt 0.18871206 0.29906517
vt 0.18923211 0.29984713
vt 0.18669677 0.30168027
vt 0.18682857 0.30182725
vt 0.18934092 0.30001062
vt 0.18990330 0.30085611
vt 0.18751003 0.30258656
vt 0.18765068 0.30274343
vt 0.19001946 0.30103076
vt 0.19061266 0.30192250
vt 0.18836944 0.30354440
vt 0.18851617 0.30370796
vt 0.19073379 0.30210453
vt 0.18839318 0.30525774
vt 0.18654871 0.30703932
vt 0.18383029 0.30017012
vt 0.18128139 0.30263203
vt 0.18138522 0.30271900
vt 0.18392026 0.30027050
vt 0.18441062 0.30081737
vt 0.18195145 0.30319262
vt 0.18207401 0.30329514
vt 0.18451682 0.30093575
vt 0.18508269 0.30156684
vt 0.18272740 0.30384177
vt 0.18286613 0.30395788
vt 0.18520291 0.30170083
vt 0.18583292 0.30240327
vt 0.18359344 0.30456632
vt 0.18374558 0.30469370
vt 0.18596470 0.30255020
vt 0.18664587 0.30330974
vt 0.18453190 0.30535161
vt 0.18469429 0.30548751
vt 0.18678659 0.30346662
vt 0.18750516 0.30426770
vt 0.18552369 0.30618155
vt 0.18569311 0.30632335
vt 0.18765190 0.30443132
vt 0.18579972 0.30787420
vt 0.18423648 0.30989128
vt 0.17956385 0.30265349
vt 0.17729351 0.30558282
vt 0.17736092 0.30562466
vt 0.17962441 0.30270416
vt 0.17998336 0.30300480
vt 0.17776069 0.30587268
vt 0.17785317 0.30593008
vt 0.18006641 0.30307436
vt 0.18053362 0.30346555
vt 0.17837341 0.30625290
vt 0.17848903 0.30632460
vt 0.18063751 0.30355257
vt 0.18120341 0.30402637
vt 0.17911923 0.30671561
vt 0.17925560 0.30680025
vt 0.18132594 0.30412900
vt 0.18197912 0.30467588
vt 0.17998296 0.30725157
vt 0.18013737 0.30734736
vt 0.18211788 0.30479199
vt 0.18284491 0.30540073
vt 0.18094690 0.30784965
vt 0.18111622 0.30795479
vt 0.18299696 0.30552810
vt 0.18378316 0.30618626
vt 0.18199155 0.30849797
vt 0.18217230 0.30861014
vt 0.18394548 0.30632216
vt 0.18477488 0.30701625
vt 0.18309556 0.30918312
vt 0.18328404 0.30930018
vt 0.18494418 0.30715805
vt 0.18361813 0.31082064
vt 0.18236804 0.31303185
vt 0.17667651 0.30651015
vt 0.17486089 0.30972183
vt 0.17493376 0.30975389
vt 0.17674395 0.30655199
vt 0.17714357 0.30680019
vt 0.17536606 0.30994439
vt 0.17546600 0.30998856
vt 0.17723598 0.30685753
vt 0.17775607 0.30718070
vt 0.17602862 0.31023651
vt 0.17615360 0.31029165
vt 0.17787170 0.30725241
vt 0.17850170 0.30764377
vt 0.17683500 0.31059200
vt 0.17698251 0.31065708
vt 0.17863810 0.30772847
vt 0.17936519 0.30818003
vt 0.17776886 0.31100363
vt 0.17793590 0.31107730
vt 0.17951959 0.30827588
vt 0.18032892 0.30877841
vt 0.17881118 0.31146324
vt 0.17899430 0.31154394
vt 0.18049824 0.30888355
vt 0.18137342 0.30942696
vt 0.17994070 0.31196135
vt 0.18013608 0.31204748
vt 0.18155420 0.30953920
vt 0.18247727 0.31011242
vt 0.18113443 0.31248772
vt 0.18133825 0.31257761
vt 0.18266577 0.31022936
vt 0.18189296 0.31403667
vt 0.18098137 0.31639737
vt 0.17438681 0.31072444
vt 0.17306286 0.31415302
vt 0.17313978 0.31417477
vt 0.17445971 0.31075656
vt 0.17489186 0.31094736
vt 0.17359573 0.31430387
vt 0.17370117 0.31433380
vt 0.17499183 0.31099147
vt 0.17555425 0.31123972
vt 0.17429453 0.31450194
vt 0.17442641 0.31453925
vt 0.17567927 0.31129485
vt 0.17636046 0.31159556
vt 0.17514509 0.31474286
vt 0.17530072 0.31478709
vt 0.17650798 0.31166059
vt 0.17729416 0.31200767
vt 0.17613013 0.31502205
vt 0.17630634 0.31507194
vt 0.17746116 0.31208140
vt 0.17833632 0.31246758
vt 0.17722951 0.31533360
vt 0.17742266 0.31538850
vt 0.17851938 0.31254828
vt 0.17946577 0.31296581
vt 0.17842095 0.31567144
vt 0.17862712 0.31572986
vt 0.17966112 0.31305212
vt 0.18065932 0.31349254
vt 0.17968011 0.31602836
vt 0.17989506 0.31608939
vt 0.18086317 0.31358242
vt 0.18065912 0.31745744
vt 0.18010464 0.31991935
vt 0.17274138 0.31521058
vt 0.17193609 0.31878614
vt 0.17201543 0.31879717
vt 0.17281826 0.31523234
vt 0.17397282 0.31556010
vt 0.17320660 0.31896228
vt 0.17334265 0.31898117
vt 0.17410471 0.31559753
vt 0.17482331 0.31580156
vt 0.17408404 0.31908393
vt 0.17424454 0.31910628
vt 0.17497888 0.31584567
vt 0.17580819 0.31608105
vt 0.17510016 0.31922477
vt 0.17528185 0.31925005
vt 0.17598440 0.31613100
vt 0.17690751 0.31639302
vt 0.17623426 0.31938213
vt 0.17643353 0.31940979
vt 0.17710060 0.31644785
vt 0.17809880 0.31673104
vt 0.17746332 0.31955266
vt 0.17767605 0.31958222
vt 0.17830494 0.31678951
vt 0.17935792 0.31708831
vt 0.17876229 0.31973290
vt 0.17898408 0.31976378
vt 0.17957288 0.31714928
vt 0.17994192 0.32101279
vt 0.17973314 0.32383108
vt 0.17177370 0.31987721
vt 0.17150187 0.32354754
vt 0.17158182 0.32355034
vt 0.17185301 0.31988823
vt 0.17304412 0.32005394
vt 0.17278215 0.32359165
vt 0.17291923 0.32359642
vt 0.17318016 0.32007289
vt 0.17392147 0.32017601
vt 0.17366630 0.32362211
vt 0.17382804 0.32362765
vt 0.17408198 0.32019836
vt 0.17493755 0.32031727
vt 0.17469022 0.32365733
vt 0.17487329 0.32366365
vt 0.17511930 0.32034254
vt 0.17607161 0.32047504
vt 0.17583302 0.32369673
vt 0.17603382 0.32370365
vt 0.17627084 0.32050264
vt 0.17730063 0.32064575
vt 0.17707153 0.32373941
vt 0.17728588 0.32374674
vt 0.17751327 0.32067531
vt 0.17859951 0.32082635
vt 0.17838046 0.32378453
vt 0.17860398 0.32379222
vt 0.17882133 0.32085711
vt 0.38967985 0.29863530
vt 0.20692120 0.29863530
vt 0.38997409 0.29068476
vt 0.20662689 0.29068476
vt 0.20662971 0.29076201
vt 0.38997126 0.29076201
vt 0.38995430 0.29121977
vt 0.20664668 0.29121977
vt 0.20665056 0.29132563
vt 0.38995039 0.29132563
vt 0.38992825 0.29192144
vt 0.20667267 0.29192144
vt 0.20667759 0.29205382
vt 0.38992342 0.29205382
vt 0.38989666 0.29277533
vt 0.20670432 0.29277533
vt 0.20671013 0.29293168
vt 0.38989088 0.29293168
vt 0.38986006 0.29376441
vt 0.20674096 0.29376441
vt 0.20674744 0.29394120
vt 0.38985351 0.29394120
vt 0.38981920 0.29486823
vt 0.20678182 0.29486823
vt 0.20678896 0.29506212
vt 0.38981199 0.29506212
vt 0.38977492 0.29606444
vt 0.20682608 0.29606444
vt 0.20683375 0.29627150
vt 0.38976723 0.29627150
vt 0.38972807 0.29732871
vt 0.20687288 0.29732871
vt 0.20688084 0.29754466
vt 0.38972011 0.29754466
vt 0.40027034 0.30061531
vt 0.39804932 0.29981506
vt 0.38998738 0.29032737
vt 0.20661362 0.29032737
vt 0.20661530 0.29037440
vt 0.38998565 0.29037440
vt 0.18718839 0.46959603
vt 0.18767321 0.46969789
vt 0.18770504 0.46948367
vt 0.18725151 0.46938837
vt 0.19044517 0.47712106
vt 0.40637916 0.47712106
vt 0.40637851 0.47710532
vt 0.19044572 0.47710532
vt 0.18513964 0.47633058
vt 0.18664026 0.47664589
vt 0.18664721 0.47659928
vt 0.18515339 0.47628540
vt 0.18524431 0.47598678
vt 0.18669294 0.47629118
vt 0.18670437 0.47621459
vt 0.18526690 0.47591251
vt 0.18540093 0.47547227
vt 0.18677182 0.47576028
vt 0.18678741 0.47565514
vt 0.18543187 0.47537041
vt 0.18560621 0.47479737
vt 0.18687525 0.47506404
vt 0.18689486 0.47493255
vt 0.18564495 0.47467005
vt 0.18585621 0.47397590
vt 0.18700120 0.47421646
vt 0.18702433 0.47406143
vt 0.18590185 0.47382557
vt 0.18614560 0.47302461
vt 0.18714711 0.47323501
vt 0.18717322 0.47305948
vt 0.18619734 0.47285444
vt 0.18646857 0.47196281
vt 0.18730998 0.47213960
vt 0.18733862 0.47194719
vt 0.18652523 0.47177631
vt 0.18681854 0.47081208
vt 0.18748650 0.47095245
vt 0.18751708 0.47074711
vt 0.18687907 0.47061300
vt 0.18800551 0.47522098
vt 0.18936804 0.47531509
vt 0.18937296 0.47518271
vt 0.18802506 0.47508955
vt 0.18813184 0.47437358
vt 0.18939957 0.47446108
vt 0.18940534 0.47430485
vt 0.18815497 0.47421849
vt 0.18827814 0.47339207
vt 0.18943611 0.47347212
vt 0.18944263 0.47329527
vt 0.18830428 0.47321659
vt 0.18844140 0.47229671
vt 0.18947685 0.47236830
vt 0.18948400 0.47217429
vt 0.18847004 0.47210431
vt 0.18861827 0.47110969
vt 0.18952101 0.47117198
vt 0.18952866 0.47096503
vt 0.18864885 0.47090423
vt 0.18880516 0.46985507
vt 0.18956774 0.46990770
vt 0.18957570 0.46969187
vt 0.18883699 0.46964085
vt 0.18899816 0.46855849
vt 0.18961602 0.46860117
vt 0.18562624 0.46911734
vt 0.18609107 0.46928477
vt 0.18615423 0.46907723
vt 0.18571928 0.46892047
vt 0.18260610 0.47550178
vt 0.18404496 0.47602016
vt 0.18405870 0.47597492
vt 0.18262638 0.47545892
vt 0.18276036 0.47517586
vt 0.18414935 0.47567630
vt 0.18417194 0.47560197
vt 0.18279365 0.47510540
vt 0.18299116 0.47468805
vt 0.18430561 0.47516167
vt 0.18433663 0.47505975
vt 0.18303674 0.47459143
vt 0.18329385 0.47404826
vt 0.18451065 0.47448665
vt 0.18454939 0.47435927
vt 0.18335092 0.47392756
vt 0.18366227 0.47326952
vt 0.18476015 0.47366506
vt 0.18480587 0.47351480
vt 0.18372960 0.47312707
vt 0.18408889 0.47236770
vt 0.18504924 0.47271365
vt 0.18510094 0.47254348
vt 0.18416515 0.47220641
vt 0.18456504 0.47136116
vt 0.18537182 0.47165179
vt 0.18542852 0.47146523
vt 0.18464862 0.47118431
vt 0.18508098 0.47027028
vt 0.18572149 0.47050101
vt 0.18578202 0.47030187
vt 0.18517023 0.47008139
vt 0.18415049 0.46842885
vt 0.18458593 0.46865845
vt 0.18467903 0.46846157
vt 0.18427165 0.46824670
vt 0.18367943 0.46655452
vt 0.18392164 0.46672964
vt 0.18022045 0.47433311
vt 0.18156828 0.47504395
vt 0.18158847 0.47500116
vt 0.18024676 0.47429353
vt 0.18042110 0.47403175
vt 0.18172228 0.47471797
vt 0.18175554 0.47464752
vt 0.18046442 0.47396660
vt 0.18072146 0.47358054
vt 0.18195277 0.47423005
vt 0.18199849 0.47413349
vt 0.18078086 0.47349131
vt 0.18111534 0.47298896
vt 0.18225512 0.47359008
vt 0.18231225 0.47346938
vt 0.18118966 0.47287726
vt 0.18159473 0.47226882
vt 0.18262322 0.47281116
vt 0.18269056 0.47266877
vt 0.18168242 0.47213703
vt 0.18214992 0.47143471
vt 0.18304947 0.47190917
vt 0.18312573 0.47174788
vt 0.18224914 0.47128558
vt 0.18276952 0.47050393
vt 0.18352523 0.47090250
vt 0.18360884 0.47072560
vt 0.18287832 0.47034031
vt 0.18344091 0.46949506
vt 0.18404090 0.46981144
vt 0.18413016 0.46962267
vt 0.18355709 0.46932042
vt 0.18012354 0.47447866
vt 0.18149391 0.47520137
vt 0.18150073 0.47518694
vt 0.18013237 0.47446531
vt 0.18279125 0.46754444
vt 0.18318844 0.46783167
vt 0.18330958 0.46764946
vt 0.18293804 0.46738088
vt 0.18260111 0.46562433
vt 0.18281507 0.46583104
vt 0.17827430 0.47257769
vt 0.17946109 0.47343576
vt 0.17950442 0.47337067
vt 0.17832676 0.47251916
vt 0.17863804 0.47217244
vt 0.17976117 0.47298449
vt 0.17982057 0.47289521
vt 0.17870998 0.47209221
vt 0.17911510 0.47164094
vt 0.18015473 0.47239262
vt 0.18022907 0.47228098
vt 0.17920506 0.47154057
vt 0.17969573 0.47099400
vt 0.18063378 0.47167230
vt 0.18072146 0.47154051
vt 0.17980191 0.47087562
vt 0.18036816 0.47024477
vt 0.18118861 0.47083807
vt 0.18128788 0.47068894
vt 0.18048835 0.47011077
vt 0.18111858 0.46940857
vt 0.18180797 0.46990699
vt 0.18191676 0.46974343
vt 0.18125042 0.46926165
vt 0.18193185 0.46850228
vt 0.18247908 0.46889800
vt 0.18259524 0.46872342
vt 0.18207258 0.46834546
vt 0.18157613 0.46648216
vt 0.18192703 0.46682107
vt 0.18207371 0.46665752
vt 0.18174551 0.46634042
vt 0.18167081 0.46455562
vt 0.18185213 0.46478957
vt 0.17608309 0.47107792
vt 0.17716900 0.47212672
vt 0.17720090 0.47209114
vt 0.17611995 0.47104704
vt 0.17636356 0.47084332
vt 0.17741188 0.47185588
vt 0.17746435 0.47179735
vt 0.17642415 0.47079265
vt 0.17800385 0.46947122
vt 0.17883250 0.47027153
vt 0.17893866 0.47015315
vt 0.17812641 0.46936858
vt 0.17877984 0.46882200
vt 0.17950454 0.46952200
vt 0.17962477 0.46938801
vt 0.17891853 0.46870583
vt 0.17964584 0.46809739
vt 0.18025476 0.46868551
vt 0.18038654 0.46853864
vt 0.17979798 0.46797007
vt 0.18058431 0.46731216
vt 0.18106772 0.46777910
vt 0.18120846 0.46762222
vt 0.18074673 0.46717620
vt 0.18052989 0.46526378
vt 0.18082723 0.46564734
vt 0.18099660 0.46550566
vt 0.18071842 0.46514678
vt 0.18090752 0.46336985
vt 0.18105248 0.46362627
vt 0.17441560 0.46905768
vt 0.17533594 0.47024500
vt 0.17537279 0.47021425
vt 0.17445667 0.46903211
vt 0.17472780 0.46886402
vt 0.17561622 0.47001028
vt 0.17567681 0.46995962
vt 0.17479521 0.46882206
vt 0.17519499 0.46857411
vt 0.17603579 0.46965897
vt 0.17611882 0.46958947
vt 0.17528746 0.46851677
vt 0.17580777 0.46819401
vt 0.17658605 0.46919823
vt 0.17668992 0.46911120
vt 0.17592338 0.46812224
vt 0.17655361 0.46773124
vt 0.17725584 0.46863741
vt 0.17737834 0.46853477
vt 0.17669004 0.46764666
vt 0.17741728 0.46719539
vt 0.17803152 0.46798790
vt 0.17817029 0.46787179
vt 0.17757173 0.46709949
vt 0.17838126 0.46659720
vt 0.17889729 0.46726298
vt 0.17904937 0.46713573
vt 0.17855060 0.46649212
vt 0.17942588 0.46594900
vt 0.17983556 0.46647751
vt 0.17999795 0.46634167
vt 0.17960666 0.46583670
vt 0.17967385 0.46391398
vt 0.17991161 0.46433455
vt 0.18010020 0.46421748
vt 0.17987767 0.46382397
vt 0.18032667 0.46209115
vt 0.18043241 0.46236491
vt 0.17306280 0.46682864
vt 0.17379883 0.46813053
vt 0.17383981 0.46810508
vt 0.17310721 0.46680915
vt 0.17340037 0.46667993
vt 0.17411081 0.46793669
vt 0.17417824 0.46789491
vt 0.17347324 0.46664774
vt 0.17390554 0.46645725
vt 0.17457783 0.46764666
vt 0.17467034 0.46758926
vt 0.17400548 0.46641314
vt 0.17456803 0.46616530
vt 0.17519042 0.46726614
vt 0.17530607 0.46719444
vt 0.17469311 0.46611011
vt 0.17537442 0.46580976
vt 0.17593601 0.46680307
vt 0.17607245 0.46671844
vt 0.17552194 0.46574467
vt 0.17630830 0.46539807
vt 0.17679951 0.46626687
vt 0.17695396 0.46617103
vt 0.17647530 0.46532434
vt 0.17735061 0.46493840
vt 0.17776328 0.46566838
vt 0.17793259 0.46556330
vt 0.17753370 0.46485770
vt 0.17848015 0.46444041
vt 0.17880775 0.46501988
vt 0.17898847 0.46490765
vt 0.17867556 0.46435416
vt 0.17902541 0.46246016
vt 0.17919874 0.46290922
vt 0.17940262 0.46281928
vt 0.17924041 0.46239913
vt 0.17994010 0.46074563
vt 0.18000448 0.46103114
vt 0.17240822 0.46433562
vt 0.17292629 0.46567726
vt 0.17299919 0.46564513
vt 0.17248510 0.46431386
vt 0.17294103 0.46418470
vt 0.17343131 0.46545434
vt 0.17353131 0.46541029
vt 0.17304645 0.46415472
vt 0.17363980 0.46398669
vt 0.17409369 0.46516198
vt 0.17421867 0.46510684
vt 0.17377169 0.46394926
vt 0.17449042 0.46374565
vt 0.17489995 0.46480614
vt 0.17504746 0.46474111
vt 0.17464602 0.46370149
vt 0.17547545 0.46346647
vt 0.17583364 0.46439403
vt 0.17600062 0.46432036
vt 0.17565159 0.46341652
vt 0.17657486 0.46315491
vt 0.17687577 0.46393412
vt 0.17705888 0.46385336
vt 0.17676800 0.46310014
vt 0.17776623 0.46281713
vt 0.17800519 0.46343583
vt 0.17820063 0.46334964
vt 0.17797244 0.46275866
vt 0.17859772 0.46093196
vt 0.17870323 0.46140027
vt 0.17891821 0.46133935
vt 0.17881951 0.46090120
vt 0.17140435 0.46192968
vt 0.17173077 0.46337914
vt 0.17177755 0.46336579
vt 0.17145260 0.46192300
vt 0.17177157 0.46187884
vt 0.17208670 0.46327800
vt 0.17216358 0.46325624
vt 0.17185088 0.46186775
vt 0.17232122 0.46180266
vt 0.17261943 0.46312678
vt 0.17272487 0.46309686
vt 0.17242995 0.46178758
vt 0.17304209 0.46170270
vt 0.17331815 0.46292847
vt 0.17344999 0.46289098
vt 0.17317811 0.46168381
vt 0.17391953 0.46158105
vt 0.17416860 0.46268702
vt 0.17432418 0.46264291
vt 0.17408004 0.46155876
vt 0.17493561 0.46144009
vt 0.17515354 0.46240747
vt 0.17532966 0.46235752
vt 0.17511734 0.46141487
vt 0.17606975 0.46128273
vt 0.17625281 0.46209550
vt 0.17644590 0.46204078
vt 0.17626898 0.46125519
vt 0.17729881 0.46111226
vt 0.17744413 0.46175748
vt 0.17765030 0.46169907
vt 0.17751150 0.46108270
vt 0.17838043 0.45910203
vt 0.17843497 0.45983869
vt 0.17865676 0.45980781
vt 0.17860398 0.45909441
vt 0.40720823 0.46860117
vt 0.40755698 0.46857709
vt 0.17113183 0.45935178
vt 0.17124197 0.46083885
vt 0.17129020 0.46083218
vt 0.17118047 0.45935005
vt 0.17205575 0.45932001
vt 0.17215876 0.46071130
vt 0.17226756 0.46069622
vt 0.17216535 0.45931619
vt 0.17366630 0.45926458
vt 0.17375693 0.46048903
vt 0.17391747 0.46046668
vt 0.17382804 0.45925891
vt 0.17469022 0.45922929
vt 0.17477301 0.46034765
vt 0.17495471 0.46032238
vt 0.17487329 0.45922291
vt 0.17583302 0.45918989
vt 0.17590708 0.46019000
vt 0.17610633 0.46016228
vt 0.17603382 0.45918298
vt 0.17707153 0.45914721
vt 0.17713609 0.46001917
vt 0.17734879 0.45998961
vt 0.17728588 0.45913982
vt 0.17969240 0.32493520
vt 0.17969240 0.45795149
vt 0.17146106 0.32465100
vt 0.17146106 0.45823568
vt 0.17154099 0.45823288
vt 0.17154099 0.32465369
vt 0.17274132 0.32469523
vt 0.17274132 0.45819139
vt 0.17287843 0.45818669
vt 0.17287843 0.32469994
vt 0.17362550 0.32472569
vt 0.17362550 0.45816094
vt 0.17378724 0.45815527
vt 0.17378724 0.32473135
vt 0.17464942 0.32476103
vt 0.17464942 0.45812547
vt 0.17483252 0.45811915
vt 0.17483252 0.32476741
vt 0.17579225 0.32480055
vt 0.17579225 0.45808607
vt 0.17599303 0.45807910
vt 0.17599303 0.32480747
vt 0.17703071 0.32484329
vt 0.17703071 0.45804334
vt 0.17724502 0.45803595
vt 0.17724502 0.32485074
vt 0.17833966 0.32488847
vt 0.17833966 0.45799816
vt 0.17856315 0.45799053
vt 0.17856315 0.32489622
vt 0.18757050 0.46833909
vt 0.18786609 0.46840125
vt 0.40725654 0.46990770
vt 0.40775001 0.46987367
vt 0.40771812 0.46965939
vt 0.40724856 0.46969187
vt 0.40751499 0.47690910
vt 0.40878549 0.47682130
vt 0.40877852 0.47677475
vt 0.40751326 0.47686219
vt 0.40750188 0.47655165
vt 0.40873265 0.47646672
vt 0.40872118 0.47639000
vt 0.40749905 0.47647440
vt 0.40748209 0.47601670
vt 0.40865341 0.47593582
vt 0.40863776 0.47583073
vt 0.40747827 0.47591090
vt 0.40742469 0.47446108
vt 0.40842327 0.47439218
vt 0.40840018 0.47423708
vt 0.40741885 0.47430485
vt 0.40734741 0.47236830
vt 0.40811375 0.47231537
vt 0.40808505 0.47212285
vt 0.40734032 0.47217429
vt 0.40730324 0.47117198
vt 0.40793684 0.47112823
vt 0.40790623 0.47092283
vt 0.40729555 0.47096503
vt 0.40986219 0.47630978
vt 0.41104719 0.47606081
vt 0.41102457 0.47598660
vt 0.40985081 0.47623312
vt 0.40978330 0.47577888
vt 0.41089055 0.47554624
vt 0.41085953 0.47544438
vt 0.40976766 0.47567379
vt 0.40967986 0.47508258
vt 0.41068518 0.47487140
vt 0.41064644 0.47474396
vt 0.40966031 0.47495127
vt 0.40955395 0.47423512
vt 0.41043526 0.47404987
vt 0.41038957 0.47389960
vt 0.40953088 0.47408003
vt 0.40924513 0.47215819
vt 0.40982282 0.47203684
vt 0.40976620 0.47185028
vt 0.40921649 0.47196573
vt 0.40906864 0.47097105
vt 0.40947294 0.47088617
vt 0.40941235 0.47068697
vt 0.40903804 0.47076571
vt 0.40888190 0.46971649
vt 0.40910313 0.46967000
vt 0.40903994 0.46946228
vt 0.40885007 0.46950221
vt 0.40991488 0.47666448
vt 0.41115177 0.47640461
vt 0.41113803 0.47635943
vt 0.40990791 0.47661787
vt 0.40981832 0.46810192
vt 0.40984893 0.46809083
vt 0.41214210 0.47575027
vt 0.41327825 0.47534096
vt 0.41324502 0.47527057
vt 0.41211948 0.47567600
vt 0.41198578 0.47523564
vt 0.41304749 0.47485304
vt 0.41300178 0.47475660
vt 0.41195485 0.47513378
vt 0.41178083 0.47456062
vt 0.41274476 0.47421336
vt 0.41268772 0.47409260
vt 0.41174203 0.47443330
vt 0.41153121 0.47373903
vt 0.41237634 0.47343463
vt 0.41230902 0.47329217
vt 0.41148552 0.47358876
vt 0.41124225 0.47278762
vt 0.41194963 0.47253281
vt 0.41187346 0.47237146
vt 0.41119051 0.47261751
vt 0.41091961 0.47172576
vt 0.41147354 0.47152621
vt 0.41138998 0.47134936
vt 0.41086298 0.47153914
vt 0.41056997 0.47057498
vt 0.41095763 0.47043532
vt 0.41086841 0.47024655
vt 0.41050938 0.47037584
vt 0.41224650 0.47609413
vt 0.41343251 0.47566688
vt 0.41341224 0.47562402
vt 0.41223279 0.47604889
vt 0.41431636 0.47488308
vt 0.41538072 0.47432166
vt 0.41533738 0.47425663
vt 0.41428304 0.47481263
vt 0.41408581 0.47439516
vt 0.41508034 0.47387064
vt 0.41502094 0.47378129
vt 0.41404018 0.47429854
vt 0.41378343 0.47375524
vt 0.41468641 0.47327900
vt 0.41461211 0.47316730
vt 0.41372639 0.47363442
vt 0.41341543 0.47297633
vt 0.41420698 0.47255874
vt 0.41411936 0.47242707
vt 0.41334805 0.47283375
vt 0.41298914 0.47207433
vt 0.41365194 0.47172475
vt 0.41355267 0.47157562
vt 0.41291288 0.47191298
vt 0.41251335 0.47106749
vt 0.41303220 0.47079384
vt 0.41292349 0.47063035
vt 0.41242978 0.47089076
vt 0.41199768 0.46997654
vt 0.41236088 0.46978503
vt 0.41224468 0.46961045
vt 0.41190845 0.46978784
vt 0.41663793 0.47417289
vt 0.41767177 0.47342539
vt 0.41766113 0.47341335
vt 0.41662908 0.47415960
vt 0.41634068 0.47372580
vt 0.41731146 0.47302389
vt 0.41725895 0.47296536
vt 0.41629735 0.47366071
vt 0.41604060 0.47327453
vt 0.41694772 0.47261864
vt 0.41687578 0.47253841
vt 0.41598117 0.47318518
vt 0.41564709 0.47268271
vt 0.41647071 0.47208714
vt 0.41638070 0.47198677
vt 0.41557279 0.47257096
vt 0.41516802 0.47196227
vt 0.41589001 0.47144020
vt 0.41578379 0.47132182
vt 0.41508034 0.47183049
vt 0.41461313 0.47112805
vt 0.41521764 0.47069097
vt 0.41509739 0.47055697
vt 0.41451395 0.47097892
vt 0.41399384 0.47019696
vt 0.41446716 0.46985471
vt 0.41433537 0.46970785
vt 0.41388512 0.47003341
vt 0.41332272 0.46918792
vt 0.41365400 0.46894848
vt 0.41351321 0.46879160
vt 0.41320652 0.46901339
vt 0.41817391 0.47230208
vt 0.41903144 0.47147375
vt 0.41897085 0.47142309
vt 0.41812143 0.47224349
vt 0.41781041 0.47189653
vt 0.41861165 0.47112268
vt 0.41852859 0.47105324
vt 0.41773844 0.47181636
vt 0.41675332 0.47071767
vt 0.41739106 0.47010165
vt 0.41726851 0.46999913
vt 0.41664708 0.47059929
vt 0.41608116 0.46996820
vt 0.41661513 0.46945250
vt 0.41647637 0.46933639
vt 0.41596106 0.46983421
vt 0.41533107 0.46913171
vt 0.41574913 0.46872789
vt 0.41559702 0.46860057
vt 0.41519919 0.46898484
vt 0.41451806 0.46822524
vt 0.41481066 0.46794266
vt 0.41464832 0.46780676
vt 0.41437733 0.46806842
vt 0.41365877 0.46726727
vt 0.41381887 0.46711266
vt 0.41364944 0.46697092
vt 0.41351205 0.46710372
vt 0.41977870 0.47064078
vt 0.42050543 0.46970314
vt 0.42043799 0.46966124
vt 0.41971818 0.47059011
vt 0.41935915 0.47028941
vt 0.42003822 0.46941328
vt 0.41994584 0.46935588
vt 0.41927609 0.47021991
vt 0.41880888 0.46982867
vt 0.41942543 0.46903312
vt 0.41930985 0.46896136
vt 0.41870502 0.46974176
vt 0.41813910 0.46926785
vt 0.41867962 0.46857041
vt 0.41854322 0.46848571
vt 0.41801655 0.46916533
vt 0.41736346 0.46861839
vt 0.41781598 0.46803451
vt 0.41766149 0.46793860
vt 0.41722471 0.46850228
vt 0.41649765 0.46789348
vt 0.41685200 0.46743637
vt 0.41668269 0.46733123
vt 0.41634560 0.46776617
vt 0.41555941 0.46710801
vt 0.41580734 0.46678805
vt 0.41562653 0.46667588
vt 0.41539702 0.46697211
vt 0.41456765 0.46627784
vt 0.41470331 0.46610290
vt 0.41451481 0.46598583
vt 0.41439837 0.46613616
vt 0.42112243 0.46877581
vt 0.42170355 0.46774781
vt 0.42163068 0.46771562
vt 0.42105502 0.46873397
vt 0.42065537 0.46848577
vt 0.42119843 0.46752518
vt 0.42109841 0.46748114
vt 0.42056289 0.46842831
vt 0.42004278 0.46810532
vt 0.42053583 0.46723318
vt 0.42041090 0.46717799
vt 0.41992715 0.46803355
vt 0.41929722 0.46764225
vt 0.41972947 0.46687770
vt 0.41958189 0.46681255
vt 0.41916075 0.46755761
vt 0.41843373 0.46710604
vt 0.41879559 0.46646589
vt 0.41862860 0.46639234
vt 0.41827932 0.46701014
vt 0.41746995 0.46650755
vt 0.41775325 0.46600634
vt 0.41757020 0.46592563
vt 0.41730058 0.46640247
vt 0.41532159 0.46517366
vt 0.41543001 0.46498185
vt 0.41522625 0.46489197
vt 0.41513306 0.46505660
vt 0.42217758 0.46674520
vt 0.42260146 0.46564776
vt 0.42252451 0.46562588
vt 0.42210472 0.46671307
vt 0.42167258 0.46652228
vt 0.42206866 0.46549678
vt 0.42196313 0.46546680
vt 0.42157263 0.46647823
vt 0.42101026 0.46622992
vt 0.42136979 0.46529877
vt 0.42123789 0.46526140
vt 0.42088524 0.46617472
vt 0.42020398 0.46587408
vt 0.42051917 0.46505773
vt 0.42036361 0.46501356
vt 0.42005646 0.46580893
vt 0.41927028 0.46546197
vt 0.41953418 0.46477854
vt 0.41935804 0.46472865
vt 0.41910329 0.46538830
vt 0.41822815 0.46500206
vt 0.41843474 0.46446699
vt 0.41824165 0.46441221
vt 0.41804501 0.46492136
vt 0.41709876 0.46450377
vt 0.41724336 0.46412927
vt 0.41703716 0.46407086
vt 0.41690332 0.46441752
vt 0.41590506 0.46397710
vt 0.41598427 0.46377230
vt 0.41576919 0.46371126
vt 0.41570130 0.46388710
vt 0.42345065 0.46473998
vt 0.42372522 0.46352100
vt 0.42370903 0.46351886
vt 0.42343497 0.46473551
vt 0.42292297 0.46459019
vt 0.42318064 0.46344566
vt 0.42310137 0.46343458
vt 0.42284596 0.46456832
vt 0.42239022 0.46443892
vt 0.42263097 0.46336949
vt 0.42252225 0.46335435
vt 0.42228472 0.46440899
vt 0.42169148 0.46424055
vt 0.42191017 0.46326953
vt 0.42177409 0.46325058
vt 0.42155957 0.46420312
vt 0.42084101 0.46399909
vt 0.42103279 0.46314788
vt 0.42087224 0.46312553
vt 0.42068547 0.46395504
vt 0.41985613 0.46371955
vt 0.42001662 0.46300697
vt 0.41983479 0.46298170
vt 0.41967991 0.46366960
vt 0.41875678 0.46340770
vt 0.41888246 0.46284962
vt 0.41868329 0.46282190
vt 0.41856372 0.46335286
vt 0.41630644 0.46271241
vt 0.41635451 0.46249878
vt 0.41613272 0.46246803
vt 0.41609144 0.46265143
vt 0.42327881 0.46469116
vt 0.42354789 0.46349657
vt 0.42349964 0.46348977
vt 0.42323202 0.46467793
vt 0.41517487 0.46121901
vt 0.41519985 0.46088213
vt 0.42207265 0.46217781
vt 0.42215091 0.46112174
vt 0.42201385 0.46111703
vt 0.42193660 0.46215892
vt 0.42119530 0.46205580
vt 0.42126673 0.46109134
vt 0.42110503 0.46108568
vt 0.42103481 0.46203345
vt 0.41904515 0.46175677
vt 0.41909999 0.46101654
vt 0.41889924 0.46100968
vt 0.41884595 0.46172911
vt 0.41781616 0.46158600
vt 0.41786149 0.46097392
vt 0.41764715 0.46096647
vt 0.41760349 0.46155643
vt 0.41651729 0.46140546
vt 0.41655254 0.46092880
vt 0.41632906 0.46092111
vt 0.41629544 0.46137464
vt 0.42371029 0.46240574
vt 0.42380109 0.46117854
vt 0.42375261 0.46117681
vt 0.42366204 0.46239901
vt 0.19075903 0.46864057
vt 0.40606520 0.46864057
vt 0.19048458 0.47605610
vt 0.40633968 0.47605610
vt 0.40633577 0.47595024
vt 0.19048855 0.47595024
vt 0.19051060 0.47535455
vt 0.40631375 0.47535455
vt 0.40630883 0.47522211
vt 0.19051549 0.47522211
vt 0.19054219 0.47450048
vt 0.40628210 0.47450048
vt 0.40627626 0.47434431
vt 0.19054797 0.47434431
vt 0.19057882 0.47351158
vt 0.40624541 0.47351158
vt 0.40623891 0.47333467
vt 0.19058535 0.47333467
vt 0.19061968 0.47240764
vt 0.40620461 0.47240764
vt 0.40619749 0.47221375
vt 0.19062686 0.47221375
vt 0.19066396 0.47121143
vt 0.40616032 0.47121143
vt 0.40615267 0.47100443
vt 0.19067159 0.47100443
vt 0.19071071 0.46994716
vt 0.40611356 0.46994716
vt 0.40610558 0.46973133
vt 0.19071868 0.46973133
vt 0.19045158 0.47694850
vt 0.40637267 0.47694850
vt 0.40637097 0.47690153
vt 0.19045332 0.47690153
vt 0.41659334 0.45982480
vt 0.41659334 0.32327747
vt 0.41636992 0.32328510
vt 0.41636992 0.45981717
vt 0.20577818 0.29867470
vt 0.20286021 0.29887623
vt 0.42347202 0.46006238
vt 0.42347202 0.32303989
vt 0.42339200 0.32304263
vt 0.42339200 0.46005964
vt 0.42291808 0.46004325
vt 0.42291808 0.32305908
vt 0.42280853 0.32306278
vt 0.42280853 0.46003944
vt 0.42219171 0.46001816
vt 0.42219171 0.32308418
vt 0.42205465 0.32308882
vt 0.42205465 0.46001345
vt 0.42028365 0.45995224
vt 0.42028365 0.32315004
vt 0.42010048 0.32315624
vt 0.42010048 0.45994592
vt 0.41914082 0.45991278
vt 0.41914082 0.32318944
vt 0.41894004 0.32319641
vt 0.41894004 0.45990586
vt 0.41790229 0.45987004
vt 0.41790229 0.32323223
vt 0.41768801 0.32323962
vt 0.41768801 0.45986259
vt 0.42402065 0.46008134
vt 0.42402065 0.32302094
vt 0.42400435 0.32302147
vt 0.42400435 0.46008086
vt 0.39588445 0.29061681
vt 0.39475524 0.29046011
vt 0.38999316 0.29017067
vt 0.39113545 0.29021001
vt 0.40487146 0.29353988
vt 0.40898803 0.29580063
vt 0.40802819 0.29520482
vt 0.41272962 0.29860413
vt 0.41186732 0.29788256
vt 0.41601998 0.30189353
vt 0.41527289 0.30106074
vt 0.41817546 0.30467463
vt 0.42277128 0.31390798
vt 0.42244992 0.31285071
vt 0.42354226 0.31733114
vt 0.42406139 0.32301950
vt 0.42402065 0.32191616
vt 0.42114583 0.32312024
vt 0.42130756 0.32311469
vt 0.42379338 0.32302874
vt 0.20548734 0.29080147
vt 0.20056632 0.29122025
vt 0.20169586 0.29106331
vt 0.19578061 0.29230624
vt 0.19687551 0.29199576
vt 0.19120365 0.29403907
vt 0.19224171 0.29358113
vt 0.18692863 0.29638344
vt 0.18788862 0.29578757
vt 0.18304250 0.29929143
vt 0.18335348 0.29963839
vt 0.18390492 0.29856962
vt 0.18342550 0.29971868
vt 0.18073091 0.30217159
vt 0.18037167 0.30187112
vt 0.18081392 0.30224109
vt 0.17409372 0.31059498
vt 0.17456774 0.30959255
vt 0.17243223 0.31512272
vt 0.17275366 0.31406540
vt 0.17337957 0.31539172
vt 0.17145471 0.31983280
vt 0.17161714 0.31874192
vt 0.17243208 0.31996876
vt 0.17259452 0.31887746
vt 0.17113972 0.32463980
vt 0.17118050 0.32353646
vt 0.17201495 0.32467014
vt 0.17205575 0.32356662
vt 0.17212458 0.32467389
vt 0.17216538 0.32357043
vt 0.18791732 0.47581214
vt 0.18783392 0.47637141
vt 0.18790168 0.47591722
vt 0.18777652 0.47675616
vt 0.18782246 0.47644800
vt 0.18661711 0.47680151
vt 0.18774641 0.47695833
vt 0.18776959 0.47680277
vt 0.18930924 0.47690910
vt 0.18930349 0.47706592
vt 0.19046476 0.47659105
vt 0.18932241 0.47655165
vt 0.18931097 0.47686219
vt 0.19046766 0.47651386
vt 0.18934216 0.47601670
vt 0.18932527 0.47647440
vt 0.18934608 0.47591090
vt 0.18647313 0.46802795
vt 0.18399914 0.47617102
vt 0.18509382 0.47648144
vt 0.18618962 0.46792579
vt 0.18514927 0.46746689
vt 0.18253842 0.47564477
vt 0.18488374 0.46732688
vt 0.17928696 0.47369772
vt 0.17917268 0.47386956
vt 0.17926063 0.47373730
vt 0.17834212 0.47081840
vt 0.17784731 0.47137016
vt 0.17825213 0.47091866
vt 0.17777538 0.47145045
vt 0.17806320 0.47281277
vt 0.17706245 0.47224557
vt 0.17792460 0.47296721
vt 0.17803125 0.47284836
vt 0.17743763 0.46994478
vt 0.17686635 0.47042269
vt 0.17733382 0.47003168
vt 0.17678329 0.47049224
vt 0.17521295 0.47034800
vt 0.17596003 0.47118086
vt 0.17366186 0.46821553
vt 0.17427868 0.46914262
vt 0.17263323 0.46580666
vt 0.17244084 0.46589160
vt 0.17291474 0.46689391
vt 0.17258886 0.46582633
vt 0.17209895 0.46442318
vt 0.17157459 0.46342343
vt 0.17189603 0.46448070
vt 0.17205220 0.46443641
vt 0.17977737 0.45965219
vt 0.17301559 0.46059215
vt 0.17287958 0.46061099
vt 0.17168847 0.46077675
vt 0.17160919 0.46078777
vt 0.17108081 0.46086133
vt 0.17124321 0.46195203
vt 0.17973314 0.45905542
vt 0.17291923 0.45929027
vt 0.17212458 0.45821273
vt 0.17278215 0.45929497
vt 0.17158182 0.45933628
vt 0.17201495 0.45821649
vt 0.17113972 0.45824671
vt 0.17150187 0.45933908
vt 0.40738165 0.47329527
vt 0.40738821 0.47347212
vt 0.40745127 0.47518271
vt 0.40745616 0.47531509
vt 0.40635669 0.47651386
vt 0.40635949 0.47659105
vt 0.40993789 0.47682011
vt 0.40880877 0.47697687
vt 0.40854967 0.47523957
vt 0.40853006 0.47510821
vt 0.40940803 0.47325361
vt 0.40827698 0.47341073
vt 0.40938190 0.47307813
vt 0.40825087 0.47323525
vt 0.40868908 0.46841985
vt 0.41229224 0.47624499
vt 0.41119766 0.47655541
vt 0.41014582 0.47309858
vt 0.41009408 0.47292846
vt 0.41020030 0.46935880
vt 0.41013724 0.46915114
vt 0.40872094 0.46841317
vt 0.41453791 0.47535211
vt 0.41447029 0.47520900
vt 0.41350016 0.47580987
vt 0.41445011 0.47516626
vt 0.41145271 0.46882355
vt 0.41041243 0.46928239
vt 0.41135958 0.46862662
vt 0.41088936 0.46763194
vt 0.41031930 0.46908557
vt 0.41654122 0.47402728
vt 0.41558129 0.47462302
vt 0.41566935 0.47475535
vt 0.41651475 0.47398770
vt 0.41555497 0.47458351
vt 0.41261330 0.46812159
vt 0.41165122 0.46871883
vt 0.41249216 0.46793956
vt 0.41188014 0.46701962
vt 0.41091806 0.46761686
vt 0.41153011 0.46853679
vt 0.41852331 0.47269177
vt 0.41841674 0.47257292
vt 0.41755450 0.47329462
vt 0.41838485 0.47253740
vt 0.41752255 0.47325903
vt 0.41733366 0.47136486
vt 0.41724360 0.47126460
vt 0.41279447 0.46799070
vt 0.41277069 0.46627724
vt 0.41190636 0.46700066
vt 0.41264778 0.46782702
vt 0.42018196 0.47097856
vt 0.42005903 0.47087550
vt 0.41931182 0.47170842
vt 0.41943488 0.47181129
vt 0.42002216 0.47084475
vt 0.41927496 0.47167754
vt 0.41806114 0.47066212
vt 0.41795728 0.47057527
vt 0.41354287 0.46542001
vt 0.41279382 0.46625495
vt 0.42157137 0.46905476
vt 0.42143446 0.46896970
vt 0.42081755 0.46989679
vt 0.42095456 0.46998167
vt 0.42139336 0.46894419
vt 0.42077652 0.46987128
vt 0.41642547 0.46585900
vt 0.41624472 0.46574688
vt 0.41418070 0.46446544
vt 0.41356248 0.46539479
vt 0.42266309 0.46695948
vt 0.42251506 0.46689415
vt 0.42204100 0.46789658
vt 0.42218918 0.46796185
vt 0.42247072 0.46687460
vt 0.42199677 0.46787703
vt 0.41662377 0.46550822
vt 0.41642830 0.46542203
vt 0.41467154 0.46343291
vt 0.41419637 0.46443772
vt 0.42295745 0.46574861
vt 0.42311364 0.46579278
vt 0.42291063 0.46573532
vt 0.41756546 0.46306956
vt 0.41735935 0.46301115
vt 0.41500515 0.46234334
vt 0.41468292 0.46340328
vt 0.42387134 0.46242815
vt 0.42334312 0.46235454
vt 0.42326379 0.46234357
vt 0.42279354 0.46227813
vt 0.42268476 0.46226305
vt 0.42017925 0.46191448
vt 0.41999748 0.46188921
vt 0.41765347 0.46267909
vt 0.41744077 0.46264958
vt 0.41501212 0.46231246
vt 0.42402065 0.46118611
vt 0.42406139 0.46008277
vt 0.42397982 0.46118468
vt 0.42379338 0.46007353
vt 0.42343116 0.46116579
vt 0.42287725 0.46114671
vt 0.42335120 0.46116304
vt 0.42276767 0.46114296
vt 0.42130756 0.45998764
vt 0.42114583 0.45998204
vt 0.42024285 0.46105599
vt 0.42005974 0.46104968
vt 0.41821644 0.30464917
vt 0.42070839 0.30856597
vt 0.41897020 0.30549127
vt 0.42278704 0.31390351
vt 0.42246556 0.31284624
vt 0.42118230 0.30956829
vt 0.42359889 0.31732333
vt 0.42282623 0.31389236
vt 0.42355847 0.31732887
vt 0.42376131 0.31841391
vt 0.18688533 0.29631835
vt 0.18784532 0.29572237
vt 0.17932037 0.30244958
vt 0.17702231 0.30541468
vt 0.17640547 0.30634177
vt 0.17327410 0.31536180
vt 0.17232330 0.31995374
vt 0.17248569 0.31886232
vt 0.20660780 0.29017067
vt 0.18399453 0.47618610
vt 0.18508919 0.47649664
vt 0.17916381 0.47388285
vt 0.17591682 0.47121710
vt 0.17702496 0.47228742
vt 0.17705172 0.47225755
vt 0.17594773 0.47119117
vt 0.17286266 0.46691692
vt 0.17361374 0.46824551
vt 0.17364813 0.46822411
vt 0.17289990 0.46690047
vt 0.17184108 0.46449631
vt 0.17238873 0.46591461
vt 0.17242597 0.46589816
vt 0.17188032 0.46448517
vt 0.42158514 0.46906328
vt 0.42096826 0.46999019
vt 0.42396355 0.46118414
vn 0.00979647 -0.99853784 0.05316339
vn 0.00555438 -0.99853772 0.05377375
vn 0.00265513 -0.99982321 0.01861641
vn 0.00085453 -0.99855119 0.05380500
vn 0.00064090 -0.99983215 0.01831139
vn 0.00296035 -0.99855202 0.05371349
vn 0.01724300 -0.99853748 0.05124070
vn 0.01315351 -0.99853796 0.05243095
vn 0.00527974 -0.99982345 0.01803656
vn 0.02435385 -0.99853843 0.04824992
vn 0.02047799 -0.99853832 0.05002000
vn 0.00781279 -0.99982345 0.01709048
vn 0.03097640 -0.99853879 0.04428252
vn 0.02740573 -0.99853903 0.04657143
vn 0.01016273 -0.99982345 0.01580869
vn 0.03698852 -0.99853748 0.03943001
vn 0.03375359 -0.99853855 0.04220724
vn 0.01229904 -0.99982369 0.01419120
vn 0.04220724 -0.99853855 0.03375359
vn 0.03943001 -0.99853748 0.03698852
vn 0.01419120 -0.99982369 0.01229904
vn 0.04657143 -0.99853903 0.02740573
vn 0.04428252 -0.99853879 0.03097640
vn 0.01580869 -0.99982345 0.01016273
vn 0.05002000 -0.99853832 0.02047799
vn 0.04824988 -0.99853760 0.02438435
vn 0.01709048 -0.99982345 0.00781279
vn 0.05243095 -0.99853796 0.01315351
vn 0.05121026 -0.99853903 0.01724302
vn 0.01803656 -0.99982345 0.00527974
vn 0.05377375 -0.99853772 0.00555438
vn 0.05316339 -0.99853784 0.00979647
vn 0.01861641 -0.99982321 0.00265513
vn 0.05380500 -0.99855119 0.00085453
vn 0.05371349 -0.99855202 0.00296035
vn 0.01831139 -0.99983215 0.00064090
vn -0.00085453 -0.99855119 0.05380500
vn -0.00296035 -0.99855202 0.05371349
vn -0.00064090 -0.99983215 0.01831139
vn -0.00979647 -0.99853784 0.05316339
vn -0.00265513 -0.99982321 0.01861641
vn -0.00555439 -0.99853939 0.05374333
vn -0.01724302 -0.99853903 0.05121026
vn -0.00527974 -0.99982345 0.01803656
vn -0.01315351 -0.99853796 0.05243095
vn -0.02438435 -0.99853760 0.04824988
vn -0.00781279 -0.99982345 0.01709048
vn -0.02047799 -0.99853832 0.05002000
vn -0.03097640 -0.99853879 0.04428252
vn -0.01016273 -0.99982345 0.01580869
vn -0.02740569 -0.99853760 0.04660188
vn -0.03698852 -0.99853748 0.03943001
vn -0.01229904 -0.99982369 0.01419120
vn -0.03375359 -0.99853855 0.04220724
vn -0.04220724 -0.99853855 0.03375359
vn -0.01419120 -0.99982369 0.01229904
vn -0.03943001 -0.99853748 0.03698852
vn -0.04657143 -0.99853903 0.02740573
vn -0.01580869 -0.99982345 0.01016273
vn -0.04428252 -0.99853879 0.03097640
vn -0.05002000 -0.99853832 0.02047799
vn -0.01709048 -0.99982345 0.00781279
vn -0.04824992 -0.99853843 0.02435385
vn -0.05243095 -0.99853796 0.01315351
vn -0.01803656 -0.99982345 0.00527974
vn -0.05121026 -0.99853903 0.01724302
vn -0.05377375 -0.99853772 0.00555438
vn -0.01861641 -0.99982321 0.00265513
vn -0.05316341 -0.99853808 0.00976595
vn -0.05380500 -0.99855119 0.00085453
vn -0.01831139 -0.99983215 0.00064090
vn -0.05371349 -0.99855202 0.00296035
vn -0.00979647 -0.99853784 -0.05316339
vn -0.00555439 -0.99853939 -0.05374333
vn -0.00265513 -0.99982321 -0.01861641
vn -0.00085453 -0.99855119 -0.05380500
vn -0.00064090 -0.99983215 -0.01831139
vn -0.00296035 -0.99855202 -0.05371349
vn -0.01724302 -0.99853903 -0.05121026
vn -0.01315351 -0.99853796 -0.05243095
vn -0.00527974 -0.99982345 -0.01803656
vn -0.02435385 -0.99853843 -0.04824992
vn -0.02047799 -0.99853832 -0.05002000
vn -0.00781279 -0.99982345 -0.01709048
vn -0.03097640 -0.99853879 -0.04428252
vn -0.02740573 -0.99853903 -0.04657143
vn -0.01016273 -0.99982345 -0.01580869
vn -0.03698852 -0.99853748 -0.03943001
vn -0.03375359 -0.99853855 -0.04220724
vn -0.01229904 -0.99982369 -0.01419120
vn -0.04220724 -0.99853855 -0.03375359
vn -0.03943006 -0.99853867 -0.03695805
vn -0.01419120 -0.99982369 -0.01229904
vn -0.04657143 -0.99853903 -0.02740573
vn -0.04428252 -0.99853879 -0.03097640
vn -0.01580869 -0.99982345 -0.01016273
vn -0.05002000 -0.99853832 -0.02047799
vn -0.04824992 -0.99853843 -0.02435385
vn -0.01709048 -0.99982345 -0.00781279
vn -0.05243095 -0.99853796 -0.01315351
vn -0.05121026 -0.99853903 -0.01724302
vn -0.01803656 -0.99982345 -0.00527974
vn -0.05377375 -0.99853772 -0.00555438
vn -0.05316341 -0.99853808 -0.00976595
vn -0.01861641 -0.99982321 -0.00265513
vn -0.05380500 -0.99855119 -0.00085453
vn -0.05371349 -0.99855202 -0.00296035
vn -0.01831139 -0.99983215 -0.00064090
vn 0.00085453 -0.99855119 -0.05380500
vn 0.00296035 -0.99855202 -0.05371349
vn 0.00064090 -0.99983215 -0.01831139
vn 0.00973558 -0.99855298 -0.05288952
vn 0.00265513 -0.99982321 -0.01861641
vn 0.00555438 -0.99853772 -0.05377375
vn 0.01733489 -0.99852645 -0.05142482
vn 0.00527974 -0.99982345 -0.01803656
vn 0.01321475 -0.99852270 -0.05270642
vn 0.02426260 -0.99855095 -0.04803690
vn 0.00781279 -0.99982345 -0.01709048
vn 0.02041716 -0.99854869 -0.04983740
vn 0.03106860 -0.99852896 -0.04443603
vn 0.01016273 -0.99982345 -0.01580869
vn 0.02749785 -0.99852920 -0.04672499
vn 0.03683631 -0.99854797 -0.03930835
vn 0.01229904 -0.99982369 -0.01419120
vn 0.03360143 -0.99855143 -0.04202467
vn 0.04156701 -0.99858493 -0.03317426
vn 0.01419120 -0.99982369 -0.01229904
vn 0.03958330 -0.99852467 -0.03717229
vn 0.04556534 -0.99859202 -0.02716219
vn 0.01580869 -0.99982345 -0.01016273
vn 0.04492431 -0.99849761 -0.03137377
vn 0.04989813 -0.99854249 -0.02056963
vn 0.01709048 -0.99982345 -0.00781279
vn 0.05337774 -0.99821573 -0.02676517
vn 0.05249327 -0.99853182 -0.01336747
vn 0.01803656 -0.99982345 -0.00527974
vn 0.05133342 -0.99852955 -0.01742651
vn 0.05374333 -0.99853939 -0.00555439
vn 0.01861641 -0.99982321 -0.00265513
vn 0.05304159 -0.99854308 -0.00991859
vn 0.05380500 -0.99855119 -0.00085453
vn 0.01831139 -0.99983215 -0.00064090
vn 0.05371349 -0.99855202 -0.00296035
vn 0.02655123 -0.99420613 0.10416016
vn 0.01910468 -0.99420637 0.10577767
vn 0.06119066 -0.96885723 0.23994063
vn 0.04397814 -0.96886188 0.24366513
vn 0.03161800 -0.98403388 0.17515028
vn 0.04397830 -0.98403352 0.17246452
vn 0.24339004 -0.17771289 0.95350909
vn 0.17468970 -0.17771105 0.96845359
vn 0.17197758 -0.24754395 0.95349133
vn 0.23963766 -0.24754216 0.93877411
vn 0.23462945 -0.31608447 0.91926044
vn 0.16843306 -0.31608286 0.93366057
vn 0.16397896 -0.38301432 0.90907151
vn 0.22846805 -0.38301817 0.89504170
vn 0.22111014 -0.44795784 0.86628175
vn 0.15873203 -0.44796553 0.87984723
vn 0.15265746 -0.51061815 0.84614712
vn 0.21263084 -0.51062530 0.83309662
vn 0.20307498 -0.57067913 0.79566693
vn 0.14579144 -0.57068330 0.80812466
vn 0.13819090 -0.62781024 0.76600111
vn 0.19248465 -0.62781060 0.75419068
vn 0.18091838 -0.68174005 0.70887166
vn 0.12989198 -0.68171924 0.71999103
vn 0.12094674 -0.73215050 0.67031902
vn 0.16843607 -0.73215824 0.65998006
vn 0.15506615 -0.77884036 0.60775185
vn 0.11136413 -0.77884698 0.61724842
vn 0.10123319 -0.82155454 0.56107050
vn 0.14096910 -0.82155168 0.55243164
vn 0.12613647 -0.86009628 0.49429139
vn 0.09061088 -0.86008614 0.50203741
vn 0.07950291 -0.89424747 0.44045526
vn 0.11063284 -0.89424908 0.43368074
vn 0.09461011 -0.92385244 0.37087163
vn 0.06796657 -0.92385089 0.37666970
vn 0.05612393 -0.94876599 0.31095523
vn 0.07809770 -0.94876963 0.30616498
vn 0.10519887 -0.17774245 0.97843802
vn 0.05264471 -0.17755765 0.98270124
vn 0.05185179 -0.24732600 0.96754396
vn 0.10358077 -0.24753790 0.96332556
vn 0.10141594 -0.31608936 0.94329339
vn 0.05075366 -0.31578359 0.94747287
vn 0.04944075 -0.38267747 0.92255819
vn 0.09876035 -0.38301682 0.91844690
vn 0.09555556 -0.44796056 0.88893223
vn 0.04785385 -0.44759220 0.89295650
vn 0.04602229 -0.51024312 0.85879797
vn 0.09189413 -0.51062131 0.85488099
vn 0.08774281 -0.57070971 0.81645066
vn 0.04394751 -0.57034105 0.82023150
vn 0.04165819 -0.62746698 0.77752805
vn 0.08316513 -0.62781274 0.77390873
vn 0.07819074 -0.68171215 0.72743022
vn 0.03915577 -0.68139589 0.73086703
vn 0.03647050 -0.73185152 0.68048757
vn 0.07278758 -0.73214841 0.67724490
vn 0.06698968 -0.77881986 0.62366015
vn 0.03357116 -0.77857625 0.62665153
vn 0.03051882 -0.82135302 0.56960326
vn 0.06088642 -0.82155472 0.56686938
vn 0.05447657 -0.86008894 0.50722724
vn 0.02731503 -0.85995024 0.50964653
vn 0.02395775 -0.89415824 0.44710964
vn 0.04779354 -0.89425194 0.44500488
vn 0.04086569 -0.92385763 0.38054842
vn 0.02047819 -0.92380720 0.38231027
vn 0.01690767 -0.94875199 0.31556904
vn 0.03372335 -0.94877052 0.31416121
vn 0.02642954 -0.96885931 0.24619757
vn 0.01324546 -0.96887201 0.24720794
vn 0.00952196 -0.98405844 0.17759074
vn 0.01898295 -0.98403120 0.17698094
vn 0.01144450 -0.99420649 0.10687636
vn 0.00573748 -0.99423283 0.10708954
vn 0.09470045 -0.96885610 0.22880092
vn 0.07822038 -0.96885848 0.23493582
vn 0.05624675 -0.98402828 0.16889286
vn 0.06808827 -0.98402965 0.16446781
vn 0.05481163 -0.99420846 0.09244122
vn 0.04812796 -0.99420714 0.09610334
vn 0.37660709 -0.17771336 0.90916729
vn 0.31074554 -0.17771275 0.93373203
vn 0.30595553 -0.24754168 0.91930103
vn 0.37077925 -0.24751170 0.89513165
vn 0.36305764 -0.31608844 0.87651438
vn 0.29957253 -0.31611371 0.90018243
vn 0.29170099 -0.38301396 0.87647635
vn 0.35350883 -0.38302130 0.85342032
vn 0.34215200 -0.44799301 0.82597470
vn 0.28233120 -0.44795778 0.84830594
vn 0.27150086 -0.51062053 0.81581491
vn 0.32902461 -0.51064271 0.79434675
vn 0.31425834 -0.57065189 0.75868195
vn 0.25932106 -0.57067722 0.77915341
vn 0.24583538 -0.62778819 0.73854381
vn 0.29787159 -0.62778878 0.71913403
vn 0.27995375 -0.68171006 0.67594188
vn 0.23106423 -0.68171728 0.69416928
vn 0.21512946 -0.73215431 0.64627343
vn 0.26063296 -0.73215276 0.62930346
vn 0.24000397 -0.77885318 0.57947046
vn 0.19809775 -0.77884066 0.59511727
vn 0.18006408 -0.82155001 0.54095525
vn 0.21814862 -0.82156700 0.52672458
vn 0.19520152 -0.86009514 0.47130972
vn 0.16114023 -0.86008596 0.48403108
vn 0.14136654 -0.89425325 0.42464897
vn 0.17124487 -0.89425164 0.41350859
vn 0.14643215 -0.92385310 0.35362843
vn 0.12088419 -0.92385918 0.36314088
vn 0.09979685 -0.94877201 0.29978728
vn 0.12088465 -0.94876599 0.29194209
vn 0.12631871 -0.96886045 0.21296252
vn 0.11084536 -0.96885931 0.22141606
vn 0.07968575 -0.98403203 0.15915786
vn 0.09079487 -0.98403329 0.15308474
vn 0.06741576 -0.99420691 0.08371273
vn 0.06131213 -0.99420869 0.08826017
vn 0.48411825 -0.31608224 0.81591761
vn 0.42465049 -0.31609207 0.84838533
vn 0.41347578 -0.38301751 0.82603604
vn 0.47137266 -0.38301888 0.79442090
vn 0.45619556 -0.44798601 0.76889157
vn 0.40016773 -0.44799131 0.79948086
vn 0.38485050 -0.51065177 0.76884651
vn 0.43871000 -0.51064318 0.73944384
vn 0.41902912 -0.57067919 0.70621514
vn 0.36757076 -0.57067466 0.73431748
vn 0.34841025 -0.62778538 0.69605744
vn 0.39718395 -0.62779111 0.66942006
vn 0.37331149 -0.68170851 0.62921542
vn 0.32750607 -0.68171680 0.65421861
vn 0.30491245 -0.73214394 0.60909247
vn 0.34755605 -0.73213226 0.58582181
vn 0.32002366 -0.77884835 0.53942573
vn 0.28077710 -0.77885121 0.56085223
vn 0.25522944 -0.82156849 0.50978750
vn 0.29088378 -0.82156128 0.49033037
vn 0.26026854 -0.86009479 0.43874538
vn 0.22837780 -0.86010194 0.45614520
vn 0.20036127 -0.89425528 0.40020373
vn 0.22834584 -0.89424771 0.38494065
vn 0.19526385 -0.92385620 0.32918346
vn 0.17133668 -0.92385685 0.34224606
vn 0.14145455 -0.94876778 0.28254285
vn 0.16119982 -0.94876564 0.27176911
vn 0.15534231 -0.96885991 0.19281979
vn 0.14124234 -0.96885896 0.20337920
vn 0.10153755 -0.98403221 0.14618722
vn 0.11163954 -0.98403329 0.13861859
vn 0.07864673 -0.99420822 0.07324492
vn 0.07327528 -0.99420601 0.07864656
vn 0.59530598 -0.31608653 0.73871529
vn 0.54106891 -0.31605336 0.77932966
vn 0.52682364 -0.38298631 0.75880057
vn 0.57965463 -0.38298774 0.71925026
vn 0.56100559 -0.44799268 0.69611448
vn 0.50989193 -0.44796756 0.73439455
vn 0.49035218 -0.51061690 0.70627564
vn 0.53948879 -0.51064807 0.66947031
vn 0.51525450 -0.57067722 0.63940632
vn 0.46834263 -0.57067239 0.67452812
vn 0.44392675 -0.62780261 0.63936925
vn 0.48839557 -0.62780637 0.60607684
vn 0.45907086 -0.68170893 0.56967270
vn 0.41726378 -0.68171602 0.60096121
vn 0.38848424 -0.73213518 0.55951613
vn 0.42739365 -0.73212981 0.53039664
vn 0.39355081 -0.77883083 0.48840588
vn 0.35774338 -0.77884418 0.51519078
vn 0.32518631 -0.82155704 0.46829271
vn 0.35772008 -0.82155675 0.44393793
vn 0.32005623 -0.86009580 0.39723963
vn 0.29097277 -0.86010009 0.41900200
vn 0.25529593 -0.89425302 0.36760783
vn 0.28081071 -0.89425439 0.34850317
vn 0.24012665 -0.92385280 0.29805246
vn 0.21830572 -0.92385465 0.31438097
vn 0.18021394 -0.94877076 0.25953251
vn 0.19822066 -0.94877344 0.24604386
vn 0.18119262 -0.96886325 0.16874079
vn 0.16874079 -0.96886325 0.18119262
vn 0.12131384 -0.98403072 0.13025597
vn 0.13025597 -0.98403072 0.12131384
vn 0.08826017 -0.99420869 0.06131213
vn 0.08371273 -0.99420691 0.06741576
vn 0.69437546 -0.31605801 0.64649063
vn 0.64646667 -0.31609175 0.69438249
vn 0.62945241 -0.38301226 0.67608529
vn 0.67609322 -0.38298622 0.62945980
vn 0.65433156 -0.44799131 0.60922420
vn 0.60922420 -0.44799131 0.65433156
vn 0.58587712 -0.51064724 0.62927538
vn 0.62927538 -0.51064724 0.58587712
vn 0.60099202 -0.57068598 0.55957687
vn 0.55954558 -0.57068527 0.60102171
vn 0.53039634 -0.62781411 0.56967473
vn 0.56967473 -0.62781411 0.53039634
vn 0.53546607 -0.68171591 0.49853736
vn 0.49856034 -0.68170559 0.53545797
vn 0.46416861 -0.73212844 0.49853340
vn 0.49850637 -0.73216408 0.46414137
vn 0.45903623 -0.77884483 0.42741856
vn 0.42741856 -0.77884483 0.45903623
vn 0.38851282 -0.82155353 0.41726214
vn 0.41726214 -0.82155353 0.38851282
vn 0.37334165 -0.86009270 0.34764448
vn 0.34764448 -0.86009270 0.37334165
vn 0.30500913 -0.89424384 0.32756284
vn 0.32756284 -0.89424384 0.30500913
vn 0.28010842 -0.92385727 0.26082006
vn 0.26082006 -0.92385727 0.28010842
vn 0.21534158 -0.94877255 0.23121144
vn 0.23124184 -0.94877213 0.21531096
vn 0.20337920 -0.96885896 0.14124234
vn 0.19281979 -0.96885991 0.15534231
vn 0.13861859 -0.98403329 0.11163954
vn 0.14618722 -0.98403221 0.10153755
vn 0.09610334 -0.99420714 0.04812796
vn 0.09244122 -0.99420846 0.05481163
vn 0.77931023 -0.31608835 0.54107660
vn 0.73871529 -0.31608653 0.59530598
vn 0.71925026 -0.38298774 0.57965463
vn 0.75879169 -0.38301235 0.52681750
vn 0.73439455 -0.44796756 0.50989193
vn 0.69614214 -0.44799083 0.56097275
vn 0.66947031 -0.51064807 0.53948879
vn 0.70624930 -0.51065046 0.49035510
vn 0.67452812 -0.57067239 0.46834263
vn 0.63938826 -0.57068837 0.51526457
vn 0.60607684 -0.62780637 0.48839557
vn 0.63936925 -0.62780261 0.44392675
vn 0.60096121 -0.68171602 0.41726378
vn 0.56968063 -0.68171841 0.45904675
vn 0.53038478 -0.73214400 0.42738411
vn 0.55951613 -0.73213518 0.38848424
vn 0.51522541 -0.77881986 0.35774624
vn 0.48840588 -0.77883083 0.39355081
vn 0.44396245 -0.82154572 0.35771525
vn 0.46831653 -0.82154530 0.32518166
vn 0.41902718 -0.86008912 0.29096904
vn 0.39723575 -0.86008739 0.32008362
vn 0.34852999 -0.89424491 0.28080776
vn 0.36763424 -0.89424300 0.25529307
vn 0.31438097 -0.92385465 0.21830572
vn 0.29805246 -0.92385280 0.24012665
vn 0.24604386 -0.94877344 0.19822066
vn 0.25953108 -0.94876552 0.18024348
vn 0.22141531 -0.96885610 0.11087552
vn 0.21296252 -0.96886045 0.12631871
vn 0.15311453 -0.98402858 0.09079444
vn 0.15915786 -0.98403203 0.07968575
vn 0.10196302 -0.99420810 0.03396733
vn 0.09930793 -0.99420846 0.04107820
vn 0.88000154 -0.17774603 0.44045857
vn 0.84630597 -0.17774563 0.50216800
vn 0.83322901 -0.24756990 0.49440733
vn 0.86641300 -0.24754222 0.43364903
vn 0.84838545 -0.31609213 0.42465055
vn 0.81590742 -0.31609014 0.48413029
vn 0.79442078 -0.38301885 0.47137260
vn 0.82603604 -0.38301751 0.41347578
vn 0.79948086 -0.44799131 0.40016773
vn 0.76888961 -0.44797212 0.45621249
vn 0.73942012 -0.51064783 0.43874454
vn 0.76884651 -0.51065177 0.38485050
vn 0.73433030 -0.57065403 0.36757714
vn 0.70621514 -0.57067919 0.41902912
vn 0.66942012 -0.62779117 0.39718398
vn 0.69604999 -0.62777865 0.34843701
vn 0.65421861 -0.68171680 0.32750607
vn 0.62921542 -0.68170851 0.37331149
vn 0.58582181 -0.73213226 0.34755605
vn 0.60909814 -0.73215073 0.30488476
vn 0.56088638 -0.77882582 0.28077894
vn 0.53946018 -0.77882355 0.32002604
vn 0.49032599 -0.82155395 0.29091170
vn 0.50982291 -0.82154578 0.25523189
vn 0.45616934 -0.86008996 0.22837462
vn 0.43874538 -0.86009479 0.26026854
vn 0.38494065 -0.89424771 0.22834584
vn 0.40022933 -0.89424425 0.20035881
vn 0.34224606 -0.92385685 0.17133668
vn 0.32918346 -0.92385620 0.19526385
vn 0.27176911 -0.94876564 0.16119982
vn 0.28254285 -0.94876778 0.14145455
vn 0.23493582 -0.96885848 0.07822038
vn 0.22877197 -0.96886277 0.09470110
vn 0.16446781 -0.98402965 0.06808827
vn 0.16886321 -0.98403329 0.05624704
vn 0.10577767 -0.99420637 0.01910468
vn 0.10416016 -0.99420613 0.02655123
vn 0.93373203 -0.17771275 0.31074554
vn 0.90916729 -0.17771336 0.37660709
vn 0.89512491 -0.24754035 0.37077644
vn 0.91931659 -0.24751535 0.30593020
vn 0.90019113 -0.31608623 0.29957542
vn 0.87650466 -0.31608492 0.36308414
vn 0.85342032 -0.38302130 0.35350883
vn 0.87647635 -0.38301396 0.29170099
vn 0.84830594 -0.44795778 0.28233120
vn 0.82600433 -0.44796202 0.34212112
vn 0.79434675 -0.51064271 0.32902461
vn 0.81580216 -0.51064312 0.27149659
vn 0.77915341 -0.57067722 0.25932106
vn 0.75866872 -0.57067245 0.31425288
vn 0.71913409 -0.62778884 0.29787162
vn 0.73853528 -0.62781143 0.24580202
vn 0.69417417 -0.68172210 0.23103534
vn 0.67592782 -0.68172634 0.27994791
vn 0.62930346 -0.73215276 0.26063296
vn 0.64629549 -0.73214471 0.21509612
vn 0.59513140 -0.77882862 0.19810244
vn 0.57950449 -0.77882737 0.24000543
vn 0.52675986 -0.82154393 0.21815060
vn 0.54095525 -0.82155001 0.18006408
vn 0.48403344 -0.86009014 0.16111049
vn 0.47133625 -0.86008787 0.19516934
vn 0.41353387 -0.89424032 0.17124271
vn 0.42467397 -0.89424163 0.14136471
vn 0.36315110 -0.92385465 0.12088759
vn 0.35362843 -0.92385310 0.14643215
vn 0.29195049 -0.94876283 0.12088814
vn 0.29978728 -0.94877201 0.09979685
vn 0.24366513 -0.96886188 0.04397814
vn 0.23994063 -0.96885723 0.06119066
vn 0.17249413 -0.98402840 0.04397807
vn 0.17515028 -0.98403388 0.03161800
vn 0.10709280 -0.99423254 0.00573766
vn 0.10687636 -0.99420649 0.01144450
vn 0.96845359 -0.17771105 0.17468970
vn 0.95350909 -0.17771289 0.24339004
vn 0.93878800 -0.24751529 0.23961067
vn 0.95349145 -0.24754398 0.17197759
vn 0.93366534 -0.31608447 0.16840340
vn 0.91926044 -0.31608447 0.23462945
vn 0.89504790 -0.38302079 0.22843911
vn 0.90907151 -0.38301432 0.16397896
vn 0.87984723 -0.44796553 0.15873203
vn 0.86628175 -0.44795784 0.22111014
vn 0.83308363 -0.51064783 0.21262752
vn 0.84615105 -0.51062047 0.15262766
vn 0.80812466 -0.57068330 0.14579144
vn 0.79566699 -0.57067919 0.20307501
vn 0.75419068 -0.62781060 0.19248465
vn 0.76600111 -0.62781024 0.13819090
vn 0.71999103 -0.68171924 0.12989198
vn 0.70890170 -0.68170899 0.18091825
vn 0.66001201 -0.73212928 0.16843644
vn 0.67031902 -0.73215050 0.12094674
vn 0.61724842 -0.77884698 0.11136413
vn 0.60776341 -0.77882469 0.15509962
vn 0.55243164 -0.82155168 0.14096910
vn 0.56107050 -0.82155454 0.10123319
vn 0.50203884 -0.86008859 0.09058062
vn 0.49431637 -0.86008668 0.12610453
vn 0.43368074 -0.89424908 0.11063284
vn 0.44045630 -0.89424962 0.07947258
vn 0.37666970 -0.92385089 0.06796657
vn 0.37087163 -0.92385244 0.09461011
vn 0.30616498 -0.94876963 0.07809770
vn 0.31095523 -0.94876599 0.05612393
vn 0.24720794 -0.96887201 0.01324546
vn 0.24619757 -0.96885931 0.02642954
vn 0.17698094 -0.98403120 0.01898295
vn 0.17759074 -0.98405844 0.00952196
vn 0.10721179 -0.99423450 -0.00189215
vn 0.10721504 -0.99423409 0.00189221
vn 0.98270667 -0.17752810 0.05264500
vn 0.97844326 -0.17771289 0.10519943
vn 0.96333283 -0.24750924 0.10358155
vn 0.96755123 -0.24729735 0.05185218
vn 0.94746226 -0.31581056 0.05078361
vn 0.94329339 -0.31608936 0.10141594
vn 0.91844690 -0.38301682 0.09876035
vn 0.92255819 -0.38267747 0.04944075
vn 0.89293814 -0.44762880 0.04785450
vn 0.88893223 -0.44796056 0.09555556
vn 0.85488099 -0.51062131 0.09189413
vn 0.85877651 -0.51027906 0.04602278
vn 0.82024580 -0.57032049 0.04394828
vn 0.81647289 -0.57067341 0.08777244
vn 0.77390683 -0.62781119 0.08319544
vn 0.77752805 -0.62746698 0.04165819
vn 0.73086703 -0.68139589 0.03915577
vn 0.72743022 -0.68171215 0.07819074
vn 0.67726010 -0.73213428 0.07278921
vn 0.68048757 -0.73185152 0.03647050
vn 0.62661809 -0.77860320 0.03357100
vn 0.62362546 -0.77884519 0.06701975
vn 0.56685412 -0.82156312 0.06091530
vn 0.56958264 -0.82136726 0.03051935
vn 0.50964653 -0.85995024 0.02731503
vn 0.50722724 -0.86008894 0.05447657
vn 0.44500488 -0.89425194 0.04779354
vn 0.44710964 -0.89415824 0.02395775
vn 0.38231027 -0.92380720 0.02047819
vn 0.38057452 -0.92384696 0.04086522
vn 0.31416121 -0.94877052 0.03372335
vn 0.31556904 -0.94875199 0.01690767
vn 0.99713546 -0.05352969 0.05343813
vn 0.99283844 -0.05362158 0.10675485
vn 0.98855686 -0.10703185 0.10629939
vn 0.99284816 -0.10687798 0.05319484
vn -0.01324546 -0.96887201 0.24720794
vn -0.02642954 -0.96885931 0.24619757
vn -0.01898295 -0.98403120 0.17698094
vn -0.00952196 -0.98405844 0.17759074
vn -0.04785450 -0.44762880 0.89293814
vn -0.09558450 -0.44798365 0.88891751
vn -0.09189270 -0.51064384 0.85486764
vn -0.04602278 -0.51027906 0.85877651
vn -0.04394828 -0.57032049 0.82024580
vn -0.08777244 -0.57067341 0.81647289
vn -0.08319544 -0.62781119 0.77390683
vn -0.04165819 -0.62746698 0.77752805
vn -0.03915665 -0.68141103 0.73085278
vn -0.07818911 -0.68172848 0.72741508
vn -0.07278758 -0.73214841 0.67724490
vn -0.03647044 -0.73188090 0.68045598
vn -0.03357100 -0.77860320 0.62661809
vn -0.06702006 -0.77881831 0.62365890
vn -0.06091683 -0.82155317 0.56686831
vn -0.03051935 -0.82136726 0.56958264
vn -0.02731460 -0.85993683 0.50966907
vn -0.05447657 -0.86008894 0.50722724
vn -0.04779289 -0.89423978 0.44502935
vn -0.02395743 -0.89414614 0.44713411
vn -0.02047819 -0.92380720 0.38231027
vn -0.04086569 -0.92385763 0.38054842
vn -0.03372335 -0.94877052 0.31416121
vn -0.01690767 -0.94875199 0.31556904
vn -0.01910468 -0.99420637 0.10577767
vn -0.02655123 -0.99420613 0.10416016
vn -0.15873203 -0.44796553 0.87984723
vn -0.22111014 -0.44795784 0.86628175
vn -0.21262752 -0.51064783 0.83308363
vn -0.15265508 -0.51064068 0.84613395
vn -0.14579144 -0.57068330 0.80812466
vn -0.20307498 -0.57067913 0.79566693
vn -0.19248465 -0.62781060 0.75419068
vn -0.13819090 -0.62781024 0.76600111
vn -0.12988926 -0.68173558 0.71997601
vn -0.18091838 -0.68174005 0.70887166
vn -0.16843607 -0.73215824 0.65998006
vn -0.12094674 -0.73215050 0.67031902
vn -0.11136467 -0.77882022 0.61728191
vn -0.15506983 -0.77882832 0.60776621
vn -0.14096910 -0.82155168 0.55243164
vn -0.10123319 -0.82155454 0.56107050
vn -0.09061088 -0.86008614 0.50203741
vn -0.12613647 -0.86009628 0.49429139
vn -0.11063284 -0.89424908 0.43368074
vn -0.07947258 -0.89424962 0.44045630
vn -0.06796657 -0.92385089 0.37666970
vn -0.09461011 -0.92385244 0.37087163
vn -0.07809770 -0.94876963 0.30616498
vn -0.05612393 -0.94876599 0.31095523
vn -0.04397814 -0.96886188 0.24366513
vn -0.06119066 -0.96885723 0.23994063
vn -0.04397807 -0.98402840 0.17249413
vn -0.03161800 -0.98403388 0.17515028
vn -0.03396733 -0.99420810 0.10196302
vn -0.04110867 -0.99420726 0.09930781
vn -0.28233469 -0.44799381 0.84828579
vn -0.34212509 -0.44799772 0.82598335
vn -0.32902461 -0.51064271 0.79434675
vn -0.27153167 -0.51065165 0.81578523
vn -0.25932559 -0.57065666 0.77916700
vn -0.31425834 -0.57065189 0.75868195
vn -0.29786506 -0.62777501 0.71914876
vn -0.24580117 -0.62777871 0.73856324
vn -0.23103051 -0.68173838 0.69415969
vn -0.27995375 -0.68171006 0.67594188
vn -0.26063296 -0.73215276 0.62930346
vn -0.21510035 -0.73215914 0.64627767
vn -0.19810244 -0.77882862 0.59513140
vn -0.23999971 -0.77883935 0.57949066
vn -0.21815412 -0.82155716 0.52673781
vn -0.18006408 -0.82155001 0.54095525
vn -0.16114023 -0.86008596 0.48403108
vn -0.19519870 -0.86008275 0.47133344
vn -0.17124271 -0.89424032 0.41353387
vn -0.14136471 -0.89424163 0.42467397
vn -0.12088759 -0.92385465 0.36315110
vn -0.14643215 -0.92385310 0.35362843
vn -0.12088465 -0.94876599 0.29194209
vn -0.09982706 -0.94876903 0.29978636
vn -0.07822038 -0.96885848 0.23493582
vn -0.09470110 -0.96886277 0.22877197
vn -0.06808827 -0.98402965 0.16446781
vn -0.05624675 -0.98402828 0.16889286
vn -0.04812796 -0.99420714 0.09610334
vn -0.05481163 -0.99420846 0.09244122
vn -0.40016773 -0.44799131 0.79948086
vn -0.45620176 -0.44796160 0.76890206
vn -0.43871990 -0.51065469 0.73942995
vn -0.38485050 -0.51065177 0.76884651
vn -0.36757076 -0.57067466 0.73431748
vn -0.41900396 -0.57068646 0.70622420
vn -0.39717585 -0.62777829 0.66943693
vn -0.34843701 -0.62777865 0.69604999
vn -0.32750607 -0.68171680 0.65421861
vn -0.37331149 -0.68170851 0.62921542
vn -0.34755605 -0.73213226 0.58582181
vn -0.30491930 -0.73212981 0.60910612
vn -0.28077894 -0.77882582 0.56088638
vn -0.32005343 -0.77881598 0.53945494
vn -0.29090735 -0.82154167 0.49034920
vn -0.25523189 -0.82154578 0.50982291
vn -0.22837462 -0.86008996 0.45616934
vn -0.26026854 -0.86009479 0.43874538
vn -0.22834584 -0.89424771 0.38494065
vn -0.20035881 -0.89424425 0.40022933
vn -0.17133668 -0.92385685 0.34224606
vn -0.19526385 -0.92385620 0.32918346
vn -0.16119982 -0.94876564 0.27176911
vn -0.14145455 -0.94876778 0.28254285
vn -0.11087552 -0.96885610 0.22141531
vn -0.12631871 -0.96886045 0.21296252
vn -0.09079487 -0.98403329 0.15308474
vn -0.07968575 -0.98403203 0.15915786
vn -0.06131213 -0.99420869 0.08826017
vn -0.06741576 -0.99420691 0.08371273
vn -0.50989193 -0.44796756 0.73439455
vn -0.56098044 -0.44796646 0.69615167
vn -0.53949720 -0.51062554 0.66948080
vn -0.49034452 -0.51063943 0.70626462
vn -0.46831882 -0.57068056 0.67453778
vn -0.51525450 -0.57067722 0.63940632
vn -0.48839557 -0.62780637 0.60607684
vn -0.44390225 -0.62781113 0.63937789
vn -0.41726378 -0.68171602 0.60096121
vn -0.45904675 -0.68171841 0.56968063
vn -0.42735916 -0.73215353 0.53039169
vn -0.38848424 -0.73213518 0.55951613
vn -0.35774627 -0.77881998 0.51522547
vn -0.39354494 -0.77881920 0.48842910
vn -0.35771525 -0.82154572 0.44396245
vn -0.32518166 -0.82154530 0.46831653
vn -0.29097277 -0.86010009 0.41900200
vn -0.32005623 -0.86009580 0.39723963
vn -0.28081071 -0.89425439 0.34850317
vn -0.25529307 -0.89424300 0.36763424
vn -0.21830572 -0.92385465 0.31438097
vn -0.24012665 -0.92385280 0.29805246
vn -0.19821917 -0.94876635 0.24607253
vn -0.18021394 -0.94877076 0.25953251
vn -0.14124234 -0.96885896 0.20337920
vn -0.15534231 -0.96885991 0.19281979
vn -0.11163954 -0.98403329 0.13861859
vn -0.10153755 -0.98403221 0.14618722
vn -0.07324492 -0.99420822 0.07864673
vn -0.07864656 -0.99420601 0.07327528
vn -0.55956656 -0.57067555 0.60101146
vn -0.60101146 -0.57067555 0.55956656
vn -0.56967473 -0.62781411 0.53039634
vn -0.53039634 -0.62781411 0.56967473
vn -0.49853736 -0.68171591 0.53546607
vn -0.53545797 -0.68170559 0.49856034
vn -0.49851048 -0.73213959 0.46417570
vn -0.46415821 -0.73214257 0.49852222
vn -0.42742273 -0.77882189 0.45907125
vn -0.45904711 -0.77883279 0.42742869
vn -0.41726214 -0.82155353 0.38851282
vn -0.38851282 -0.82155353 0.41726214
vn -0.34764448 -0.86009270 0.37334165
vn -0.37334165 -0.86009270 0.34764448
vn -0.32756284 -0.89424384 0.30500913
vn -0.30501220 -0.89425284 0.32753560
vn -0.26082006 -0.92385727 0.28010842
vn -0.28010842 -0.92385727 0.26082006
vn -0.23121144 -0.94877255 0.21534158
vn -0.21534006 -0.94876587 0.23124032
vn -0.16874079 -0.96886325 0.18119262
vn -0.18119262 -0.96886325 0.16874079
vn -0.13022596 -0.98403460 0.12131432
vn -0.12131384 -0.98403072 0.13025597
vn -0.08371273 -0.99420691 0.06741576
vn -0.08826017 -0.99420869 0.06131213
vn -0.73871529 -0.31608653 0.59530598
vn -0.77931023 -0.31608835 0.54107660
vn -0.75879169 -0.38301235 0.52681750
vn -0.71925455 -0.38302052 0.57962757
vn -0.69614214 -0.44799083 0.56097275
vn -0.73439455 -0.44796756 0.50989193
vn -0.70626462 -0.51063943 0.49034452
vn -0.66947031 -0.51064807 0.53948879
vn -0.63940632 -0.57067722 0.51525450
vn -0.67453778 -0.57068056 0.46831882
vn -0.63938153 -0.62778413 0.44393528
vn -0.60607684 -0.62780637 0.48839557
vn -0.56968063 -0.68171841 0.45904675
vn -0.60096121 -0.68171602 0.41726378
vn -0.55950361 -0.73214924 0.38847554
vn -0.53038478 -0.73214400 0.42738411
vn -0.48840588 -0.77883083 0.39355081
vn -0.51519078 -0.77884418 0.35774338
vn -0.46829271 -0.82155704 0.32518631
vn -0.44393793 -0.82155675 0.35772008
vn -0.39723963 -0.86009580 0.32005623
vn -0.41902718 -0.86008912 0.29096904
vn -0.36763424 -0.89424300 0.25529307
vn -0.34852999 -0.89424491 0.28080776
vn -0.29805246 -0.92385280 0.24012665
vn -0.31438097 -0.92385465 0.21830572
vn -0.25953108 -0.94876552 0.18024348
vn -0.24604386 -0.94877344 0.19822066
vn -0.19281979 -0.96885991 0.15534231
vn -0.20337920 -0.96885896 0.14124234
vn -0.14618722 -0.98403221 0.10153755
vn -0.13861859 -0.98403329 0.11163954
vn -0.09244122 -0.99420846 0.05481163
vn -0.09610334 -0.99420714 0.04812796
vn -0.81591761 -0.31608224 0.48411825
vn -0.84839392 -0.31608391 0.42463949
vn -0.82603604 -0.38301751 0.41347578
vn -0.79442078 -0.38301885 0.47137260
vn -0.76890212 -0.44796163 0.45620182
vn -0.79949182 -0.44796693 0.40017322
vn -0.76885897 -0.51063973 0.38484147
vn -0.73945540 -0.51062059 0.43871686
vn -0.70625186 -0.57065368 0.41900226
vn -0.73431748 -0.57067466 0.36757076
vn -0.69604409 -0.62780386 0.34840354
vn -0.66943693 -0.62777829 0.39717585
vn -0.62921542 -0.68170851 0.37331149
vn -0.65423614 -0.68170327 0.32749954
vn -0.60910612 -0.73212981 0.30491930
vn -0.58582181 -0.73213226 0.34755605
vn -0.53946018 -0.77882355 0.32002604
vn -0.56087309 -0.77883786 0.28077227
vn -0.50982684 -0.82155216 0.25520334
vn -0.49033037 -0.82156128 0.29088378
vn -0.43874538 -0.86009479 0.26026854
vn -0.45616934 -0.86008996 0.22837462
vn -0.40022933 -0.89424425 0.20035881
vn -0.38494065 -0.89424771 0.22834584
vn -0.32918346 -0.92385620 0.19526385
vn -0.34224427 -0.92385203 0.17136629
vn -0.28254285 -0.94876778 0.14145455
vn -0.27176911 -0.94876564 0.16119982
vn -0.21296252 -0.96886045 0.12631871
vn -0.22141531 -0.96885610 0.11087552
vn -0.15915748 -0.98402965 0.07971607
vn -0.15308474 -0.98403329 0.09079487
vn -0.09930793 -0.99420846 0.04107820
vn -0.10196302 -0.99420810 0.03396733
vn -0.87650466 -0.31608492 0.36308414
vn -0.90019113 -0.31608623 0.29957542
vn -0.87647635 -0.38301396 0.29170099
vn -0.85342866 -0.38301134 0.35349965
vn -0.82600433 -0.44796202 0.34212112
vn -0.84830594 -0.44795778 0.28233120
vn -0.81581491 -0.51062053 0.27150086
vn -0.79435915 -0.51062018 0.32902974
vn -0.75867599 -0.57067794 0.31422535
vn -0.77915341 -0.57067722 0.25932106
vn -0.73853528 -0.62781143 0.24580202
vn -0.71912032 -0.62780732 0.29786590
vn -0.67594188 -0.68171006 0.27995375
vn -0.69418508 -0.68170285 0.23105933
vn -0.64630991 -0.73213053 0.21510091
vn -0.62931252 -0.73213279 0.26066723
vn -0.57949066 -0.77883935 0.23999971
vn -0.59511727 -0.77884066 0.19809775
vn -0.54095525 -0.82155001 0.18006408
vn -0.52673781 -0.82155716 0.21815412
vn -0.47131252 -0.86010027 0.19517216
vn -0.48403344 -0.86009014 0.16111049
vn -0.42464897 -0.89425325 0.14136654
vn -0.41350859 -0.89425164 0.17124487
vn -0.35362843 -0.92385310 0.14643215
vn -0.36315110 -0.92385465 0.12088759
vn -0.29981506 -0.94876331 0.09979593
vn -0.29194209 -0.94876599 0.12088465
vn -0.22877131 -0.96886003 0.09473135
vn -0.23493582 -0.96885848 0.07822038
vn -0.16886321 -0.98403329 0.05624704
vn -0.16446781 -0.98402965 0.06808827
vn -0.10416016 -0.99420613 0.02655123
vn -0.10577767 -0.99420637 0.01910468
vn -0.91926044 -0.31608447 0.23462945
vn -0.93366534 -0.31608447 0.16840340
vn -0.90907151 -0.38301432 0.16397896
vn -0.89504790 -0.38302079 0.22843911
vn -0.79566699 -0.57067919 0.20307501
vn -0.80812466 -0.57068330 0.14579144
vn -0.76600111 -0.62781024 0.13819090
vn -0.75419068 -0.62781060 0.19248465
vn -0.70890170 -0.68170899 0.18091825
vn -0.72000283 -0.68170154 0.12991913
vn -0.67035079 -0.73212135 0.12094697
vn -0.66001201 -0.73212928 0.16843644
vn -0.60776621 -0.77882832 0.15506983
vn -0.61727989 -0.77881765 0.11139482
vn -0.56109142 -0.82154042 0.10123146
vn -0.55243164 -0.82155168 0.14096910
vn -0.49431637 -0.86008668 0.12610453
vn -0.50203884 -0.86008859 0.09058062
vn -0.44045630 -0.89424962 0.07947258
vn -0.43368074 -0.89424908 0.11063284
vn -0.37087163 -0.92385244 0.09461011
vn -0.37666893 -0.92384905 0.06799695
vn -0.31095523 -0.94876599 0.05612393
vn -0.30616498 -0.94876963 0.07809770
vn -0.23991185 -0.96886426 0.06119110
vn -0.24366513 -0.96886188 0.04397814
vn -0.17515028 -0.98403388 0.03161800
vn -0.17246452 -0.98403352 0.04397830
vn -0.10687636 -0.99420649 0.01144450
vn -0.10709280 -0.99423254 0.00573766
vn -0.94330251 -0.31606191 0.10141692
vn -0.94747138 -0.31578311 0.05078410
vn -0.92255819 -0.38267747 0.04944075
vn -0.91845763 -0.38299078 0.09876151
vn -0.81647289 -0.57067341 0.08777244
vn -0.82024580 -0.57032049 0.04394828
vn -0.77752805 -0.62746698 0.04165819
vn -0.77390683 -0.62781119 0.08319544
vn -0.72743022 -0.68171215 0.07819074
vn -0.73086703 -0.68139589 0.03915577
vn -0.68048757 -0.73185152 0.03647050
vn -0.67726010 -0.73213428 0.07278921
vn -0.62365890 -0.77881831 0.06702006
vn -0.62665153 -0.77857625 0.03357116
vn -0.56960326 -0.82135302 0.03051882
vn -0.56688899 -0.82153893 0.06091577
vn -0.50722724 -0.86008894 0.05447657
vn -0.50966907 -0.85993683 0.02731460
vn -0.44713411 -0.89414614 0.02395743
vn -0.44502935 -0.89423978 0.04779289
vn -0.38057452 -0.92384696 0.04086522
vn -0.38231027 -0.92380720 0.02047819
vn -0.31556904 -0.94875199 0.01690767
vn -0.31416121 -0.94877052 0.03372335
vn -0.24619757 -0.96885931 0.02642954
vn -0.24720794 -0.96887201 0.01324546
vn -0.17759074 -0.98405844 0.00952196
vn -0.17698094 -0.98403120 0.01898295
vn 0.00189221 -0.99423409 0.10721504
vn -0.00189221 -0.99423409 0.10721504
vn 0.01690750 -0.31577969 0.94868189
vn -0.01690734 -0.31580713 0.94867277
vn -0.01648051 -0.38268355 0.92373258
vn 0.01648051 -0.38268355 0.92373258
vn 0.01596138 -0.44762045 0.89408123
vn -0.01593086 -0.44762069 0.89408165
vn -0.01535106 -0.51027763 0.85987270
vn 0.01532078 -0.51025534 0.85988659
vn 0.01464916 -0.57031006 0.82129896
vn -0.01464916 -0.57031006 0.82129896
vn -0.01388616 -0.62744069 0.77854049
vn 0.01388616 -0.62744069 0.77854049
vn 0.01306196 -0.68138856 0.73180526
vn -0.01306225 -0.68140382 0.73179114
vn -0.01214677 -0.73185837 0.68134856
vn 0.01214677 -0.73185837 0.68134856
vn 0.01117003 -0.77860594 0.62741381
vn -0.01117003 -0.77860594 0.62741381
vn -0.01016291 -0.82136452 0.57031322
vn 0.01016291 -0.82136452 0.57031322
vn 0.00909474 -0.85994107 0.51031244
vn -0.00909474 -0.85994107 0.51031244
vn -0.00796543 -0.89414239 0.44771206
vn 0.00796554 -0.89415455 0.44768763
vn 0.00680571 -0.92380685 0.38279846
vn -0.00680571 -0.92380685 0.38279846
vn -0.00561555 -0.94875377 0.31596643
vn 0.00561555 -0.94875377 0.31596643
vn 0.00439482 -0.96887445 0.24751376
vn -0.00439479 -0.96886718 0.24754241
vn -0.00314346 -0.98405546 0.17783436
vn 0.00314348 -0.98406076 0.17780480
vn 0.04107820 -0.99420846 0.09930793
vn 0.03396733 -0.99420810 0.10196302
vn 0.01754826 -0.17755790 0.98395395
vn -0.01754826 -0.17755790 0.98395395
vn -0.01727398 -0.24732928 0.96877760
vn 0.01727398 -0.24732928 0.96877760
vn -0.06119066 -0.96885723 -0.23994063
vn -0.04397814 -0.96886188 -0.24366513
vn -0.03161800 -0.98403388 -0.17515028
vn -0.04397830 -0.98403352 -0.17246452
vn -0.01782325 -0.05353079 -0.99840713
vn 0.01782325 -0.05353079 -0.99840713
vn 0.01773133 -0.10687629 -0.99411434
vn -0.01773133 -0.10687629 -0.99411434
vn -0.24339004 -0.17771289 -0.95350909
vn -0.17468877 -0.17774062 -0.96844840
vn -0.17197758 -0.24754395 -0.95349133
vn -0.23963766 -0.24754216 -0.93877411
vn -0.23462945 -0.31608447 -0.91926044
vn -0.16840340 -0.31608447 -0.93366534
vn -0.16397896 -0.38301432 -0.90907151
vn -0.22846805 -0.38301817 -0.89504170
vn -0.22111295 -0.44799408 -0.86626232
vn -0.15873203 -0.44796553 -0.87984723
vn -0.15262528 -0.51064306 -0.84613788
vn -0.21262752 -0.51064783 -0.83308363
vn -0.20307498 -0.57067913 -0.79566693
vn -0.14578785 -0.57066917 -0.80813527
vn -0.13819355 -0.62779176 -0.76601583
vn -0.19248834 -0.62779212 -0.75420511
vn -0.18091822 -0.68170893 -0.70890158
vn -0.12989198 -0.68171924 -0.71999103
vn -0.12094674 -0.73215050 -0.67031902
vn -0.16843268 -0.73214352 -0.65999728
vn -0.15506615 -0.77884036 -0.60775185
vn -0.11136467 -0.77882022 -0.61728191
vn -0.10123319 -0.82155454 -0.56107050
vn -0.14096910 -0.82155168 -0.55243164
vn -0.12610644 -0.86009967 -0.49429333
vn -0.09061088 -0.86008614 -0.50203741
vn -0.07950291 -0.89424747 -0.44045526
vn -0.11063284 -0.89424908 -0.43368074
vn -0.09461011 -0.92385244 -0.37087163
vn -0.06799695 -0.92384905 -0.37666893
vn -0.05612393 -0.94876599 -0.31095523
vn -0.07809770 -0.94876963 -0.30616498
vn -0.08777244 -0.57067341 -0.81647289
vn -0.04394718 -0.57030618 -0.82025576
vn -0.04165899 -0.62744850 -0.77754295
vn -0.08319544 -0.62781119 -0.77390683
vn -0.07819074 -0.68171215 -0.72743022
vn -0.03915658 -0.68137950 -0.73088217
vn -0.03647050 -0.73185152 -0.68048757
vn -0.07278758 -0.73214841 -0.67724490
vn -0.06702006 -0.77881831 -0.62365890
vn -0.03357100 -0.77860320 -0.62661809
vn -0.03051935 -0.82136726 -0.56958264
vn -0.06091683 -0.82155317 -0.56686831
vn -0.05447657 -0.86008894 -0.50722724
vn -0.02731460 -0.85993683 -0.50966907
vn -0.02395743 -0.89414614 -0.44713411
vn -0.04779289 -0.89423978 -0.44502935
vn -0.04086569 -0.92385763 -0.38054842
vn -0.02047819 -0.92380720 -0.38231027
vn -0.01690767 -0.94875199 -0.31556904
vn -0.03372335 -0.94877052 -0.31416121
vn -0.02642954 -0.96885931 -0.24619757
vn -0.01324546 -0.96887201 -0.24720794
vn -0.00952196 -0.98405844 -0.17759074
vn -0.01898295 -0.98403120 -0.17698094
vn -0.01144454 -0.99420977 -0.10684620
vn -0.00573748 -0.99423283 -0.10708954
vn -0.09470110 -0.96886277 -0.22877197
vn -0.07822038 -0.96885848 -0.23493582
vn -0.05624704 -0.98403329 -0.16886321
vn -0.06805790 -0.98403180 -0.16446817
vn -0.37660709 -0.17771336 -0.90916729
vn -0.31074554 -0.17771275 -0.93373203
vn -0.30595553 -0.24754168 -0.91930103
vn -0.37077644 -0.24754035 -0.89512491
vn -0.36308414 -0.31608492 -0.87650466
vn -0.29957542 -0.31608623 -0.90019113
vn -0.29170099 -0.38301396 -0.87647635
vn -0.35350883 -0.38302130 -0.85342032
vn -0.34212112 -0.44796202 -0.82600433
vn -0.28233120 -0.44795778 -0.84830594
vn -0.27149659 -0.51064312 -0.81580216
vn -0.32902974 -0.51062018 -0.79435915
vn -0.31422535 -0.57067794 -0.75867599
vn -0.25932106 -0.57067722 -0.77915341
vn -0.24580202 -0.62781143 -0.73853528
vn -0.29786590 -0.62780732 -0.71912032
vn -0.27995375 -0.68171006 -0.67594188
vn -0.23105933 -0.68170285 -0.69418508
vn -0.21510091 -0.73213053 -0.64630991
vn -0.26063880 -0.73213863 -0.62931752
vn -0.23999971 -0.77883935 -0.57949066
vn -0.19809775 -0.77884066 -0.59511727
vn -0.18006408 -0.82155001 -0.54095525
vn -0.21815412 -0.82155716 -0.52673781
vn -0.19520152 -0.86009514 -0.47130972
vn -0.16111287 -0.86010283 -0.48401007
vn -0.14136654 -0.89425325 -0.42464897
vn -0.17124487 -0.89425164 -0.41350859
vn -0.14643215 -0.92385310 -0.35362843
vn -0.12088759 -0.92385465 -0.36315110
vn -0.09979685 -0.94877201 -0.29978728
vn -0.12088465 -0.94876599 -0.29194209
vn -0.12631871 -0.96886045 -0.21296252
vn -0.11087552 -0.96885610 -0.22141531
vn -0.07968575 -0.98403203 -0.15915786
vn -0.09079444 -0.98402858 -0.15311453
vn -0.06741576 -0.99420691 -0.08371273
vn -0.06131213 -0.99420869 -0.08826017
vn -0.50215775 -0.17771149 -0.84631926
vn -0.44046092 -0.17771646 -0.88000631
vn -0.43364903 -0.24754222 -0.86641300
vn -0.49441111 -0.24754126 -0.83323532
vn -0.48413029 -0.31609014 -0.81590742
vn -0.42465049 -0.31609207 -0.84838533
vn -0.41347578 -0.38301751 -0.82603604
vn -0.47137266 -0.38301888 -0.79442090
vn -0.45620176 -0.44796160 -0.76890206
vn -0.40017322 -0.44796693 -0.79949182
vn -0.38484749 -0.51061720 -0.76887095
vn -0.43871686 -0.51062059 -0.73945540
vn -0.41900396 -0.57068646 -0.70622420
vn -0.36757076 -0.57067466 -0.73431748
vn -0.34840354 -0.62780386 -0.69604409
vn -0.39717636 -0.62780964 -0.66940731
vn -0.37331149 -0.68170851 -0.62921542
vn -0.32749951 -0.68170315 -0.65423608
vn -0.30491930 -0.73212981 -0.60910612
vn -0.34754831 -0.73214644 -0.58580875
vn -0.32002366 -0.77884835 -0.53942573
vn -0.28077227 -0.77883786 -0.56087309
vn -0.25520334 -0.82155216 -0.50982684
vn -0.29088378 -0.82156128 -0.49033037
vn -0.26026854 -0.86009479 -0.43874538
vn -0.22837462 -0.86008996 -0.45616934
vn -0.20035881 -0.89424425 -0.40022933
vn -0.22834584 -0.89424771 -0.38494065
vn -0.19526385 -0.92385620 -0.32918346
vn -0.17133668 -0.92385685 -0.34224606
vn -0.14145455 -0.94876778 -0.28254285
vn -0.16119982 -0.94876564 -0.27176911
vn -0.50954485 -0.05359133 -0.85877359
vn -0.44694933 -0.05359119 -0.89295256
vn -0.44502464 -0.10699879 -0.88910311
vn -0.50735730 -0.10700160 -0.85506678
vn -0.15534231 -0.96885991 -0.19281979
vn -0.14124234 -0.96885896 -0.20337920
vn -0.10153755 -0.98403221 -0.14618722
vn -0.11166967 -0.98402989 -0.13861811
vn -0.07864673 -0.99420822 -0.07324492
vn -0.07327528 -0.99420601 -0.07864656
vn -0.59531939 -0.31609365 -0.73870140
vn -0.54107660 -0.31608835 -0.77931023
vn -0.52682972 -0.38302127 -0.75877881
vn -0.57962757 -0.38302052 -0.71925455
vn -0.56100130 -0.44795877 -0.69613969
vn -0.50989193 -0.44796756 -0.73439455
vn -0.49036276 -0.51062793 -0.70626032
vn -0.53951877 -0.51061708 -0.66946965
vn -0.51526451 -0.57068831 -0.63938820
vn -0.46835229 -0.57068419 -0.67451149
vn -0.44393542 -0.62781489 -0.63935119
vn -0.48839557 -0.62780637 -0.60607684
vn -0.45907086 -0.68170893 -0.56967270
vn -0.41726378 -0.68171602 -0.60096121
vn -0.38847554 -0.73214924 -0.55950361
vn -0.42739105 -0.73215592 -0.53036290
vn -0.39354149 -0.77884287 -0.48839429
vn -0.35774338 -0.77884418 -0.51519078
vn -0.32517812 -0.82156694 -0.46828094
vn -0.35771111 -0.82156670 -0.44392681
vn -0.32008362 -0.86008739 -0.39723575
vn -0.29096904 -0.86008912 -0.41902718
vn -0.25529307 -0.89424300 -0.36763424
vn -0.28080776 -0.89424491 -0.34852999
vn -0.24012665 -0.92385280 -0.29805246
vn -0.21830572 -0.92385465 -0.31438097
vn -0.18024348 -0.94876552 -0.25953108
vn -0.19824997 -0.94876772 -0.24604237
vn -0.18119262 -0.96886325 -0.16874079
vn -0.16874079 -0.96886325 -0.18119262
vn -0.12131384 -0.98403072 -0.13025597
vn -0.13025597 -0.98403072 -0.12131384
vn -0.08826017 -0.99420869 -0.06131213
vn -0.08371273 -0.99420691 -0.06741576
vn -0.72026116 -0.17774579 -0.67054480
vn -0.67054480 -0.17774579 -0.72026116
vn -0.66019583 -0.24757344 -0.70911843
vn -0.70913899 -0.24753943 -0.66018653
vn -0.69438249 -0.31609175 -0.64646667
vn -0.64646041 -0.31611919 -0.69437575
vn -0.62943399 -0.38301963 -0.67609829
vn -0.67609829 -0.38301963 -0.62943399
vn -0.53545797 -0.68170559 -0.49856034
vn -0.49856034 -0.68170559 -0.53545797
vn -0.46416530 -0.73215371 -0.49849930
vn -0.49853340 -0.73212844 -0.46416861
vn -0.45903623 -0.77884483 -0.42741856
vn -0.42741856 -0.77884483 -0.45903623
vn -0.38851282 -0.82155353 -0.41726214
vn -0.41726214 -0.82155353 -0.38851282
vn -0.37334165 -0.86009270 -0.34764448
vn -0.34764448 -0.86009270 -0.37334165
vn -0.30500913 -0.89424384 -0.32756284
vn -0.32756284 -0.89424384 -0.30500913
vn -0.28010842 -0.92385727 -0.26082006
vn -0.26082006 -0.92385727 -0.28010842
vn -0.21534006 -0.94876587 -0.23124032
vn -0.23124032 -0.94876587 -0.21534006
vn -0.20337920 -0.96885896 -0.14124234
vn -0.19281979 -0.96885991 -0.15534231
vn -0.13861811 -0.98402989 -0.11166967
vn -0.14618722 -0.98403221 -0.10153755
vn -0.09610334 -0.99420714 -0.04812796
vn -0.09244122 -0.99420846 -0.05481163
vn -0.80836350 -0.17771362 -0.56121856
vn -0.76622748 -0.17771618 -0.61750501
vn -0.75439149 -0.24753711 -0.60796285
vn -0.79587466 -0.24753967 -0.55254662
vn -0.77931023 -0.31608835 -0.54107660
vn -0.73871529 -0.31608653 -0.59530598
vn -0.71925455 -0.38302052 -0.57962757
vn -0.75879169 -0.38301235 -0.52681750
vn -0.73439455 -0.44796756 -0.50989193
vn -0.69613969 -0.44795877 -0.56100130
vn -0.66946965 -0.51061708 -0.53951877
vn -0.70626032 -0.51062793 -0.49036276
vn -0.67453778 -0.57068056 -0.46831882
vn -0.63940632 -0.57067722 -0.51525450
vn -0.60607684 -0.62780637 -0.48839557
vn -0.63936925 -0.62780261 -0.44392675
vn -0.60094863 -0.68173230 -0.41725507
vn -0.56966883 -0.68173480 -0.45903721
vn -0.53036976 -0.73216540 -0.42736608
vn -0.55948263 -0.73216176 -0.38848215
vn -0.51519644 -0.77885270 -0.35771677
vn -0.48839429 -0.77884287 -0.39354149
vn -0.44393793 -0.82155675 -0.35772008
vn -0.46828556 -0.82157505 -0.32515082
vn -0.41902718 -0.86008912 -0.29096904
vn -0.39723575 -0.86008739 -0.32008362
vn -0.34852999 -0.89424491 -0.28080776
vn -0.36763424 -0.89424300 -0.25529307
vn -0.31437209 -0.92385906 -0.21829955
vn -0.29802468 -0.92386127 -0.24012886
vn -0.24604386 -0.94877344 -0.19822066
vn -0.25950402 -0.94877821 -0.18021536
vn -0.22141531 -0.96885610 -0.11087552
vn -0.21296252 -0.96886045 -0.12631871
vn -0.15308474 -0.98403329 -0.09079487
vn -0.15915748 -0.98402965 -0.07971607
vn -0.10196302 -0.99420810 -0.03396733
vn -0.09930793 -0.99420846 -0.04107820
vn -0.88000154 -0.17774603 -0.44045857
vn -0.84631461 -0.17774102 -0.50215501
vn -0.83323532 -0.24754126 -0.49441111
vn -0.86640644 -0.24757084 -0.43364573
vn -0.84839392 -0.31608391 -0.42463949
vn -0.81591761 -0.31608224 -0.48411825
vn -0.79442078 -0.38301885 -0.47137260
vn -0.82603604 -0.38301751 -0.41347578
vn -0.79948086 -0.44799131 -0.40016773
vn -0.76887912 -0.44799653 -0.45620629
vn -0.73942995 -0.51065469 -0.43871990
vn -0.76884651 -0.51065177 -0.38485050
vn -0.73431748 -0.57067466 -0.36757076
vn -0.70623952 -0.57067424 -0.41899496
vn -0.66940731 -0.62780964 -0.39717636
vn -0.69604409 -0.62780386 -0.34840354
vn -0.65421861 -0.68171680 -0.32750607
vn -0.62920237 -0.68172491 -0.37330374
vn -0.58578867 -0.73215955 -0.34755453
vn -0.60909814 -0.73215073 -0.30488476
vn -0.56085223 -0.77885121 -0.28077710
vn -0.53942579 -0.77884841 -0.32002369
vn -0.49031803 -0.82157111 -0.29087645
vn -0.50979143 -0.82157487 -0.25520092
vn -0.45616934 -0.86008996 -0.22837462
vn -0.43874538 -0.86009479 -0.26026854
vn -0.38494065 -0.89424771 -0.22834584
vn -0.40022933 -0.89424425 -0.20035881
vn -0.34224606 -0.92385685 -0.17133668
vn -0.32918346 -0.92385620 -0.19526385
vn -0.27176911 -0.94876564 -0.16119982
vn -0.28254285 -0.94876778 -0.14145455
vn -0.23493582 -0.96885848 -0.07822038
vn -0.22877131 -0.96886003 -0.09473135
vn -0.16446781 -0.98402965 -0.06808827
vn -0.16886321 -0.98403329 -0.05624704
vn -0.10577767 -0.99420637 -0.01910468
vn -0.10416025 -0.99420691 -0.02652073
vn -0.90019113 -0.31608623 -0.29957542
vn -0.87650466 -0.31608492 -0.36308414
vn -0.85342866 -0.38301134 -0.35349965
vn -0.87647635 -0.38301396 -0.29170099
vn -0.84830594 -0.44795778 -0.28233120
vn -0.82600433 -0.44796202 -0.34212112
vn -0.79435915 -0.51062018 -0.32902974
vn -0.81581491 -0.51062053 -0.27150086
vn -0.77915341 -0.57067722 -0.25932106
vn -0.75866300 -0.57069111 -0.31423262
vn -0.71912032 -0.62780732 -0.29786590
vn -0.73853528 -0.62781143 -0.24580202
vn -0.69415480 -0.68173361 -0.23105940
vn -0.67592782 -0.68172634 -0.27994791
vn -0.62930346 -0.73215276 -0.26063296
vn -0.64627767 -0.73215914 -0.21510035
vn -0.59511727 -0.77884066 -0.19809775
vn -0.57947046 -0.77885318 -0.24000397
vn -0.52672464 -0.82156712 -0.21814865
vn -0.54092008 -0.82157350 -0.18006253
vn -0.48403344 -0.86009014 -0.16111049
vn -0.47133625 -0.86008787 -0.19516934
vn -0.41350859 -0.89425164 -0.17124487
vn -0.42464897 -0.89425325 -0.14136654
vn -0.36315110 -0.92385465 -0.12088759
vn -0.35362843 -0.92385310 -0.14643215
vn -0.29194209 -0.94876599 -0.12088465
vn -0.29978728 -0.94877201 -0.09979685
vn -0.24366513 -0.96886188 -0.04397814
vn -0.23994063 -0.96885723 -0.06119066
vn -0.17246452 -0.98403352 -0.04397830
vn -0.17515028 -0.98403388 -0.03161800
vn -0.96845359 -0.17771105 -0.17468970
vn -0.95350385 -0.17774242 -0.24338870
vn -0.93877411 -0.24754216 -0.23963766
vn -0.95348632 -0.24754265 -0.17200719
vn -0.93366957 -0.31605539 -0.16843468
vn -0.91926044 -0.31608447 -0.23462945
vn -0.89504158 -0.38301811 -0.22846802
vn -0.90908211 -0.38298827 -0.16398089
vn -0.87983519 -0.44798991 -0.15872985
vn -0.86628175 -0.44795784 -0.22111014
vn -0.83309662 -0.51062530 -0.21263084
vn -0.84613395 -0.51064068 -0.15265508
vn -0.80812466 -0.57068330 -0.14579144
vn -0.79566699 -0.57067919 -0.20307501
vn -0.75419068 -0.62781060 -0.19248465
vn -0.76600111 -0.62781024 -0.13819090
vn -0.71998817 -0.68171656 -0.12992199
vn -0.70890170 -0.68170899 -0.18091825
vn -0.65998006 -0.73215824 -0.16843607
vn -0.67031902 -0.73215050 -0.12094674
vn -0.61726099 -0.77883232 -0.11139692
vn -0.60774899 -0.77883673 -0.15509593
vn -0.55243164 -0.82155168 -0.14096910
vn -0.56107050 -0.82155454 -0.10123319
vn -0.50203884 -0.86008859 -0.09058062
vn -0.49429333 -0.86009967 -0.12610644
vn -0.43368074 -0.89424908 -0.11063284
vn -0.44045630 -0.89424962 -0.07947258
vn -0.37666970 -0.92385089 -0.06796657
vn -0.37087163 -0.92385244 -0.09461011
vn -0.30616498 -0.94876963 -0.07809770
vn -0.31096423 -0.94876295 -0.05612556
vn -0.24720794 -0.96887201 -0.01324546
vn -0.24619757 -0.96885931 -0.02642954
vn -0.17698094 -0.98403120 -0.01898295
vn -0.17759074 -0.98405844 -0.00952196
vn 0.00573748 -0.99423283 -0.10708954
vn 0.01144450 -0.99420649 -0.10687636
vn -0.98270124 -0.17755765 -0.05264471
vn -0.97844326 -0.17771289 -0.10519943
vn -0.96332556 -0.24753790 -0.10358077
vn -0.96754545 -0.24732639 -0.05182135
vn -0.89294565 -0.44761726 -0.04782275
vn -0.88892001 -0.44798493 -0.09555425
vn -0.85486764 -0.51064384 -0.09189270
vn -0.85878992 -0.51025653 -0.04602350
vn -0.73086703 -0.68139589 -0.03915577
vn -0.72743195 -0.68171382 -0.07816041
vn -0.67724490 -0.73214841 -0.07278758
vn -0.68045598 -0.73188090 -0.03647044
vn -0.62665153 -0.77857625 -0.03357116
vn -0.62365890 -0.77881831 -0.06702006
vn -0.56686831 -0.82155317 -0.06091683
vn -0.56960326 -0.82135302 -0.03051882
vn -0.50966907 -0.85993683 -0.02731460
vn -0.50722724 -0.86008894 -0.05447657
vn -0.44502935 -0.89423978 -0.04779289
vn -0.44713411 -0.89414614 -0.02395743
vn -0.38231027 -0.92380720 -0.02047819
vn -0.38057452 -0.92384696 -0.04086522
vn -0.31419784 -0.94875842 -0.03372400
vn -0.31556904 -0.94875199 -0.01690767
vn -0.10721504 -0.99423409 0.00189221
vn -0.10721504 -0.99423409 -0.00189221
vn -0.94866925 -0.31581613 0.01693834
vn -0.94866925 -0.31581613 -0.01693834
vn -0.92372179 -0.38270959 -0.01648032
vn -0.92372179 -0.38270959 0.01648032
vn -0.82127470 -0.57034492 0.01464927
vn -0.82127470 -0.57034492 -0.01464927
vn -0.77851355 -0.62747413 -0.01388622
vn -0.77851355 -0.62747413 0.01388622
vn -0.73182052 -0.68137223 0.01306223
vn -0.73179114 -0.68140382 -0.01306225
vn -0.68134856 -0.73185837 -0.01214677
vn -0.68134856 -0.73185837 0.01214677
vn -0.62744725 -0.77857906 0.01117008
vn -0.62744725 -0.77857906 -0.01117008
vn -0.57031322 -0.82136452 -0.01016291
vn -0.57031322 -0.82136452 0.01016291
vn -0.51031244 -0.85994107 0.00909474
vn -0.51031244 -0.85994107 -0.00909474
vn -0.44768763 -0.89415455 -0.00796554
vn -0.44768763 -0.89415455 0.00796554
vn -0.38279846 -0.92380685 0.00680571
vn -0.38279846 -0.92380685 -0.00680571
vn -0.31596643 -0.94875377 -0.00561555
vn -0.31596643 -0.94875377 0.00561555
vn -0.24751376 -0.96887445 0.00439482
vn -0.24751376 -0.96887445 -0.00439482
vn -0.17780480 -0.98406076 -0.00314348
vn -0.17780480 -0.98406076 0.00314348
vn -0.02655123 -0.99420613 -0.10416016
vn -0.01910468 -0.99420637 -0.10577767
vn 0.01324546 -0.96887201 -0.24720794
vn 0.02642954 -0.96885931 -0.24619757
vn 0.01898295 -0.98403120 -0.17698094
vn 0.00952196 -0.98405844 -0.17759074
vn 0.05264471 -0.17755765 -0.98270124
vn 0.10519943 -0.17771289 -0.97844326
vn 0.10358077 -0.24753790 -0.96332556
vn 0.05185218 -0.24729735 -0.96755123
vn 0.05075317 -0.31581107 -0.94746375
vn 0.10141594 -0.31608936 -0.94329339
vn 0.09876035 -0.38301682 -0.91844690
vn 0.04944075 -0.38267747 -0.92255819
vn 0.04785450 -0.44762880 -0.89293814
vn 0.09555556 -0.44796056 -0.88893223
vn 0.09189413 -0.51062131 -0.85488099
vn 0.04602278 -0.51027906 -0.85877651
vn 0.03915658 -0.68137950 -0.73088217
vn 0.07819074 -0.68171215 -0.72743022
vn 0.07278921 -0.73213428 -0.67726010
vn 0.03647050 -0.73185152 -0.68048757
vn 0.02731503 -0.85995024 -0.50964653
vn 0.05447657 -0.86008894 -0.50722724
vn 0.04779289 -0.89423978 -0.44502935
vn 0.02395775 -0.89415824 -0.44710964
vn 0.02047819 -0.92380720 -0.38231027
vn 0.04086522 -0.92384696 -0.38057452
vn 0.03372335 -0.94877052 -0.31416121
vn 0.01690767 -0.94875199 -0.31556904
vn 0.16840340 -0.31608447 -0.93366534
vn 0.23462945 -0.31608447 -0.91926044
vn 0.22843911 -0.38302079 -0.89504790
vn 0.16397896 -0.38301432 -0.90907151
vn 0.15873203 -0.44796553 -0.87984723
vn 0.22111014 -0.44795784 -0.86628175
vn 0.21263084 -0.51062530 -0.83309662
vn 0.15265746 -0.51061815 -0.84614712
vn 0.14579144 -0.57068330 -0.80812466
vn 0.20307498 -0.57067913 -0.79566693
vn 0.19248465 -0.62781060 -0.75419068
vn 0.13819090 -0.62781024 -0.76600111
vn 0.12991913 -0.68170154 -0.72000283
vn 0.18091822 -0.68170893 -0.70890158
vn 0.16843644 -0.73212928 -0.66001201
vn 0.12094674 -0.73215050 -0.67031902
vn 0.09061088 -0.86008614 -0.50203741
vn 0.12610453 -0.86008668 -0.49431637
vn 0.11063284 -0.89424908 -0.43368074
vn 0.07950291 -0.89424747 -0.44045526
vn 0.06799695 -0.92384905 -0.37666893
vn 0.09461011 -0.92385244 -0.37087163
vn 0.07809770 -0.94876963 -0.30616498
vn 0.05612393 -0.94876599 -0.31095523
vn 0.04400860 -0.96886057 -0.24366480
vn 0.06119066 -0.96885723 -0.23994063
vn 0.04397807 -0.98402840 -0.17249413
vn 0.03164849 -0.98403293 -0.17515011
vn 0.17468970 -0.17771105 -0.96845359
vn 0.24339004 -0.17771289 -0.95350909
vn 0.23963766 -0.24754216 -0.93877411
vn 0.17197758 -0.24754395 -0.95349133
vn 0.03396722 -0.99420506 -0.10199323
vn 0.04110855 -0.99420434 -0.09933803
vn 0.29957542 -0.31608623 -0.90019113
vn 0.36305764 -0.31608844 -0.87651438
vn 0.35350883 -0.38302130 -0.85342032
vn 0.29170099 -0.38301396 -0.87647635
vn 0.28233120 -0.44795778 -0.84830594
vn 0.34212112 -0.44796202 -0.82600433
vn 0.32902974 -0.51062018 -0.79435915
vn 0.27150086 -0.51062053 -0.81581491
vn 0.25932106 -0.57067722 -0.77915341
vn 0.31422535 -0.57067794 -0.75867599
vn 0.29786590 -0.62780732 -0.71912032
vn 0.24580202 -0.62781143 -0.73853528
vn 0.23105933 -0.68170285 -0.69418508
vn 0.27995375 -0.68171006 -0.67594188
vn 0.26063296 -0.73215276 -0.62930346
vn 0.21512523 -0.73213995 -0.64629126
vn 0.19810244 -0.77882862 -0.59513140
vn 0.24000543 -0.77882737 -0.57950449
vn 0.21815060 -0.82154393 -0.52675986
vn 0.18006408 -0.82155001 -0.54095525
vn 0.16111049 -0.86009014 -0.48403344
vn 0.19519870 -0.86008275 -0.47133344
vn 0.17124487 -0.89425164 -0.41350859
vn 0.14136654 -0.89425325 -0.42464897
vn 0.12088759 -0.92385465 -0.36315110
vn 0.14643215 -0.92385310 -0.35362843
vn 0.12088465 -0.94876599 -0.29194209
vn 0.09979685 -0.94877201 -0.29978728
vn 0.31074554 -0.17771275 -0.93373203
vn 0.37660500 -0.17774291 -0.90916228
vn 0.37077644 -0.24754035 -0.89512491
vn 0.30595553 -0.24754168 -0.91930103
vn 0.42465049 -0.31609207 -0.84838533
vn 0.48413029 -0.31609014 -0.81590742
vn 0.47137266 -0.38301888 -0.79442090
vn 0.41347578 -0.38301751 -0.82603604
vn 0.40017322 -0.44796693 -0.79949182
vn 0.45620176 -0.44796160 -0.76890206
vn 0.43874454 -0.51064783 -0.73942012
vn 0.38484749 -0.51061720 -0.76887095
vn 0.36757076 -0.57067466 -0.73431748
vn 0.41900396 -0.57068646 -0.70622420
vn 0.39717636 -0.62780964 -0.66940731
vn 0.34841093 -0.62781721 -0.69602835
vn 0.32750607 -0.68171680 -0.65421861
vn 0.37331149 -0.68170851 -0.62921542
vn 0.34754831 -0.73214644 -0.58580875
vn 0.30488476 -0.73215073 -0.60909814
vn 0.28077227 -0.77883786 -0.56087309
vn 0.32002366 -0.77884835 -0.53942573
vn 0.29088378 -0.82156128 -0.49033037
vn 0.25520334 -0.82155216 -0.50982684
vn 0.22837462 -0.86008996 -0.45616934
vn 0.26026854 -0.86009479 -0.43874538
vn 0.22834584 -0.89424771 -0.38494065
vn 0.20035881 -0.89424425 -0.40022933
vn 0.17133668 -0.92385685 -0.34224606
vn 0.19526385 -0.92385620 -0.32918346
vn 0.16119982 -0.94876564 -0.27176911
vn 0.14145455 -0.94876778 -0.28254285
vn 0.56948179 -0.05359110 -0.82025516
vn 0.62658846 -0.05359161 -0.77750558
vn 0.62389976 -0.10699959 -0.77414477
vn 0.56701946 -0.10697041 -0.81672901
vn 0.54107660 -0.31608835 -0.77931023
vn 0.59530598 -0.31608653 -0.73871529
vn 0.57962757 -0.38302052 -0.71925455
vn 0.52681750 -0.38301235 -0.75879169
vn 0.50989193 -0.44796756 -0.73439455
vn 0.56100130 -0.44795877 -0.69613969
vn 0.53949720 -0.51062554 -0.66948080
vn 0.49035510 -0.51065046 -0.70624930
vn 0.46834263 -0.57067239 -0.67452812
vn 0.51525450 -0.57067722 -0.63940632
vn 0.48839557 -0.62780637 -0.60607684
vn 0.44392675 -0.62780261 -0.63936925
vn 0.41726378 -0.68171602 -0.60096121
vn 0.45904675 -0.68171841 -0.56968063
vn 0.42738411 -0.73214400 -0.53038478
vn 0.38847554 -0.73214924 -0.55950361
vn 0.35775185 -0.77883214 -0.51520300
vn 0.39355081 -0.77883083 -0.48840588
vn 0.35772008 -0.82155675 -0.44393793
vn 0.32518631 -0.82155704 -0.46829271
vn 0.29096904 -0.86008912 -0.41902718
vn 0.32008362 -0.86008739 -0.39723575
vn 0.28080776 -0.89424491 -0.34852999
vn 0.25529307 -0.89424300 -0.36763424
vn 0.21830572 -0.92385465 -0.31438097
vn 0.24012665 -0.92385280 -0.29805246
vn 0.19822066 -0.94877344 -0.24604386
vn 0.18024348 -0.94876552 -0.25953108
vn 0.64646667 -0.31609175 -0.69438249
vn 0.69438249 -0.31609175 -0.64646667
vn 0.67609829 -0.38301963 -0.62943399
vn 0.62943399 -0.38301963 -0.67609829
vn 0.60920119 -0.44796628 -0.65437013
vn 0.65434372 -0.44799963 -0.60920501
vn 0.62927538 -0.51064724 -0.58587712
vn 0.58587712 -0.51064724 -0.62927538
vn 0.49853736 -0.68171591 -0.53546607
vn 0.53546607 -0.68171591 -0.49853736
vn 0.49849930 -0.73215371 -0.46416530
vn 0.46416530 -0.73215371 -0.49849930
vn 0.42742869 -0.77883279 -0.45904711
vn 0.45904711 -0.77883279 -0.42742869
vn 0.41726214 -0.82155353 -0.38851282
vn 0.38851282 -0.82155353 -0.41726214
vn 0.34764448 -0.86009270 -0.37334165
vn 0.37334561 -0.86010182 -0.34761763
vn 0.32756284 -0.89424384 -0.30500913
vn 0.30501220 -0.89425284 -0.32753560
vn 0.26082006 -0.92385727 -0.28010842
vn 0.28010619 -0.92384994 -0.26084849
vn 0.23124032 -0.94876587 -0.21534006
vn 0.21534006 -0.94876587 -0.23124032
vn 0.16874079 -0.96886325 -0.18119262
vn 0.18119262 -0.96886325 -0.16874079
vn 0.13025597 -0.98403072 -0.12131384
vn 0.12131384 -0.98403072 -0.13025597
vn 0.73871529 -0.31608653 -0.59530598
vn 0.77932304 -0.31609356 -0.54105496
vn 0.75879169 -0.38301235 -0.52681750
vn 0.71925455 -0.38302052 -0.57962757
vn 0.69613028 -0.44798318 -0.56099373
vn 0.73439455 -0.44796756 -0.50989193
vn 0.70627564 -0.51061690 -0.49035218
vn 0.66947031 -0.51064807 -0.53948879
vn 0.63940632 -0.57067722 -0.51525450
vn 0.67453986 -0.57065183 -0.46835080
vn 0.63938153 -0.62778413 -0.44393528
vn 0.60608846 -0.62778789 -0.48840493
vn 0.56968063 -0.68171841 -0.45904675
vn 0.60094863 -0.68173230 -0.41725507
vn 0.55950361 -0.73214924 -0.38847554
vn 0.53036976 -0.73216540 -0.42736608
vn 0.48840588 -0.77883083 -0.39355081
vn 0.51522541 -0.77881986 -0.35774624
vn 0.46831653 -0.82154530 -0.32518166
vn 0.44393793 -0.82155675 -0.35772008
vn 0.39723963 -0.86009580 -0.32005623
vn 0.41902718 -0.86008912 -0.29096904
vn 0.36763424 -0.89424300 -0.25529307
vn 0.34852999 -0.89424491 -0.28080776
vn 0.29805246 -0.92385280 -0.24012665
vn 0.31438097 -0.92385465 -0.21830572
vn 0.25953108 -0.94876552 -0.18024348
vn 0.24604386 -0.94877344 -0.19822066
vn 0.19281979 -0.96885991 -0.15534231
vn 0.20337920 -0.96885896 -0.14124234
vn 0.14618722 -0.98403221 -0.10153755
vn 0.13861811 -0.98402989 -0.11166967
vn 0.81590742 -0.31609014 -0.48413029
vn 0.84840214 -0.31605643 -0.42464361
vn 0.82604569 -0.38299146 -0.41348064
vn 0.79442078 -0.38301885 -0.47137260
vn 0.76890212 -0.44796163 -0.45620182
vn 0.79949182 -0.44796693 -0.40017322
vn 0.76887095 -0.51061720 -0.38484749
vn 0.73945540 -0.51062059 -0.43871686
vn 0.70624274 -0.57064629 -0.41902739
vn 0.73431748 -0.57067466 -0.36757076
vn 0.69605744 -0.62778538 -0.34841025
vn 0.66943693 -0.62777829 -0.39717585
vn 0.62920237 -0.68172491 -0.37330374
vn 0.65421861 -0.68171680 -0.32750607
vn 0.60907328 -0.73215753 -0.30491814
vn 0.58578867 -0.73215955 -0.34755453
vn 0.53943855 -0.77883637 -0.32003129
vn 0.56087309 -0.77883786 -0.28077227
vn 0.50982291 -0.82154578 -0.25523189
vn 0.49033037 -0.82156128 -0.29088378
vn 0.43874538 -0.86009479 -0.26026854
vn 0.45616934 -0.86008996 -0.22837462
vn 0.40022933 -0.89424425 -0.20035881
vn 0.38494065 -0.89424771 -0.22834584
vn 0.21296252 -0.96886045 -0.12631871
vn 0.22138701 -0.96886575 -0.11084611
vn 0.15915786 -0.98403203 -0.07968575
vn 0.15308474 -0.98403329 -0.09079487
vn 0.87650466 -0.31608492 -0.36308414
vn 0.90019983 -0.31605878 -0.29957831
vn 0.87648666 -0.38298795 -0.29170445
vn 0.85342866 -0.38301134 -0.35349965
vn 0.82599574 -0.44795737 -0.34214810
vn 0.84828579 -0.44799381 -0.28233469
vn 0.81580216 -0.51064312 -0.27149659
vn 0.79435915 -0.51062018 -0.32902974
vn 0.75867599 -0.57067794 -0.31422535
vn 0.77915341 -0.57067722 -0.25932106
vn 0.73853528 -0.62781143 -0.24580202
vn 0.71912032 -0.62780732 -0.29786590
vn 0.67594188 -0.68171006 -0.27995375
vn 0.69416928 -0.68171728 -0.23106423
vn 0.64627343 -0.73215431 -0.21512946
vn 0.62930346 -0.73215276 -0.26063296
vn 0.57950449 -0.77882737 -0.24000543
vn 0.59513140 -0.77882862 -0.19810244
vn 0.54095525 -0.82155001 -0.18006408
vn 0.52673781 -0.82155716 -0.21815412
vn 0.47133344 -0.86008275 -0.19519870
vn 0.48403108 -0.86008596 -0.16114023
vn 0.42467397 -0.89424163 -0.14136471
vn 0.41350859 -0.89425164 -0.17124487
vn 0.35362843 -0.92385310 -0.14643215
vn 0.36315110 -0.92385465 -0.12088759
vn 0.29978728 -0.94877201 -0.09979685
vn 0.29194209 -0.94876599 -0.12088465
vn 0.22877197 -0.96886277 -0.09470110
vn 0.23493582 -0.96885848 -0.07822038
vn 0.16886321 -0.98403329 -0.05624704
vn 0.16446781 -0.98402965 -0.06808827
vn 0.96754283 -0.05359131 -0.24695949
vn 0.98270512 -0.05359100 -0.17725316
vn 0.97846919 -0.10699956 -0.17649129
vn 0.96337277 -0.10700072 -0.24589415
vn 0.91926044 -0.31608447 -0.23462945
vn 0.93366534 -0.31608447 -0.16840340
vn 0.90907151 -0.38301432 -0.16397896
vn 0.89505398 -0.38301036 -0.22843286
vn 0.86626816 -0.44799712 -0.22108394
vn 0.87984723 -0.44796553 -0.15873203
vn 0.84615105 -0.51062047 -0.15262766
vn 0.83308363 -0.51064783 -0.21262752
vn 0.79566699 -0.57067919 -0.20307501
vn 0.80812466 -0.57068330 -0.14579144
vn 0.76600111 -0.62781024 -0.13819090
vn 0.75419068 -0.62781060 -0.19248465
vn 0.70890170 -0.68170899 -0.18091825
vn 0.72000575 -0.68170428 -0.12988913
vn 0.67033404 -0.73213637 -0.12094945
vn 0.66001201 -0.73212928 -0.16843644
vn 0.60776341 -0.77882469 -0.15509962
vn 0.61726302 -0.77883494 -0.11136676
vn 0.56107050 -0.82155454 -0.10123319
vn 0.55243164 -0.82155168 -0.14096910
vn 0.49431637 -0.86008668 -0.12610453
vn 0.50203884 -0.86008859 -0.09058062
vn 0.44045630 -0.89424962 -0.07947258
vn 0.43370551 -0.89423722 -0.11063138
vn 0.23994063 -0.96885723 -0.06119066
vn 0.24366513 -0.96886188 -0.04397814
vn 0.17515028 -0.98403388 -0.03161800
vn 0.17246452 -0.98403352 -0.04397830
vn 0.95350385 -0.17774242 -0.24338870
vn 0.96844840 -0.17774062 -0.17468877
vn 0.95348418 -0.24757262 -0.17197628
vn 0.93877387 -0.24757262 -0.23960708
vn 0.10687636 -0.99420649 -0.01144450
vn 0.10708954 -0.99423283 -0.00573748
vn 0.81646270 -0.57068765 -0.08777463
vn 0.82024580 -0.57032049 -0.04394828
vn 0.77754295 -0.62744850 -0.04165899
vn 0.77390683 -0.62781119 -0.08319544
vn 0.72743022 -0.68171215 -0.07819074
vn 0.73088217 -0.68137950 -0.03915658
vn 0.68048757 -0.73185152 -0.03647050
vn 0.67724490 -0.73214841 -0.07278758
vn 0.50722724 -0.86008894 -0.05447657
vn 0.50966907 -0.85993683 -0.02731460
vn 0.44713411 -0.89414614 -0.02395743
vn 0.44502935 -0.89423978 -0.04779289
vn 0.38054842 -0.92385763 -0.04086569
vn 0.38231027 -0.92380720 -0.02047819
vn 0.31556904 -0.94875199 -0.01690767
vn 0.31416121 -0.94877052 -0.03372335
vn 0.24619757 -0.96885931 -0.02642954
vn 0.24720794 -0.96887201 -0.01324546
vn 0.17759074 -0.98405844 -0.00952196
vn 0.17698094 -0.98403120 -0.01898295
vn 0.97844326 -0.17771289 -0.10519943
vn 0.98270667 -0.17752810 -0.05264500
vn 0.96755123 -0.24729735 -0.05185218
vn 0.96332556 -0.24753790 -0.10358077
vn -0.00189221 -0.99423409 -0.10721504
vn 0.00189221 -0.99423409 -0.10721504
vn -0.01596138 -0.44762045 -0.89408123
vn 0.01596138 -0.44762045 -0.89408123
vn 0.01535106 -0.51027763 -0.85987270
vn -0.01535106 -0.51027763 -0.85987270
vn -0.01464916 -0.57031006 -0.82129896
vn 0.01464916 -0.57031006 -0.82129896
vn 0.01388616 -0.62744069 -0.77854049
vn -0.01388616 -0.62744069 -0.77854049
vn -0.01306196 -0.68138856 -0.73180526
vn 0.01303144 -0.68138885 -0.73180562
vn 0.01214652 -0.73184323 -0.68136495
vn -0.01214677 -0.73185837 -0.68134856
vn -0.01117003 -0.77860594 -0.62741381
vn 0.01116981 -0.77859104 -0.62743229
vn 0.01016291 -0.82136452 -0.57031322
vn -0.01016291 -0.82136452 -0.57031322
vn -0.00909488 -0.85995436 -0.51028985
vn 0.00909464 -0.85996234 -0.51027644
vn 0.00796554 -0.89415455 -0.44768763
vn -0.00796554 -0.89415455 -0.44768763
vn -0.00680571 -0.92380685 -0.38279846
vn 0.00680571 -0.92380685 -0.38279846
vn 0.00561555 -0.94875377 -0.31596643
vn -0.00561555 -0.94875377 -0.31596643
vn -0.00439479 -0.96886718 -0.24754241
vn 0.00439479 -0.96886718 -0.24754241
vn 0.00314346 -0.98405546 -0.17783436
vn -0.00314346 -0.98405546 -0.17783436
vn -0.01754826 -0.17755790 -0.98395395
vn 0.01754826 -0.17755790 -0.98395395
vn 0.01727360 -0.24729331 -0.96878672
vn -0.01727398 -0.24732928 -0.96877760
vn 0.24751376 -0.96887445 -0.00439482
vn 0.24751376 -0.96887445 0.00439482
vn 0.17783436 -0.98405546 0.00314346
vn 0.17783436 -0.98405546 -0.00314346
vn -0.00573748 -0.99423283 0.10708954
vn -0.01144450 -0.99420649 0.10687636
vn 0.94867229 -0.31580698 -0.01693785
vn 0.94866925 -0.31581613 0.01693834
vn 0.92373258 -0.38268355 0.01648051
vn 0.92373258 -0.38268355 -0.01648051
vn 0.89409339 -0.44759604 -0.01596159
vn 0.89408123 -0.44762045 0.01596138
vn 0.85987270 -0.51027763 0.01535106
vn 0.85988617 -0.51025504 -0.01535130
vn 0.82129896 -0.57031006 -0.01464916
vn 0.82129896 -0.57031006 0.01464916
vn 0.77852851 -0.62745565 0.01388649
vn 0.77854055 -0.62744081 -0.01388616
vn 0.62741381 -0.77860594 -0.01117003
vn 0.62743235 -0.77859110 0.01116982
vn 0.57031322 -0.82136452 0.01016291
vn 0.57031322 -0.82136452 -0.01016291
vn 0.51031244 -0.85994107 -0.00909474
vn 0.51031244 -0.85994107 0.00909474
vn 0.44768763 -0.89415455 0.00796554
vn 0.44768763 -0.89415455 -0.00796554
vn 0.38279846 -0.92380685 -0.00680571
vn 0.38279846 -0.92380685 0.00680571
vn 0.31596643 -0.94875377 0.00561555
vn 0.31596643 -0.94875377 -0.00561555
vn 0.99840713 -0.05353079 -0.01782325
vn 0.99840713 -0.05353079 0.01782325
vn 0.99411100 -0.10690645 0.01773127
vn 0.99411070 -0.10690971 -0.01773181
vn 0.17649186 -0.10696939 0.97847235
vn 0.10629654 -0.10699847 0.98856086
vn 0.01773133 -0.10687629 0.99411434
vn 0.05319484 -0.10687798 0.99284816
vn 0.43364903 -0.24754222 0.86641300
vn 0.55254662 -0.24753967 0.79587466
vn 0.49441111 -0.24754126 0.83323532
vn 0.66018653 -0.24753943 0.70913899
vn 0.60794359 -0.24754171 0.75440556
vn 0.75438672 -0.24757606 0.60795307
vn 0.70912379 -0.24754478 0.66020077
vn 0.79585743 -0.24757433 0.55255586
vn 0.96336955 -0.10703088 0.24589333
vn 0.94338936 -0.10700149 0.31395444
vn 0.97846609 -0.10702974 0.17649072
vn 0.99968231 -0.01782313 0.01782313
vn 0.99840820 -0.01785379 0.05350032
vn 0.68134856 -0.73185837 0.01214677
vn 0.73179114 -0.68140382 0.01306225
vn 0.96878672 -0.24729331 0.01727360
vn -0.04944075 -0.38267747 0.92255819
vn -0.16400866 -0.38301241 0.90906698
vn -0.09876035 -0.38301682 0.91844690
vn -0.29167309 -0.38301739 0.87648416
vn -0.22843911 -0.38302079 0.89504790
vn -0.41347578 -0.38301751 0.82603604
vn -0.35349965 -0.38301134 0.85342866
vn -0.52681750 -0.38301235 0.75879169
vn -0.47137266 -0.38301888 0.79442090
vn -0.62943399 -0.38301963 0.67609829
vn -0.60920119 -0.44796628 0.65437013
vn -0.57962757 -0.38302052 0.71925455
vn -0.58588624 -0.51062471 0.62928522
vn -0.65434372 -0.44799963 0.60920501
vn -0.67609829 -0.38301963 0.62943399
vn -0.62927538 -0.51064724 0.58587712
vn -0.89513165 -0.24751170 0.37077925
vn -0.86640155 -0.24753894 0.43367380
vn -0.93878090 -0.24754395 0.23960888
vn -0.91930956 -0.24754398 0.30592784
vn -0.83308363 -0.51064783 0.21262752
vn -0.96331608 -0.24757382 0.10358303
vn -0.95349145 -0.24754398 0.17197759
vn -0.85488099 -0.51062131 0.09189413
vn -0.84613788 -0.51064306 0.15262528
vn -0.96877700 -0.24732913 0.01730449
vn -0.96754396 -0.24732600 0.05185179
vn -0.89408123 -0.44762045 0.01596138
vn -0.89294434 -0.44761664 0.04785320
vn -0.85988617 -0.51025504 0.01535130
vn -0.85879797 -0.51024312 0.04602229
vn -0.09189413 -0.51062131 -0.85488099
vn -0.09876035 -0.38301682 -0.91844690
vn -0.09555556 -0.44796056 -0.88893223
vn -0.10358077 -0.24753790 -0.96332556
vn -0.10141594 -0.31608936 -0.94329339
vn -0.17649129 -0.10699956 -0.97846919
vn -0.10629654 -0.10699847 -0.98856086
vn -0.10519943 -0.17771289 -0.97844326
vn -0.05264471 -0.17755765 -0.98270124
vn -0.05319484 -0.10687798 -0.99284816
vn -0.01693834 -0.31581613 -0.94866925
vn -0.05075317 -0.31581107 -0.94746375
vn -0.05185218 -0.24729735 -0.96755123
vn -0.01648032 -0.38270959 -0.92372179
vn -0.04785450 -0.44762880 -0.89293814
vn -0.04944075 -0.38267747 -0.92255819
vn -0.04602278 -0.51027906 -0.85877651
vn -0.03396733 -0.99420810 -0.10196302
vn -0.31395444 -0.10700149 -0.94338936
vn -0.24589415 -0.10700072 -0.96337277
vn -0.04107820 -0.99420846 -0.09930793
vn -0.04812796 -0.99420714 -0.09610334
vn -0.38051254 -0.10700008 -0.91856480
vn -0.05481163 -0.99420846 -0.09244122
vn -0.55254662 -0.24753967 -0.79587466
vn -0.56701761 -0.10700058 -0.81672639
vn -0.56121856 -0.17771362 -0.80836350
vn -0.53039634 -0.62781411 -0.56967473
vn -0.58588624 -0.51062471 -0.62928522
vn -0.55956656 -0.57067555 -0.60101146
vn -0.60922039 -0.44795796 -0.65435797
vn -0.60793906 -0.24757037 -0.75439990
vn -0.67749685 -0.10700049 -0.72770107
vn -0.62389976 -0.10699959 -0.77414477
vn -0.61750168 -0.17774576 -0.76622337
vn -0.56967473 -0.62781411 -0.53039634
vn -0.62928522 -0.51062471 -0.58588624
vn -0.60101146 -0.57067555 -0.55956656
vn -0.65435797 -0.44795796 -0.60922039
vn -0.77414477 -0.10699959 -0.62389976
vn -0.72770107 -0.10700049 -0.67749685
vn -0.85506678 -0.10700160 -0.50735730
vn -0.81672639 -0.10700058 -0.56701761
vn -0.89511824 -0.24756901 -0.37077367
vn -0.91856480 -0.10700008 -0.38051254
vn -0.88911521 -0.10700024 -0.44500017
vn -0.90916228 -0.17774291 -0.37660500
vn -0.91930103 -0.24754168 -0.30595553
vn -0.96337277 -0.10700072 -0.24589415
vn -0.94338936 -0.10700149 -0.31395444
vn -0.93372691 -0.17774230 -0.31074384
vn -0.10687636 -0.99420649 -0.01144450
vn -0.77390873 -0.62781274 -0.08316513
vn -0.81647503 -0.57067490 -0.08774214
vn -0.91844964 -0.38301796 -0.09873013
vn -0.94329339 -0.31608936 -0.10141594
vn -0.98856086 -0.10699847 -0.10629654
vn -0.97847235 -0.10696939 -0.17649186
vn -0.10709280 -0.99423254 -0.00573766
vn -0.77752805 -0.62746698 -0.04165819
vn -0.85988659 -0.51025534 -0.01532078
vn -0.82024580 -0.57032049 -0.04394828
vn -0.92254883 -0.38270411 -0.04940973
vn -0.89409339 -0.44759604 -0.01596159
vn -0.96877021 -0.24735792 -0.01727385
vn -0.94746375 -0.31581107 -0.05075317
vn 0.03051882 -0.82135302 -0.56960326
vn 0.03357116 -0.77857625 -0.62665153
vn 0.04165899 -0.62744850 -0.77754295
vn 0.04394718 -0.57030618 -0.82025576
vn 0.01648051 -0.38268355 -0.92373258
vn 0.01693785 -0.31580698 -0.94867229
vn 0.17649129 -0.10699956 -0.97846919
vn 0.10629654 -0.10699847 -0.98856086
vn 0.08777244 -0.57067341 -0.81647289
vn 0.08319544 -0.62781119 -0.77390683
vn 0.11139692 -0.77883232 -0.61726099
vn 0.06702006 -0.77881831 -0.62365890
vn 0.10123319 -0.82155454 -0.56107050
vn 0.06091683 -0.82155317 -0.56686831
vn 0.01910468 -0.99420637 -0.10577767
vn 0.31395444 -0.10700149 -0.94338936
vn 0.24589415 -0.10700072 -0.96337277
vn 0.15509592 -0.77883667 -0.60774893
vn 0.14096910 -0.82155168 -0.55243164
vn 0.07822038 -0.96885848 -0.23493582
vn 0.05624675 -0.98402828 -0.16889286
vn 0.02655123 -0.99420613 -0.10416016
vn 0.44502464 -0.10699879 -0.88910311
vn 0.44045857 -0.17774603 -0.88000154
vn 0.38051254 -0.10700008 -0.91856480
vn 0.43364903 -0.24754222 -0.86641300
vn 0.11087552 -0.96885610 -0.22141531
vn 0.09470110 -0.96886277 -0.22877197
vn 0.07971568 -0.98402482 -0.15918723
vn 0.04812811 -0.99421012 -0.09607311
vn 0.06808827 -0.98402965 -0.16446781
vn 0.56121856 -0.17771362 -0.80836350
vn 0.50215501 -0.17774102 -0.84631461
vn 0.50735730 -0.10700160 -0.85506678
vn 0.55254662 -0.24753967 -0.79587466
vn 0.49441111 -0.24754126 -0.83323532
vn 0.14124234 -0.96885896 -0.20337920
vn 0.12631789 -0.96885425 -0.21299167
vn 0.10153755 -0.98403221 -0.14618722
vn 0.06128173 -0.99421060 -0.08826035
vn 0.05481178 -0.99421120 -0.09241094
vn 0.09079444 -0.98402858 -0.15311453
vn 0.67749685 -0.10700049 -0.72770107
vn 0.67054844 -0.17771626 -0.72026509
vn 0.61749059 -0.17771204 -0.76624006
vn 0.66018653 -0.24753943 -0.70913899
vn 0.60794359 -0.24754171 -0.75440556
vn 0.55956656 -0.57067555 -0.60101146
vn 0.53040648 -0.62779564 -0.56968570
vn 0.15534231 -0.96885991 -0.19281979
vn 0.07327732 -0.99420321 -0.07867926
vn 0.06738555 -0.99421144 -0.08368259
vn 0.11166967 -0.98402989 -0.13861811
vn 0.77415955 -0.10700163 -0.62388116
vn 0.76622337 -0.17774576 -0.61750168
vn 0.72026116 -0.17774579 -0.67054480
vn 0.72770107 -0.10700049 -0.67749685
vn 0.75440556 -0.24754171 -0.60794359
vn 0.70911843 -0.24757344 -0.66019583
vn 0.60101146 -0.57067555 -0.55956656
vn 0.56967473 -0.62781411 -0.53039634
vn 0.08371325 -0.99421310 -0.06732462
vn 0.07864638 -0.99420375 -0.07330562
vn 0.85506678 -0.10700160 -0.50735730
vn 0.84630597 -0.17774563 -0.50216800
vn 0.80836350 -0.17771362 -0.56121856
vn 0.81672376 -0.10703076 -0.56701583
vn 0.83323532 -0.24754126 -0.49441111
vn 0.79587466 -0.24753967 -0.55254662
vn 0.32918346 -0.92385620 -0.19526385
vn 0.27176911 -0.94876564 -0.16119982
vn 0.09247162 -0.99420726 -0.05478105
vn 0.08826068 -0.99421442 -0.06122093
vn 0.91856188 -0.10703025 -0.38051131
vn 0.90916729 -0.17771336 -0.37660709
vn 0.88000154 -0.17774603 -0.44045857
vn 0.88910311 -0.10699879 -0.44502464
vn 0.89512491 -0.24754035 -0.37077644
vn 0.86641300 -0.24754222 -0.43364903
vn 0.34224427 -0.92385203 -0.17136629
vn 0.28254285 -0.94876778 -0.14145455
vn 0.09931032 -0.99420190 -0.04123179
vn 0.09610349 -0.99420869 -0.04809752
vn 0.93373203 -0.17771275 -0.31074554
vn 0.94338936 -0.10700149 -0.31395444
vn 0.91930956 -0.24754398 -0.30592784
vn 0.37087163 -0.92385244 -0.09461011
vn 0.30616498 -0.94876963 -0.07809770
vn 0.10412955 -0.99420530 -0.02670380
vn 0.10196570 -0.99420369 -0.03409030
vn 0.98856086 -0.10699847 -0.10629654
vn 0.94329339 -0.31608936 -0.10141594
vn 0.91844690 -0.38301682 -0.09876035
vn 0.88893223 -0.44796056 -0.09555556
vn 0.85488099 -0.51062131 -0.09189413
vn 0.62362546 -0.77884519 -0.06701975
vn 0.56686831 -0.82155317 -0.06091683
vn 0.37666893 -0.92384905 -0.06799695
vn 0.31095523 -0.94876599 -0.05612393
vn 0.10574718 -0.99420661 -0.01925728
vn 0.99840879 -0.01782328 -0.05350035
vn 0.99968231 -0.01782313 -0.01782313
vn 0.99713546 -0.05352969 -0.05343813
vn 0.96878624 -0.24729319 -0.01730411
vn 0.94746226 -0.31581056 -0.05078361
vn 0.89295650 -0.44759220 -0.04785385
vn 0.92255819 -0.38267747 -0.04944075
vn 0.85879797 -0.51024312 -0.04602229
vn 0.73182082 -0.68137252 -0.01303171
vn 0.68136495 -0.73184323 -0.01214652
vn 0.62661809 -0.77860320 -0.03357100
vn 0.56958264 -0.82136726 -0.03051935
vn 0.80835921 -0.17774320 0.56121558
vn 0.88911521 -0.10700024 0.44500017
vn 0.85506678 -0.10700160 0.50735730
vn 0.96754122 -0.05362174 0.24695908
vn 0.94746947 -0.05359177 0.31532469
vn 0.91856480 -0.10700008 0.38051254
vn 0.98395926 -0.01785355 0.17749782
vn 0.96878231 -0.01785394 0.24726945
vn 0.98269820 -0.05362114 0.17728242
vn 0.99411178 -0.01785391 0.10687930
vn -0.54107660 -0.31608835 0.77931023
vn -0.48413029 -0.31609014 0.81590742
vn -0.75440556 -0.24754171 0.60794359
vn -0.79587466 -0.24753967 0.55254662
vn -0.83323532 -0.24754126 0.49441111
vn -0.86628175 -0.44795784 0.22111014
vn -0.88893223 -0.44796056 0.09555556
vn -0.87984723 -0.44796553 0.15873203
vn -0.01773133 -0.10687629 0.99411434
vn -0.31532469 -0.05359177 -0.94746947
vn -0.24695949 -0.05359131 -0.96754283
vn -0.56949604 -0.05359244 -0.82024521
vn -0.73178262 -0.01785357 -0.68130434
vn -0.68130434 -0.01785357 -0.73178262
vn -0.68043143 -0.05359218 -0.73084956
vn -0.73084956 -0.05359218 -0.68043143
vn -0.89408922 -0.01785371 -0.44753292
vn -0.85987723 -0.01785371 -0.51018876
vn -0.85877359 -0.05359133 -0.50954485
vn -0.89295256 -0.05359119 -0.44694933
vn -0.94868463 -0.01785364 -0.31571954
vn -0.92373234 -0.01785388 -0.38262242
vn -0.92255479 -0.05359113 -0.38212672
vn -0.94746947 -0.05359177 -0.31532469
vn 0.85877359 -0.05359133 -0.50954485
vn 0.82025379 -0.05362153 -0.56948084
vn 0.99284494 -0.10690815 -0.05319466
f 2314/2314/2314 2315/2315/2315 2316/2316/2316
f 2317/2317/2317 2318/2318/2318 2319/2319/2319
f 2320/2320/2320 2321/2321/2321 2322/2322/2322
f 2323/2323/2323 2324/2324/2324 2325/2325/2325
f 2326/2326/2326 2327/2327/2327 2328/2328/2328
f 2329/2329/2329 2330/2330/2330 2331/2331/2331
f 2332/2332/2332 2333/2333/2333 2334/2334/2334
f 2335/2335/2335 2336/2336/2336 2337/2337/2337
f 2338/2338/2338 2339/2339/2339 2340/2340/2340
f 2341/2341/2341 2342/2342/2342 2343/2343/2343
f 2344/2344/2344 2345/2345/2345 2346/2346/2346
f 2347/2347/2347 2348/2348/2348 2349/2349/2349
f 2350/2350/2350 2351/2351/2351 2352/2352/2352
f 2353/2353/2353 2354/2354/2354 2355/2355/2355
f 2356/2356/2356 2357/2357/2357 2358/2358/2358
f 2359/2359/2359 2360/2360/2360 2361/2361/2361
f 2362/2362/2362 2363/2363/2363 2364/2364/2364
f 2365/2365/2365 2366/2366/2366 2367/2367/2367
f 2368/2368/2368 2369/2369/2369 2370/2370/2370
f 2371/2371/2371 2372/2372/2372 2373/2373/2373
f 2374/2374/2374 2375/2375/2375 2376/2376/2376
f 2377/2377/2377 2378/2378/2378 2379/2379/2379
f 2380/2380/2380 2381/2381/2381 2382/2382/2382
f 2383/2383/2383 2384/2384/2384 2385/2385/2385
f 2386/2386/2386 2387/2387/2387 2388/2388/2388
f 2389/2389/2389 2390/2390/2390 2391/2391/2391
f 2392/2392/2392 2393/2393/2393 2394/2394/2394
f 2395/2395/2395 2396/2396/2396 2397/2397/2397
f 2398/2398/2398 2399/2399/2399 2400/2400/2400
f 2401/2401/2401 2402/2402/2402 2403/2403/2403
f 2404/2404/2404 2405/2405/2405 2406/2406/2406
f 2407/2407/2407 2408/2408/2408 2409/2409/2409
f 2410/2410/2410 2411/2411/2411 2412/2412/2412
f 2413/2413/2413 2414/2414/2414 2415/2415/2415
f 2416/2416/2416 2417/2417/2417 2418/2418/2418
f 2419/2419/2419 2420/2420/2420 2421/2421/2421
f 2422/2422/2422 2423/2423/2423 2424/2424/2424
f 2425/2425/2425 2426/2426/2426 2427/2427/2427
f 2428/2428/2428 2429/2429/2429 2430/2430/2430
f 2431/2431/2431 2432/2432/2432 2433/2433/2433
f 2434/2434/2434 2435/2435/2435 2436/2436/2436
f 2437/2437/2437 2438/2438/2438 2439/2439/2439
f 2440/2440/2440 2441/2441/2441 2442/2442/2442
f 2443/2443/2443 2444/2444/2444 2445/2445/2445
f 2446/2446/2446 2447/2447/2447 2448/2448/2448
f 2449/2449/2449 2450/2450/2450 2451/2451/2451
f 2452/2452/2452 2453/2453/2453 2454/2454/2454
f 2455/2455/2455 2456/2456/2456 2457/2457/2457
f 2458/2458/2458 2459/2459/2459 2314/2314/2314
f 2458/2458/2458 2314/2314/2314 2321/2321/2321
f 2460/2460/2460 2461/2461/2461 2462/2462/2462
f 2460/2460/2460 2462/2462/2462 2463/2463/2463
f 2464/2464/2464 2465/2465/2465 2466/2466/2466
f 2464/2464/2464 2466/2466/2466 2467/2467/2467
f 2468/2468/2468 2469/2469/2469 2470/2470/2470
f 2468/2468/2468 2470/2470/2470 2471/2471/2471
f 2472/2472/2472 2473/2473/2473 2474/2474/2474
f 2472/2472/2472 2474/2474/2474 2475/2475/2475
f 2476/2476/2476 2477/2477/2477 2478/2478/2478
f 2476/2476/2476 2478/2478/2478 2479/2479/2479
f 2480/2480/2480 2481/2481/2481 2482/2482/2482
f 2480/2480/2480 2482/2482/2482 2483/2483/2483
f 2484/2484/2484 2485/2485/2485 2486/2486/2486
f 2484/2484/2484 2486/2486/2486 2487/2487/2487
f 2488/2488/2488 2489/2489/2489 2490/2490/2490
f 2488/2488/2488 2490/2490/2490 2491/2491/2491
f 2492/2492/2492 2493/2493/2493 2494/2494/2494
f 2492/2492/2492 2494/2494/2494 2495/2495/2495
f 2496/2496/2496 2497/2497/2497 2498/2498/2498
f 2496/2496/2496 2498/2498/2498 2499/2499/2499
f 2500/2500/2500 2501/2501/2501 2502/2502/2502
f 2500/2500/2500 2502/2502/2502 2503/2503/2503
f 2504/2504/2504 2505/2505/2505 2506/2506/2506
f 2504/2504/2504 2506/2506/2506 2507/2507/2507
f 2508/2508/2508 2509/2509/2509 2510/2510/2510
f 2508/2508/2508 2510/2510/2510 2511/2511/2511
f 2512/2512/2512 2513/2513/2513 2514/2514/2514
f 2512/2512/2512 2514/2514/2514 2515/2515/2515
f 2516/2516/2516 2517/2517/2517 2518/2518/2518
f 2516/2516/2516 2518/2518/2518 2519/2519/2519
f 2520/2520/2520 2521/2521/2521 2522/2522/2522
f 2520/2520/2520 2522/2522/2522 2523/2523/2523
f 2524/2524/2524 2525/2525/2525 2526/2526/2526
f 2524/2524/2524 2526/2526/2526 2527/2527/2527
f 2528/2528/2528 2529/2529/2529 2530/2530/2530
f 2528/2528/2528 2530/2530/2530 2531/2531/2531
f 2532/2532/2532 2533/2533/2533 2319/2319/2319
f 2532/2532/2532 2319/2319/2319 2315/2315/2315
f 2534/2534/2534 2535/2535/2535 2536/2536/2536
f 2534/2534/2534 2536/2536/2536 2537/2537/2537
f 2538/2538/2538 2539/2539/2539 2323/2323/2323
f 2538/2538/2538 2323/2323/2323 2327/2327/2327
f 2540/2540/2540 2541/2541/2541 2542/2542/2542
f 2540/2540/2540 2542/2542/2542 2543/2543/2543
f 2544/2544/2544 2545/2545/2545 2546/2546/2546
f 2544/2544/2544 2546/2546/2546 2547/2547/2547
f 2548/2548/2548 2549/2549/2549 2550/2550/2550
f 2548/2548/2548 2550/2550/2550 2551/2551/2551
f 2552/2552/2552 2553/2553/2553 2554/2554/2554
f 2552/2552/2552 2554/2554/2554 2555/2555/2555
f 2556/2556/2556 2557/2557/2557 2558/2558/2558
f 2556/2556/2556 2558/2558/2558 2559/2559/2559
f 2560/2560/2560 2561/2561/2561 2562/2562/2562
f 2560/2560/2560 2562/2562/2562 2563/2563/2563
f 2564/2564/2564 2565/2565/2565 2566/2566/2566
f 2564/2564/2564 2566/2566/2566 2567/2567/2567
f 2568/2568/2568 2569/2569/2569 2570/2570/2570
f 2568/2568/2568 2570/2570/2570 2571/2571/2571
f 2572/2572/2572 2573/2573/2573 2574/2574/2574
f 2572/2572/2572 2574/2574/2574 2575/2575/2575
f 2576/2576/2576 2577/2577/2577 2326/2326/2326
f 2576/2576/2576 2326/2326/2326 2330/2330/2330
f 2578/2578/2578 2579/2579/2579 2580/2580/2580
f 2578/2578/2578 2580/2580/2580 2581/2581/2581
f 2582/2582/2582 2583/2583/2583 2584/2584/2584
f 2582/2582/2582 2584/2584/2584 2585/2585/2585
f 2586/2586/2586 2587/2587/2587 2588/2588/2588
f 2586/2586/2586 2588/2588/2588 2589/2589/2589
f 2590/2590/2590 2591/2591/2591 2592/2592/2592
f 2590/2590/2590 2592/2592/2592 2593/2593/2593
f 2594/2594/2594 2595/2595/2595 2596/2596/2596
f 2594/2594/2594 2596/2596/2596 2597/2597/2597
f 2598/2598/2598 2599/2599/2599 2600/2600/2600
f 2598/2598/2598 2600/2600/2600 2601/2601/2601
f 2602/2602/2602 2603/2603/2603 2604/2604/2604
f 2602/2602/2602 2604/2604/2604 2605/2605/2605
f 2606/2606/2606 2607/2607/2607 2608/2608/2608
f 2606/2606/2606 2608/2608/2608 2609/2609/2609
f 2610/2610/2610 2611/2611/2611 2329/2329/2329
f 2610/2610/2610 2329/2329/2329 2333/2333/2333
f 2612/2612/2612 2613/2613/2613 2614/2614/2614
f 2612/2612/2612 2614/2614/2614 2615/2615/2615
f 2616/2616/2616 2617/2617/2617 2618/2618/2618
f 2616/2616/2616 2618/2618/2618 2619/2619/2619
f 2620/2620/2620 2621/2621/2621 2622/2622/2622
f 2620/2620/2620 2622/2622/2622 2623/2623/2623
f 2624/2624/2624 2625/2625/2625 2626/2626/2626
f 2624/2624/2624 2626/2626/2626 2627/2627/2627
f 2628/2628/2628 2629/2629/2629 2630/2630/2630
f 2628/2628/2628 2630/2630/2630 2631/2631/2631
f 2632/2632/2632 2633/2633/2633 2634/2634/2634
f 2632/2632/2632 2634/2634/2634 2635/2635/2635
f 2636/2636/2636 2637/2637/2637 2638/2638/2638
f 2636/2636/2636 2638/2638/2638 2639/2639/2639
f 2640/2640/2640 2641/2641/2641 2642/2642/2642
f 2640/2640/2640 2642/2642/2642 2643/2643/2643
f 2644/2644/2644 2645/2645/2645 2332/2332/2332
f 2644/2644/2644 2332/2332/2332 2336/2336/2336
f 2646/2646/2646 2647/2647/2647 2648/2648/2648
f 2646/2646/2646 2648/2648/2648 2649/2649/2649
f 2650/2650/2650 2651/2651/2651 2652/2652/2652
f 2650/2650/2650 2652/2652/2652 2653/2653/2653
f 2654/2654/2654 2655/2655/2655 2656/2656/2656
f 2654/2654/2654 2656/2656/2656 2657/2657/2657
f 2658/2658/2658 2659/2659/2659 2660/2660/2660
f 2658/2658/2658 2660/2660/2660 2661/2661/2661
f 2662/2662/2662 2663/2663/2663 2664/2664/2664
f 2662/2662/2662 2664/2664/2664 2665/2665/2665
f 2666/2666/2666 2667/2667/2667 2668/2668/2668
f 2666/2666/2666 2668/2668/2668 2669/2669/2669
f 2670/2670/2670 2671/2671/2671 2672/2672/2672
f 2670/2670/2670 2672/2672/2672 2673/2673/2673
f 2674/2674/2674 2675/2675/2675 2676/2676/2676
f 2674/2674/2674 2676/2676/2676 2677/2677/2677
f 2678/2678/2678 2679/2679/2679 2335/2335/2335
f 2678/2678/2678 2335/2335/2335 2339/2339/2339
f 2680/2680/2680 2681/2681/2681 2682/2682/2682
f 2680/2680/2680 2682/2682/2682 2683/2683/2683
f 2684/2684/2684 2685/2685/2685 2686/2686/2686
f 2684/2684/2684 2686/2686/2686 2687/2687/2687
f 2688/2688/2688 2689/2689/2689 2690/2690/2690
f 2688/2688/2688 2690/2690/2690 2691/2691/2691
f 2692/2692/2692 2693/2693/2693 2694/2694/2694
f 2692/2692/2692 2694/2694/2694 2695/2695/2695
f 2696/2696/2696 2697/2697/2697 2698/2698/2698
f 2696/2696/2696 2698/2698/2698 2699/2699/2699
f 2700/2700/2700 2701/2701/2701 2702/2702/2702
f 2700/2700/2700 2702/2702/2702 2703/2703/2703
f 2704/2704/2704 2705/2705/2705 2706/2706/2706
f 2704/2704/2704 2706/2706/2706 2707/2707/2707
f 2708/2708/2708 2709/2709/2709 2710/2710/2710
f 2708/2708/2708 2710/2710/2710 2711/2711/2711
f 2712/2712/2712 2713/2713/2713 2338/2338/2338
f 2712/2712/2712 2338/2338/2338 2342/2342/2342
f 2714/2714/2714 2715/2715/2715 2716/2716/2716
f 2714/2714/2714 2716/2716/2716 2717/2717/2717
f 2718/2718/2718 2719/2719/2719 2720/2720/2720
f 2718/2718/2718 2720/2720/2720 2721/2721/2721
f 2722/2722/2722 2723/2723/2723 2724/2724/2724
f 2722/2722/2722 2724/2724/2724 2725/2725/2725
f 2726/2726/2726 2727/2727/2727 2728/2728/2728
f 2726/2726/2726 2728/2728/2728 2729/2729/2729
f 2730/2730/2730 2731/2731/2731 2732/2732/2732
f 2730/2730/2730 2732/2732/2732 2733/2733/2733
f 2734/2734/2734 2735/2735/2735 2736/2736/2736
f 2734/2734/2734 2736/2736/2736 2737/2737/2737
f 2738/2738/2738 2739/2739/2739 2740/2740/2740
f 2738/2738/2738 2740/2740/2740 2741/2741/2741
f 2742/2742/2742 2743/2743/2743 2744/2744/2744
f 2742/2742/2742 2744/2744/2744 2745/2745/2745
f 2746/2746/2746 2747/2747/2747 2748/2748/2748
f 2746/2746/2746 2748/2748/2748 2749/2749/2749
f 2750/2750/2750 2751/2751/2751 2341/2341/2341
f 2750/2750/2750 2341/2341/2341 2345/2345/2345
f 2752/2752/2752 2753/2753/2753 2754/2754/2754
f 2752/2752/2752 2754/2754/2754 2755/2755/2755
f 2756/2756/2756 2757/2757/2757 2758/2758/2758
f 2756/2756/2756 2758/2758/2758 2759/2759/2759
f 2760/2760/2760 2761/2761/2761 2762/2762/2762
f 2760/2760/2760 2762/2762/2762 2763/2763/2763
f 2764/2764/2764 2765/2765/2765 2766/2766/2766
f 2764/2764/2764 2766/2766/2766 2767/2767/2767
f 2768/2768/2768 2769/2769/2769 2770/2770/2770
f 2768/2768/2768 2770/2770/2770 2771/2771/2771
f 2772/2772/2772 2773/2773/2773 2774/2774/2774
f 2772/2772/2772 2774/2774/2774 2775/2775/2775
f 2776/2776/2776 2777/2777/2777 2778/2778/2778
f 2776/2776/2776 2778/2778/2778 2779/2779/2779
f 2780/2780/2780 2781/2781/2781 2782/2782/2782
f 2780/2780/2780 2782/2782/2782 2783/2783/2783
f 2784/2784/2784 2785/2785/2785 2786/2786/2786
f 2784/2784/2784 2786/2786/2786 2787/2787/2787
f 2788/2788/2788 2789/2789/2789 2344/2344/2344
f 2788/2788/2788 2344/2344/2344 2348/2348/2348
f 2790/2790/2790 2791/2791/2791 2792/2792/2792
f 2790/2790/2790 2792/2792/2792 2793/2793/2793
f 2794/2794/2794 2795/2795/2795 2796/2796/2796
f 2794/2794/2794 2796/2796/2796 2797/2797/2797
f 2798/2798/2798 2799/2799/2799 2800/2800/2800
f 2798/2798/2798 2800/2800/2800 2801/2801/2801
f 2802/2802/2802 2803/2803/2803 2804/2804/2804
f 2802/2802/2802 2804/2804/2804 2805/2805/2805
f 2806/2806/2806 2807/2807/2807 2808/2808/2808
f 2806/2806/2806 2808/2808/2808 2809/2809/2809
f 2810/2810/2810 2811/2811/2811 2812/2812/2812
f 2810/2810/2810 2812/2812/2812 2813/2813/2813
f 2814/2814/2814 2815/2815/2815 2816/2816/2816
f 2814/2814/2814 2816/2816/2816 2817/2817/2817
f 2818/2818/2818 2819/2819/2819 2820/2820/2820
f 2818/2818/2818 2820/2820/2820 2821/2821/2821
f 2822/2822/2822 2823/2823/2823 2824/2824/2824
f 2822/2822/2822 2824/2824/2824 2825/2825/2825
f 2826/2826/2826 2827/2827/2827 2347/2347/2347
f 2826/2826/2826 2347/2347/2347 2455/2455/2455
f 2828/2828/2828 2829/2829/2829 2830/2830/2830
f 2828/2828/2828 2830/2830/2830 2831/2831/2831
f 2832/2832/2832 2833/2833/2833 2834/2834/2834
f 2832/2832/2832 2834/2834/2834 2835/2835/2835
f 2836/2836/2836 2837/2837/2837 2838/2838/2838
f 2836/2836/2836 2838/2838/2838 2839/2839/2839
f 2840/2840/2840 2841/2841/2841 2842/2842/2842
f 2840/2840/2840 2842/2842/2842 2843/2843/2843
f 2844/2844/2844 2845/2845/2845 2846/2846/2846
f 2844/2844/2844 2846/2846/2846 2847/2847/2847
f 2848/2848/2848 2849/2849/2849 2850/2850/2850
f 2848/2848/2848 2850/2850/2850 2851/2851/2851
f 2852/2852/2852 2853/2853/2853 2854/2854/2854
f 2852/2852/2852 2854/2854/2854 2855/2855/2855
f 2856/2856/2856 2857/2857/2857 2858/2858/2858
f 2856/2856/2856 2858/2858/2858 2859/2859/2859
f 2860/2860/2860 2861/2861/2861 2862/2862/2862
f 2860/2860/2860 2862/2862/2862 2863/2863/2863
f 2864/2864/2864 2865/2865/2865 2866/2866/2866
f 2864/2864/2864 2866/2866/2866 2867/2867/2867
f 2868/2868/2868 2869/2869/2869 2870/2870/2870
f 2868/2868/2868 2870/2870/2870 2871/2871/2871
f 2872/2872/2872 2873/2873/2873 2874/2874/2874
f 2872/2872/2872 2874/2874/2874 2875/2875/2875
f 2876/2876/2876 2877/2877/2877 2878/2878/2878
f 2876/2876/2876 2878/2878/2878 2879/2879/2879
f 2880/2880/2880 2881/2881/2881 2882/2882/2882
f 2880/2880/2880 2882/2882/2882 2883/2883/2883
f 2884/2884/2884 2885/2885/2885 2886/2886/2886
f 2884/2884/2884 2886/2886/2886 2887/2887/2887
f 2888/2888/2888 2889/2889/2889 2890/2890/2890
f 2888/2888/2888 2890/2890/2890 2891/2891/2891
f 2892/2892/2892 2893/2893/2893 2358/2358/2358
f 2892/2892/2892 2358/2358/2358 2353/2353/2353
f 2894/2894/2894 2895/2895/2895 2896/2896/2896
f 2894/2894/2894 2896/2896/2896 2897/2897/2897
f 2898/2898/2898 2899/2899/2899 2900/2900/2900
f 2898/2898/2898 2900/2900/2900 2901/2901/2901
f 2902/2902/2902 2903/2903/2903 2904/2904/2904
f 2902/2902/2902 2904/2904/2904 2905/2905/2905
f 2906/2906/2906 2907/2907/2907 2908/2908/2908
f 2906/2906/2906 2908/2908/2908 2909/2909/2909
f 2910/2910/2910 2911/2911/2911 2912/2912/2912
f 2910/2910/2910 2912/2912/2912 2913/2913/2913
f 2914/2914/2914 2915/2915/2915 2916/2916/2916
f 2914/2914/2914 2916/2916/2916 2917/2917/2917
f 2918/2918/2918 2919/2919/2919 2920/2920/2920
f 2918/2918/2918 2920/2920/2920 2921/2921/2921
f 2922/2922/2922 2923/2923/2923 2361/2361/2361
f 2922/2922/2922 2361/2361/2361 2356/2356/2356
f 2924/2924/2924 2925/2925/2925 2926/2926/2926
f 2924/2924/2924 2926/2926/2926 2927/2927/2927
f 2928/2928/2928 2929/2929/2929 2930/2930/2930
f 2928/2928/2928 2930/2930/2930 2931/2931/2931
f 2932/2932/2932 2933/2933/2933 2934/2934/2934
f 2932/2932/2932 2934/2934/2934 2935/2935/2935
f 2936/2936/2936 2937/2937/2937 2938/2938/2938
f 2936/2936/2936 2938/2938/2938 2939/2939/2939
f 2940/2940/2940 2941/2941/2941 2942/2942/2942
f 2940/2940/2940 2942/2942/2942 2943/2943/2943
f 2944/2944/2944 2945/2945/2945 2946/2946/2946
f 2944/2944/2944 2946/2946/2946 2947/2947/2947
f 2948/2948/2948 2949/2949/2949 2950/2950/2950
f 2948/2948/2948 2950/2950/2950 2951/2951/2951
f 2952/2952/2952 2953/2953/2953 2364/2364/2364
f 2952/2952/2952 2364/2364/2364 2359/2359/2359
f 2954/2954/2954 2955/2955/2955 2956/2956/2956
f 2954/2954/2954 2956/2956/2956 2957/2957/2957
f 2958/2958/2958 2959/2959/2959 2960/2960/2960
f 2958/2958/2958 2960/2960/2960 2961/2961/2961
f 2962/2962/2962 2963/2963/2963 2964/2964/2964
f 2962/2962/2962 2964/2964/2964 2965/2965/2965
f 2966/2966/2966 2967/2967/2967 2968/2968/2968
f 2966/2966/2966 2968/2968/2968 2969/2969/2969
f 2970/2970/2970 2971/2971/2971 2972/2972/2972
f 2970/2970/2970 2972/2972/2972 2973/2973/2973
f 2974/2974/2974 2975/2975/2975 2976/2976/2976
f 2974/2974/2974 2976/2976/2976 2977/2977/2977
f 2978/2978/2978 2979/2979/2979 2980/2980/2980
f 2978/2978/2978 2980/2980/2980 2981/2981/2981
f 2982/2982/2982 2983/2983/2983 2367/2367/2367
f 2982/2982/2982 2367/2367/2367 2362/2362/2362
f 2984/2984/2984 2985/2985/2985 2986/2986/2986
f 2984/2984/2984 2986/2986/2986 2987/2987/2987
f 2988/2988/2988 2989/2989/2989 2990/2990/2990
f 2988/2988/2988 2990/2990/2990 2991/2991/2991
f 2992/2992/2992 2993/2993/2993 2994/2994/2994
f 2992/2992/2992 2994/2994/2994 2995/2995/2995
f 2996/2996/2996 2997/2997/2997 2998/2998/2998
f 2996/2996/2996 2998/2998/2998 2999/2999/2999
f 3000/3000/3000 3001/3001/3001 3002/3002/3002
f 3000/3000/3000 3002/3002/3002 3003/3003/3003
f 3004/3004/3004 3005/3005/3005 3006/3006/3006
f 3004/3004/3004 3006/3006/3006 3007/3007/3007
f 3008/3008/3008 3009/3009/3009 3010/3010/3010
f 3008/3008/3008 3010/3010/3010 3011/3011/3011
f 3012/3012/3012 3013/3013/3013 2370/2370/2370
f 3012/3012/3012 2370/2370/2370 2365/2365/2365
f 3014/3014/3014 3015/3015/3015 3016/3016/3016
f 3014/3014/3014 3016/3016/3016 3017/3017/3017
f 3018/3018/3018 3019/3019/3019 3020/3020/3020
f 3018/3018/3018 3020/3020/3020 3021/3021/3021
f 3022/3022/3022 3023/3023/3023 3024/3024/3024
f 3022/3022/3022 3024/3024/3024 3025/3025/3025
f 3026/3026/3026 3027/3027/3027 3028/3028/3028
f 3026/3026/3026 3028/3028/3028 3029/3029/3029
f 3030/3030/3030 3031/3031/3031 3032/3032/3032
f 3030/3030/3030 3032/3032/3032 3033/3033/3033
f 3034/3034/3034 3035/3035/3035 3036/3036/3036
f 3034/3034/3034 3036/3036/3036 3037/3037/3037
f 3038/3038/3038 3039/3039/3039 2373/2373/2373
f 3038/3038/3038 2373/2373/2373 2368/2368/2368
f 3040/3040/3040 3041/3041/3041 3042/3042/3042
f 3040/3040/3040 3042/3042/3042 3043/3043/3043
f 3044/3044/3044 3045/3045/3045 3046/3046/3046
f 3044/3044/3044 3046/3046/3046 3047/3047/3047
f 3048/3048/3048 3049/3049/3049 3050/3050/3050
f 3048/3048/3048 3050/3050/3050 3051/3051/3051
f 3052/3052/3052 3053/3053/3053 3054/3054/3054
f 3052/3052/3052 3054/3054/3054 3055/3055/3055
f 3056/3056/3056 3057/3057/3057 3058/3058/3058
f 3056/3056/3056 3058/3058/3058 3059/3059/3059
f 3060/3060/3060 3061/3061/3061 3062/3062/3062
f 3060/3060/3060 3062/3062/3062 3063/3063/3063
f 3064/3064/3064 3065/3065/3065 3066/3066/3066
f 3064/3064/3064 3066/3066/3066 3067/3067/3067
f 3068/3068/3068 3069/3069/3069 3070/3070/3070
f 3068/3068/3068 3070/3070/3070 3071/3071/3071
f 3072/3072/3072 3073/3073/3073 2376/2376/2376
f 3072/3072/3072 2376/2376/2376 2371/2371/2371
f 3074/3074/3074 3075/3075/3075 3076/3076/3076
f 3074/3074/3074 3076/3076/3076 3077/3077/3077
f 3078/3078/3078 3079/3079/3079 3080/3080/3080
f 3078/3078/3078 3080/3080/3080 3081/3081/3081
f 3082/3082/3082 3083/3083/3083 3084/3084/3084
f 3082/3082/3082 3084/3084/3084 3085/3085/3085
f 3086/3086/3086 3087/3087/3087 3088/3088/3088
f 3086/3086/3086 3088/3088/3088 3089/3089/3089
f 3090/3090/3090 3091/3091/3091 3092/3092/3092
f 3090/3090/3090 3092/3092/3092 3093/3093/3093
f 3094/3094/3094 3095/3095/3095 3096/3096/3096
f 3094/3094/3094 3096/3096/3096 3097/3097/3097
f 3098/3098/3098 3099/3099/3099 3100/3100/3100
f 3098/3098/3098 3100/3100/3100 3101/3101/3101
f 3102/3102/3102 3103/3103/3103 3104/3104/3104
f 3102/3102/3102 3104/3104/3104 3105/3105/3105
f 3106/3106/3106 3107/3107/3107 2379/2379/2379
f 3106/3106/3106 2379/2379/2379 2374/2374/2374
f 3108/3108/3108 3109/3109/3109 3110/3110/3110
f 3108/3108/3108 3110/3110/3110 3111/3111/3111
f 3112/3112/3112 3113/3113/3113 3114/3114/3114
f 3112/3112/3112 3114/3114/3114 3115/3115/3115
f 3116/3116/3116 3117/3117/3117 3118/3118/3118
f 3116/3116/3116 3118/3118/3118 3119/3119/3119
f 3120/3120/3120 3121/3121/3121 3122/3122/3122
f 3120/3120/3120 3122/3122/3122 3123/3123/3123
f 3124/3124/3124 3125/3125/3125 3126/3126/3126
f 3124/3124/3124 3126/3126/3126 3127/3127/3127
f 3128/3128/3128 3129/3129/3129 3130/3130/3130
f 3128/3128/3128 3130/3130/3130 3131/3131/3131
f 3132/3132/3132 3133/3133/3133 3134/3134/3134
f 3132/3132/3132 3134/3134/3134 3135/3135/3135
f 3136/3136/3136 3137/3137/3137 3138/3138/3138
f 3136/3136/3136 3138/3138/3138 3139/3139/3139
f 3140/3140/3140 3141/3141/3141 2382/2382/2382
f 3140/3140/3140 2382/2382/2382 2377/2377/2377
f 3142/3142/3142 3143/3143/3143 3144/3144/3144
f 3142/3142/3142 3144/3144/3144 3145/3145/3145
f 3146/3146/3146 3147/3147/3147 3148/3148/3148
f 3146/3146/3146 3148/3148/3148 3149/3149/3149
f 3150/3150/3150 3151/3151/3151 3152/3152/3152
f 3150/3150/3150 3152/3152/3152 3153/3153/3153
f 3154/3154/3154 3155/3155/3155 3156/3156/3156
f 3154/3154/3154 3156/3156/3156 3157/3157/3157
f 3158/3158/3158 3159/3159/3159 3160/3160/3160
f 3158/3158/3158 3160/3160/3160 3161/3161/3161
f 3162/3162/3162 3163/3163/3163 3164/3164/3164
f 3162/3162/3162 3164/3164/3164 3165/3165/3165
f 3166/3166/3166 3167/3167/3167 3168/3168/3168
f 3166/3166/3166 3168/3168/3168 3169/3169/3169
f 3170/3170/3170 3171/3171/3171 2385/2385/2385
f 3170/3170/3170 2385/2385/2385 2380/2380/2380
f 3172/3172/3172 3173/3173/3173 3174/3174/3174
f 3172/3172/3172 3174/3174/3174 3175/3175/3175
f 3176/3176/3176 3177/3177/3177 3178/3178/3178
f 3176/3176/3176 3178/3178/3178 3179/3179/3179
f 3180/3180/3180 3181/3181/3181 3182/3182/3182
f 3180/3180/3180 3182/3182/3182 3183/3183/3183
f 3184/3184/3184 3185/3185/3185 3186/3186/3186
f 3184/3184/3184 3186/3186/3186 3187/3187/3187
f 3188/3188/3188 3189/3189/3189 3190/3190/3190
f 3188/3188/3188 3190/3190/3190 3191/3191/3191
f 3192/3192/3192 3193/3193/3193 3194/3194/3194
f 3192/3192/3192 3194/3194/3194 3195/3195/3195
f 3196/3196/3196 3197/3197/3197 3198/3198/3198
f 3196/3196/3196 3198/3198/3198 3199/3199/3199
f 3200/3200/3200 3201/3201/3201 2350/2350/2350
f 3200/3200/3200 2350/2350/2350 2317/2317/2317
f 3202/3202/3202 3203/3203/3203 3204/3204/3204
f 3202/3202/3202 3204/3204/3204 3205/3205/3205
f 3206/3206/3206 3207/3207/3207 3208/3208/3208
f 3206/3206/3206 3208/3208/3208 3209/3209/3209
f 3210/3210/3210 3211/3211/3211 3212/3212/3212
f 3210/3210/3210 3212/3212/3212 3213/3213/3213
f 3214/3214/3214 3215/3215/3215 3216/3216/3216
f 3214/3214/3214 3216/3216/3216 3217/3217/3217
f 3218/3218/3218 3219/3219/3219 3220/3220/3220
f 3218/3218/3218 3220/3220/3220 3221/3221/3221
f 3222/3222/3222 3223/3223/3223 3224/3224/3224
f 3222/3222/3222 3224/3224/3224 3225/3225/3225
f 3226/3226/3226 3227/3227/3227 3228/3228/3228
f 3226/3226/3226 3228/3228/3228 3229/3229/3229
f 3230/3230/3230 3231/3231/3231 3232/3232/3232
f 3230/3230/3230 3232/3232/3232 3233/3233/3233
f 3234/3234/3234 3235/3235/3235 2320/2320/2320
f 3234/3234/3234 2320/2320/2320 2324/2324/2324
f 3236/3236/3236 3237/3237/3237 3238/3238/3238
f 3236/3236/3236 3238/3238/3238 3239/3239/3239
f 3240/3240/3240 3241/3241/3241 3242/3242/3242
f 3240/3240/3240 3242/3242/3242 3243/3243/3243
f 3244/3244/3244 3245/3245/3245 3246/3246/3246
f 3244/3244/3244 3246/3246/3246 3247/3247/3247
f 3248/3248/3248 3249/3249/3249 3250/3250/3250
f 3248/3248/3248 3250/3250/3250 3251/3251/3251
f 3252/3252/3252 3253/3253/3253 3254/3254/3254
f 3252/3252/3252 3254/3254/3254 3255/3255/3255
f 3256/3256/3256 3257/3257/3257 3258/3258/3258
f 3256/3256/3256 3258/3258/3258 3259/3259/3259
f 3260/3260/3260 3261/3261/3261 3262/3262/3262
f 3260/3260/3260 3262/3262/3262 3263/3263/3263
f 3264/3264/3264 3265/3265/3265 3266/3266/3266
f 3264/3264/3264 3266/3266/3266 3267/3267/3267
f 3268/3268/3268 3269/3269/3269 3270/3270/3270
f 3268/3268/3268 3270/3270/3270 3271/3271/3271
f 3272/3272/3272 3273/3273/3273 3274/3274/3274
f 3272/3272/3272 3274/3274/3274 3275/3275/3275
f 3276/3276/3276 3277/3277/3277 3278/3278/3278
f 3276/3276/3276 3278/3278/3278 3279/3279/3279
f 3280/3280/3280 3281/3281/3281 3282/3282/3282
f 3280/3280/3280 3282/3282/3282 3283/3283/3283
f 3284/3284/3284 3285/3285/3285 3286/3286/3286
f 3284/3284/3284 3286/3286/3286 3287/3287/3287
f 3288/3288/3288 3289/3289/3289 3290/3290/3290
f 3288/3288/3288 3290/3290/3290 3291/3291/3291
f 3292/3292/3292 3293/3293/3293 3294/3294/3294
f 3292/3292/3292 3294/3294/3294 3295/3295/3295
f 3296/3296/3296 3297/3297/3297 3298/3298/3298
f 3296/3296/3296 3298/3298/3298 3299/3299/3299
f 3300/3300/3300 3301/3301/3301 3302/3302/3302
f 3300/3300/3300 3302/3302/3302 3303/3303/3303
f 3304/3304/3304 3305/3305/3305 2391/2391/2391
f 3304/3304/3304 2391/2391/2391 2387/2387/2387
f 3306/3306/3306 3307/3307/3307 3308/3308/3308
f 3306/3306/3306 3308/3308/3308 3309/3309/3309
f 3310/3310/3310 3311/3311/3311 3312/3312/3312
f 3310/3310/3310 3312/3312/3312 3313/3313/3313
f 3314/3314/3314 3315/3315/3315 3316/3316/3316
f 3314/3314/3314 3316/3316/3316 3317/3317/3317
f 3318/3318/3318 3319/3319/3319 3320/3320/3320
f 3318/3318/3318 3320/3320/3320 3321/3321/3321
f 3322/3322/3322 3323/3323/3323 3324/3324/3324
f 3322/3322/3322 3324/3324/3324 3325/3325/3325
f 3326/3326/3326 3327/3327/3327 3328/3328/3328
f 3326/3326/3326 3328/3328/3328 3329/3329/3329
f 3330/3330/3330 3331/3331/3331 3332/3332/3332
f 3330/3330/3330 3332/3332/3332 3333/3333/3333
f 3334/3334/3334 3335/3335/3335 3336/3336/3336
f 3334/3334/3334 3336/3336/3336 3337/3337/3337
f 3338/3338/3338 3339/3339/3339 3340/3340/3340
f 3338/3338/3338 3340/3340/3340 3341/3341/3341
f 3342/3342/3342 3343/3343/3343 3344/3344/3344
f 3342/3342/3342 3344/3344/3344 3345/3345/3345
f 3346/3346/3346 3347/3347/3347 2398/2398/2398
f 3346/3346/3346 2398/2398/2398 2402/2402/2402
f 3348/3348/3348 3349/3349/3349 3350/3350/3350
f 3348/3348/3348 3350/3350/3350 3351/3351/3351
f 3352/3352/3352 3353/3353/3353 3354/3354/3354
f 3352/3352/3352 3354/3354/3354 3355/3355/3355
f 3356/3356/3356 3357/3357/3357 3358/3358/3358
f 3356/3356/3356 3358/3358/3358 3359/3359/3359
f 3360/3360/3360 3361/3361/3361 3362/3362/3362
f 3360/3360/3360 3362/3362/3362 3363/3363/3363
f 3364/3364/3364 3365/3365/3365 3366/3366/3366
f 3364/3364/3364 3366/3366/3366 3367/3367/3367
f 3368/3368/3368 3369/3369/3369 3370/3370/3370
f 3368/3368/3368 3370/3370/3370 3371/3371/3371
f 3372/3372/3372 3373/3373/3373 3374/3374/3374
f 3372/3372/3372 3374/3374/3374 3375/3375/3375
f 3376/3376/3376 3377/3377/3377 3378/3378/3378
f 3376/3376/3376 3378/3378/3378 3379/3379/3379
f 3380/3380/3380 3381/3381/3381 3382/3382/3382
f 3380/3380/3380 3382/3382/3382 3383/3383/3383
f 3384/3384/3384 3385/3385/3385 3386/3386/3386
f 3384/3384/3384 3386/3386/3386 3387/3387/3387
f 3388/3388/3388 3389/3389/3389 2401/2401/2401
f 3388/3388/3388 2401/2401/2401 2405/2405/2405
f 3390/3390/3390 3391/3391/3391 3392/3392/3392
f 3390/3390/3390 3392/3392/3392 3393/3393/3393
f 3394/3394/3394 3395/3395/3395 3396/3396/3396
f 3394/3394/3394 3396/3396/3396 3397/3397/3397
f 3398/3398/3398 3399/3399/3399 3400/3400/3400
f 3398/3398/3398 3400/3400/3400 3401/3401/3401
f 3402/3402/3402 3403/3403/3403 3404/3404/3404
f 3402/3402/3402 3404/3404/3404 3405/3405/3405
f 3406/3406/3406 3407/3407/3407 3408/3408/3408
f 3406/3406/3406 3408/3408/3408 3409/3409/3409
f 3410/3410/3410 3411/3411/3411 3412/3412/3412
f 3410/3410/3410 3412/3412/3412 3413/3413/3413
f 3414/3414/3414 3415/3415/3415 3416/3416/3416
f 3414/3414/3414 3416/3416/3416 3417/3417/3417
f 3418/3418/3418 3419/3419/3419 3420/3420/3420
f 3418/3418/3418 3420/3420/3420 3421/3421/3421
f 3422/3422/3422 3423/3423/3423 2404/2404/2404
f 3422/3422/3422 2404/2404/2404 2408/2408/2408
f 3424/3424/3424 3425/3425/3425 3426/3426/3426
f 3424/3424/3424 3426/3426/3426 3427/3427/3427
f 3428/3428/3428 3429/3429/3429 3430/3430/3430
f 3428/3428/3428 3430/3430/3430 3431/3431/3431
f 3432/3432/3432 3433/3433/3433 3434/3434/3434
f 3432/3432/3432 3434/3434/3434 3435/3435/3435
f 3436/3436/3436 3437/3437/3437 3438/3438/3438
f 3436/3436/3436 3438/3438/3438 3439/3439/3439
f 3440/3440/3440 3441/3441/3441 3442/3442/3442
f 3440/3440/3440 3442/3442/3442 3443/3443/3443
f 3444/3444/3444 3445/3445/3445 3446/3446/3446
f 3444/3444/3444 3446/3446/3446 3447/3447/3447
f 3448/3448/3448 3449/3449/3449 3450/3450/3450
f 3448/3448/3448 3450/3450/3450 3451/3451/3451
f 3452/3452/3452 3453/3453/3453 2407/2407/2407
f 3452/3452/3452 2407/2407/2407 2411/2411/2411
f 3454/3454/3454 3455/3455/3455 3456/3456/3456
f 3454/3454/3454 3456/3456/3456 3457/3457/3457
f 3458/3458/3458 3459/3459/3459 3460/3460/3460
f 3458/3458/3458 3460/3460/3460 3461/3461/3461
f 3462/3462/3462 3463/3463/3463 3464/3464/3464
f 3462/3462/3462 3464/3464/3464 3465/3465/3465
f 3466/3466/3466 3467/3467/3467 3468/3468/3468
f 3466/3466/3466 3468/3468/3468 3469/3469/3469
f 3470/3470/3470 3471/3471/3471 3472/3472/3472
f 3470/3470/3470 3472/3472/3472 3473/3473/3473
f 3474/3474/3474 3475/3475/3475 3476/3476/3476
f 3474/3474/3474 3476/3476/3476 3477/3477/3477
f 3478/3478/3478 3479/3479/3479 3480/3480/3480
f 3478/3478/3478 3480/3480/3480 3481/3481/3481
f 3482/3482/3482 3483/3483/3483 3484/3484/3484
f 3482/3482/3482 3484/3484/3484 3485/3485/3485
f 3486/3486/3486 3487/3487/3487 3488/3488/3488
f 3486/3486/3486 3488/3488/3488 3489/3489/3489
f 3490/3490/3490 3491/3491/3491 2410/2410/2410
f 3490/3490/3490 2410/2410/2410 2414/2414/2414
f 3492/3492/3492 3493/3493/3493 3494/3494/3494
f 3492/3492/3492 3494/3494/3494 3495/3495/3495
f 3496/3496/3496 3497/3497/3497 3498/3498/3498
f 3496/3496/3496 3498/3498/3498 3499/3499/3499
f 3500/3500/3500 3501/3501/3501 3502/3502/3502
f 3500/3500/3500 3502/3502/3502 3503/3503/3503
f 3504/3504/3504 3505/3505/3505 3506/3506/3506
f 3504/3504/3504 3506/3506/3506 3507/3507/3507
f 3508/3508/3508 3509/3509/3509 3510/3510/3510
f 3508/3508/3508 3510/3510/3510 3511/3511/3511
f 3512/3512/3512 3513/3513/3513 3514/3514/3514
f 3512/3512/3512 3514/3514/3514 3515/3515/3515
f 3516/3516/3516 3517/3517/3517 3518/3518/3518
f 3516/3516/3516 3518/3518/3518 3519/3519/3519
f 3520/3520/3520 3521/3521/3521 3522/3522/3522
f 3520/3520/3520 3522/3522/3522 3523/3523/3523
f 3524/3524/3524 3525/3525/3525 3526/3526/3526
f 3524/3524/3524 3526/3526/3526 3527/3527/3527
f 3528/3528/3528 3529/3529/3529 2413/2413/2413
f 3528/3528/3528 2413/2413/2413 2417/2417/2417
f 3530/3530/3530 3531/3531/3531 3532/3532/3532
f 3530/3530/3530 3532/3532/3532 3533/3533/3533
f 3534/3534/3534 3535/3535/3535 3536/3536/3536
f 3534/3534/3534 3536/3536/3536 3537/3537/3537
f 3538/3538/3538 3539/3539/3539 3540/3540/3540
f 3538/3538/3538 3540/3540/3540 3541/3541/3541
f 3542/3542/3542 3543/3543/3543 3544/3544/3544
f 3542/3542/3542 3544/3544/3544 3545/3545/3545
f 3546/3546/3546 3547/3547/3547 3548/3548/3548
f 3546/3546/3546 3548/3548/3548 3549/3549/3549
f 3550/3550/3550 3551/3551/3551 3552/3552/3552
f 3550/3550/3550 3552/3552/3552 3553/3553/3553
f 3554/3554/3554 3555/3555/3555 3556/3556/3556
f 3554/3554/3554 3556/3556/3556 3557/3557/3557
f 3558/3558/3558 3559/3559/3559 3560/3560/3560
f 3558/3558/3558 3560/3560/3560 3561/3561/3561
f 3562/3562/3562 3563/3563/3563 3564/3564/3564
f 3562/3562/3562 3564/3564/3564 3565/3565/3565
f 3566/3566/3566 3567/3567/3567 3568/3568/3568
f 3566/3566/3566 3568/3568/3568 3569/3569/3569
f 3570/3570/3570 3571/3571/3571 3572/3572/3572
f 3570/3570/3570 3572/3572/3572 3573/3573/3573
f 3574/3574/3574 3575/3575/3575 3576/3576/3576
f 3574/3574/3574 3576/3576/3576 3577/3577/3577
f 3578/3578/3578 3579/3579/3579 3580/3580/3580
f 3578/3578/3578 3580/3580/3580 3581/3581/3581
f 3582/3582/3582 3583/3583/3583 3584/3584/3584
f 3582/3582/3582 3584/3584/3584 3585/3585/3585
f 3586/3586/3586 3587/3587/3587 3588/3588/3588
f 3586/3586/3586 3588/3588/3588 3589/3589/3589
f 3590/3590/3590 3591/3591/3591 3592/3592/3592
f 3590/3590/3590 3592/3592/3592 3593/3593/3593
f 3594/3594/3594 3595/3595/3595 3596/3596/3596
f 3594/3594/3594 3596/3596/3596 3597/3597/3597
f 3598/3598/3598 3599/3599/3599 2427/2427/2427
f 3598/3598/3598 2427/2427/2427 2423/2423/2423
f 3600/3600/3600 3601/3601/3601 3602/3602/3602
f 3600/3600/3600 3602/3602/3602 3603/3603/3603
f 3604/3604/3604 3605/3605/3605 3606/3606/3606
f 3604/3604/3604 3606/3606/3606 3607/3607/3607
f 3608/3608/3608 3609/3609/3609 3610/3610/3610
f 3608/3608/3608 3610/3610/3610 3611/3611/3611
f 3612/3612/3612 3613/3613/3613 3614/3614/3614
f 3612/3612/3612 3614/3614/3614 3615/3615/3615
f 3616/3616/3616 3617/3617/3617 3618/3618/3618
f 3616/3616/3616 3618/3618/3618 3619/3619/3619
f 3620/3620/3620 3621/3621/3621 3622/3622/3622
f 3620/3620/3620 3622/3622/3622 3623/3623/3623
f 3624/3624/3624 3625/3625/3625 2419/2419/2419
f 3624/3624/3624 2419/2419/2419 2383/2383/2383
f 3626/3626/3626 3627/3627/3627 3628/3628/3628
f 3626/3626/3626 3628/3628/3628 3629/3629/3629
f 3630/3630/3630 3631/3631/3631 3632/3632/3632
f 3630/3630/3630 3632/3632/3632 3633/3633/3633
f 3634/3634/3634 3635/3635/3635 3636/3636/3636
f 3634/3634/3634 3636/3636/3636 3637/3637/3637
f 3638/3638/3638 3639/3639/3639 3640/3640/3640
f 3638/3638/3638 3640/3640/3640 3641/3641/3641
f 3642/3642/3642 3643/3643/3643 3644/3644/3644
f 3642/3642/3642 3644/3644/3644 3645/3645/3645
f 3646/3646/3646 3647/3647/3647 3648/3648/3648
f 3646/3646/3646 3648/3648/3648 3649/3649/3649
f 3650/3650/3650 3651/3651/3651 3652/3652/3652
f 3650/3650/3650 3652/3652/3652 3653/3653/3653
f 3654/3654/3654 3655/3655/3655 2386/2386/2386
f 3654/3654/3654 2386/2386/2386 2393/2393/2393
f 3656/3656/3656 3657/3657/3657 3658/3658/3658
f 3656/3656/3656 3658/3658/3658 3659/3659/3659
f 3660/3660/3660 3661/3661/3661 3662/3662/3662
f 3660/3660/3660 3662/3662/3662 3663/3663/3663
f 3664/3664/3664 3665/3665/3665 3666/3666/3666
f 3664/3664/3664 3666/3666/3666 3667/3667/3667
f 3668/3668/3668 3669/3669/3669 3670/3670/3670
f 3668/3668/3668 3670/3670/3670 3671/3671/3671
f 3672/3672/3672 3673/3673/3673 3674/3674/3674
f 3672/3672/3672 3674/3674/3674 3675/3675/3675
f 3676/3676/3676 3677/3677/3677 3678/3678/3678
f 3676/3676/3676 3678/3678/3678 3679/3679/3679
f 3680/3680/3680 3681/3681/3681 3682/3682/3682
f 3680/3680/3680 3682/3682/3682 3683/3683/3683
f 3684/3684/3684 3685/3685/3685 3686/3686/3686
f 3684/3684/3684 3686/3686/3686 3687/3687/3687
f 3688/3688/3688 3689/3689/3689 3690/3690/3690
f 3688/3688/3688 3690/3690/3690 3691/3691/3691
f 3692/3692/3692 3693/3693/3693 3694/3694/3694
f 3692/3692/3692 3694/3694/3694 3695/3695/3695
f 3696/3696/3696 3697/3697/3697 3698/3698/3698
f 3696/3696/3696 3698/3698/3698 3699/3699/3699
f 3700/3700/3700 3701/3701/3701 3702/3702/3702
f 3700/3700/3700 3702/3702/3702 3703/3703/3703
f 3704/3704/3704 3705/3705/3705 3706/3706/3706
f 3704/3704/3704 3706/3706/3706 3707/3707/3707
f 3708/3708/3708 3709/3709/3709 3710/3710/3710
f 3708/3708/3708 3710/3710/3710 3711/3711/3711
f 3712/3712/3712 3713/3713/3713 3714/3714/3714
f 3712/3712/3712 3714/3714/3714 3715/3715/3715
f 3716/3716/3716 3717/3717/3717 2433/2433/2433
f 3716/3716/3716 2433/2433/2433 2428/2428/2428
f 3718/3718/3718 3719/3719/3719 3720/3720/3720
f 3718/3718/3718 3720/3720/3720 3721/3721/3721
f 3722/3722/3722 3723/3723/3723 3724/3724/3724
f 3722/3722/3722 3724/3724/3724 3725/3725/3725
f 3726/3726/3726 3727/3727/3727 3728/3728/3728
f 3726/3726/3726 3728/3728/3728 3729/3729/3729
f 3730/3730/3730 3731/3731/3731 3732/3732/3732
f 3730/3730/3730 3732/3732/3732 3733/3733/3733
f 3734/3734/3734 3735/3735/3735 3736/3736/3736
f 3734/3734/3734 3736/3736/3736 3737/3737/3737
f 3738/3738/3738 3739/3739/3739 3740/3740/3740
f 3738/3738/3738 3740/3740/3740 3741/3741/3741
f 3742/3742/3742 3743/3743/3743 3744/3744/3744
f 3742/3742/3742 3744/3744/3744 3745/3745/3745
f 3746/3746/3746 3747/3747/3747 3748/3748/3748
f 3746/3746/3746 3748/3748/3748 3749/3749/3749
f 3750/3750/3750 3751/3751/3751 3752/3752/3752
f 3750/3750/3750 3752/3752/3752 3753/3753/3753
f 3754/3754/3754 3755/3755/3755 3756/3756/3756
f 3754/3754/3754 3756/3756/3756 3757/3757/3757
f 3758/3758/3758 3759/3759/3759 3760/3760/3760
f 3758/3758/3758 3760/3760/3760 3761/3761/3761
f 3762/3762/3762 3763/3763/3763 3764/3764/3764
f 3762/3762/3762 3764/3764/3764 3765/3765/3765
f 3766/3766/3766 3767/3767/3767 3768/3768/3768
f 3766/3766/3766 3768/3768/3768 3769/3769/3769
f 3770/3770/3770 3771/3771/3771 3772/3772/3772
f 3770/3770/3770 3772/3772/3772 3773/3773/3773
f 3774/3774/3774 3775/3775/3775 3776/3776/3776
f 3774/3774/3774 3776/3776/3776 3777/3777/3777
f 3778/3778/3778 3779/3779/3779 3780/3780/3780
f 3778/3778/3778 3780/3780/3780 3781/3781/3781
f 3782/3782/3782 3783/3783/3783 3784/3784/3784
f 3782/3782/3782 3784/3784/3784 3785/3785/3785
f 3786/3786/3786 3787/3787/3787 3788/3788/3788
f 3786/3786/3786 3788/3788/3788 3789/3789/3789
f 3790/3790/3790 3791/3791/3791 3792/3792/3792
f 3790/3790/3790 3792/3792/3792 3793/3793/3793
f 3794/3794/3794 3795/3795/3795 3796/3796/3796
f 3794/3794/3794 3796/3796/3796 3797/3797/3797
f 3798/3798/3798 3799/3799/3799 3800/3800/3800
f 3798/3798/3798 3800/3800/3800 3801/3801/3801
f 3802/3802/3802 3803/3803/3803 3804/3804/3804
f 3802/3802/3802 3804/3804/3804 3805/3805/3805
f 3806/3806/3806 3807/3807/3807 3808/3808/3808
f 3806/3806/3806 3808/3808/3808 3809/3809/3809
f 3810/3810/3810 3811/3811/3811 3812/3812/3812
f 3810/3810/3810 3812/3812/3812 3813/3813/3813
f 3814/3814/3814 3815/3815/3815 3816/3816/3816
f 3814/3814/3814 3816/3816/3816 3817/3817/3817
f 3818/3818/3818 3819/3819/3819 3820/3820/3820
f 3818/3818/3818 3820/3820/3820 3821/3821/3821
f 3822/3822/3822 3823/3823/3823 3824/3824/3824
f 3822/3822/3822 3824/3824/3824 3825/3825/3825
f 3826/3826/3826 3827/3827/3827 3828/3828/3828
f 3826/3826/3826 3828/3828/3828 3829/3829/3829
f 3830/3830/3830 3831/3831/3831 3832/3832/3832
f 3830/3830/3830 3832/3832/3832 3833/3833/3833
f 3834/3834/3834 3835/3835/3835 3836/3836/3836
f 3834/3834/3834 3836/3836/3836 3837/3837/3837
f 3838/3838/3838 3839/3839/3839 3840/3840/3840
f 3838/3838/3838 3840/3840/3840 3841/3841/3841
f 3842/3842/3842 3843/3843/3843 3844/3844/3844
f 3842/3842/3842 3844/3844/3844 3845/3845/3845
f 3846/3846/3846 3847/3847/3847 3848/3848/3848
f 3846/3846/3846 3848/3848/3848 3849/3849/3849
f 3850/3850/3850 3851/3851/3851 3852/3852/3852
f 3850/3850/3850 3852/3852/3852 3853/3853/3853
f 3854/3854/3854 3855/3855/3855 3856/3856/3856
f 3854/3854/3854 3856/3856/3856 3857/3857/3857
f 3858/3858/3858 3859/3859/3859 3860/3860/3860
f 3858/3858/3858 3860/3860/3860 3861/3861/3861
f 3862/3862/3862 3863/3863/3863 3864/3864/3864
f 3862/3862/3862 3864/3864/3864 3865/3865/3865
f 3866/3866/3866 3867/3867/3867 3868/3868/3868
f 3866/3866/3866 3868/3868/3868 3869/3869/3869
f 3870/3870/3870 3871/3871/3871 3872/3872/3872
f 3870/3870/3870 3872/3872/3872 3873/3873/3873
f 3874/3874/3874 3875/3875/3875 3876/3876/3876
f 3874/3874/3874 3876/3876/3876 3877/3877/3877
f 3878/3878/3878 3879/3879/3879 3880/3880/3880
f 3878/3878/3878 3880/3880/3880 3881/3881/3881
f 3882/3882/3882 3883/3883/3883 3884/3884/3884
f 3882/3882/3882 3884/3884/3884 3885/3885/3885
f 3886/3886/3886 3887/3887/3887 3888/3888/3888
f 3886/3886/3886 3888/3888/3888 3889/3889/3889
f 3890/3890/3890 3891/3891/3891 3892/3892/3892
f 3890/3890/3890 3892/3892/3892 3893/3893/3893
f 3894/3894/3894 3895/3895/3895 3896/3896/3896
f 3894/3894/3894 3896/3896/3896 3897/3897/3897
f 3898/3898/3898 3899/3899/3899 3900/3900/3900
f 3898/3898/3898 3900/3900/3900 3901/3901/3901
f 3902/3902/3902 3903/3903/3903 3904/3904/3904
f 3902/3902/3902 3904/3904/3904 3905/3905/3905
f 3906/3906/3906 3907/3907/3907 3908/3908/3908
f 3906/3906/3906 3908/3908/3908 3909/3909/3909
f 3910/3910/3910 3911/3911/3911 3912/3912/3912
f 3910/3910/3910 3912/3912/3912 3913/3913/3913
f 3914/3914/3914 3915/3915/3915 3916/3916/3916
f 3914/3914/3914 3916/3916/3916 3917/3917/3917
f 3918/3918/3918 3919/3919/3919 3920/3920/3920
f 3918/3918/3918 3920/3920/3920 3921/3921/3921
f 3922/3922/3922 3923/3923/3923 3924/3924/3924
f 3922/3922/3922 3924/3924/3924 3925/3925/3925
f 3926/3926/3926 3927/3927/3927 3928/3928/3928
f 3926/3926/3926 3928/3928/3928 3929/3929/3929
f 3930/3930/3930 3931/3931/3931 3932/3932/3932
f 3930/3930/3930 3932/3932/3932 3933/3933/3933
f 3934/3934/3934 3935/3935/3935 3936/3936/3936
f 3934/3934/3934 3936/3936/3936 3937/3937/3937
f 3938/3938/3938 3939/3939/3939 3940/3940/3940
f 3938/3938/3938 3940/3940/3940 3941/3941/3941
f 3942/3942/3942 3943/3943/3943 3944/3944/3944
f 3942/3942/3942 3944/3944/3944 3945/3945/3945
f 3946/3946/3946 3947/3947/3947 3948/3948/3948
f 3946/3946/3946 3948/3948/3948 3949/3949/3949
f 3950/3950/3950 3951/3951/3951 3952/3952/3952
f 3950/3950/3950 3952/3952/3952 3953/3953/3953
f 3954/3954/3954 3955/3955/3955 3956/3956/3956
f 3954/3954/3954 3956/3956/3956 3957/3957/3957
f 3958/3958/3958 3959/3959/3959 3960/3960/3960
f 3958/3958/3958 3960/3960/3960 3961/3961/3961
f 3962/3962/3962 3963/3963/3963 3964/3964/3964
f 3962/3962/3962 3964/3964/3964 3965/3965/3965
f 3966/3966/3966 3967/3967/3967 2457/2457/2457
f 3966/3966/3966 2457/2457/2457 2452/2452/2452
f 3968/3968/3968 3969/3969/3969 3970/3970/3970
f 3968/3968/3968 3970/3970/3970 3971/3971/3971
f 3972/3972/3972 3973/3973/3973 3974/3974/3974
f 3972/3972/3972 3974/3974/3974 3975/3975/3975
f 3976/3976/3976 3977/3977/3977 3978/3978/3978
f 3976/3976/3976 3978/3978/3978 3979/3979/3979
f 3980/3980/3980 3981/3981/3981 3982/3982/3982
f 3980/3980/3980 3982/3982/3982 3983/3983/3983
f 3984/3984/3984 3985/3985/3985 3986/3986/3986
f 3984/3984/3984 3986/3986/3986 3987/3987/3987
f 3988/3988/3988 3989/3989/3989 3990/3990/3990
f 3988/3988/3988 3990/3990/3990 3991/3991/3991
f 3992/3992/3992 3993/3993/3993 2422/2422/2422
f 3992/3992/3992 2422/2422/2422 2389/2389/2389
f 3994/3994/3994 3995/3995/3995 3996/3996/3996
f 3994/3994/3994 3996/3996/3996 3997/3997/3997
f 3998/3998/3998 3999/3999/3999 4000/4000/4000
f 3998/3998/3998 4000/4000/4000 4001/4001/4001
f 4002/4002/4002 4003/4003/4003 4004/4004/4004
f 4002/4002/4002 4004/4004/4004 4005/4005/4005
f 4006/4006/4006 4007/4007/4007 4008/4008/4008
f 4006/4006/4006 4008/4008/4008 4009/4009/4009
f 4010/4010/4010 4011/4011/4011 4012/4012/4012
f 4010/4010/4010 4012/4012/4012 4013/4013/4013
f 4014/4014/4014 4015/4015/4015 4016/4016/4016
f 4014/4014/4014 4016/4016/4016 4017/4017/4017
f 4018/4018/4018 4019/4019/4019 4020/4020/4020
f 4018/4018/4018 4020/4020/4020 4021/4021/4021
f 4022/4022/4022 4023/4023/4023 4024/4024/4024
f 4022/4022/4022 4024/4024/4024 4025/4025/4025
f 4026/4026/4026 4027/4027/4027 4028/4028/4028
f 4026/4026/4026 4028/4028/4028 4029/4029/4029
f 4030/4030/4030 4031/4031/4031 2355/2355/2355
f 4030/4030/4030 2355/2355/2355 2351/2351/2351
f 4032/4032/4032 4033/4033/4033 4034/4034/4034
f 4032/4032/4032 4034/4034/4034 4035/4035/4035
f 4036/4036/4036 4037/4037/4037 4038/4038/4038
f 4036/4036/4036 4038/4038/4038 4039/4039/4039
f 4040/4040/4040 4041/4041/4041 4042/4042/4042
f 4040/4040/4040 4042/4042/4042 4043/4043/4043
f 4044/4044/4044 4045/4045/4045 4046/4046/4046
f 4044/4044/4044 4046/4046/4046 4047/4047/4047
f 4048/4048/4048 4049/4049/4049 4050/4050/4050
f 4048/4048/4048 4050/4050/4050 4051/4051/4051
f 4052/4052/4052 4053/4053/4053 4054/4054/4054
f 4052/4052/4052 4054/4054/4054 4055/4055/4055
f 4056/4056/4056 4057/4057/4057 4058/4058/4058
f 4056/4056/4056 4058/4058/4058 4059/4059/4059
f 2462/2462/2462 2531/2531/2531 2532/2532/2532
f 2462/2462/2462 2532/2532/2532 2459/2459/2459
f 2494/2494/2494 2527/2527/2527 2528/2528/2528
f 2494/2494/2494 2528/2528/2528 2461/2461/2461
f 2490/2490/2490 2523/2523/2523 2524/2524/2524
f 2490/2490/2490 2524/2524/2524 2493/2493/2493
f 2486/2486/2486 2519/2519/2519 2520/2520/2520
f 2486/2486/2486 2520/2520/2520 2489/2489/2489
f 2482/2482/2482 2515/2515/2515 2516/2516/2516
f 2482/2482/2482 2516/2516/2516 2485/2485/2485
f 2478/2478/2478 2511/2511/2511 2512/2512/2512
f 2478/2478/2478 2512/2512/2512 2481/2481/2481
f 2474/2474/2474 2507/2507/2507 2508/2508/2508
f 2474/2474/2474 2508/2508/2508 2477/2477/2477
f 2470/2470/2470 2503/2503/2503 2504/2504/2504
f 2470/2470/2470 2504/2504/2504 2473/2473/2473
f 2466/2466/2466 2499/2499/2499 2500/2500/2500
f 2466/2466/2466 2500/2500/2500 2469/2469/2469
f 4060/4060/4060 4061/4061/4061 2496/2496/2496
f 4060/4060/4060 2496/2496/2496 2465/2465/2465
f 4062/4062/4062 3236/3236/3236 2497/2497/2497
f 4062/4062/4062 2497/2497/2497 4063/4063/4063
f 3239/3239/3239 3202/3202/3202 2501/2501/2501
f 3239/3239/3239 2501/2501/2501 2498/2498/2498
f 3205/3205/3205 3206/3206/3206 2505/2505/2505
f 3205/3205/3205 2505/2505/2505 2502/2502/2502
f 3209/3209/3209 3210/3210/3210 2509/2509/2509
f 3209/3209/3209 2509/2509/2509 2506/2506/2506
f 3213/3213/3213 3214/3214/3214 2513/2513/2513
f 3213/3213/3213 2513/2513/2513 2510/2510/2510
f 3217/3217/3217 3218/3218/3218 2517/2517/2517
f 3217/3217/3217 2517/2517/2517 2514/2514/2514
f 3221/3221/3221 3222/3222/3222 2521/2521/2521
f 3221/3221/3221 2521/2521/2521 2518/2518/2518
f 3225/3225/3225 3226/3226/3226 2525/2525/2525
f 3225/3225/3225 2525/2525/2525 2522/2522/2522
f 3229/3229/3229 3230/3230/3230 2529/2529/2529
f 3229/3229/3229 2529/2529/2529 2526/2526/2526
f 3233/3233/3233 3200/3200/3200 2533/2533/2533
f 3233/3233/3233 2533/2533/2533 2530/2530/2530
f 2536/2536/2536 2463/2463/2463 2458/2458/2458
f 2536/2536/2536 2458/2458/2458 3235/3235/3235
f 2570/2570/2570 2495/2495/2495 2460/2460/2460
f 2570/2570/2570 2460/2460/2460 2535/2535/2535
f 2566/2566/2566 2491/2491/2491 2492/2492/2492
f 2566/2566/2566 2492/2492/2492 2569/2569/2569
f 2562/2562/2562 2487/2487/2487 2488/2488/2488
f 2562/2562/2562 2488/2488/2488 2565/2565/2565
f 2558/2558/2558 2483/2483/2483 2484/2484/2484
f 2558/2558/2558 2484/2484/2484 2561/2561/2561
f 2554/2554/2554 2479/2479/2479 2480/2480/2480
f 2554/2554/2554 2480/2480/2480 2557/2557/2557
f 2550/2550/2550 2475/2475/2475 2476/2476/2476
f 2550/2550/2550 2476/2476/2476 2553/2553/2553
f 2546/2546/2546 2471/2471/2471 2472/2472/2472
f 2546/2546/2546 2472/2472/2472 2549/2549/2549
f 2542/2542/2542 2467/2467/2467 2468/2468/2468
f 2542/2542/2542 2468/2468/2468 2545/2545/2545
f 2574/2574/2574 2537/2537/2537 3234/3234/3234
f 2574/2574/2574 3234/3234/3234 2539/2539/2539
f 2604/2604/2604 2571/2571/2571 2534/2534/2534
f 2604/2604/2604 2534/2534/2534 2573/2573/2573
f 2600/2600/2600 2567/2567/2567 2568/2568/2568
f 2600/2600/2600 2568/2568/2568 2603/2603/2603
f 2596/2596/2596 2563/2563/2563 2564/2564/2564
f 2596/2596/2596 2564/2564/2564 2599/2599/2599
f 2592/2592/2592 2559/2559/2559 2560/2560/2560
f 2592/2592/2592 2560/2560/2560 2595/2595/2595
f 2588/2588/2588 2555/2555/2555 2556/2556/2556
f 2588/2588/2588 2556/2556/2556 2591/2591/2591
f 2584/2584/2584 2551/2551/2551 2552/2552/2552
f 2584/2584/2584 2552/2552/2552 2587/2587/2587
f 2580/2580/2580 2547/2547/2547 2548/2548/2548
f 2580/2580/2580 2548/2548/2548 2583/2583/2583
f 4064/4064/4064 2543/2543/2543 2544/2544/2544
f 4064/4064/4064 2544/2544/2544 2579/2579/2579
f 2608/2608/2608 2575/2575/2575 2538/2538/2538
f 2608/2608/2608 2538/2538/2538 2577/2577/2577
f 2638/2638/2638 2605/2605/2605 2572/2572/2572
f 2638/2638/2638 2572/2572/2572 2607/2607/2607
f 2634/2634/2634 2601/2601/2601 2602/2602/2602
f 2634/2634/2634 2602/2602/2602 2637/2637/2637
f 2630/2630/2630 2597/2597/2597 2598/2598/2598
f 2630/2630/2630 2598/2598/2598 2633/2633/2633
f 2626/2626/2626 2593/2593/2593 2594/2594/2594
f 2626/2626/2626 2594/2594/2594 2629/2629/2629
f 2622/2622/2622 2589/2589/2589 2590/2590/2590
f 2622/2622/2622 2590/2590/2590 2625/2625/2625
f 2618/2618/2618 2585/2585/2585 2586/2586/2586
f 2618/2618/2618 2586/2586/2586 2621/2621/2621
f 2614/2614/2614 2581/2581/2581 2582/2582/2582
f 2614/2614/2614 2582/2582/2582 2617/2617/2617
f 4065/4065/4065 4066/4066/4066 2578/2578/2578
f 4065/4065/4065 2578/2578/2578 2613/2613/2613
f 2642/2642/2642 2609/2609/2609 2576/2576/2576
f 2642/2642/2642 2576/2576/2576 2611/2611/2611
f 2672/2672/2672 2639/2639/2639 2606/2606/2606
f 2672/2672/2672 2606/2606/2606 2641/2641/2641
f 2668/2668/2668 2635/2635/2635 2636/2636/2636
f 2668/2668/2668 2636/2636/2636 2671/2671/2671
f 2664/2664/2664 2631/2631/2631 2632/2632/2632
f 2664/2664/2664 2632/2632/2632 2667/2667/2667
f 2660/2660/2660 2627/2627/2627 2628/2628/2628
f 2660/2660/2660 2628/2628/2628 2663/2663/2663
f 2656/2656/2656 2623/2623/2623 2624/2624/2624
f 2656/2656/2656 2624/2624/2624 2659/2659/2659
f 2652/2652/2652 2619/2619/2619 2620/2620/2620
f 2652/2652/2652 2620/2620/2620 2655/2655/2655
f 2648/2648/2648 2615/2615/2615 2616/2616/2616
f 2648/2648/2648 2616/2616/2616 2651/2651/2651
f 4067/4067/4067 4068/4068/4068 2612/2612/2612
f 4067/4067/4067 2612/2612/2612 2647/2647/2647
f 2676/2676/2676 2643/2643/2643 2610/2610/2610
f 2676/2676/2676 2610/2610/2610 2645/2645/2645
f 2706/2706/2706 2673/2673/2673 2640/2640/2640
f 2706/2706/2706 2640/2640/2640 2675/2675/2675
f 2702/2702/2702 2669/2669/2669 2670/2670/2670
f 2702/2702/2702 2670/2670/2670 2705/2705/2705
f 2698/2698/2698 2665/2665/2665 2666/2666/2666
f 2698/2698/2698 2666/2666/2666 2701/2701/2701
f 2694/2694/2694 2661/2661/2661 2662/2662/2662
f 2694/2694/2694 2662/2662/2662 2697/2697/2697
f 2690/2690/2690 2657/2657/2657 2658/2658/2658
f 2690/2690/2690 2658/2658/2658 2693/2693/2693
f 2686/2686/2686 2653/2653/2653 2654/2654/2654
f 2686/2686/2686 2654/2654/2654 2689/2689/2689
f 2682/2682/2682 2649/2649/2649 2650/2650/2650
f 2682/2682/2682 2650/2650/2650 2685/2685/2685
f 4069/4069/4069 4070/4070/4070 2646/2646/2646
f 4069/4069/4069 2646/2646/2646 2681/2681/2681
f 2710/2710/2710 2677/2677/2677 2644/2644/2644
f 2710/2710/2710 2644/2644/2644 2679/2679/2679
f 2744/2744/2744 2707/2707/2707 2674/2674/2674
f 2744/2744/2744 2674/2674/2674 2709/2709/2709
f 2740/2740/2740 2703/2703/2703 2704/2704/2704
f 2740/2740/2740 2704/2704/2704 2743/2743/2743
f 2736/2736/2736 2699/2699/2699 2700/2700/2700
f 2736/2736/2736 2700/2700/2700 2739/2739/2739
f 2732/2732/2732 2695/2695/2695 2696/2696/2696
f 2732/2732/2732 2696/2696/2696 2735/2735/2735
f 2728/2728/2728 2691/2691/2691 2692/2692/2692
f 2728/2728/2728 2692/2692/2692 2731/2731/2731
f 2724/2724/2724 2687/2687/2687 2688/2688/2688
f 2724/2724/2724 2688/2688/2688 2727/2727/2727
f 2720/2720/2720 2683/2683/2683 2684/2684/2684
f 2720/2720/2720 2684/2684/2684 2723/2723/2723
f 2716/2716/2716 4071/4071/4071 2680/2680/2680
f 2716/2716/2716 2680/2680/2680 2719/2719/2719
f 2748/2748/2748 2711/2711/2711 2678/2678/2678
f 2748/2748/2748 2678/2678/2678 2713/2713/2713
f 2782/2782/2782 2745/2745/2745 2708/2708/2708
f 2782/2782/2782 2708/2708/2708 2747/2747/2747
f 2778/2778/2778 2741/2741/2741 2742/2742/2742
f 2778/2778/2778 2742/2742/2742 2781/2781/2781
f 2774/2774/2774 2737/2737/2737 2738/2738/2738
f 2774/2774/2774 2738/2738/2738 2777/2777/2777
f 2770/2770/2770 2733/2733/2733 2734/2734/2734
f 2770/2770/2770 2734/2734/2734 2773/2773/2773
f 2766/2766/2766 2729/2729/2729 2730/2730/2730
f 2766/2766/2766 2730/2730/2730 2769/2769/2769
f 2762/2762/2762 2725/2725/2725 2726/2726/2726
f 2762/2762/2762 2726/2726/2726 2765/2765/2765
f 2758/2758/2758 2721/2721/2721 2722/2722/2722
f 2758/2758/2758 2722/2722/2722 2761/2761/2761
f 2754/2754/2754 2717/2717/2717 2718/2718/2718
f 2754/2754/2754 2718/2718/2718 2757/2757/2757
f 2786/2786/2786 2749/2749/2749 2712/2712/2712
f 2786/2786/2786 2712/2712/2712 2751/2751/2751
f 2820/2820/2820 2783/2783/2783 2746/2746/2746
f 2820/2820/2820 2746/2746/2746 2785/2785/2785
f 2816/2816/2816 2779/2779/2779 2780/2780/2780
f 2816/2816/2816 2780/2780/2780 2819/2819/2819
f 2812/2812/2812 2775/2775/2775 2776/2776/2776
f 2812/2812/2812 2776/2776/2776 2815/2815/2815
f 2808/2808/2808 2771/2771/2771 2772/2772/2772
f 2808/2808/2808 2772/2772/2772 2811/2811/2811
f 2804/2804/2804 2767/2767/2767 2768/2768/2768
f 2804/2804/2804 2768/2768/2768 2807/2807/2807
f 2800/2800/2800 2763/2763/2763 2764/2764/2764
f 2800/2800/2800 2764/2764/2764 2803/2803/2803
f 2796/2796/2796 2759/2759/2759 2760/2760/2760
f 2796/2796/2796 2760/2760/2760 2799/2799/2799
f 2792/2792/2792 2755/2755/2755 2756/2756/2756
f 2792/2792/2792 2756/2756/2756 2795/2795/2795
f 4072/4072/4072 4073/4073/4073 2752/2752/2752
f 4072/4072/4072 2752/2752/2752 2791/2791/2791
f 2824/2824/2824 2787/2787/2787 2750/2750/2750
f 2824/2824/2824 2750/2750/2750 2789/2789/2789
f 2858/2858/2858 2821/2821/2821 2784/2784/2784
f 2858/2858/2858 2784/2784/2784 2823/2823/2823
f 2854/2854/2854 2817/2817/2817 2818/2818/2818
f 2854/2854/2854 2818/2818/2818 2857/2857/2857
f 2850/2850/2850 2813/2813/2813 2814/2814/2814
f 2850/2850/2850 2814/2814/2814 2853/2853/2853
f 2846/2846/2846 2809/2809/2809 2810/2810/2810
f 2846/2846/2846 2810/2810/2810 2849/2849/2849
f 2842/2842/2842 2805/2805/2805 2806/2806/2806
f 2842/2842/2842 2806/2806/2806 2845/2845/2845
f 2838/2838/2838 2801/2801/2801 2802/2802/2802
f 2838/2838/2838 2802/2802/2802 2841/2841/2841
f 2834/2834/2834 2797/2797/2797 2798/2798/2798
f 2834/2834/2834 2798/2798/2798 2837/2837/2837
f 2830/2830/2830 2793/2793/2793 2794/2794/2794
f 2830/2830/2830 2794/2794/2794 2833/2833/2833
f 2862/2862/2862 4074/4074/4074 2790/2790/2790
f 2862/2862/2862 2790/2790/2790 2829/2829/2829
f 4057/4057/4057 4075/4075/4075 4076/4076/4076
f 4057/4057/4057 4076/4076/4076 2860/2860/2860
f 4028/4028/4028 2825/2825/2825 2788/2788/2788
f 4028/4028/4028 2788/2788/2788 2827/2827/2827
f 4054/4054/4054 2859/2859/2859 2822/2822/2822
f 4054/4054/4054 2822/2822/2822 4027/4027/4027
f 4050/4050/4050 2855/2855/2855 2856/2856/2856
f 4050/4050/4050 2856/2856/2856 4053/4053/4053
f 4046/4046/4046 2851/2851/2851 2852/2852/2852
f 4046/4046/4046 2852/2852/2852 4049/4049/4049
f 4077/4077/4077 2847/2847/2847 2848/2848/2848
f 4077/4077/4077 2848/2848/2848 4045/4045/4045
f 4042/4042/4042 2843/2843/2843 2844/2844/2844
f 4042/4042/4042 2844/2844/2844 4078/4078/4078
f 4038/4038/4038 2839/2839/2839 2840/2840/2840
f 4038/4038/4038 2840/2840/2840 4041/4041/4041
f 4034/4034/4034 2835/2835/2835 2836/2836/2836
f 4034/4034/4034 2836/2836/2836 4037/4037/4037
f 4079/4079/4079 2831/2831/2831 2832/2832/2832
f 4079/4079/4079 2832/2832/2832 4033/4033/4033
f 3232/3232/3232 2867/2867/2867 4030/4030/4030
f 3232/3232/3232 4030/4030/4030 3201/3201/3201
f 3228/3228/3228 2891/2891/2891 2864/2864/2864
f 3228/3228/3228 2864/2864/2864 3231/3231/3231
f 3224/3224/3224 2887/2887/2887 2888/2888/2888
f 3224/3224/3224 2888/2888/2888 3227/3227/3227
f 3220/3220/3220 2883/2883/2883 2884/2884/2884
f 3220/3220/3220 2884/2884/2884 3223/3223/3223
f 3216/3216/3216 2879/2879/2879 2880/2880/2880
f 3216/3216/3216 2880/2880/2880 3219/3219/3219
f 3212/3212/3212 2875/2875/2875 2876/2876/2876
f 3212/3212/3212 2876/2876/2876 3215/3215/3215
f 3208/3208/3208 2871/2871/2871 2872/2872/2872
f 3208/3208/3208 2872/2872/2872 3211/3211/3211
f 3204/3204/3204 4080/4080/4080 2868/2868/2868
f 3204/3204/3204 2868/2868/2868 3207/3207/3207
f 4081/4081/4081 2894/2894/2894 2869/2869/2869
f 4081/4081/4081 2869/2869/2869 4082/4082/4082
f 2897/2897/2897 2898/2898/2898 2873/2873/2873
f 2897/2897/2897 2873/2873/2873 2870/2870/2870
f 2901/2901/2901 2902/2902/2902 2877/2877/2877
f 2901/2901/2901 2877/2877/2877 2874/2874/2874
f 2905/2905/2905 2906/2906/2906 2881/2881/2881
f 2905/2905/2905 2881/2881/2881 2878/2878/2878
f 2909/2909/2909 2910/2910/2910 2885/2885/2885
f 2909/2909/2909 2885/2885/2885 2882/2882/2882
f 2913/2913/2913 2914/2914/2914 2889/2889/2889
f 2913/2913/2913 2889/2889/2889 2886/2886/2886
f 2917/2917/2917 2918/2918/2918 2865/2865/2865
f 2917/2917/2917 2865/2865/2865 2890/2890/2890
f 2921/2921/2921 2892/2892/2892 4031/4031/4031
f 2921/2921/2921 4031/4031/4031 2866/2866/2866
f 4083/4083/4083 2924/2924/2924 2895/2895/2895
f 4083/4083/4083 2895/2895/2895 4084/4084/4084
f 2927/2927/2927 2928/2928/2928 2899/2899/2899
f 2927/2927/2927 2899/2899/2899 2896/2896/2896
f 2931/2931/2931 2932/2932/2932 2903/2903/2903
f 2931/2931/2931 2903/2903/2903 2900/2900/2900
f 2935/2935/2935 2936/2936/2936 2907/2907/2907
f 2935/2935/2935 2907/2907/2907 2904/2904/2904
f 2939/2939/2939 2940/2940/2940 2911/2911/2911
f 2939/2939/2939 2911/2911/2911 2908/2908/2908
f 2943/2943/2943 2944/2944/2944 2915/2915/2915
f 2943/2943/2943 2915/2915/2915 2912/2912/2912
f 2947/2947/2947 2948/2948/2948 2919/2919/2919
f 2947/2947/2947 2919/2919/2919 2916/2916/2916
f 2951/2951/2951 2922/2922/2922 2893/2893/2893
f 2951/2951/2951 2893/2893/2893 2920/2920/2920
f 4085/4085/4085 2954/2954/2954 2925/2925/2925
f 4085/4085/4085 2925/2925/2925 4086/4086/4086
f 2957/2957/2957 2958/2958/2958 2929/2929/2929
f 2957/2957/2957 2929/2929/2929 2926/2926/2926
f 2961/2961/2961 2962/2962/2962 2933/2933/2933
f 2961/2961/2961 2933/2933/2933 2930/2930/2930
f 2965/2965/2965 2966/2966/2966 2937/2937/2937
f 2965/2965/2965 2937/2937/2937 2934/2934/2934
f 2969/2969/2969 2970/2970/2970 2941/2941/2941
f 2969/2969/2969 2941/2941/2941 2938/2938/2938
f 2973/2973/2973 2974/2974/2974 2945/2945/2945
f 2973/2973/2973 2945/2945/2945 2942/2942/2942
f 2977/2977/2977 2978/2978/2978 2949/2949/2949
f 2977/2977/2977 2949/2949/2949 2946/2946/2946
f 2981/2981/2981 2952/2952/2952 2923/2923/2923
f 2981/2981/2981 2923/2923/2923 2950/2950/2950
f 4087/4087/4087 2984/2984/2984 2955/2955/2955
f 4087/4087/4087 2955/2955/2955 4088/4088/4088
f 2987/2987/2987 2988/2988/2988 2959/2959/2959
f 2987/2987/2987 2959/2959/2959 2956/2956/2956
f 2991/2991/2991 2992/2992/2992 2963/2963/2963
f 2991/2991/2991 2963/2963/2963 2960/2960/2960
f 2995/2995/2995 2996/2996/2996 2967/2967/2967
f 2995/2995/2995 2967/2967/2967 2964/2964/2964
f 2999/2999/2999 3000/3000/3000 2971/2971/2971
f 2999/2999/2999 2971/2971/2971 2968/2968/2968
f 3003/3003/3003 3004/3004/3004 2975/2975/2975
f 3003/3003/3003 2975/2975/2975 2972/2972/2972
f 3007/3007/3007 3008/3008/3008 2979/2979/2979
f 3007/3007/3007 2979/2979/2979 2976/2976/2976
f 3011/3011/3011 2982/2982/2982 2953/2953/2953
f 3011/3011/3011 2953/2953/2953 2980/2980/2980
f 4089/4089/4089 4090/4090/4090 2985/2985/2985
f 4089/4089/4089 2985/2985/2985 4091/4091/4091
f 4092/4092/4092 3014/3014/3014 2989/2989/2989
f 4092/4092/4092 2989/2989/2989 2986/2986/2986
f 3017/3017/3017 3018/3018/3018 2993/2993/2993
f 3017/3017/3017 2993/2993/2993 2990/2990/2990
f 3021/3021/3021 3022/3022/3022 2997/2997/2997
f 3021/3021/3021 2997/2997/2997 2994/2994/2994
f 3025/3025/3025 3026/3026/3026 3001/3001/3001
f 3025/3025/3025 3001/3001/3001 2998/2998/2998
f 3029/3029/3029 3030/3030/3030 3005/3005/3005
f 3029/3029/3029 3005/3005/3005 3002/3002/3002
f 3033/3033/3033 3034/3034/3034 3009/3009/3009
f 3033/3033/3033 3009/3009/3009 3006/3006/3006
f 3037/3037/3037 3012/3012/3012 2983/2983/2983
f 3037/3037/3037 2983/2983/2983 3010/3010/3010
f 3043/3043/3043 3044/3044/3044 4093/4093/4093
f 3043/3043/3043 4093/4093/4093 4094/4094/4094
f 3047/3047/3047 3048/3048/3048 3015/3015/3015
f 3047/3047/3047 3015/3015/3015 4095/4095/4095
f 3051/3051/3051 3052/3052/3052 3019/3019/3019
f 3051/3051/3051 3019/3019/3019 3016/3016/3016
f 3055/3055/3055 3056/3056/3056 3023/3023/3023
f 3055/3055/3055 3023/3023/3023 3020/3020/3020
f 3059/3059/3059 3060/3060/3060 3027/3027/3027
f 3059/3059/3059 3027/3027/3027 3024/3024/3024
f 3063/3063/3063 3064/3064/3064 3031/3031/3031
f 3063/3063/3063 3031/3031/3031 3028/3028/3028
f 3067/3067/3067 3068/3068/3068 3035/3035/3035
f 3067/3067/3067 3035/3035/3035 3032/3032/3032
f 3071/3071/3071 3038/3038/3038 3013/3013/3013
f 3071/3071/3071 3013/3013/3013 3036/3036/3036
f 3077/3077/3077 3078/3078/3078 3045/3045/3045
f 3077/3077/3077 3045/3045/3045 3042/3042/3042
f 3081/3081/3081 3082/3082/3082 3049/3049/3049
f 3081/3081/3081 3049/3049/3049 3046/3046/3046
f 3085/3085/3085 3086/3086/3086 3053/3053/3053
f 3085/3085/3085 3053/3053/3053 3050/3050/3050
f 3089/3089/3089 3090/3090/3090 3057/3057/3057
f 3089/3089/3089 3057/3057/3057 3054/3054/3054
f 3093/3093/3093 3094/3094/3094 3061/3061/3061
f 3093/3093/3093 3061/3061/3061 3058/3058/3058
f 3097/3097/3097 3098/3098/3098 3065/3065/3065
f 3097/3097/3097 3065/3065/3065 3062/3062/3062
f 3101/3101/3101 3102/3102/3102 3069/3069/3069
f 3101/3101/3101 3069/3069/3069 3066/3066/3066
f 3105/3105/3105 3072/3072/3072 3039/3039/3039
f 3105/3105/3105 3039/3039/3039 3070/3070/3070
f 4096/4096/4096 3108/3108/3108 3075/3075/3075
f 4096/4096/4096 3075/3075/3075 4097/4097/4097
f 3111/3111/3111 3112/3112/3112 3079/3079/3079
f 3111/3111/3111 3079/3079/3079 3076/3076/3076
f 3115/3115/3115 3116/3116/3116 3083/3083/3083
f 3115/3115/3115 3083/3083/3083 3080/3080/3080
f 3119/3119/3119 3120/3120/3120 3087/3087/3087
f 3119/3119/3119 3087/3087/3087 3084/3084/3084
f 3123/3123/3123 3124/3124/3124 3091/3091/3091
f 3123/3123/3123 3091/3091/3091 3088/3088/3088
f 3127/3127/3127 3128/3128/3128 3095/3095/3095
f 3127/3127/3127 3095/3095/3095 3092/3092/3092
f 3131/3131/3131 3132/3132/3132 3099/3099/3099
f 3131/3131/3131 3099/3099/3099 3096/3096/3096
f 3135/3135/3135 3136/3136/3136 3103/3103/3103
f 3135/3135/3135 3103/3103/3103 3100/3100/3100
f 3139/3139/3139 3106/3106/3106 3073/3073/3073
f 3139/3139/3139 3073/3073/3073 3104/3104/3104
f 4098/4098/4098 3142/3142/3142 3109/3109/3109
f 4098/4098/4098 3109/3109/3109 4099/4099/4099
f 4100/4100/4100 3146/3146/3146 3117/3117/3117
f 4100/4100/4100 3117/3117/3117 3114/3114/3114
f 3149/3149/3149 3150/3150/3150 3121/3121/3121
f 3149/3149/3149 3121/3121/3121 3118/3118/3118
f 3153/3153/3153 3154/3154/3154 3125/3125/3125
f 3153/3153/3153 3125/3125/3125 3122/3122/3122
f 3157/3157/3157 3158/3158/3158 3129/3129/3129
f 3157/3157/3157 3129/3129/3129 3126/3126/3126
f 3161/3161/3161 3162/3162/3162 3133/3133/3133
f 3161/3161/3161 3133/3133/3133 3130/3130/3130
f 3165/3165/3165 3166/3166/3166 3137/3137/3137
f 3165/3165/3165 3137/3137/3137 3134/3134/3134
f 3169/3169/3169 3140/3140/3140 3107/3107/3107
f 3169/3169/3169 3107/3107/3107 3138/3138/3138
f 4101/4101/4101 3172/3172/3172 3143/3143/3143
f 4101/4101/4101 3143/3143/3143 4102/4102/4102
f 4103/4103/4103 3176/3176/3176 3147/3147/3147
f 4103/4103/4103 3147/3147/3147 4104/4104/4104
f 3179/3179/3179 3180/3180/3180 3151/3151/3151
f 3179/3179/3179 3151/3151/3151 3148/3148/3148
f 3183/3183/3183 3184/3184/3184 3155/3155/3155
f 3183/3183/3183 3155/3155/3155 3152/3152/3152
f 3187/3187/3187 3188/3188/3188 3159/3159/3159
f 3187/3187/3187 3159/3159/3159 3156/3156/3156
f 3191/3191/3191 3192/3192/3192 3163/3163/3163
f 3191/3191/3191 3163/3163/3163 3160/3160/3160
f 3195/3195/3195 3196/3196/3196 3167/3167/3167
f 3195/3195/3195 3167/3167/3167 3164/3164/3164
f 3199/3199/3199 3170/3170/3170 3141/3141/3141
f 3199/3199/3199 3141/3141/3141 3168/3168/3168
f 4105/4105/4105 3626/3626/3626 3173/3173/3173
f 4105/4105/4105 3173/3173/3173 4106/4106/4106
f 3629/3629/3629 4107/4107/4107 4108/4108/4108
f 3629/3629/3629 4108/4108/4108 3174/3174/3174
f 4109/4109/4109 3630/3630/3630 3177/3177/3177
f 4109/4109/4109 3177/3177/3177 4110/4110/4110
f 3633/3633/3633 3634/3634/3634 3181/3181/3181
f 3633/3633/3633 3181/3181/3181 3178/3178/3178
f 3637/3637/3637 3638/3638/3638 3185/3185/3185
f 3637/3637/3637 3185/3185/3185 3182/3182/3182
f 3641/3641/3641 3642/3642/3642 3189/3189/3189
f 3641/3641/3641 3189/3189/3189 3186/3186/3186
f 3645/3645/3645 3646/3646/3646 3193/3193/3193
f 3645/3645/3645 3193/3193/3193 3190/3190/3190
f 3649/3649/3649 3650/3650/3650 3197/3197/3197
f 3649/3649/3649 3197/3197/3197 3194/3194/3194
f 3653/3653/3653 3624/3624/3624 3171/3171/3171
f 3653/3653/3653 3171/3171/3171 3198/3198/3198
f 3242/3242/3242 3303/3303/3303 3304/3304/3304
f 3242/3242/3242 3304/3304/3304 3655/3655/3655
f 3278/3278/3278 3299/3299/3299 3300/3300/3300
f 3278/3278/3278 3300/3300/3300 3241/3241/3241
f 3274/3274/3274 3295/3295/3295 3296/3296/3296
f 3274/3274/3274 3296/3296/3296 3277/3277/3277
f 3270/3270/3270 3291/3291/3291 3292/3292/3292
f 3270/3270/3270 3292/3292/3292 3273/3273/3273
f 3266/3266/3266 3287/3287/3287 3288/3288/3288
f 3266/3266/3266 3288/3288/3288 3269/3269/3269
f 3262/3262/3262 3283/3283/3283 3284/3284/3284
f 3262/3262/3262 3284/3284/3284 3265/3265/3265
f 3258/3258/3258 4111/4111/4111 3280/3280/3280
f 3258/3258/3258 3280/3280/3280 3261/3261/3261
f 3254/3254/3254 4112/4112/4112 4113/4113/4113
f 3254/3254/3254 4113/4113/4113 3257/3257/3257
f 3250/3250/3250 4114/4114/4114 4115/4115/4115
f 3250/3250/3250 4115/4115/4115 3253/3253/3253
f 4116/4116/4116 4117/4117/4117 4118/4118/4118
f 4116/4116/4116 4118/4118/4118 3249/3249/3249
f 3247/3247/3247 4022/4022/4022 4119/4119/4119
f 3247/3247/3247 4119/4119/4119 4120/4120/4120
f 4025/4025/4025 4121/4121/4121 4122/4122/4122
f 4025/4025/4025 4122/4122/4122 4123/4123/4123
f 4124/4124/4124 3994/3994/3994 4125/4125/4125
f 4124/4124/4124 4125/4125/4125 4126/4126/4126
f 3997/3997/3997 3998/3998/3998 3281/3281/3281
f 3997/3997/3997 3281/3281/3281 4127/4127/4127
f 4001/4001/4001 4002/4002/4002 3285/3285/3285
f 4001/4001/4001 3285/3285/3285 3282/3282/3282
f 4005/4005/4005 4006/4006/4006 3289/3289/3289
f 4005/4005/4005 3289/3289/3289 3286/3286/3286
f 4009/4009/4009 4010/4010/4010 3293/3293/3293
f 4009/4009/4009 3293/3293/3293 3290/3290/3290
f 4013/4013/4013 4014/4014/4014 3297/3297/3297
f 4013/4013/4013 3297/3297/3297 3294/3294/3294
f 4017/4017/4017 4018/4018/4018 3301/3301/3301
f 4017/4017/4017 3301/3301/3301 3298/3298/3298
f 4021/4021/4021 3992/3992/3992 3305/3305/3305
f 4021/4021/4021 3305/3305/3305 3302/3302/3302
f 3308/3308/3308 3243/3243/3243 3654/3654/3654
f 3308/3308/3308 3654/3654/3654 4128/4128/4128
f 3340/3340/3340 3279/3279/3279 3240/3240/3240
f 3340/3340/3340 3240/3240/3240 3307/3307/3307
f 3336/3336/3336 3275/3275/3275 3276/3276/3276
f 3336/3336/3336 3276/3276/3276 3339/3339/3339
f 3332/3332/3332 3271/3271/3271 3272/3272/3272
f 3332/3332/3332 3272/3272/3272 3335/3335/3335
f 3328/3328/3328 3267/3267/3267 3268/3268/3268
f 3328/3328/3328 3268/3268/3268 3331/3331/3331
f 3324/3324/3324 3263/3263/3263 3264/3264/3264
f 3324/3324/3324 3264/3264/3264 3327/3327/3327
f 3320/3320/3320 3259/3259/3259 3260/3260/3260
f 3320/3320/3320 3260/3260/3260 3323/3323/3323
f 3316/3316/3316 3255/3255/3255 3256/3256/3256
f 3316/3316/3316 3256/3256/3256 3319/3319/3319
f 3312/3312/3312 3251/3251/3251 3252/3252/3252
f 3312/3312/3312 3252/3252/3252 3315/3315/3315
f 4129/4129/4129 4130/4130/4130 3248/3248/3248
f 4129/4129/4129 3248/3248/3248 3311/3311/3311
f 3344/3344/3344 3309/3309/3309 4131/4131/4131
f 3344/3344/3344 4131/4131/4131 4132/4132/4132
f 3378/3378/3378 3341/3341/3341 3306/3306/3306
f 3378/3378/3378 3306/3306/3306 3343/3343/3343
f 3374/3374/3374 3337/3337/3337 3338/3338/3338
f 3374/3374/3374 3338/3338/3338 3377/3377/3377
f 3370/3370/3370 3333/3333/3333 3334/3334/3334
f 3370/3370/3370 3334/3334/3334 3373/3373/3373
f 3366/3366/3366 3329/3329/3329 3330/3330/3330
f 3366/3366/3366 3330/3330/3330 3369/3369/3369
f 3362/3362/3362 3325/3325/3325 3326/3326/3326
f 3362/3362/3362 3326/3326/3326 3365/3365/3365
f 3358/3358/3358 3321/3321/3321 3322/3322/3322
f 3358/3358/3358 3322/3322/3322 3361/3361/3361
f 3354/3354/3354 3317/3317/3317 3318/3318/3318
f 3354/3354/3354 3318/3318/3318 3357/3357/3357
f 3350/3350/3350 3313/3313/3313 3314/3314/3314
f 3350/3350/3350 3314/3314/3314 3353/3353/3353
f 3382/3382/3382 4133/4133/4133 3310/3310/3310
f 3382/3382/3382 3310/3310/3310 3349/3349/3349
f 3386/3386/3386 3345/3345/3345 4134/4134/4134
f 3386/3386/3386 4134/4134/4134 3347/3347/3347
f 3416/3416/3416 3379/3379/3379 3342/3342/3342
f 3416/3416/3416 3342/3342/3342 3385/3385/3385
f 3412/3412/3412 3375/3375/3375 3376/3376/3376
f 3412/3412/3412 3376/3376/3376 3415/3415/3415
f 3408/3408/3408 3371/3371/3371 3372/3372/3372
f 3408/3408/3408 3372/3372/3372 3411/3411/3411
f 3404/3404/3404 3367/3367/3367 3368/3368/3368
f 3404/3404/3404 3368/3368/3368 3407/3407/3407
f 3400/3400/3400 3363/3363/3363 3364/3364/3364
f 3400/3400/3400 3364/3364/3364 3403/3403/3403
f 3396/3396/3396 3359/3359/3359 3360/3360/3360
f 3396/3396/3396 3360/3360/3360 3399/3399/3399
f 3392/3392/3392 3355/3355/3355 3356/3356/3356
f 3392/3392/3392 3356/3356/3356 3395/3395/3395
f 4135/4135/4135 3351/3351/3351 3352/3352/3352
f 4135/4135/4135 3352/3352/3352 3391/3391/3391
f 4136/4136/4136 3383/3383/3383 3348/3348/3348
f 4136/4136/4136 3348/3348/3348 4137/4137/4137
f 3420/3420/3420 3387/3387/3387 3346/3346/3346
f 3420/3420/3420 3346/3346/3346 3389/3389/3389
f 3446/3446/3446 3417/3417/3417 3384/3384/3384
f 3446/3446/3446 3384/3384/3384 3419/3419/3419
f 3442/3442/3442 3413/3413/3413 3414/3414/3414
f 3442/3442/3442 3414/3414/3414 3445/3445/3445
f 3438/3438/3438 3409/3409/3409 3410/3410/3410
f 3438/3438/3438 3410/3410/3410 3441/3441/3441
f 3434/3434/3434 3405/3405/3405 3406/3406/3406
f 3434/3434/3434 3406/3406/3406 3437/3437/3437
f 4138/4138/4138 3401/3401/3401 3402/3402/3402
f 4138/4138/4138 3402/3402/3402 3433/3433/3433
f 4139/4139/4139 3397/3397/3397 3398/3398/3398
f 4139/4139/4139 3398/3398/3398 4140/4140/4140
f 3430/3430/3430 3393/3393/3393 3394/3394/3394
f 3430/3430/3430 3394/3394/3394 4141/4141/4141
f 3426/3426/3426 4142/4142/4142 3390/3390/3390
f 3426/3426/3426 3390/3390/3390 3429/3429/3429
f 4143/4143/4143 4144/4144/4144 4145/4145/4145
f 4143/4143/4143 4145/4145/4145 3425/3425/3425
f 3450/3450/3450 3421/3421/3421 3388/3388/3388
f 3450/3450/3450 3388/3388/3388 3423/3423/3423
f 3484/3484/3484 3447/3447/3447 3418/3418/3418
f 3484/3484/3484 3418/3418/3418 3449/3449/3449
f 3480/3480/3480 3443/3443/3443 3444/3444/3444
f 3480/3480/3480 3444/3444/3444 3483/3483/3483
f 3476/3476/3476 3439/3439/3439 3440/3440/3440
f 3476/3476/3476 3440/3440/3440 3479/3479/3479
f 3472/3472/3472 3435/3435/3435 3436/3436/3436
f 3472/3472/3472 3436/3436/3436 3475/3475/3475
f 3468/3468/3468 4146/4146/4146 3432/3432/3432
f 3468/3468/3468 3432/3432/3432 3471/3471/3471
f 3464/3464/3464 4147/4147/4147 4148/4148/4148
f 3464/3464/3464 4148/4148/4148 3467/3467/3467
f 3460/3460/3460 3431/3431/3431 4149/4149/4149
f 3460/3460/3460 4149/4149/4149 3463/3463/3463
f 3456/3456/3456 3427/3427/3427 3428/3428/3428
f 3456/3456/3456 3428/3428/3428 3459/3459/3459
f 4150/4150/4150 4151/4151/4151 3424/3424/3424
f 4150/4150/4150 3424/3424/3424 3455/3455/3455
f 3488/3488/3488 3451/3451/3451 3422/3422/3422
f 3488/3488/3488 3422/3422/3422 3453/3453/3453
f 3522/3522/3522 3485/3485/3485 3448/3448/3448
f 3522/3522/3522 3448/3448/3448 3487/3487/3487
f 3518/3518/3518 3481/3481/3481 3482/3482/3482
f 3518/3518/3518 3482/3482/3482 3521/3521/3521
f 3514/3514/3514 3477/3477/3477 3478/3478/3478
f 3514/3514/3514 3478/3478/3478 3517/3517/3517
f 3510/3510/3510 3473/3473/3473 3474/3474/3474
f 3510/3510/3510 3474/3474/3474 3513/3513/3513
f 3506/3506/3506 3469/3469/3469 3470/3470/3470
f 3506/3506/3506 3470/3470/3470 3509/3509/3509
f 3502/3502/3502 3465/3465/3465 3466/3466/3466
f 3502/3502/3502 3466/3466/3466 3505/3505/3505
f 3498/3498/3498 3461/3461/3461 3462/3462/3462
f 3498/3498/3498 3462/3462/3462 3501/3501/3501
f 3494/3494/3494 3457/3457/3457 3458/3458/3458
f 3494/3494/3494 3458/3458/3458 3497/3497/3497
f 4152/4152/4152 4153/4153/4153 3454/3454/3454
f 4152/4152/4152 3454/3454/3454 3493/3493/3493
f 3526/3526/3526 3489/3489/3489 3452/3452/3452
f 3526/3526/3526 3452/3452/3452 3491/3491/3491
f 3556/3556/3556 3523/3523/3523 3486/3486/3486
f 3556/3556/3556 3486/3486/3486 3525/3525/3525
f 3552/3552/3552 3519/3519/3519 3520/3520/3520
f 3552/3552/3552 3520/3520/3520 3555/3555/3555
f 3548/3548/3548 3515/3515/3515 3516/3516/3516
f 3548/3548/3548 3516/3516/3516 3551/3551/3551
f 3544/3544/3544 3511/3511/3511 3512/3512/3512
f 3544/3544/3544 3512/3512/3512 3547/3547/3547
f 3540/3540/3540 3507/3507/3507 3508/3508/3508
f 3540/3540/3540 3508/3508/3508 3543/3543/3543
f 3536/3536/3536 3503/3503/3503 3504/3504/3504
f 3536/3536/3536 3504/3504/3504 3539/3539/3539
f 3532/3532/3532 3499/3499/3499 3500/3500/3500
f 3532/3532/3532 3500/3500/3500 3535/3535/3535
f 4154/4154/4154 3495/3495/3495 3496/3496/3496
f 4154/4154/4154 3496/3496/3496 3531/3531/3531
f 4155/4155/4155 4156/4156/4156 3492/3492/3492
f 4155/4155/4155 3492/3492/3492 4157/4157/4157
f 3560/3560/3560 3527/3527/3527 3490/3490/3490
f 3560/3560/3560 3490/3490/3490 3529/3529/3529
f 3592/3592/3592 3557/3557/3557 3524/3524/3524
f 3592/3592/3592 3524/3524/3524 3559/3559/3559
f 3588/3588/3588 3553/3553/3553 3554/3554/3554
f 3588/3588/3588 3554/3554/3554 3591/3591/3591
f 3584/3584/3584 3549/3549/3549 3550/3550/3550
f 3584/3584/3584 3550/3550/3550 3587/3587/3587
f 3580/3580/3580 3545/3545/3545 3546/3546/3546
f 3580/3580/3580 3546/3546/3546 3583/3583/3583
f 3576/3576/3576 3541/3541/3541 3542/3542/3542
f 3576/3576/3576 3542/3542/3542 3579/3579/3579
f 3572/3572/3572 3537/3537/3537 3538/3538/3538
f 3572/3572/3572 3538/3538/3538 3575/3575/3575
f 3568/3568/3568 3533/3533/3533 3534/3534/3534
f 3568/3568/3568 3534/3534/3534 3571/3571/3571
f 3564/3564/3564 4158/4158/4158 3530/3530/3530
f 3564/3564/3564 3530/3530/3530 3567/3567/3567
f 4159/4159/4159 4160/4160/4160 4161/4161/4161
f 4159/4159/4159 4161/4161/4161 3563/3563/3563
f 3596/3596/3596 3561/3561/3561 3528/3528/3528
f 3596/3596/3596 3528/3528/3528 4162/4162/4162
f 3622/3622/3622 3593/3593/3593 3558/3558/3558
f 3622/3622/3622 3558/3558/3558 3595/3595/3595
f 3618/3618/3618 3589/3589/3589 3590/3590/3590
f 3618/3618/3618 3590/3590/3590 3621/3621/3621
f 3614/3614/3614 3585/3585/3585 3586/3586/3586
f 3614/3614/3614 3586/3586/3586 3617/3617/3617
f 3610/3610/3610 3581/3581/3581 3582/3582/3582
f 3610/3610/3610 3582/3582/3582 3613/3613/3613
f 4163/4163/4163 3577/3577/3577 3578/3578/3578
f 4163/4163/4163 3578/3578/3578 3609/3609/3609
f 3606/3606/3606 3573/3573/3573 3574/3574/3574
f 3606/3606/3606 3574/3574/3574 4164/4164/4164
f 4165/4165/4165 3569/3569/3569 3570/3570/3570
f 4165/4165/4165 3570/3570/3570 3605/3605/3605
f 3602/3602/3602 3565/3565/3565 3566/3566/3566
f 3602/3602/3602 3566/3566/3566 4166/4166/4166
f 4167/4167/4167 4168/4168/4168 3562/3562/3562
f 4167/4167/4167 3562/3562/3562 3601/3601/3601
f 3652/3652/3652 3597/3597/3597 4169/4169/4169
f 3652/3652/3652 4169/4169/4169 3625/3625/3625
f 3648/3648/3648 3623/3623/3623 3594/3594/3594
f 3648/3648/3648 3594/3594/3594 3651/3651/3651
f 3644/3644/3644 3619/3619/3619 3620/3620/3620
f 3644/3644/3644 3620/3620/3620 3647/3647/3647
f 3640/3640/3640 3615/3615/3615 3616/3616/3616
f 3640/3640/3640 3616/3616/3616 3643/3643/3643
f 3636/3636/3636 3611/3611/3611 3612/3612/3612
f 3636/3636/3636 3612/3612/3612 3639/3639/3639
f 3632/3632/3632 4170/4170/4170 3608/3608/3608
f 3632/3632/3632 3608/3608/3608 3635/3635/3635
f 4171/4171/4171 3607/3607/3607 4172/4172/4172
f 4171/4171/4171 4172/4172/4172 3631/3631/3631
f 3628/3628/3628 4173/4173/4173 3604/3604/3604
f 3628/3628/3628 3604/3604/3604 4174/4174/4174
f 4175/4175/4175 3603/3603/3603 4176/4176/4176
f 4175/4175/4175 4176/4176/4176 3627/3627/3627
f 4020/4020/4020 3659/3659/3659 3598/3598/3598
f 4020/4020/4020 3598/3598/3598 3993/3993/3993
f 4016/4016/4016 3683/3683/3683 3656/3656/3656
f 4016/4016/4016 3656/3656/3656 4019/4019/4019
f 4012/4012/4012 3679/3679/3679 3680/3680/3680
f 4012/4012/4012 3680/3680/3680 4015/4015/4015
f 4008/4008/4008 4177/4177/4177 3676/3676/3676
f 4008/4008/4008 3676/3676/3676 4011/4011/4011
f 4004/4004/4004 3675/3675/3675 4178/4178/4178
f 4004/4004/4004 4178/4178/4178 4007/4007/4007
f 4000/4000/4000 4179/4179/4179 3672/3672/3672
f 4000/4000/4000 3672/3672/3672 4003/4003/4003
f 3996/3996/3996 3671/3671/3671 4180/4180/4180
f 3996/3996/3996 4180/4180/4180 3999/3999/3999
f 4181/4181/4181 3667/3667/3667 3668/3668/3668
f 4181/4181/4181 3668/3668/3668 3995/3995/3995
f 4024/4024/4024 3663/3663/3663 3664/3664/3664
f 4024/4024/4024 3664/3664/3664 4182/4182/4182
f 4183/4183/4183 3712/3712/3712 3661/3661/3661
f 4183/4183/4183 3661/3661/3661 4184/4184/4184
f 3715/3715/3715 3684/3684/3684 3665/3665/3665
f 3715/3715/3715 3665/3665/3665 3662/3662/3662
f 3687/3687/3687 3688/3688/3688 3669/3669/3669
f 3687/3687/3687 3669/3669/3669 3666/3666/3666
f 3691/3691/3691 3692/3692/3692 4185/4185/4185
f 3691/3691/3691 4185/4185/4185 3670/3670/3670
f 3695/3695/3695 3696/3696/3696 3673/3673/3673
f 3695/3695/3695 3673/3673/3673 4186/4186/4186
f 3699/3699/3699 4187/4187/4187 4188/4188/4188
f 3699/3699/3699 4188/4188/4188 3674/3674/3674
f 4189/4189/4189 3700/3700/3700 3677/3677/3677
f 4189/4189/4189 3677/3677/3677 4190/4190/4190
f 3703/3703/3703 3704/3704/3704 3681/3681/3681
f 3703/3703/3703 3681/3681/3681 3678/3678/3678
f 3707/3707/3707 3708/3708/3708 3657/3657/3657
f 3707/3707/3707 3657/3657/3657 3682/3682/3682
f 3711/3711/3711 4191/4191/4191 3599/3599/3599
f 3711/3711/3711 3599/3599/3599 3658/3658/3658
f 4192/4192/4192 3746/3746/3746 3713/3713/3713
f 4192/4192/4192 3713/3713/3713 4193/4193/4193
f 3749/3749/3749 3718/3718/3718 3685/3685/3685
f 3749/3749/3749 3685/3685/3685 3714/3714/3714
f 3721/3721/3721 3722/3722/3722 3689/3689/3689
f 3721/3721/3721 3689/3689/3689 3686/3686/3686
f 3725/3725/3725 3726/3726/3726 3693/3693/3693
f 3725/3725/3725 3693/3693/3693 3690/3690/3690
f 3729/3729/3729 3730/3730/3730 3697/3697/3697
f 3729/3729/3729 3697/3697/3697 3694/3694/3694
f 3733/3733/3733 3734/3734/3734 4194/4194/4194
f 3733/3733/3733 4194/4194/4194 3698/3698/3698
f 3737/3737/3737 3738/3738/3738 3701/3701/3701
f 3737/3737/3737 3701/3701/3701 4195/4195/4195
f 3741/3741/3741 3742/3742/3742 3705/3705/3705
f 3741/3741/3741 3705/3705/3705 3702/3702/3702
f 3745/3745/3745 4196/4196/4196 3709/3709/3709
f 3745/3745/3745 3709/3709/3709 3706/3706/3706
f 4197/4197/4197 3716/3716/3716 4198/4198/4198
f 4197/4197/4197 4198/4198/4198 3710/3710/3710
f 4199/4199/4199 4200/4200/4200 3747/3747/3747
f 4199/4199/4199 3747/3747/3747 4201/4201/4201
f 4202/4202/4202 3750/3750/3750 3719/3719/3719
f 4202/4202/4202 3719/3719/3719 3748/3748/3748
f 3753/3753/3753 3754/3754/3754 3723/3723/3723
f 3753/3753/3753 3723/3723/3723 3720/3720/3720
f 3757/3757/3757 3758/3758/3758 3727/3727/3727
f 3757/3757/3757 3727/3727/3727 3724/3724/3724
f 3761/3761/3761 3762/3762/3762 3731/3731/3731
f 3761/3761/3761 3731/3731/3731 3728/3728/3728
f 3765/3765/3765 3766/3766/3766 3735/3735/3735
f 3765/3765/3765 3735/3735/3735 3732/3732/3732
f 3769/3769/3769 3770/3770/3770 3739/3739/3739
f 3769/3769/3769 3739/3739/3739 3736/3736/3736
f 3773/3773/3773 3774/3774/3774 3743/3743/3743
f 3773/3773/3773 3743/3743/3743 3740/3740/3740
f 3777/3777/3777 4203/4203/4203 4204/4204/4204
f 3777/3777/3777 4204/4204/4204 3744/3744/3744
f 4205/4205/4205 4206/4206/4206 3717/3717/3717
f 4205/4205/4205 3717/3717/3717 4207/4207/4207
f 3781/3781/3781 4208/4208/4208 4209/4209/4209
f 3781/3781/3781 4209/4209/4209 4210/4210/4210
f 4211/4211/4211 3782/3782/3782 3751/3751/3751
f 4211/4211/4211 3751/3751/3751 4212/4212/4212
f 3785/3785/3785 3786/3786/3786 3755/3755/3755
f 3785/3785/3785 3755/3755/3755 3752/3752/3752
f 3789/3789/3789 3790/3790/3790 3759/3759/3759
f 3789/3789/3789 3759/3759/3759 3756/3756/3756
f 3793/3793/3793 3794/3794/3794 3763/3763/3763
f 3793/3793/3793 3763/3763/3763 3760/3760/3760
f 3797/3797/3797 3798/3798/3798 3767/3767/3767
f 3797/3797/3797 3767/3767/3767 3764/3764/3764
f 3801/3801/3801 3802/3802/3802 3771/3771/3771
f 3801/3801/3801 3771/3771/3771 3768/3768/3768
f 3805/3805/3805 3806/3806/3806 3775/3775/3775
f 3805/3805/3805 3775/3775/3775 3772/3772/3772
f 3809/3809/3809 4213/4213/4213 4214/4214/4214
f 3809/3809/3809 4214/4214/4214 3776/3776/3776
f 4215/4215/4215 4216/4216/4216 4217/4217/4217
f 4215/4215/4215 4217/4217/4217 4218/4218/4218
f 4219/4219/4219 4220/4220/4220 4221/4221/4221
f 4219/4219/4219 4221/4221/4221 3780/3780/3780
f 4222/4222/4222 3810/3810/3810 3783/3783/3783
f 4222/4222/4222 3783/3783/3783 4223/4223/4223
f 3813/3813/3813 3814/3814/3814 3787/3787/3787
f 3813/3813/3813 3787/3787/3787 3784/3784/3784
f 3817/3817/3817 4224/4224/4224 3791/3791/3791
f 3817/3817/3817 3791/3791/3791 3788/3788/3788
f 4225/4225/4225 3818/3818/3818 3795/3795/3795
f 4225/4225/4225 3795/3795/3795 3792/3792/3792
f 3821/3821/3821 3822/3822/3822 3799/3799/3799
f 3821/3821/3821 3799/3799/3799 3796/3796/3796
f 3825/3825/3825 3826/3826/3826 3803/3803/3803
f 3825/3825/3825 3803/3803/3803 3800/3800/3800
f 3829/3829/3829 3830/3830/3830 3807/3807/3807
f 3829/3829/3829 3807/3807/3807 3804/3804/3804
f 3833/3833/3833 3834/3834/3834 4226/4226/4226
f 3833/3833/3833 4226/4226/4226 3808/3808/3808
f 3837/3837/3837 4227/4227/4227 4228/4228/4228
f 3837/3837/3837 4228/4228/4228 4229/4229/4229
f 4230/4230/4230 4231/4231/4231 4232/4232/4232
f 4230/4230/4230 4232/4232/4232 4233/4233/4233
f 4234/4234/4234 3838/3838/3838 3811/3811/3811
f 4234/4234/4234 3811/3811/3811 4235/4235/4235
f 3841/3841/3841 3842/3842/3842 3815/3815/3815
f 3841/3841/3841 3815/3815/3815 3812/3812/3812
f 3845/3845/3845 3846/3846/3846 4236/4236/4236
f 3845/3845/3845 4236/4236/4236 3816/3816/3816
f 3849/3849/3849 3850/3850/3850 3819/3819/3819
f 3849/3849/3849 3819/3819/3819 4237/4237/4237
f 3853/3853/3853 3854/3854/3854 3823/3823/3823
f 3853/3853/3853 3823/3823/3823 3820/3820/3820
f 3857/3857/3857 3858/3858/3858 3827/3827/3827
f 3857/3857/3857 3827/3827/3827 3824/3824/3824
f 3861/3861/3861 3862/3862/3862 3831/3831/3831
f 3861/3861/3861 3831/3831/3831 3828/3828/3828
f 3865/3865/3865 3866/3866/3866 3835/3835/3835
f 3865/3865/3865 3835/3835/3835 3832/3832/3832
f 3869/3869/3869 4238/4238/4238 4239/4239/4239
f 3869/3869/3869 4239/4239/4239 3836/3836/3836
f 4240/4240/4240 4241/4241/4241 4242/4242/4242
f 4240/4240/4240 4242/4242/4242 4243/4243/4243
f 4244/4244/4244 3870/3870/3870 3839/3839/3839
f 4244/4244/4244 3839/3839/3839 4245/4245/4245
f 3873/3873/3873 3874/3874/3874 3843/3843/3843
f 3873/3873/3873 3843/3843/3843 3840/3840/3840
f 3877/3877/3877 3878/3878/3878 3847/3847/3847
f 3877/3877/3877 3847/3847/3847 3844/3844/3844
f 3881/3881/3881 3882/3882/3882 3851/3851/3851
f 3881/3881/3881 3851/3851/3851 3848/3848/3848
f 3885/3885/3885 3886/3886/3886 3855/3855/3855
f 3885/3885/3885 3855/3855/3855 3852/3852/3852
f 3889/3889/3889 3890/3890/3890 3859/3859/3859
f 3889/3889/3889 3859/3859/3859 3856/3856/3856
f 3893/3893/3893 4246/4246/4246 3863/3863/3863
f 3893/3893/3893 3863/3863/3863 3860/3860/3860
f 4247/4247/4247 3894/3894/3894 3867/3867/3867
f 4247/4247/4247 3867/3867/3867 3864/3864/3864
f 3897/3897/3897 4248/4248/4248 4249/4249/4249
f 3897/3897/3897 4249/4249/4249 3868/3868/3868
f 4250/4250/4250 4251/4251/4251 4252/4252/4252
f 4250/4250/4250 4252/4252/4252 4253/4253/4253
f 4254/4254/4254 3898/3898/3898 3871/3871/3871
f 4254/4254/4254 3871/3871/3871 4255/4255/4255
f 3901/3901/3901 3902/3902/3902 3875/3875/3875
f 3901/3901/3901 3875/3875/3875 3872/3872/3872
f 3905/3905/3905 3906/3906/3906 3879/3879/3879
f 3905/3905/3905 3879/3879/3879 3876/3876/3876
f 3909/3909/3909 3910/3910/3910 3883/3883/3883
f 3909/3909/3909 3883/3883/3883 3880/3880/3880
f 3913/3913/3913 3914/3914/3914 3887/3887/3887
f 3913/3913/3913 3887/3887/3887 3884/3884/3884
f 3917/3917/3917 3918/3918/3918 3891/3891/3891
f 3917/3917/3917 3891/3891/3891 3888/3888/3888
f 3921/3921/3921 3922/3922/3922 4256/4256/4256
f 3921/3921/3921 4256/4256/4256 3892/3892/3892
f 3925/3925/3925 3926/3926/3926 3895/3895/3895
f 3925/3925/3925 3895/3895/3895 4257/4257/4257
f 3929/3929/3929 4258/4258/4258 4259/4259/4259
f 3929/3929/3929 4259/4259/4259 3896/3896/3896
f 3933/3933/3933 3962/3962/3962 4260/4260/4260
f 3933/3933/3933 4260/4260/4260 4261/4261/4261
f 3965/3965/3965 3934/3934/3934 3899/3899/3899
f 3965/3965/3965 3899/3899/3899 4262/4262/4262
f 3937/3937/3937 3938/3938/3938 3903/3903/3903
f 3937/3937/3937 3903/3903/3903 3900/3900/3900
f 3941/3941/3941 3942/3942/3942 3907/3907/3907
f 3941/3941/3941 3907/3907/3907 3904/3904/3904
f 3945/3945/3945 3946/3946/3946 3911/3911/3911
f 3945/3945/3945 3911/3911/3911 3908/3908/3908
f 3949/3949/3949 3950/3950/3950 3915/3915/3915
f 3949/3949/3949 3915/3915/3915 3912/3912/3912
f 3953/3953/3953 3954/3954/3954 3919/3919/3919
f 3953/3953/3953 3919/3919/3919 3916/3916/3916
f 3957/3957/3957 4263/4263/4263 3923/3923/3923
f 3957/3957/3957 3923/3923/3923 3920/3920/3920
f 4264/4264/4264 3958/3958/3958 3927/3927/3927
f 4264/4264/4264 3927/3927/3927 3924/3924/3924
f 3961/3961/3961 4265/4265/4265 4266/4266/4266
f 3961/3961/3961 4266/4266/4266 3928/3928/3928
f 4267/4267/4267 3988/3988/3988 3963/3963/3963
f 4267/4267/4267 3963/3963/3963 3932/3932/3932
f 3991/3991/3991 4268/4268/4268 3935/3935/3935
f 3991/3991/3991 3935/3935/3935 3964/3964/3964
f 4269/4269/4269 4270/4270/4270 3939/3939/3939
f 4269/4269/4269 3939/3939/3939 3936/3936/3936
f 4271/4271/4271 3968/3968/3968 3943/3943/3943
f 4271/4271/4271 3943/3943/3943 3940/3940/3940
f 3971/3971/3971 3972/3972/3972 3947/3947/3947
f 3971/3971/3971 3947/3947/3947 3944/3944/3944
f 3975/3975/3975 4272/4272/4272 3951/3951/3951
f 3975/3975/3975 3951/3951/3951 3948/3948/3948
f 4273/4273/4273 3976/3976/3976 3955/3955/3955
f 4273/4273/4273 3955/3955/3955 3952/3952/3952
f 3979/3979/3979 3980/3980/3980 4274/4274/4274
f 3979/3979/3979 4274/4274/4274 3956/3956/3956
f 3983/3983/3983 3984/3984/3984 3959/3959/3959
f 3983/3983/3983 3959/3959/3959 4275/4275/4275
f 3987/3987/3987 3966/3966/3966 4276/4276/4276
f 3987/3987/3987 4276/4276/4276 3960/3960/3960
f 4277/4277/4277 4278/4278/4278 4056/4056/4056
f 4277/4277/4277 4056/4056/4056 4279/4279/4279
f 4280/4280/4280 4032/4032/4032 4281/4281/4281
f 4280/4280/4280 4281/4281/4281 3990/3990/3990
f 4035/4035/4035 4036/4036/4036 4282/4282/4282
f 4035/4035/4035 4282/4282/4282 4283/4283/4283
f 4039/4039/4039 4040/4040/4040 3969/3969/3969
f 4039/4039/4039 3969/3969/3969 4284/4284/4284
f 4043/4043/4043 4285/4285/4285 3973/3973/3973
f 4043/4043/4043 3973/3973/3973 3970/3970/3970
f 4286/4286/4286 4044/4044/4044 4287/4287/4287
f 4286/4286/4286 4287/4287/4287 3974/3974/3974
f 4047/4047/4047 4048/4048/4048 3977/3977/3977
f 4047/4047/4047 3977/3977/3977 4288/4288/4288
f 4051/4051/4051 4052/4052/4052 3981/3981/3981
f 4051/4051/4051 3981/3981/3981 3978/3978/3978
f 4055/4055/4055 4026/4026/4026 3985/3985/3985
f 4055/4055/4055 3985/3985/3985 3982/3982/3982
f 4029/4029/4029 2826/2826/2826 3967/3967/3967
f 4029/4029/4029 3967/3967/3967 3986/3986/3986
f 2497/2497/2497 2496/2496/2496 4061/4061/4061
f 2497/2497/2497 4061/4061/4061 4063/4063/4063
f 2466/2466/2466 2465/2465/2465 2496/2496/2496
f 2466/2466/2466 2496/2496/2496 2499/2499/2499
f 3236/3236/3236 3239/3239/3239 2498/2498/2498
f 3236/3236/3236 2498/2498/2498 2497/2497/2497
f 2501/2501/2501 2500/2500/2500 2499/2499/2499
f 2501/2501/2501 2499/2499/2499 2498/2498/2498
f 2470/2470/2470 2469/2469/2469 2500/2500/2500
f 2470/2470/2470 2500/2500/2500 2503/2503/2503
f 3202/3202/3202 3205/3205/3205 2502/2502/2502
f 3202/3202/3202 2502/2502/2502 2501/2501/2501
f 2505/2505/2505 2504/2504/2504 2503/2503/2503
f 2505/2505/2505 2503/2503/2503 2502/2502/2502
f 2474/2474/2474 2473/2473/2473 2504/2504/2504
f 2474/2474/2474 2504/2504/2504 2507/2507/2507
f 3206/3206/3206 3209/3209/3209 2506/2506/2506
f 3206/3206/3206 2506/2506/2506 2505/2505/2505
f 2509/2509/2509 2508/2508/2508 2507/2507/2507
f 2509/2509/2509 2507/2507/2507 2506/2506/2506
f 2478/2478/2478 2477/2477/2477 2508/2508/2508
f 2478/2478/2478 2508/2508/2508 2511/2511/2511
f 3210/3210/3210 3213/3213/3213 2510/2510/2510
f 3210/3210/3210 2510/2510/2510 2509/2509/2509
f 2513/2513/2513 2512/2512/2512 2511/2511/2511
f 2513/2513/2513 2511/2511/2511 2510/2510/2510
f 2482/2482/2482 2481/2481/2481 2512/2512/2512
f 2482/2482/2482 2512/2512/2512 2515/2515/2515
f 3214/3214/3214 3217/3217/3217 2514/2514/2514
f 3214/3214/3214 2514/2514/2514 2513/2513/2513
f 2517/2517/2517 2516/2516/2516 2515/2515/2515
f 2517/2517/2517 2515/2515/2515 2514/2514/2514
f 2486/2486/2486 2485/2485/2485 2516/2516/2516
f 2486/2486/2486 2516/2516/2516 2519/2519/2519
f 3218/3218/3218 3221/3221/3221 2518/2518/2518
f 3218/3218/3218 2518/2518/2518 2517/2517/2517
f 2521/2521/2521 2520/2520/2520 2519/2519/2519
f 2521/2521/2521 2519/2519/2519 2518/2518/2518
f 2490/2490/2490 2489/2489/2489 2520/2520/2520
f 2490/2490/2490 2520/2520/2520 2523/2523/2523
f 3222/3222/3222 3225/3225/3225 2522/2522/2522
f 3222/3222/3222 2522/2522/2522 2521/2521/2521
f 2525/2525/2525 2524/2524/2524 2523/2523/2523
f 2525/2525/2525 2523/2523/2523 2522/2522/2522
f 2494/2494/2494 2493/2493/2493 2524/2524/2524
f 2494/2494/2494 2524/2524/2524 2527/2527/2527
f 3226/3226/3226 3229/3229/3229 2526/2526/2526
f 3226/3226/3226 2526/2526/2526 2525/2525/2525
f 2529/2529/2529 2528/2528/2528 2527/2527/2527
f 2529/2529/2529 2527/2527/2527 2526/2526/2526
f 2462/2462/2462 2461/2461/2461 2528/2528/2528
f 2462/2462/2462 2528/2528/2528 2531/2531/2531
f 3230/3230/3230 3233/3233/3233 2530/2530/2530
f 3230/3230/3230 2530/2530/2530 2529/2529/2529
f 2533/2533/2533 2532/2532/2532 2531/2531/2531
f 2533/2533/2533 2531/2531/2531 2530/2530/2530
f 2314/2314/2314 2459/2459/2459 2532/2532/2532
f 2314/2314/2314 2532/2532/2532 2315/2315/2315
f 3200/3200/3200 2317/2317/2317 2319/2319/2319
f 3200/3200/3200 2319/2319/2319 2533/2533/2533
f 2318/2318/2318 2316/2316/2316 2315/2315/2315
f 2318/2318/2318 2315/2315/2315 2319/2319/2319
f 2542/2542/2542 2541/2541/2541 2464/2464/2464
f 2542/2542/2542 2464/2464/2464 2467/2467/2467
f 2469/2469/2469 2468/2468/2468 2467/2467/2467
f 2469/2469/2469 2467/2467/2467 2466/2466/2466
f 2546/2546/2546 2545/2545/2545 2468/2468/2468
f 2546/2546/2546 2468/2468/2468 2471/2471/2471
f 2473/2473/2473 2472/2472/2472 2471/2471/2471
f 2473/2473/2473 2471/2471/2471 2470/2470/2470
f 2550/2550/2550 2549/2549/2549 2472/2472/2472
f 2550/2550/2550 2472/2472/2472 2475/2475/2475
f 2477/2477/2477 2476/2476/2476 2475/2475/2475
f 2477/2477/2477 2475/2475/2475 2474/2474/2474
f 2554/2554/2554 2553/2553/2553 2476/2476/2476
f 2554/2554/2554 2476/2476/2476 2479/2479/2479
f 2481/2481/2481 2480/2480/2480 2479/2479/2479
f 2481/2481/2481 2479/2479/2479 2478/2478/2478
f 2558/2558/2558 2557/2557/2557 2480/2480/2480
f 2558/2558/2558 2480/2480/2480 2483/2483/2483
f 2485/2485/2485 2484/2484/2484 2483/2483/2483
f 2485/2485/2485 2483/2483/2483 2482/2482/2482
f 2562/2562/2562 2561/2561/2561 2484/2484/2484
f 2562/2562/2562 2484/2484/2484 2487/2487/2487
f 2489/2489/2489 2488/2488/2488 2487/2487/2487
f 2489/2489/2489 2487/2487/2487 2486/2486/2486
f 2566/2566/2566 2565/2565/2565 2488/2488/2488
f 2566/2566/2566 2488/2488/2488 2491/2491/2491
f 2493/2493/2493 2492/2492/2492 2491/2491/2491
f 2493/2493/2493 2491/2491/2491 2490/2490/2490
f 2570/2570/2570 2569/2569/2569 2492/2492/2492
f 2570/2570/2570 2492/2492/2492 2495/2495/2495
f 2461/2461/2461 2460/2460/2460 2495/2495/2495
f 2461/2461/2461 2495/2495/2495 2494/2494/2494
f 2536/2536/2536 2535/2535/2535 2460/2460/2460
f 2536/2536/2536 2460/2460/2460 2463/2463/2463
f 2459/2459/2459 2458/2458/2458 2463/2463/2463
f 2459/2459/2459 2463/2463/2463 2462/2462/2462
f 2320/2320/2320 3235/3235/3235 2458/2458/2458
f 2320/2320/2320 2458/2458/2458 2321/2321/2321
f 2316/2316/2316 2322/2322/2322 2321/2321/2321
f 2316/2316/2316 2321/2321/2321 2314/2314/2314
f 2545/2545/2545 2544/2544/2544 2543/2543/2543
f 2545/2545/2545 2543/2543/2543 2542/2542/2542
f 2580/2580/2580 2579/2579/2579 2544/2544/2544
f 2580/2580/2580 2544/2544/2544 2547/2547/2547
f 2549/2549/2549 2548/2548/2548 2547/2547/2547
f 2549/2549/2549 2547/2547/2547 2546/2546/2546
f 2584/2584/2584 2583/2583/2583 2548/2548/2548
f 2584/2584/2584 2548/2548/2548 2551/2551/2551
f 2553/2553/2553 2552/2552/2552 2551/2551/2551
f 2553/2553/2553 2551/2551/2551 2550/2550/2550
f 2588/2588/2588 2587/2587/2587 2552/2552/2552
f 2588/2588/2588 2552/2552/2552 2555/2555/2555
f 2557/2557/2557 2556/2556/2556 2555/2555/2555
f 2557/2557/2557 2555/2555/2555 2554/2554/2554
f 2592/2592/2592 2591/2591/2591 2556/2556/2556
f 2592/2592/2592 2556/2556/2556 2559/2559/2559
f 2561/2561/2561 2560/2560/2560 2559/2559/2559
f 2561/2561/2561 2559/2559/2559 2558/2558/2558
f 2596/2596/2596 2595/2595/2595 2560/2560/2560
f 2596/2596/2596 2560/2560/2560 2563/2563/2563
f 2565/2565/2565 2564/2564/2564 2563/2563/2563
f 2565/2565/2565 2563/2563/2563 2562/2562/2562
f 2600/2600/2600 2599/2599/2599 2564/2564/2564
f 2600/2600/2600 2564/2564/2564 2567/2567/2567
f 2569/2569/2569 2568/2568/2568 2567/2567/2567
f 2569/2569/2569 2567/2567/2567 2566/2566/2566
f 2604/2604/2604 2603/2603/2603 2568/2568/2568
f 2604/2604/2604 2568/2568/2568 2571/2571/2571
f 2535/2535/2535 2534/2534/2534 2571/2571/2571
f 2535/2535/2535 2571/2571/2571 2570/2570/2570
f 2574/2574/2574 2573/2573/2573 2534/2534/2534
f 2574/2574/2574 2534/2534/2534 2537/2537/2537
f 3235/3235/3235 3234/3234/3234 2537/2537/2537
f 3235/3235/3235 2537/2537/2537 2536/2536/2536
f 2323/2323/2323 2539/2539/2539 3234/3234/3234
f 2323/2323/2323 3234/3234/3234 2324/2324/2324
f 2322/2322/2322 2325/2325/2325 2324/2324/2324
f 2322/2322/2322 2324/2324/2324 2320/2320/2320
f 2579/2579/2579 2578/2578/2578 4066/4066/4066
f 2579/2579/2579 4066/4066/4066 4064/4064/4064
f 2614/2614/2614 2613/2613/2613 2578/2578/2578
f 2614/2614/2614 2578/2578/2578 2581/2581/2581
f 2583/2583/2583 2582/2582/2582 2581/2581/2581
f 2583/2583/2583 2581/2581/2581 2580/2580/2580
f 2618/2618/2618 2617/2617/2617 2582/2582/2582
f 2618/2618/2618 2582/2582/2582 2585/2585/2585
f 2587/2587/2587 2586/2586/2586 2585/2585/2585
f 2587/2587/2587 2585/2585/2585 2584/2584/2584
f 2622/2622/2622 2621/2621/2621 2586/2586/2586
f 2622/2622/2622 2586/2586/2586 2589/2589/2589
f 2591/2591/2591 2590/2590/2590 2589/2589/2589
f 2591/2591/2591 2589/2589/2589 2588/2588/2588
f 2626/2626/2626 2625/2625/2625 2590/2590/2590
f 2626/2626/2626 2590/2590/2590 2593/2593/2593
f 2595/2595/2595 2594/2594/2594 2593/2593/2593
f 2595/2595/2595 2593/2593/2593 2592/2592/2592
f 2630/2630/2630 2629/2629/2629 2594/2594/2594
f 2630/2630/2630 2594/2594/2594 2597/2597/2597
f 2599/2599/2599 2598/2598/2598 2597/2597/2597
f 2599/2599/2599 2597/2597/2597 2596/2596/2596
f 2634/2634/2634 2633/2633/2633 2598/2598/2598
f 2634/2634/2634 2598/2598/2598 2601/2601/2601
f 2603/2603/2603 2602/2602/2602 2601/2601/2601
f 2603/2603/2603 2601/2601/2601 2600/2600/2600
f 2638/2638/2638 2637/2637/2637 2602/2602/2602
f 2638/2638/2638 2602/2602/2602 2605/2605/2605
f 2573/2573/2573 2572/2572/2572 2605/2605/2605
f 2573/2573/2573 2605/2605/2605 2604/2604/2604
f 2608/2608/2608 2607/2607/2607 2572/2572/2572
f 2608/2608/2608 2572/2572/2572 2575/2575/2575
f 2539/2539/2539 2538/2538/2538 2575/2575/2575
f 2539/2539/2539 2575/2575/2575 2574/2574/2574
f 2326/2326/2326 2577/2577/2577 2538/2538/2538
f 2326/2326/2326 2538/2538/2538 2327/2327/2327
f 2325/2325/2325 2328/2328/2328 2327/2327/2327
f 2325/2325/2325 2327/2327/2327 2323/2323/2323
f 2613/2613/2613 2612/2612/2612 4068/4068/4068
f 2613/2613/2613 4068/4068/4068 4065/4065/4065
f 2648/2648/2648 2647/2647/2647 2612/2612/2612
f 2648/2648/2648 2612/2612/2612 2615/2615/2615
f 2617/2617/2617 2616/2616/2616 2615/2615/2615
f 2617/2617/2617 2615/2615/2615 2614/2614/2614
f 2621/2621/2621 2620/2620/2620 2619/2619/2619
f 2621/2621/2621 2619/2619/2619 2618/2618/2618
f 2656/2656/2656 2655/2655/2655 2620/2620/2620
f 2656/2656/2656 2620/2620/2620 2623/2623/2623
f 2625/2625/2625 2624/2624/2624 2623/2623/2623
f 2625/2625/2625 2623/2623/2623 2622/2622/2622
f 2660/2660/2660 2659/2659/2659 2624/2624/2624
f 2660/2660/2660 2624/2624/2624 2627/2627/2627
f 2629/2629/2629 2628/2628/2628 2627/2627/2627
f 2629/2629/2629 2627/2627/2627 2626/2626/2626
f 2664/2664/2664 2663/2663/2663 2628/2628/2628
f 2664/2664/2664 2628/2628/2628 2631/2631/2631
f 2633/2633/2633 2632/2632/2632 2631/2631/2631
f 2633/2633/2633 2631/2631/2631 2630/2630/2630
f 2668/2668/2668 2667/2667/2667 2632/2632/2632
f 2668/2668/2668 2632/2632/2632 2635/2635/2635
f 2637/2637/2637 2636/2636/2636 2635/2635/2635
f 2637/2637/2637 2635/2635/2635 2634/2634/2634
f 2672/2672/2672 2671/2671/2671 2636/2636/2636
f 2672/2672/2672 2636/2636/2636 2639/2639/2639
f 2607/2607/2607 2606/2606/2606 2639/2639/2639
f 2607/2607/2607 2639/2639/2639 2638/2638/2638
f 2642/2642/2642 2641/2641/2641 2606/2606/2606
f 2642/2642/2642 2606/2606/2606 2609/2609/2609
f 2577/2577/2577 2576/2576/2576 2609/2609/2609
f 2577/2577/2577 2609/2609/2609 2608/2608/2608
f 2329/2329/2329 2611/2611/2611 2576/2576/2576
f 2329/2329/2329 2576/2576/2576 2330/2330/2330
f 2328/2328/2328 2331/2331/2331 2330/2330/2330
f 2328/2328/2328 2330/2330/2330 2326/2326/2326
f 2647/2647/2647 2646/2646/2646 4070/4070/4070
f 2647/2647/2647 4070/4070/4070 4067/4067/4067
f 2682/2682/2682 2681/2681/2681 2646/2646/2646
f 2682/2682/2682 2646/2646/2646 2649/2649/2649
f 2651/2651/2651 2650/2650/2650 2649/2649/2649
f 2651/2651/2651 2649/2649/2649 2648/2648/2648
f 2655/2655/2655 2654/2654/2654 2653/2653/2653
f 2655/2655/2655 2653/2653/2653 2652/2652/2652
f 2690/2690/2690 2689/2689/2689 2654/2654/2654
f 2690/2690/2690 2654/2654/2654 2657/2657/2657
f 2659/2659/2659 2658/2658/2658 2657/2657/2657
f 2659/2659/2659 2657/2657/2657 2656/2656/2656
f 2694/2694/2694 2693/2693/2693 2658/2658/2658
f 2694/2694/2694 2658/2658/2658 2661/2661/2661
f 2663/2663/2663 2662/2662/2662 2661/2661/2661
f 2663/2663/2663 2661/2661/2661 2660/2660/2660
f 2698/2698/2698 2697/2697/2697 2662/2662/2662
f 2698/2698/2698 2662/2662/2662 2665/2665/2665
f 2667/2667/2667 2666/2666/2666 2665/2665/2665
f 2667/2667/2667 2665/2665/2665 2664/2664/2664
f 2702/2702/2702 2701/2701/2701 2666/2666/2666
f 2702/2702/2702 2666/2666/2666 2669/2669/2669
f 2671/2671/2671 2670/2670/2670 2669/2669/2669
f 2671/2671/2671 2669/2669/2669 2668/2668/2668
f 2706/2706/2706 2705/2705/2705 2670/2670/2670
f 2706/2706/2706 2670/2670/2670 2673/2673/2673
f 2641/2641/2641 2640/2640/2640 2673/2673/2673
f 2641/2641/2641 2673/2673/2673 2672/2672/2672
f 2676/2676/2676 2675/2675/2675 2640/2640/2640
f 2676/2676/2676 2640/2640/2640 2643/2643/2643
f 2611/2611/2611 2610/2610/2610 2643/2643/2643
f 2611/2611/2611 2643/2643/2643 2642/2642/2642
f 2332/2332/2332 2645/2645/2645 2610/2610/2610
f 2332/2332/2332 2610/2610/2610 2333/2333/2333
f 2331/2331/2331 2334/2334/2334 2333/2333/2333
f 2331/2331/2331 2333/2333/2333 2329/2329/2329
f 2716/2716/2716 2715/2715/2715 4289/4289/4289
f 2716/2716/2716 4289/4289/4289 4071/4071/4071
f 2681/2681/2681 2680/2680/2680 4071/4071/4071
f 2681/2681/2681 4071/4071/4071 4069/4069/4069
f 2720/2720/2720 2719/2719/2719 2680/2680/2680
f 2720/2720/2720 2680/2680/2680 2683/2683/2683
f 2685/2685/2685 2684/2684/2684 2683/2683/2683
f 2685/2685/2685 2683/2683/2683 2682/2682/2682
f 2724/2724/2724 2723/2723/2723 2684/2684/2684
f 2724/2724/2724 2684/2684/2684 2687/2687/2687
f 2689/2689/2689 2688/2688/2688 2687/2687/2687
f 2689/2689/2689 2687/2687/2687 2686/2686/2686
f 2728/2728/2728 2727/2727/2727 2688/2688/2688
f 2728/2728/2728 2688/2688/2688 2691/2691/2691
f 2693/2693/2693 2692/2692/2692 2691/2691/2691
f 2693/2693/2693 2691/2691/2691 2690/2690/2690
f 2732/2732/2732 2731/2731/2731 2692/2692/2692
f 2732/2732/2732 2692/2692/2692 2695/2695/2695
f 2697/2697/2697 2696/2696/2696 2695/2695/2695
f 2697/2697/2697 2695/2695/2695 2694/2694/2694
f 2736/2736/2736 2735/2735/2735 2696/2696/2696
f 2736/2736/2736 2696/2696/2696 2699/2699/2699
f 2701/2701/2701 2700/2700/2700 2699/2699/2699
f 2701/2701/2701 2699/2699/2699 2698/2698/2698
f 2740/2740/2740 2739/2739/2739 2700/2700/2700
f 2740/2740/2740 2700/2700/2700 2703/2703/2703
f 2705/2705/2705 2704/2704/2704 2703/2703/2703
f 2705/2705/2705 2703/2703/2703 2702/2702/2702
f 2744/2744/2744 2743/2743/2743 2704/2704/2704
f 2744/2744/2744 2704/2704/2704 2707/2707/2707
f 2675/2675/2675 2674/2674/2674 2707/2707/2707
f 2675/2675/2675 2707/2707/2707 2706/2706/2706
f 2710/2710/2710 2709/2709/2709 2674/2674/2674
f 2710/2710/2710 2674/2674/2674 2677/2677/2677
f 2645/2645/2645 2644/2644/2644 2677/2677/2677
f 2645/2645/2645 2677/2677/2677 2676/2676/2676
f 2335/2335/2335 2679/2679/2679 2644/2644/2644
f 2335/2335/2335 2644/2644/2644 2336/2336/2336
f 2334/2334/2334 2337/2337/2337 2336/2336/2336
f 2334/2334/2334 2336/2336/2336 2332/2332/2332
f 2715/2715/2715 2714/2714/2714 4290/4290/4290
f 2715/2715/2715 4290/4290/4290 4291/4291/4291
f 2754/2754/2754 2753/2753/2753 2714/2714/2714
f 2754/2754/2754 2714/2714/2714 2717/2717/2717
f 2719/2719/2719 2718/2718/2718 2717/2717/2717
f 2719/2719/2719 2717/2717/2717 2716/2716/2716
f 2723/2723/2723 2722/2722/2722 2721/2721/2721
f 2723/2723/2723 2721/2721/2721 2720/2720/2720
f 2762/2762/2762 2761/2761/2761 2722/2722/2722
f 2762/2762/2762 2722/2722/2722 2725/2725/2725
f 2727/2727/2727 2726/2726/2726 2725/2725/2725
f 2727/2727/2727 2725/2725/2725 2724/2724/2724
f 2766/2766/2766 2765/2765/2765 2726/2726/2726
f 2766/2766/2766 2726/2726/2726 2729/2729/2729
f 2731/2731/2731 2730/2730/2730 2729/2729/2729
f 2731/2731/2731 2729/2729/2729 2728/2728/2728
f 2770/2770/2770 2769/2769/2769 2730/2730/2730
f 2770/2770/2770 2730/2730/2730 2733/2733/2733
f 2735/2735/2735 2734/2734/2734 2733/2733/2733
f 2735/2735/2735 2733/2733/2733 2732/2732/2732
f 2774/2774/2774 2773/2773/2773 2734/2734/2734
f 2774/2774/2774 2734/2734/2734 2737/2737/2737
f 2739/2739/2739 2738/2738/2738 2737/2737/2737
f 2739/2739/2739 2737/2737/2737 2736/2736/2736
f 2778/2778/2778 2777/2777/2777 2738/2738/2738
f 2778/2778/2778 2738/2738/2738 2741/2741/2741
f 2743/2743/2743 2742/2742/2742 2741/2741/2741
f 2743/2743/2743 2741/2741/2741 2740/2740/2740
f 2782/2782/2782 2781/2781/2781 2742/2742/2742
f 2782/2782/2782 2742/2742/2742 2745/2745/2745
f 2709/2709/2709 2708/2708/2708 2745/2745/2745
f 2709/2709/2709 2745/2745/2745 2744/2744/2744
f 2748/2748/2748 2747/2747/2747 2708/2708/2708
f 2748/2748/2748 2708/2708/2708 2711/2711/2711
f 2679/2679/2679 2678/2678/2678 2711/2711/2711
f 2679/2679/2679 2711/2711/2711 2710/2710/2710
f 2338/2338/2338 2713/2713/2713 2678/2678/2678
f 2338/2338/2338 2678/2678/2678 2339/2339/2339
f 2337/2337/2337 2340/2340/2340 2339/2339/2339
f 2337/2337/2337 2339/2339/2339 2335/2335/2335
f 4072/4072/4072 4292/4292/4292 4293/4293/4293
f 4072/4072/4072 4293/4293/4293 4073/4073/4073
f 2753/2753/2753 2752/2752/2752 4073/4073/4073
f 2753/2753/2753 4073/4073/4073 4294/4294/4294
f 2792/2792/2792 2791/2791/2791 2752/2752/2752
f 2792/2792/2792 2752/2752/2752 2755/2755/2755
f 2757/2757/2757 2756/2756/2756 2755/2755/2755
f 2757/2757/2757 2755/2755/2755 2754/2754/2754
f 2796/2796/2796 2795/2795/2795 2756/2756/2756
f 2796/2796/2796 2756/2756/2756 2759/2759/2759
f 2761/2761/2761 2760/2760/2760 2759/2759/2759
f 2761/2761/2761 2759/2759/2759 2758/2758/2758
f 2800/2800/2800 2799/2799/2799 2760/2760/2760
f 2800/2800/2800 2760/2760/2760 2763/2763/2763
f 2765/2765/2765 2764/2764/2764 2763/2763/2763
f 2765/2765/2765 2763/2763/2763 2762/2762/2762
f 2804/2804/2804 2803/2803/2803 2764/2764/2764
f 2804/2804/2804 2764/2764/2764 2767/2767/2767
f 2769/2769/2769 2768/2768/2768 2767/2767/2767
f 2769/2769/2769 2767/2767/2767 2766/2766/2766
f 2808/2808/2808 2807/2807/2807 2768/2768/2768
f 2808/2808/2808 2768/2768/2768 2771/2771/2771
f 2773/2773/2773 2772/2772/2772 2771/2771/2771
f 2773/2773/2773 2771/2771/2771 2770/2770/2770
f 2812/2812/2812 2811/2811/2811 2772/2772/2772
f 2812/2812/2812 2772/2772/2772 2775/2775/2775
f 2777/2777/2777 2776/2776/2776 2775/2775/2775
f 2777/2777/2777 2775/2775/2775 2774/2774/2774
f 2816/2816/2816 2815/2815/2815 2776/2776/2776
f 2816/2816/2816 2776/2776/2776 2779/2779/2779
f 2781/2781/2781 2780/2780/2780 2779/2779/2779
f 2781/2781/2781 2779/2779/2779 2778/2778/2778
f 2820/2820/2820 2819/2819/2819 2780/2780/2780
f 2820/2820/2820 2780/2780/2780 2783/2783/2783
f 2747/2747/2747 2746/2746/2746 2783/2783/2783
f 2747/2747/2747 2783/2783/2783 2782/2782/2782
f 2786/2786/2786 2785/2785/2785 2746/2746/2746
f 2786/2786/2786 2746/2746/2746 2749/2749/2749
f 2713/2713/2713 2712/2712/2712 2749/2749/2749
f 2713/2713/2713 2749/2749/2749 2748/2748/2748
f 2341/2341/2341 2751/2751/2751 2712/2712/2712
f 2341/2341/2341 2712/2712/2712 2342/2342/2342
f 2340/2340/2340 2343/2343/2343 2342/2342/2342
f 2340/2340/2340 2342/2342/2342 2338/2338/2338
f 4295/4295/4295 4296/4296/4296 4292/4292/4292
f 4295/4295/4295 4292/4292/4292 4297/4297/4297
f 2791/2791/2791 2790/2790/2790 4074/4074/4074
f 2791/2791/2791 4074/4074/4074 4072/4072/4072
f 2830/2830/2830 2829/2829/2829 2790/2790/2790
f 2830/2830/2830 2790/2790/2790 2793/2793/2793
f 2795/2795/2795 2794/2794/2794 2793/2793/2793
f 2795/2795/2795 2793/2793/2793 2792/2792/2792
f 2799/2799/2799 2798/2798/2798 2797/2797/2797
f 2799/2799/2799 2797/2797/2797 2796/2796/2796
f 2838/2838/2838 2837/2837/2837 2798/2798/2798
f 2838/2838/2838 2798/2798/2798 2801/2801/2801
f 2803/2803/2803 2802/2802/2802 2801/2801/2801
f 2803/2803/2803 2801/2801/2801 2800/2800/2800
f 2842/2842/2842 2841/2841/2841 2802/2802/2802
f 2842/2842/2842 2802/2802/2802 2805/2805/2805
f 2807/2807/2807 2806/2806/2806 2805/2805/2805
f 2807/2807/2807 2805/2805/2805 2804/2804/2804
f 2846/2846/2846 2845/2845/2845 2806/2806/2806
f 2846/2846/2846 2806/2806/2806 2809/2809/2809
f 2811/2811/2811 2810/2810/2810 2809/2809/2809
f 2811/2811/2811 2809/2809/2809 2808/2808/2808
f 2850/2850/2850 2849/2849/2849 2810/2810/2810
f 2850/2850/2850 2810/2810/2810 2813/2813/2813
f 2815/2815/2815 2814/2814/2814 2813/2813/2813
f 2815/2815/2815 2813/2813/2813 2812/2812/2812
f 2854/2854/2854 2853/2853/2853 2814/2814/2814
f 2854/2854/2854 2814/2814/2814 2817/2817/2817
f 2819/2819/2819 2818/2818/2818 2817/2817/2817
f 2819/2819/2819 2817/2817/2817 2816/2816/2816
f 2858/2858/2858 2857/2857/2857 2818/2818/2818
f 2858/2858/2858 2818/2818/2818 2821/2821/2821
f 2785/2785/2785 2784/2784/2784 2821/2821/2821
f 2785/2785/2785 2821/2821/2821 2820/2820/2820
f 2824/2824/2824 2823/2823/2823 2784/2784/2784
f 2824/2824/2824 2784/2784/2784 2787/2787/2787
f 2751/2751/2751 2750/2750/2750 2787/2787/2787
f 2751/2751/2751 2787/2787/2787 2786/2786/2786
f 2344/2344/2344 2789/2789/2789 2750/2750/2750
f 2344/2344/2344 2750/2750/2750 2345/2345/2345
f 2343/2343/2343 2346/2346/2346 2345/2345/2345
f 2343/2343/2343 2345/2345/2345 2341/2341/2341
f 4058/4058/4058 4057/4057/4057 2860/2860/2860
f 4058/4058/4058 2860/2860/2860 2863/2863/2863
f 4076/4076/4076 4298/4298/4298 2861/2861/2861
f 4076/4076/4076 2861/2861/2861 2860/2860/2860
f 2829/2829/2829 2828/2828/2828 2863/2863/2863
f 2829/2829/2829 2863/2863/2863 2862/2862/2862
f 2833/2833/2833 2832/2832/2832 2831/2831/2831
f 2833/2833/2833 2831/2831/2831 2830/2830/2830
f 4034/4034/4034 4033/4033/4033 2832/2832/2832
f 4034/4034/4034 2832/2832/2832 2835/2835/2835
f 2837/2837/2837 2836/2836/2836 2835/2835/2835
f 2837/2837/2837 2835/2835/2835 2834/2834/2834
f 4038/4038/4038 4037/4037/4037 2836/2836/2836
f 4038/4038/4038 2836/2836/2836 2839/2839/2839
f 2841/2841/2841 2840/2840/2840 2839/2839/2839
f 2841/2841/2841 2839/2839/2839 2838/2838/2838
f 4042/4042/4042 4041/4041/4041 2840/2840/2840
f 4042/4042/4042 2840/2840/2840 2843/2843/2843
f 2845/2845/2845 2844/2844/2844 2843/2843/2843
f 2845/2845/2845 2843/2843/2843 2842/2842/2842
f 4077/4077/4077 4078/4078/4078 2844/2844/2844
f 4077/4077/4077 2844/2844/2844 2847/2847/2847
f 2849/2849/2849 2848/2848/2848 2847/2847/2847
f 2849/2849/2849 2847/2847/2847 2846/2846/2846
f 4046/4046/4046 4045/4045/4045 2848/2848/2848
f 4046/4046/4046 2848/2848/2848 2851/2851/2851
f 2853/2853/2853 2852/2852/2852 2851/2851/2851
f 2853/2853/2853 2851/2851/2851 2850/2850/2850
f 4050/4050/4050 4049/4049/4049 2852/2852/2852
f 4050/4050/4050 2852/2852/2852 2855/2855/2855
f 2857/2857/2857 2856/2856/2856 2855/2855/2855
f 2857/2857/2857 2855/2855/2855 2854/2854/2854
f 4054/4054/4054 4053/4053/4053 2856/2856/2856
f 4054/4054/4054 2856/2856/2856 2859/2859/2859
f 2823/2823/2823 2822/2822/2822 2859/2859/2859
f 2823/2823/2823 2859/2859/2859 2858/2858/2858
f 4028/4028/4028 4027/4027/4027 2822/2822/2822
f 4028/4028/4028 2822/2822/2822 2825/2825/2825
f 2789/2789/2789 2788/2788/2788 2825/2825/2825
f 2789/2789/2789 2825/2825/2825 2824/2824/2824
f 2347/2347/2347 2827/2827/2827 2788/2788/2788
f 2347/2347/2347 2788/2788/2788 2348/2348/2348
f 2346/2346/2346 2349/2349/2349 2348/2348/2348
f 2346/2346/2346 2348/2348/2348 2344/2344/2344
f 2869/2869/2869 2868/2868/2868 4080/4080/4080
f 2869/2869/2869 4080/4080/4080 4082/4082/4082
f 2894/2894/2894 2897/2897/2897 2870/2870/2870
f 2894/2894/2894 2870/2870/2870 2869/2869/2869
f 2873/2873/2873 2872/2872/2872 2871/2871/2871
f 2873/2873/2873 2871/2871/2871 2870/2870/2870
f 2898/2898/2898 2901/2901/2901 2874/2874/2874
f 2898/2898/2898 2874/2874/2874 2873/2873/2873
f 2877/2877/2877 2876/2876/2876 2875/2875/2875
f 2877/2877/2877 2875/2875/2875 2874/2874/2874
f 3216/3216/3216 3215/3215/3215 2876/2876/2876
f 3216/3216/3216 2876/2876/2876 2879/2879/2879
f 2902/2902/2902 2905/2905/2905 2878/2878/2878
f 2902/2902/2902 2878/2878/2878 2877/2877/2877
f 2881/2881/2881 2880/2880/2880 2879/2879/2879
f 2881/2881/2881 2879/2879/2879 2878/2878/2878
f 3220/3220/3220 3219/3219/3219 2880/2880/2880
f 3220/3220/3220 2880/2880/2880 2883/2883/2883
f 2906/2906/2906 2909/2909/2909 2882/2882/2882
f 2906/2906/2906 2882/2882/2882 2881/2881/2881
f 2885/2885/2885 2884/2884/2884 2883/2883/2883
f 2885/2885/2885 2883/2883/2883 2882/2882/2882
f 3224/3224/3224 3223/3223/3223 2884/2884/2884
f 3224/3224/3224 2884/2884/2884 2887/2887/2887
f 2910/2910/2910 2913/2913/2913 2886/2886/2886
f 2910/2910/2910 2886/2886/2886 2885/2885/2885
f 2889/2889/2889 2888/2888/2888 2887/2887/2887
f 2889/2889/2889 2887/2887/2887 2886/2886/2886
f 3228/3228/3228 3227/3227/3227 2888/2888/2888
f 3228/3228/3228 2888/2888/2888 2891/2891/2891
f 2914/2914/2914 2917/2917/2917 2890/2890/2890
f 2914/2914/2914 2890/2890/2890 2889/2889/2889
f 2865/2865/2865 2864/2864/2864 2891/2891/2891
f 2865/2865/2865 2891/2891/2891 2890/2890/2890
f 3232/3232/3232 3231/3231/3231 2864/2864/2864
f 3232/3232/3232 2864/2864/2864 2867/2867/2867
f 2918/2918/2918 2921/2921/2921 2866/2866/2866
f 2918/2918/2918 2866/2866/2866 2865/2865/2865
f 4031/4031/4031 4030/4030/4030 2867/2867/2867
f 4031/4031/4031 2867/2867/2867 2866/2866/2866
f 2350/2350/2350 3201/3201/3201 4030/4030/4030
f 2350/2350/2350 4030/4030/4030 2351/2351/2351
f 2892/2892/2892 2353/2353/2353 2355/2355/2355
f 2892/2892/2892 2355/2355/2355 4031/4031/4031
f 2354/2354/2354 2352/2352/2352 2351/2351/2351
f 2354/2354/2354 2351/2351/2351 2355/2355/2355
f 2895/2895/2895 2894/2894/2894 4081/4081/4081
f 2895/2895/2895 4081/4081/4081 4084/4084/4084
f 2924/2924/2924 2927/2927/2927 2896/2896/2896
f 2924/2924/2924 2896/2896/2896 2895/2895/2895
f 2899/2899/2899 2898/2898/2898 2897/2897/2897
f 2899/2899/2899 2897/2897/2897 2896/2896/2896
f 2928/2928/2928 2931/2931/2931 2900/2900/2900
f 2928/2928/2928 2900/2900/2900 2899/2899/2899
f 2903/2903/2903 2902/2902/2902 2901/2901/2901
f 2903/2903/2903 2901/2901/2901 2900/2900/2900
f 2932/2932/2932 2935/2935/2935 2904/2904/2904
f 2932/2932/2932 2904/2904/2904 2903/2903/2903
f 2907/2907/2907 2906/2906/2906 2905/2905/2905
f 2907/2907/2907 2905/2905/2905 2904/2904/2904
f 2936/2936/2936 2939/2939/2939 2908/2908/2908
f 2936/2936/2936 2908/2908/2908 2907/2907/2907
f 2911/2911/2911 2910/2910/2910 2909/2909/2909
f 2911/2911/2911 2909/2909/2909 2908/2908/2908
f 2940/2940/2940 2943/2943/2943 2912/2912/2912
f 2940/2940/2940 2912/2912/2912 2911/2911/2911
f 2915/2915/2915 2914/2914/2914 2913/2913/2913
f 2915/2915/2915 2913/2913/2913 2912/2912/2912
f 2944/2944/2944 2947/2947/2947 2916/2916/2916
f 2944/2944/2944 2916/2916/2916 2915/2915/2915
f 2919/2919/2919 2918/2918/2918 2917/2917/2917
f 2919/2919/2919 2917/2917/2917 2916/2916/2916
f 2948/2948/2948 2951/2951/2951 2920/2920/2920
f 2948/2948/2948 2920/2920/2920 2919/2919/2919
f 2893/2893/2893 2892/2892/2892 2921/2921/2921
f 2893/2893/2893 2921/2921/2921 2920/2920/2920
f 2922/2922/2922 2356/2356/2356 2358/2358/2358
f 2922/2922/2922 2358/2358/2358 2893/2893/2893
f 2357/2357/2357 2354/2354/2354 2353/2353/2353
f 2357/2357/2357 2353/2353/2353 2358/2358/2358
f 2925/2925/2925 2924/2924/2924 4083/4083/4083
f 2925/2925/2925 4083/4083/4083 4086/4086/4086
f 2954/2954/2954 2957/2957/2957 2926/2926/2926
f 2954/2954/2954 2926/2926/2926 2925/2925/2925
f 2929/2929/2929 2928/2928/2928 2927/2927/2927
f 2929/2929/2929 2927/2927/2927 2926/2926/2926
f 2958/2958/2958 2961/2961/2961 2930/2930/2930
f 2958/2958/2958 2930/2930/2930 2929/2929/2929
f 2933/2933/2933 2932/2932/2932 2931/2931/2931
f 2933/2933/2933 2931/2931/2931 2930/2930/2930
f 2962/2962/2962 2965/2965/2965 2934/2934/2934
f 2962/2962/2962 2934/2934/2934 2933/2933/2933
f 2937/2937/2937 2936/2936/2936 2935/2935/2935
f 2937/2937/2937 2935/2935/2935 2934/2934/2934
f 2966/2966/2966 2969/2969/2969 2938/2938/2938
f 2966/2966/2966 2938/2938/2938 2937/2937/2937
f 2941/2941/2941 2940/2940/2940 2939/2939/2939
f 2941/2941/2941 2939/2939/2939 2938/2938/2938
f 2970/2970/2970 2973/2973/2973 2942/2942/2942
f 2970/2970/2970 2942/2942/2942 2941/2941/2941
f 2945/2945/2945 2944/2944/2944 2943/2943/2943
f 2945/2945/2945 2943/2943/2943 2942/2942/2942
f 2974/2974/2974 2977/2977/2977 2946/2946/2946
f 2974/2974/2974 2946/2946/2946 2945/2945/2945
f 2949/2949/2949 2948/2948/2948 2947/2947/2947
f 2949/2949/2949 2947/2947/2947 2946/2946/2946
f 2978/2978/2978 2981/2981/2981 2950/2950/2950
f 2978/2978/2978 2950/2950/2950 2949/2949/2949
f 2923/2923/2923 2922/2922/2922 2951/2951/2951
f 2923/2923/2923 2951/2951/2951 2950/2950/2950
f 2952/2952/2952 2359/2359/2359 2361/2361/2361
f 2952/2952/2952 2361/2361/2361 2923/2923/2923
f 2360/2360/2360 2357/2357/2357 2356/2356/2356
f 2360/2360/2360 2356/2356/2356 2361/2361/2361
f 4299/4299/4299 4087/4087/4087 4088/4088/4088
f 4299/4299/4299 4088/4088/4088 4300/4300/4300
f 2955/2955/2955 2954/2954/2954 4085/4085/4085
f 2955/2955/2955 4085/4085/4085 4088/4088/4088
f 2984/2984/2984 2987/2987/2987 2956/2956/2956
f 2984/2984/2984 2956/2956/2956 2955/2955/2955
f 2959/2959/2959 2958/2958/2958 2957/2957/2957
f 2959/2959/2959 2957/2957/2957 2956/2956/2956
f 2988/2988/2988 2991/2991/2991 2960/2960/2960
f 2988/2988/2988 2960/2960/2960 2959/2959/2959
f 2963/2963/2963 2962/2962/2962 2961/2961/2961
f 2963/2963/2963 2961/2961/2961 2960/2960/2960
f 2992/2992/2992 2995/2995/2995 2964/2964/2964
f 2992/2992/2992 2964/2964/2964 2963/2963/2963
f 2967/2967/2967 2966/2966/2966 2965/2965/2965
f 2967/2967/2967 2965/2965/2965 2964/2964/2964
f 2996/2996/2996 2999/2999/2999 2968/2968/2968
f 2996/2996/2996 2968/2968/2968 2967/2967/2967
f 2971/2971/2971 2970/2970/2970 2969/2969/2969
f 2971/2971/2971 2969/2969/2969 2968/2968/2968
f 3000/3000/3000 3003/3003/3003 2972/2972/2972
f 3000/3000/3000 2972/2972/2972 2971/2971/2971
f 2975/2975/2975 2974/2974/2974 2973/2973/2973
f 2975/2975/2975 2973/2973/2973 2972/2972/2972
f 3004/3004/3004 3007/3007/3007 2976/2976/2976
f 3004/3004/3004 2976/2976/2976 2975/2975/2975
f 2979/2979/2979 2978/2978/2978 2977/2977/2977
f 2979/2979/2979 2977/2977/2977 2976/2976/2976
f 3008/3008/3008 3011/3011/3011 2980/2980/2980
f 3008/3008/3008 2980/2980/2980 2979/2979/2979
f 2953/2953/2953 2952/2952/2952 2981/2981/2981
f 2953/2953/2953 2981/2981/2981 2980/2980/2980
f 2982/2982/2982 2362/2362/2362 2364/2364/2364
f 2982/2982/2982 2364/2364/2364 2953/2953/2953
f 2363/2363/2363 2360/2360/2360 2359/2359/2359
f 2363/2363/2363 2359/2359/2359 2364/2364/2364
f 2985/2985/2985 2984/2984/2984 4087/4087/4087
f 2985/2985/2985 4087/4087/4087 4091/4091/4091
f 4090/4090/4090 4092/4092/4092 2986/2986/2986
f 4090/4090/4090 2986/2986/2986 2985/2985/2985
f 2989/2989/2989 2988/2988/2988 2987/2987/2987
f 2989/2989/2989 2987/2987/2987 2986/2986/2986
f 3014/3014/3014 3017/3017/3017 2990/2990/2990
f 3014/3014/3014 2990/2990/2990 2989/2989/2989
f 2993/2993/2993 2992/2992/2992 2991/2991/2991
f 2993/2993/2993 2991/2991/2991 2990/2990/2990
f 3018/3018/3018 3021/3021/3021 2994/2994/2994
f 3018/3018/3018 2994/2994/2994 2993/2993/2993
f 2997/2997/2997 2996/2996/2996 2995/2995/2995
f 2997/2997/2997 2995/2995/2995 2994/2994/2994
f 3022/3022/3022 3025/3025/3025 2998/2998/2998
f 3022/3022/3022 2998/2998/2998 2997/2997/2997
f 3001/3001/3001 3000/3000/3000 2999/2999/2999
f 3001/3001/3001 2999/2999/2999 2998/2998/2998
f 3026/3026/3026 3029/3029/3029 3002/3002/3002
f 3026/3026/3026 3002/3002/3002 3001/3001/3001
f 3005/3005/3005 3004/3004/3004 3003/3003/3003
f 3005/3005/3005 3003/3003/3003 3002/3002/3002
f 3030/3030/3030 3033/3033/3033 3006/3006/3006
f 3030/3030/3030 3006/3006/3006 3005/3005/3005
f 3009/3009/3009 3008/3008/3008 3007/3007/3007
f 3009/3009/3009 3007/3007/3007 3006/3006/3006
f 3034/3034/3034 3037/3037/3037 3010/3010/3010
f 3034/3034/3034 3010/3010/3010 3009/3009/3009
f 2983/2983/2983 2982/2982/2982 3011/3011/3011
f 2983/2983/2983 3011/3011/3011 3010/3010/3010
f 3012/3012/3012 2365/2365/2365 2367/2367/2367
f 3012/3012/3012 2367/2367/2367 2983/2983/2983
f 2366/2366/2366 2363/2363/2363 2362/2362/2362
f 2366/2366/2366 2362/2362/2362 2367/2367/2367
f 4093/4093/4093 4090/4090/4090 4089/4089/4089
f 4093/4093/4093 4089/4089/4089 4094/4094/4094
f 3044/3044/3044 3047/3047/3047 4095/4095/4095
f 3044/3044/3044 4095/4095/4095 4093/4093/4093
f 3015/3015/3015 3014/3014/3014 4092/4092/4092
f 3015/3015/3015 4092/4092/4092 4095/4095/4095
f 3048/3048/3048 3051/3051/3051 3016/3016/3016
f 3048/3048/3048 3016/3016/3016 3015/3015/3015
f 3019/3019/3019 3018/3018/3018 3017/3017/3017
f 3019/3019/3019 3017/3017/3017 3016/3016/3016
f 3052/3052/3052 3055/3055/3055 3020/3020/3020
f 3052/3052/3052 3020/3020/3020 3019/3019/3019
f 3023/3023/3023 3022/3022/3022 3021/3021/3021
f 3023/3023/3023 3021/3021/3021 3020/3020/3020
f 3056/3056/3056 3059/3059/3059 3024/3024/3024
f 3056/3056/3056 3024/3024/3024 3023/3023/3023
f 3027/3027/3027 3026/3026/3026 3025/3025/3025
f 3027/3027/3027 3025/3025/3025 3024/3024/3024
f 3060/3060/3060 3063/3063/3063 3028/3028/3028
f 3060/3060/3060 3028/3028/3028 3027/3027/3027
f 3031/3031/3031 3030/3030/3030 3029/3029/3029
f 3031/3031/3031 3029/3029/3029 3028/3028/3028
f 3064/3064/3064 3067/3067/3067 3032/3032/3032
f 3064/3064/3064 3032/3032/3032 3031/3031/3031
f 3035/3035/3035 3034/3034/3034 3033/3033/3033
f 3035/3035/3035 3033/3033/3033 3032/3032/3032
f 3068/3068/3068 3071/3071/3071 3036/3036/3036
f 3068/3068/3068 3036/3036/3036 3035/3035/3035
f 3013/3013/3013 3012/3012/3012 3037/3037/3037
f 3013/3013/3013 3037/3037/3037 3036/3036/3036
f 3038/3038/3038 2368/2368/2368 2370/2370/2370
f 3038/3038/3038 2370/2370/2370 3013/3013/3013
f 2369/2369/2369 2366/2366/2366 2365/2365/2365
f 2369/2369/2369 2365/2365/2365 2370/2370/2370
f 3041/3041/3041 3040/3040/3040 4301/4301/4301
f 3041/3041/3041 4301/4301/4301 4302/4302/4302
f 3074/3074/3074 3077/3077/3077 3042/3042/3042
f 3074/3074/3074 3042/3042/3042 3041/3041/3041
f 3045/3045/3045 3044/3044/3044 3043/3043/3043
f 3045/3045/3045 3043/3043/3043 3042/3042/3042
f 3078/3078/3078 3081/3081/3081 3046/3046/3046
f 3078/3078/3078 3046/3046/3046 3045/3045/3045
f 3049/3049/3049 3048/3048/3048 3047/3047/3047
f 3049/3049/3049 3047/3047/3047 3046/3046/3046
f 3082/3082/3082 3085/3085/3085 3050/3050/3050
f 3082/3082/3082 3050/3050/3050 3049/3049/3049
f 3053/3053/3053 3052/3052/3052 3051/3051/3051
f 3053/3053/3053 3051/3051/3051 3050/3050/3050
f 3086/3086/3086 3089/3089/3089 3054/3054/3054
f 3086/3086/3086 3054/3054/3054 3053/3053/3053
f 3057/3057/3057 3056/3056/3056 3055/3055/3055
f 3057/3057/3057 3055/3055/3055 3054/3054/3054
f 3090/3090/3090 3093/3093/3093 3058/3058/3058
f 3090/3090/3090 3058/3058/3058 3057/3057/3057
f 3061/3061/3061 3060/3060/3060 3059/3059/3059
f 3061/3061/3061 3059/3059/3059 3058/3058/3058
f 3094/3094/3094 3097/3097/3097 3062/3062/3062
f 3094/3094/3094 3062/3062/3062 3061/3061/3061
f 3065/3065/3065 3064/3064/3064 3063/3063/3063
f 3065/3065/3065 3063/3063/3063 3062/3062/3062
f 3098/3098/3098 3101/3101/3101 3066/3066/3066
f 3098/3098/3098 3066/3066/3066 3065/3065/3065
f 3069/3069/3069 3068/3068/3068 3067/3067/3067
f 3069/3069/3069 3067/3067/3067 3066/3066/3066
f 3102/3102/3102 3105/3105/3105 3070/3070/3070
f 3102/3102/3102 3070/3070/3070 3069/3069/3069
f 3039/3039/3039 3038/3038/3038 3071/3071/3071
f 3039/3039/3039 3071/3071/3071 3070/3070/3070
f 3072/3072/3072 2371/2371/2371 2373/2373/2373
f 3072/3072/3072 2373/2373/2373 3039/3039/3039
f 2372/2372/2372 2369/2369/2369 2368/2368/2368
f 2372/2372/2372 2368/2368/2368 2373/2373/2373
f 3075/3075/3075 3074/3074/3074 4303/4303/4303
f 3075/3075/3075 4303/4303/4303 4097/4097/4097
f 3108/3108/3108 3111/3111/3111 3076/3076/3076
f 3108/3108/3108 3076/3076/3076 3075/3075/3075
f 3079/3079/3079 3078/3078/3078 3077/3077/3077
f 3079/3079/3079 3077/3077/3077 3076/3076/3076
f 3112/3112/3112 3115/3115/3115 3080/3080/3080
f 3112/3112/3112 3080/3080/3080 3079/3079/3079
f 3083/3083/3083 3082/3082/3082 3081/3081/3081
f 3083/3083/3083 3081/3081/3081 3080/3080/3080
f 3116/3116/3116 3119/3119/3119 3084/3084/3084
f 3116/3116/3116 3084/3084/3084 3083/3083/3083
f 3087/3087/3087 3086/3086/3086 3085/3085/3085
f 3087/3087/3087 3085/3085/3085 3084/3084/3084
f 3120/3120/3120 3123/3123/3123 3088/3088/3088
f 3120/3120/3120 3088/3088/3088 3087/3087/3087
f 3091/3091/3091 3090/3090/3090 3089/3089/3089
f 3091/3091/3091 3089/3089/3089 3088/3088/3088
f 3124/3124/3124 3127/3127/3127 3092/3092/3092
f 3124/3124/3124 3092/3092/3092 3091/3091/3091
f 3095/3095/3095 3094/3094/3094 3093/3093/3093
f 3095/3095/3095 3093/3093/3093 3092/3092/3092
f 3128/3128/3128 3131/3131/3131 3096/3096/3096
f 3128/3128/3128 3096/3096/3096 3095/3095/3095
f 3099/3099/3099 3098/3098/3098 3097/3097/3097
f 3099/3099/3099 3097/3097/3097 3096/3096/3096
f 3132/3132/3132 3135/3135/3135 3100/3100/3100
f 3132/3132/3132 3100/3100/3100 3099/3099/3099
f 3103/3103/3103 3102/3102/3102 3101/3101/3101
f 3103/3103/3103 3101/3101/3101 3100/3100/3100
f 3136/3136/3136 3139/3139/3139 3104/3104/3104
f 3136/3136/3136 3104/3104/3104 3103/3103/3103
f 3073/3073/3073 3072/3072/3072 3105/3105/3105
f 3073/3073/3073 3105/3105/3105 3104/3104/3104
f 3106/3106/3106 2374/2374/2374 2376/2376/2376
f 3106/3106/3106 2376/2376/2376 3073/3073/3073
f 2375/2375/2375 2372/2372/2372 2371/2371/2371
f 2375/2375/2375 2371/2371/2371 2376/2376/2376
f 3109/3109/3109 3108/3108/3108 4096/4096/4096
f 3109/3109/3109 4096/4096/4096 4099/4099/4099
f 3142/3142/3142 3145/3145/3145 3110/3110/3110
f 3142/3142/3142 3110/3110/3110 3109/3109/3109
f 3113/3113/3113 3112/3112/3112 3111/3111/3111
f 3113/3113/3113 3111/3111/3111 3110/3110/3110
f 4304/4304/4304 4100/4100/4100 3114/3114/3114
f 4304/4304/4304 3114/3114/3114 3113/3113/3113
f 3117/3117/3117 3116/3116/3116 3115/3115/3115
f 3117/3117/3117 3115/3115/3115 3114/3114/3114
f 3146/3146/3146 3149/3149/3149 3118/3118/3118
f 3146/3146/3146 3118/3118/3118 3117/3117/3117
f 3121/3121/3121 3120/3120/3120 3119/3119/3119
f 3121/3121/3121 3119/3119/3119 3118/3118/3118
f 3150/3150/3150 3153/3153/3153 3122/3122/3122
f 3150/3150/3150 3122/3122/3122 3121/3121/3121
f 3125/3125/3125 3124/3124/3124 3123/3123/3123
f 3125/3125/3125 3123/3123/3123 3122/3122/3122
f 3154/3154/3154 3157/3157/3157 3126/3126/3126
f 3154/3154/3154 3126/3126/3126 3125/3125/3125
f 3129/3129/3129 3128/3128/3128 3127/3127/3127
f 3129/3129/3129 3127/3127/3127 3126/3126/3126
f 3158/3158/3158 3161/3161/3161 3130/3130/3130
f 3158/3158/3158 3130/3130/3130 3129/3129/3129
f 3133/3133/3133 3132/3132/3132 3131/3131/3131
f 3133/3133/3133 3131/3131/3131 3130/3130/3130
f 3162/3162/3162 3165/3165/3165 3134/3134/3134
f 3162/3162/3162 3134/3134/3134 3133/3133/3133
f 3137/3137/3137 3136/3136/3136 3135/3135/3135
f 3137/3137/3137 3135/3135/3135 3134/3134/3134
f 3166/3166/3166 3169/3169/3169 3138/3138/3138
f 3166/3166/3166 3138/3138/3138 3137/3137/3137
f 3107/3107/3107 3106/3106/3106 3139/3139/3139
f 3107/3107/3107 3139/3139/3139 3138/3138/3138
f 3140/3140/3140 2377/2377/2377 2379/2379/2379
f 3140/3140/3140 2379/2379/2379 3107/3107/3107
f 2378/2378/2378 2375/2375/2375 2374/2374/2374
f 2378/2378/2378 2374/2374/2374 2379/2379/2379
f 3143/3143/3143 3142/3142/3142 4098/4098/4098
f 3143/3143/3143 4098/4098/4098 4102/4102/4102
f 4305/4305/4305 4103/4103/4103 4104/4104/4104
f 4305/4305/4305 4104/4104/4104 4306/4306/4306
f 3176/3176/3176 3179/3179/3179 3148/3148/3148
f 3176/3176/3176 3148/3148/3148 3147/3147/3147
f 3151/3151/3151 3150/3150/3150 3149/3149/3149
f 3151/3151/3151 3149/3149/3149 3148/3148/3148
f 3180/3180/3180 3183/3183/3183 3152/3152/3152
f 3180/3180/3180 3152/3152/3152 3151/3151/3151
f 3155/3155/3155 3154/3154/3154 3153/3153/3153
f 3155/3155/3155 3153/3153/3153 3152/3152/3152
f 3184/3184/3184 3187/3187/3187 3156/3156/3156
f 3184/3184/3184 3156/3156/3156 3155/3155/3155
f 3159/3159/3159 3158/3158/3158 3157/3157/3157
f 3159/3159/3159 3157/3157/3157 3156/3156/3156
f 3188/3188/3188 3191/3191/3191 3160/3160/3160
f 3188/3188/3188 3160/3160/3160 3159/3159/3159
f 3163/3163/3163 3162/3162/3162 3161/3161/3161
f 3163/3163/3163 3161/3161/3161 3160/3160/3160
f 3192/3192/3192 3195/3195/3195 3164/3164/3164
f 3192/3192/3192 3164/3164/3164 3163/3163/3163
f 3167/3167/3167 3166/3166/3166 3165/3165/3165
f 3167/3167/3167 3165/3165/3165 3164/3164/3164
f 3196/3196/3196 3199/3199/3199 3168/3168/3168
f 3196/3196/3196 3168/3168/3168 3167/3167/3167
f 3141/3141/3141 3140/3140/3140 3169/3169/3169
f 3141/3141/3141 3169/3169/3169 3168/3168/3168
f 3170/3170/3170 2380/2380/2380 2382/2382/2382
f 3170/3170/3170 2382/2382/2382 3141/3141/3141
f 2381/2381/2381 2378/2378/2378 2377/2377/2377
f 2381/2381/2381 2377/2377/2377 2382/2382/2382
f 3173/3173/3173 3172/3172/3172 4101/4101/4101
f 3173/3173/3173 4101/4101/4101 4106/4106/4106
f 3626/3626/3626 3629/3629/3629 3174/3174/3174
f 3626/3626/3626 3174/3174/3174 3173/3173/3173
f 3177/3177/3177 3176/3176/3176 4103/4103/4103
f 3177/3177/3177 4103/4103/4103 4110/4110/4110
f 3630/3630/3630 3633/3633/3633 3178/3178/3178
f 3630/3630/3630 3178/3178/3178 3177/3177/3177
f 3181/3181/3181 3180/3180/3180 3179/3179/3179
f 3181/3181/3181 3179/3179/3179 3178/3178/3178
f 3634/3634/3634 3637/3637/3637 3182/3182/3182
f 3634/3634/3634 3182/3182/3182 3181/3181/3181
f 3185/3185/3185 3184/3184/3184 3183/3183/3183
f 3185/3185/3185 3183/3183/3183 3182/3182/3182
f 3638/3638/3638 3641/3641/3641 3186/3186/3186
f 3638/3638/3638 3186/3186/3186 3185/3185/3185
f 3189/3189/3189 3188/3188/3188 3187/3187/3187
f 3189/3189/3189 3187/3187/3187 3186/3186/3186
f 3642/3642/3642 3645/3645/3645 3190/3190/3190
f 3642/3642/3642 3190/3190/3190 3189/3189/3189
f 3193/3193/3193 3192/3192/3192 3191/3191/3191
f 3193/3193/3193 3191/3191/3191 3190/3190/3190
f 3646/3646/3646 3649/3649/3649 3194/3194/3194
f 3646/3646/3646 3194/3194/3194 3193/3193/3193
f 3197/3197/3197 3196/3196/3196 3195/3195/3195
f 3197/3197/3197 3195/3195/3195 3194/3194/3194
f 3650/3650/3650 3653/3653/3653 3198/3198/3198
f 3650/3650/3650 3198/3198/3198 3197/3197/3197
f 3171/3171/3171 3170/3170/3170 3199/3199/3199
f 3171/3171/3171 3199/3199/3199 3198/3198/3198
f 3624/3624/3624 2383/2383/2383 2385/2385/2385
f 3624/3624/3624 2385/2385/2385 3171/3171/3171
f 2384/2384/2384 2381/2381/2381 2380/2380/2380
f 2384/2384/2384 2380/2380/2380 2385/2385/2385
f 3237/3237/3237 3236/3236/3236 4062/4062/4062
f 3237/3237/3237 4062/4062/4062 4307/4307/4307
f 3207/3207/3207 3206/3206/3206 3205/3205/3205
f 3207/3207/3207 3205/3205/3205 3204/3204/3204
f 3211/3211/3211 3210/3210/3210 3209/3209/3209
f 3211/3211/3211 3209/3209/3209 3208/3208/3208
f 3215/3215/3215 3214/3214/3214 3213/3213/3213
f 3215/3215/3215 3213/3213/3213 3212/3212/3212
f 3219/3219/3219 3218/3218/3218 3217/3217/3217
f 3219/3219/3219 3217/3217/3217 3216/3216/3216
f 3223/3223/3223 3222/3222/3222 3221/3221/3221
f 3223/3223/3223 3221/3221/3221 3220/3220/3220
f 3227/3227/3227 3226/3226/3226 3225/3225/3225
f 3227/3227/3227 3225/3225/3225 3224/3224/3224
f 3231/3231/3231 3230/3230/3230 3229/3229/3229
f 3231/3231/3231 3229/3229/3229 3228/3228/3228
f 3201/3201/3201 3200/3200/3200 3233/3233/3233
f 3201/3201/3201 3233/3233/3233 3232/3232/3232
f 2352/2352/2352 2318/2318/2318 2317/2317/2317
f 2352/2352/2352 2317/2317/2317 2350/2350/2350
f 4119/4119/4119 4118/4118/4118 4117/4117/4117
f 4119/4119/4119 4117/4117/4117 4120/4120/4120
f 3250/3250/3250 3249/3249/3249 4118/4118/4118
f 3250/3250/3250 4118/4118/4118 4114/4114/4114
f 4122/4122/4122 4115/4115/4115 4114/4114/4114
f 4122/4122/4122 4114/4114/4114 4123/4123/4123
f 3254/3254/3254 3253/3253/3253 4115/4115/4115
f 3254/3254/3254 4115/4115/4115 4112/4112/4112
f 4125/4125/4125 4113/4113/4113 4112/4112/4112
f 4125/4125/4125 4112/4112/4112 4126/4126/4126
f 3258/3258/3258 3257/3257/3257 4113/4113/4113
f 3258/3258/3258 4113/4113/4113 4111/4111/4111
f 3281/3281/3281 3280/3280/3280 4111/4111/4111
f 3281/3281/3281 4111/4111/4111 4127/4127/4127
f 3262/3262/3262 3261/3261/3261 3280/3280/3280
f 3262/3262/3262 3280/3280/3280 3283/3283/3283
f 3998/3998/3998 4001/4001/4001 3282/3282/3282
f 3998/3998/3998 3282/3282/3282 3281/3281/3281
f 3285/3285/3285 3284/3284/3284 3283/3283/3283
f 3285/3285/3285 3283/3283/3283 3282/3282/3282
f 3266/3266/3266 3265/3265/3265 3284/3284/3284
f 3266/3266/3266 3284/3284/3284 3287/3287/3287
f 4002/4002/4002 4005/4005/4005 3286/3286/3286
f 4002/4002/4002 3286/3286/3286 3285/3285/3285
f 3289/3289/3289 3288/3288/3288 3287/3287/3287
f 3289/3289/3289 3287/3287/3287 3286/3286/3286
f 3270/3270/3270 3269/3269/3269 3288/3288/3288
f 3270/3270/3270 3288/3288/3288 3291/3291/3291
f 4006/4006/4006 4009/4009/4009 3290/3290/3290
f 4006/4006/4006 3290/3290/3290 3289/3289/3289
f 3293/3293/3293 3292/3292/3292 3291/3291/3291
f 3293/3293/3293 3291/3291/3291 3290/3290/3290
f 3274/3274/3274 3273/3273/3273 3292/3292/3292
f 3274/3274/3274 3292/3292/3292 3295/3295/3295
f 4010/4010/4010 4013/4013/4013 3294/3294/3294
f 4010/4010/4010 3294/3294/3294 3293/3293/3293
f 3297/3297/3297 3296/3296/3296 3295/3295/3295
f 3297/3297/3297 3295/3295/3295 3294/3294/3294
f 3278/3278/3278 3277/3277/3277 3296/3296/3296
f 3278/3278/3278 3296/3296/3296 3299/3299/3299
f 4014/4014/4014 4017/4017/4017 3298/3298/3298
f 4014/4014/4014 3298/3298/3298 3297/3297/3297
f 3301/3301/3301 3300/3300/3300 3299/3299/3299
f 3301/3301/3301 3299/3299/3299 3298/3298/3298
f 3242/3242/3242 3241/3241/3241 3300/3300/3300
f 3242/3242/3242 3300/3300/3300 3303/3303/3303
f 4018/4018/4018 4021/4021/4021 3302/3302/3302
f 4018/4018/4018 3302/3302/3302 3301/3301/3301
f 3305/3305/3305 3304/3304/3304 3303/3303/3303
f 3305/3305/3305 3303/3303/3303 3302/3302/3302
f 2386/2386/2386 3655/3655/3655 3304/3304/3304
f 2386/2386/2386 3304/3304/3304 2387/2387/2387
f 3992/3992/3992 2389/2389/2389 2391/2391/2391
f 3992/3992/3992 2391/2391/2391 3305/3305/3305
f 2390/2390/2390 2388/2388/2388 2387/2387/2387
f 2390/2390/2390 2387/2387/2387 2391/2391/2391
f 4129/4129/4129 4308/4308/4308 4309/4309/4309
f 4129/4129/4129 4309/4309/4309 4130/4130/4130
f 3249/3249/3249 3248/3248/3248 4130/4130/4130
f 3249/3249/3249 4130/4130/4130 4116/4116/4116
f 3312/3312/3312 3311/3311/3311 3248/3248/3248
f 3312/3312/3312 3248/3248/3248 3251/3251/3251
f 3253/3253/3253 3252/3252/3252 3251/3251/3251
f 3253/3253/3253 3251/3251/3251 3250/3250/3250
f 3316/3316/3316 3315/3315/3315 3252/3252/3252
f 3316/3316/3316 3252/3252/3252 3255/3255/3255
f 3257/3257/3257 3256/3256/3256 3255/3255/3255
f 3257/3257/3257 3255/3255/3255 3254/3254/3254
f 3320/3320/3320 3319/3319/3319 3256/3256/3256
f 3320/3320/3320 3256/3256/3256 3259/3259/3259
f 3261/3261/3261 3260/3260/3260 3259/3259/3259
f 3261/3261/3261 3259/3259/3259 3258/3258/3258
f 3324/3324/3324 3323/3323/3323 3260/3260/3260
f 3324/3324/3324 3260/3260/3260 3263/3263/3263
f 3265/3265/3265 3264/3264/3264 3263/3263/3263
f 3265/3265/3265 3263/3263/3263 3262/3262/3262
f 3328/3328/3328 3327/3327/3327 3264/3264/3264
f 3328/3328/3328 3264/3264/3264 3267/3267/3267
f 3269/3269/3269 3268/3268/3268 3267/3267/3267
f 3269/3269/3269 3267/3267/3267 3266/3266/3266
f 3332/3332/3332 3331/3331/3331 3268/3268/3268
f 3332/3332/3332 3268/3268/3268 3271/3271/3271
f 3273/3273/3273 3272/3272/3272 3271/3271/3271
f 3273/3273/3273 3271/3271/3271 3270/3270/3270
f 3336/3336/3336 3335/3335/3335 3272/3272/3272
f 3336/3336/3336 3272/3272/3272 3275/3275/3275
f 3277/3277/3277 3276/3276/3276 3275/3275/3275
f 3277/3277/3277 3275/3275/3275 3274/3274/3274
f 3340/3340/3340 3339/3339/3339 3276/3276/3276
f 3340/3340/3340 3276/3276/3276 3279/3279/3279
f 3241/3241/3241 3240/3240/3240 3279/3279/3279
f 3241/3241/3241 3279/3279/3279 3278/3278/3278
f 3308/3308/3308 3307/3307/3307 3240/3240/3240
f 3308/3308/3308 3240/3240/3240 3243/3243/3243
f 3655/3655/3655 3654/3654/3654 3243/3243/3243
f 3655/3655/3655 3243/3243/3243 3242/3242/3242
f 2392/2392/2392 4128/4128/4128 3654/3654/3654
f 2392/2392/2392 3654/3654/3654 2393/2393/2393
f 2388/2388/2388 2394/2394/2394 2393/2393/2393
f 2388/2388/2388 2393/2393/2393 2386/2386/2386
f 3311/3311/3311 3310/3310/3310 4133/4133/4133
f 3311/3311/3311 4133/4133/4133 4129/4129/4129
f 3350/3350/3350 3349/3349/3349 3310/3310/3310
f 3350/3350/3350 3310/3310/3310 3313/3313/3313
f 3315/3315/3315 3314/3314/3314 3313/3313/3313
f 3315/3315/3315 3313/3313/3313 3312/3312/3312
f 3354/3354/3354 3353/3353/3353 3314/3314/3314
f 3354/3354/3354 3314/3314/3314 3317/3317/3317
f 3319/3319/3319 3318/3318/3318 3317/3317/3317
f 3319/3319/3319 3317/3317/3317 3316/3316/3316
f 3358/3358/3358 3357/3357/3357 3318/3318/3318
f 3358/3358/3358 3318/3318/3318 3321/3321/3321
f 3323/3323/3323 3322/3322/3322 3321/3321/3321
f 3323/3323/3323 3321/3321/3321 3320/3320/3320
f 3362/3362/3362 3361/3361/3361 3322/3322/3322
f 3362/3362/3362 3322/3322/3322 3325/3325/3325
f 3327/3327/3327 3326/3326/3326 3325/3325/3325
f 3327/3327/3327 3325/3325/3325 3324/3324/3324
f 3366/3366/3366 3365/3365/3365 3326/3326/3326
f 3366/3366/3366 3326/3326/3326 3329/3329/3329
f 3331/3331/3331 3330/3330/3330 3329/3329/3329
f 3331/3331/3331 3329/3329/3329 3328/3328/3328
f 3370/3370/3370 3369/3369/3369 3330/3330/3330
f 3370/3370/3370 3330/3330/3330 3333/3333/3333
f 3335/3335/3335 3334/3334/3334 3333/3333/3333
f 3335/3335/3335 3333/3333/3333 3332/3332/3332
f 3374/3374/3374 3373/3373/3373 3334/3334/3334
f 3374/3374/3374 3334/3334/3334 3337/3337/3337
f 3339/3339/3339 3338/3338/3338 3337/3337/3337
f 3339/3339/3339 3337/3337/3337 3336/3336/3336
f 3378/3378/3378 3377/3377/3377 3338/3338/3338
f 3378/3378/3378 3338/3338/3338 3341/3341/3341
f 3307/3307/3307 3306/3306/3306 3341/3341/3341
f 3307/3307/3307 3341/3341/3341 3340/3340/3340
f 3344/3344/3344 3343/3343/3343 3306/3306/3306
f 3344/3344/3344 3306/3306/3306 3309/3309/3309
f 4128/4128/4128 4131/4131/4131 3309/3309/3309
f 4128/4128/4128 3309/3309/3309 3308/3308/3308
f 2395/2395/2395 4132/4132/4132 4131/4131/4131
f 2395/2395/2395 4131/4131/4131 2396/2396/2396
f 2394/2394/2394 2397/2397/2397 2396/2396/2396
f 2394/2394/2394 2396/2396/2396 2392/2392/2392
f 4136/4136/4136 4310/4310/4310 3380/3380/3380
f 4136/4136/4136 3380/3380/3380 3383/3383/3383
f 3349/3349/3349 3348/3348/3348 3383/3383/3383
f 3349/3349/3349 3383/3383/3383 3382/3382/3382
f 4135/4135/4135 4137/4137/4137 3348/3348/3348
f 4135/4135/4135 3348/3348/3348 3351/3351/3351
f 3353/3353/3353 3352/3352/3352 3351/3351/3351
f 3353/3353/3353 3351/3351/3351 3350/3350/3350
f 3392/3392/3392 3391/3391/3391 3352/3352/3352
f 3392/3392/3392 3352/3352/3352 3355/3355/3355
f 3357/3357/3357 3356/3356/3356 3355/3355/3355
f 3357/3357/3357 3355/3355/3355 3354/3354/3354
f 3396/3396/3396 3395/3395/3395 3356/3356/3356
f 3396/3396/3396 3356/3356/3356 3359/3359/3359
f 3361/3361/3361 3360/3360/3360 3359/3359/3359
f 3361/3361/3361 3359/3359/3359 3358/3358/3358
f 3400/3400/3400 3399/3399/3399 3360/3360/3360
f 3400/3400/3400 3360/3360/3360 3363/3363/3363
f 3365/3365/3365 3364/3364/3364 3363/3363/3363
f 3365/3365/3365 3363/3363/3363 3362/3362/3362
f 3404/3404/3404 3403/3403/3403 3364/3364/3364
f 3404/3404/3404 3364/3364/3364 3367/3367/3367
f 3369/3369/3369 3368/3368/3368 3367/3367/3367
f 3369/3369/3369 3367/3367/3367 3366/3366/3366
f 3408/3408/3408 3407/3407/3407 3368/3368/3368
f 3408/3408/3408 3368/3368/3368 3371/3371/3371
f 3373/3373/3373 3372/3372/3372 3371/3371/3371
f 3373/3373/3373 3371/3371/3371 3370/3370/3370
f 3412/3412/3412 3411/3411/3411 3372/3372/3372
f 3412/3412/3412 3372/3372/3372 3375/3375/3375
f 3377/3377/3377 3376/3376/3376 3375/3375/3375
f 3377/3377/3377 3375/3375/3375 3374/3374/3374
f 3416/3416/3416 3415/3415/3415 3376/3376/3376
f 3416/3416/3416 3376/3376/3376 3379/3379/3379
f 3343/3343/3343 3342/3342/3342 3379/3379/3379
f 3343/3343/3343 3379/3379/3379 3378/3378/3378
f 3386/3386/3386 3385/3385/3385 3342/3342/3342
f 3386/3386/3386 3342/3342/3342 3345/3345/3345
f 4132/4132/4132 4134/4134/4134 3345/3345/3345
f 4132/4132/4132 3345/3345/3345 3344/3344/3344
f 2398/2398/2398 3347/3347/3347 4134/4134/4134
f 2398/2398/2398 4134/4134/4134 2399/2399/2399
f 2397/2397/2397 2400/2400/2400 2399/2399/2399
f 2397/2397/2397 2399/2399/2399 2395/2395/2395
f 4137/4137/4137 4145/4145/4145 4144/4144/4144
f 4137/4137/4137 4144/4144/4144 4136/4136/4136
f 3426/3426/3426 3425/3425/3425 4145/4145/4145
f 3426/3426/3426 4145/4145/4145 4142/4142/4142
f 3391/3391/3391 3390/3390/3390 4142/4142/4142
f 3391/3391/3391 4142/4142/4142 4135/4135/4135
f 3430/3430/3430 3429/3429/3429 3390/3390/3390
f 3430/3430/3430 3390/3390/3390 3393/3393/3393
f 3395/3395/3395 3394/3394/3394 3393/3393/3393
f 3395/3395/3395 3393/3393/3393 3392/3392/3392
f 4139/4139/4139 4141/4141/4141 3394/3394/3394
f 4139/4139/4139 3394/3394/3394 3397/3397/3397
f 3399/3399/3399 3398/3398/3398 3397/3397/3397
f 3399/3399/3399 3397/3397/3397 3396/3396/3396
f 4138/4138/4138 4140/4140/4140 3398/3398/3398
f 4138/4138/4138 3398/3398/3398 3401/3401/3401
f 3403/3403/3403 3402/3402/3402 3401/3401/3401
f 3403/3403/3403 3401/3401/3401 3400/3400/3400
f 3434/3434/3434 3433/3433/3433 3402/3402/3402
f 3434/3434/3434 3402/3402/3402 3405/3405/3405
f 3407/3407/3407 3406/3406/3406 3405/3405/3405
f 3407/3407/3407 3405/3405/3405 3404/3404/3404
f 3438/3438/3438 3437/3437/3437 3406/3406/3406
f 3438/3438/3438 3406/3406/3406 3409/3409/3409
f 3411/3411/3411 3410/3410/3410 3409/3409/3409
f 3411/3411/3411 3409/3409/3409 3408/3408/3408
f 3442/3442/3442 3441/3441/3441 3410/3410/3410
f 3442/3442/3442 3410/3410/3410 3413/3413/3413
f 3415/3415/3415 3414/3414/3414 3413/3413/3413
f 3415/3415/3415 3413/3413/3413 3412/3412/3412
f 3446/3446/3446 3445/3445/3445 3414/3414/3414
f 3446/3446/3446 3414/3414/3414 3417/3417/3417
f 3385/3385/3385 3384/3384/3384 3417/3417/3417
f 3385/3385/3385 3417/3417/3417 3416/3416/3416
f 3420/3420/3420 3419/3419/3419 3384/3384/3384
f 3420/3420/3420 3384/3384/3384 3387/3387/3387
f 3347/3347/3347 3346/3346/3346 3387/3387/3387
f 3347/3347/3347 3387/3387/3387 3386/3386/3386
f 2401/2401/2401 3389/3389/3389 3346/3346/3346
f 2401/2401/2401 3346/3346/3346 2402/2402/2402
f 2400/2400/2400 2403/2403/2403 2402/2402/2402
f 2400/2400/2400 2402/2402/2402 2398/2398/2398
f 4311/4311/4311 4312/4312/4312 4313/4313/4313
f 4311/4311/4311 4313/4313/4313 4314/4314/4314
f 3456/3456/3456 3455/3455/3455 3424/3424/3424
f 3456/3456/3456 3424/3424/3424 3427/3427/3427
f 3429/3429/3429 3428/3428/3428 3427/3427/3427
f 3429/3429/3429 3427/3427/3427 3426/3426/3426
f 3460/3460/3460 3459/3459/3459 3428/3428/3428
f 3460/3460/3460 3428/3428/3428 3431/3431/3431
f 4141/4141/4141 4149/4149/4149 3431/3431/3431
f 4141/4141/4141 3431/3431/3431 3430/3430/3430
f 3464/3464/3464 3463/3463/3463 4149/4149/4149
f 3464/3464/3464 4149/4149/4149 4147/4147/4147
f 4140/4140/4140 4148/4148/4148 4147/4147/4147
f 4140/4140/4140 4147/4147/4147 4139/4139/4139
f 3468/3468/3468 3467/3467/3467 4148/4148/4148
f 3468/3468/3468 4148/4148/4148 4146/4146/4146
f 3433/3433/3433 3432/3432/3432 4146/4146/4146
f 3433/3433/3433 4146/4146/4146 4138/4138/4138
f 3472/3472/3472 3471/3471/3471 3432/3432/3432
f 3472/3472/3472 3432/3432/3432 3435/3435/3435
f 3437/3437/3437 3436/3436/3436 3435/3435/3435
f 3437/3437/3437 3435/3435/3435 3434/3434/3434
f 3476/3476/3476 3475/3475/3475 3436/3436/3436
f 3476/3476/3476 3436/3436/3436 3439/3439/3439
f 3441/3441/3441 3440/3440/3440 3439/3439/3439
f 3441/3441/3441 3439/3439/3439 3438/3438/3438
f 3480/3480/3480 3479/3479/3479 3440/3440/3440
f 3480/3480/3480 3440/3440/3440 3443/3443/3443
f 3445/3445/3445 3444/3444/3444 3443/3443/3443
f 3445/3445/3445 3443/3443/3443 3442/3442/3442
f 3484/3484/3484 3483/3483/3483 3444/3444/3444
f 3484/3484/3484 3444/3444/3444 3447/3447/3447
f 3419/3419/3419 3418/3418/3418 3447/3447/3447
f 3419/3419/3419 3447/3447/3447 3446/3446/3446
f 3450/3450/3450 3449/3449/3449 3418/3418/3418
f 3450/3450/3450 3418/3418/3418 3421/3421/3421
f 3389/3389/3389 3388/3388/3388 3421/3421/3421
f 3389/3389/3389 3421/3421/3421 3420/3420/3420
f 2404/2404/2404 3423/3423/3423 3388/3388/3388
f 2404/2404/2404 3388/3388/3388 2405/2405/2405
f 2403/2403/2403 2406/2406/2406 2405/2405/2405
f 2403/2403/2403 2405/2405/2405 2401/2401/2401
f 3455/3455/3455 3454/3454/3454 4153/4153/4153
f 3455/3455/3455 4153/4153/4153 4150/4150/4150
f 3459/3459/3459 3458/3458/3458 3457/3457/3457
f 3459/3459/3459 3457/3457/3457 3456/3456/3456
f 3498/3498/3498 3497/3497/3497 3458/3458/3458
f 3498/3498/3498 3458/3458/3458 3461/3461/3461
f 3463/3463/3463 3462/3462/3462 3461/3461/3461
f 3463/3463/3463 3461/3461/3461 3460/3460/3460
f 3502/3502/3502 3501/3501/3501 3462/3462/3462
f 3502/3502/3502 3462/3462/3462 3465/3465/3465
f 3467/3467/3467 3466/3466/3466 3465/3465/3465
f 3467/3467/3467 3465/3465/3465 3464/3464/3464
f 3506/3506/3506 3505/3505/3505 3466/3466/3466
f 3506/3506/3506 3466/3466/3466 3469/3469/3469
f 3471/3471/3471 3470/3470/3470 3469/3469/3469
f 3471/3471/3471 3469/3469/3469 3468/3468/3468
f 3510/3510/3510 3509/3509/3509 3470/3470/3470
f 3510/3510/3510 3470/3470/3470 3473/3473/3473
f 3475/3475/3475 3474/3474/3474 3473/3473/3473
f 3475/3475/3475 3473/3473/3473 3472/3472/3472
f 3514/3514/3514 3513/3513/3513 3474/3474/3474
f 3514/3514/3514 3474/3474/3474 3477/3477/3477
f 3479/3479/3479 3478/3478/3478 3477/3477/3477
f 3479/3479/3479 3477/3477/3477 3476/3476/3476
f 3518/3518/3518 3517/3517/3517 3478/3478/3478
f 3518/3518/3518 3478/3478/3478 3481/3481/3481
f 3483/3483/3483 3482/3482/3482 3481/3481/3481
f 3483/3483/3483 3481/3481/3481 3480/3480/3480
f 3522/3522/3522 3521/3521/3521 3482/3482/3482
f 3522/3522/3522 3482/3482/3482 3485/3485/3485
f 3449/3449/3449 3448/3448/3448 3485/3485/3485
f 3449/3449/3449 3485/3485/3485 3484/3484/3484
f 3488/3488/3488 3487/3487/3487 3448/3448/3448
f 3488/3488/3488 3448/3448/3448 3451/3451/3451
f 3423/3423/3423 3422/3422/3422 3451/3451/3451
f 3423/3423/3423 3451/3451/3451 3450/3450/3450
f 2407/2407/2407 3453/3453/3453 3422/3422/3422
f 2407/2407/2407 3422/3422/3422 2408/2408/2408
f 2406/2406/2406 2409/2409/2409 2408/2408/2408
f 2406/2406/2406 2408/2408/2408 2404/2404/2404
f 4315/4315/4315 4316/4316/4316 4317/4317/4317
f 4315/4315/4315 4317/4317/4317 4318/4318/4318
f 3493/3493/3493 3492/3492/3492 4156/4156/4156
f 3493/3493/3493 4156/4156/4156 4152/4152/4152
f 3497/3497/3497 3496/3496/3496 3495/3495/3495
f 3497/3497/3497 3495/3495/3495 3494/3494/3494
f 3501/3501/3501 3500/3500/3500 3499/3499/3499
f 3501/3501/3501 3499/3499/3499 3498/3498/3498
f 3536/3536/3536 3535/3535/3535 3500/3500/3500
f 3536/3536/3536 3500/3500/3500 3503/3503/3503
f 3505/3505/3505 3504/3504/3504 3503/3503/3503
f 3505/3505/3505 3503/3503/3503 3502/3502/3502
f 3540/3540/3540 3539/3539/3539 3504/3504/3504
f 3540/3540/3540 3504/3504/3504 3507/3507/3507
f 3509/3509/3509 3508/3508/3508 3507/3507/3507
f 3509/3509/3509 3507/3507/3507 3506/3506/3506
f 3544/3544/3544 3543/3543/3543 3508/3508/3508
f 3544/3544/3544 3508/3508/3508 3511/3511/3511
f 3513/3513/3513 3512/3512/3512 3511/3511/3511
f 3513/3513/3513 3511/3511/3511 3510/3510/3510
f 3548/3548/3548 3547/3547/3547 3512/3512/3512
f 3548/3548/3548 3512/3512/3512 3515/3515/3515
f 3517/3517/3517 3516/3516/3516 3515/3515/3515
f 3517/3517/3517 3515/3515/3515 3514/3514/3514
f 3552/3552/3552 3551/3551/3551 3516/3516/3516
f 3552/3552/3552 3516/3516/3516 3519/3519/3519
f 3521/3521/3521 3520/3520/3520 3519/3519/3519
f 3521/3521/3521 3519/3519/3519 3518/3518/3518
f 3556/3556/3556 3555/3555/3555 3520/3520/3520
f 3556/3556/3556 3520/3520/3520 3523/3523/3523
f 3487/3487/3487 3486/3486/3486 3523/3523/3523
f 3487/3487/3487 3523/3523/3523 3522/3522/3522
f 3526/3526/3526 3525/3525/3525 3486/3486/3486
f 3526/3526/3526 3486/3486/3486 3489/3489/3489
f 3453/3453/3453 3452/3452/3452 3489/3489/3489
f 3453/3453/3453 3489/3489/3489 3488/3488/3488
f 2410/2410/2410 3491/3491/3491 3452/3452/3452
f 2410/2410/2410 3452/3452/3452 2411/2411/2411
f 2409/2409/2409 2412/2412/2412 2411/2411/2411
f 2409/2409/2409 2411/2411/2411 2407/2407/2407
f 4319/4319/4319 4320/4320/4320 4321/4321/4321
f 4319/4319/4319 4321/4321/4321 4322/4322/4322
f 4157/4157/4157 4161/4161/4161 4160/4160/4160
f 4157/4157/4157 4160/4160/4160 4155/4155/4155
f 3564/3564/3564 3563/3563/3563 4161/4161/4161
f 3564/3564/3564 4161/4161/4161 4158/4158/4158
f 3531/3531/3531 3530/3530/3530 4158/4158/4158
f 3531/3531/3531 4158/4158/4158 4154/4154/4154
f 3568/3568/3568 3567/3567/3567 3530/3530/3530
f 3568/3568/3568 3530/3530/3530 3533/3533/3533
f 3535/3535/3535 3534/3534/3534 3533/3533/3533
f 3535/3535/3535 3533/3533/3533 3532/3532/3532
f 3572/3572/3572 3571/3571/3571 3534/3534/3534
f 3572/3572/3572 3534/3534/3534 3537/3537/3537
f 3539/3539/3539 3538/3538/3538 3537/3537/3537
f 3539/3539/3539 3537/3537/3537 3536/3536/3536
f 3576/3576/3576 3575/3575/3575 3538/3538/3538
f 3576/3576/3576 3538/3538/3538 3541/3541/3541
f 3543/3543/3543 3542/3542/3542 3541/3541/3541
f 3543/3543/3543 3541/3541/3541 3540/3540/3540
f 3580/3580/3580 3579/3579/3579 3542/3542/3542
f 3580/3580/3580 3542/3542/3542 3545/3545/3545
f 3547/3547/3547 3546/3546/3546 3545/3545/3545
f 3547/3547/3547 3545/3545/3545 3544/3544/3544
f 3584/3584/3584 3583/3583/3583 3546/3546/3546
f 3584/3584/3584 3546/3546/3546 3549/3549/3549
f 3551/3551/3551 3550/3550/3550 3549/3549/3549
f 3551/3551/3551 3549/3549/3549 3548/3548/3548
f 3588/3588/3588 3587/3587/3587 3550/3550/3550
f 3588/3588/3588 3550/3550/3550 3553/3553/3553
f 3555/3555/3555 3554/3554/3554 3553/3553/3553
f 3555/3555/3555 3553/3553/3553 3552/3552/3552
f 3592/3592/3592 3591/3591/3591 3554/3554/3554
f 3592/3592/3592 3554/3554/3554 3557/3557/3557
f 3525/3525/3525 3524/3524/3524 3557/3557/3557
f 3525/3525/3525 3557/3557/3557 3556/3556/3556
f 3560/3560/3560 3559/3559/3559 3524/3524/3524
f 3560/3560/3560 3524/3524/3524 3527/3527/3527
f 3491/3491/3491 3490/3490/3490 3527/3527/3527
f 3491/3491/3491 3527/3527/3527 3526/3526/3526
f 2413/2413/2413 3529/3529/3529 3490/3490/3490
f 2413/2413/2413 3490/3490/3490 2414/2414/2414
f 2412/2412/2412 2415/2415/2415 2414/2414/2414
f 2412/2412/2412 2414/2414/2414 2410/2410/2410
f 3563/3563/3563 3562/3562/3562 4168/4168/4168
f 3563/3563/3563 4168/4168/4168 4159/4159/4159
f 3567/3567/3567 3566/3566/3566 3565/3565/3565
f 3567/3567/3567 3565/3565/3565 3564/3564/3564
f 4165/4165/4165 4166/4166/4166 3566/3566/3566
f 4165/4165/4165 3566/3566/3566 3569/3569/3569
f 3571/3571/3571 3570/3570/3570 3569/3569/3569
f 3571/3571/3571 3569/3569/3569 3568/3568/3568
f 3606/3606/3606 3605/3605/3605 3570/3570/3570
f 3606/3606/3606 3570/3570/3570 3573/3573/3573
f 3575/3575/3575 3574/3574/3574 3573/3573/3573
f 3575/3575/3575 3573/3573/3573 3572/3572/3572
f 4163/4163/4163 4164/4164/4164 3574/3574/3574
f 4163/4163/4163 3574/3574/3574 3577/3577/3577
f 3579/3579/3579 3578/3578/3578 3577/3577/3577
f 3579/3579/3579 3577/3577/3577 3576/3576/3576
f 3610/3610/3610 3609/3609/3609 3578/3578/3578
f 3610/3610/3610 3578/3578/3578 3581/3581/3581
f 3583/3583/3583 3582/3582/3582 3581/3581/3581
f 3583/3583/3583 3581/3581/3581 3580/3580/3580
f 3614/3614/3614 3613/3613/3613 3582/3582/3582
f 3614/3614/3614 3582/3582/3582 3585/3585/3585
f 3587/3587/3587 3586/3586/3586 3585/3585/3585
f 3587/3587/3587 3585/3585/3585 3584/3584/3584
f 3618/3618/3618 3617/3617/3617 3586/3586/3586
f 3618/3618/3618 3586/3586/3586 3589/3589/3589
f 3591/3591/3591 3590/3590/3590 3589/3589/3589
f 3591/3591/3591 3589/3589/3589 3588/3588/3588
f 3622/3622/3622 3621/3621/3621 3590/3590/3590
f 3622/3622/3622 3590/3590/3590 3593/3593/3593
f 3559/3559/3559 3558/3558/3558 3593/3593/3593
f 3559/3559/3559 3593/3593/3593 3592/3592/3592
f 3596/3596/3596 3595/3595/3595 3558/3558/3558
f 3596/3596/3596 3558/3558/3558 3561/3561/3561
f 3529/3529/3529 3528/3528/3528 3561/3561/3561
f 3529/3529/3529 3561/3561/3561 3560/3560/3560
f 2416/2416/2416 4162/4162/4162 3528/3528/3528
f 2416/2416/2416 3528/3528/3528 2417/2417/2417
f 2415/2415/2415 2418/2418/2418 2417/2417/2417
f 2415/2415/2415 2417/2417/2417 2413/2413/2413
f 4166/4166/4166 4176/4176/4176 3603/3603/3603
f 4166/4166/4166 3603/3603/3603 3602/3602/3602
f 3628/3628/3628 3627/3627/3627 4176/4176/4176
f 3628/3628/3628 4176/4176/4176 4173/4173/4173
f 3605/3605/3605 3604/3604/3604 4173/4173/4173
f 3605/3605/3605 4173/4173/4173 4165/4165/4165
f 4164/4164/4164 4172/4172/4172 3607/3607/3607
f 4164/4164/4164 3607/3607/3607 3606/3606/3606
f 3632/3632/3632 3631/3631/3631 4172/4172/4172
f 3632/3632/3632 4172/4172/4172 4170/4170/4170
f 3609/3609/3609 3608/3608/3608 4170/4170/4170
f 3609/3609/3609 4170/4170/4170 4163/4163/4163
f 3636/3636/3636 3635/3635/3635 3608/3608/3608
f 3636/3636/3636 3608/3608/3608 3611/3611/3611
f 3613/3613/3613 3612/3612/3612 3611/3611/3611
f 3613/3613/3613 3611/3611/3611 3610/3610/3610
f 3640/3640/3640 3639/3639/3639 3612/3612/3612
f 3640/3640/3640 3612/3612/3612 3615/3615/3615
f 3617/3617/3617 3616/3616/3616 3615/3615/3615
f 3617/3617/3617 3615/3615/3615 3614/3614/3614
f 3644/3644/3644 3643/3643/3643 3616/3616/3616
f 3644/3644/3644 3616/3616/3616 3619/3619/3619
f 3621/3621/3621 3620/3620/3620 3619/3619/3619
f 3621/3621/3621 3619/3619/3619 3618/3618/3618
f 3648/3648/3648 3647/3647/3647 3620/3620/3620
f 3648/3648/3648 3620/3620/3620 3623/3623/3623
f 3595/3595/3595 3594/3594/3594 3623/3623/3623
f 3595/3595/3595 3623/3623/3623 3622/3622/3622
f 3652/3652/3652 3651/3651/3651 3594/3594/3594
f 3652/3652/3652 3594/3594/3594 3597/3597/3597
f 4162/4162/4162 4169/4169/4169 3597/3597/3597
f 4162/4162/4162 3597/3597/3597 3596/3596/3596
f 2419/2419/2419 3625/3625/3625 4169/4169/4169
f 2419/2419/2419 4169/4169/4169 2420/2420/2420
f 2418/2418/2418 2421/2421/2421 2420/2420/2420
f 2418/2418/2418 2420/2420/2420 2416/2416/2416
f 3627/3627/3627 3626/3626/3626 4105/4105/4105
f 3627/3627/3627 4105/4105/4105 4175/4175/4175
f 4174/4174/4174 4107/4107/4107 3629/3629/3629
f 4174/4174/4174 3629/3629/3629 3628/3628/3628
f 3631/3631/3631 3630/3630/3630 4109/4109/4109
f 3631/3631/3631 4109/4109/4109 4171/4171/4171
f 3635/3635/3635 3634/3634/3634 3633/3633/3633
f 3635/3635/3635 3633/3633/3633 3632/3632/3632
f 3639/3639/3639 3638/3638/3638 3637/3637/3637
f 3639/3639/3639 3637/3637/3637 3636/3636/3636
f 3643/3643/3643 3642/3642/3642 3641/3641/3641
f 3643/3643/3643 3641/3641/3641 3640/3640/3640
f 3647/3647/3647 3646/3646/3646 3645/3645/3645
f 3647/3647/3647 3645/3645/3645 3644/3644/3644
f 3651/3651/3651 3650/3650/3650 3649/3649/3649
f 3651/3651/3651 3649/3649/3649 3648/3648/3648
f 3625/3625/3625 3624/3624/3624 3653/3653/3653
f 3625/3625/3625 3653/3653/3653 3652/3652/3652
f 2421/2421/2421 2384/2384/2384 2383/2383/2383
f 2421/2421/2421 2383/2383/2383 2419/2419/2419
f 3712/3712/3712 3715/3715/3715 3662/3662/3662
f 3712/3712/3712 3662/3662/3662 3661/3661/3661
f 3665/3665/3665 3664/3664/3664 3663/3663/3663
f 3665/3665/3665 3663/3663/3663 3662/3662/3662
f 3669/3669/3669 3668/3668/3668 3667/3667/3667
f 3669/3669/3669 3667/3667/3667 3666/3666/3666
f 3688/3688/3688 3691/3691/3691 3670/3670/3670
f 3688/3688/3688 3670/3670/3670 3669/3669/3669
f 4185/4185/4185 4180/4180/4180 3671/3671/3671
f 4185/4185/4185 3671/3671/3671 3670/3670/3670
f 4000/4000/4000 3999/3999/3999 4180/4180/4180
f 4000/4000/4000 4180/4180/4180 4179/4179/4179
f 3692/3692/3692 3695/3695/3695 4186/4186/4186
f 3692/3692/3692 4186/4186/4186 4185/4185/4185
f 3673/3673/3673 3672/3672/3672 4179/4179/4179
f 3673/3673/3673 4179/4179/4179 4186/4186/4186
f 3696/3696/3696 3699/3699/3699 3674/3674/3674
f 3696/3696/3696 3674/3674/3674 3673/3673/3673
f 4188/4188/4188 4178/4178/4178 3675/3675/3675
f 4188/4188/4188 3675/3675/3675 3674/3674/3674
f 4008/4008/4008 4007/4007/4007 4178/4178/4178
f 4008/4008/4008 4178/4178/4178 4177/4177/4177
f 4187/4187/4187 4189/4189/4189 4190/4190/4190
f 4187/4187/4187 4190/4190/4190 4188/4188/4188
f 3677/3677/3677 3676/3676/3676 4177/4177/4177
f 3677/3677/3677 4177/4177/4177 4190/4190/4190
f 3700/3700/3700 3703/3703/3703 3678/3678/3678
f 3700/3700/3700 3678/3678/3678 3677/3677/3677
f 3681/3681/3681 3680/3680/3680 3679/3679/3679
f 3681/3681/3681 3679/3679/3679 3678/3678/3678
f 4016/4016/4016 4015/4015/4015 3680/3680/3680
f 4016/4016/4016 3680/3680/3680 3683/3683/3683
f 3704/3704/3704 3707/3707/3707 3682/3682/3682
f 3704/3704/3704 3682/3682/3682 3681/3681/3681
f 3657/3657/3657 3656/3656/3656 3683/3683/3683
f 3657/3657/3657 3683/3683/3683 3682/3682/3682
f 4020/4020/4020 4019/4019/4019 3656/3656/3656
f 4020/4020/4020 3656/3656/3656 3659/3659/3659
f 3708/3708/3708 3711/3711/3711 3658/3658/3658
f 3708/3708/3708 3658/3658/3658 3657/3657/3657
f 3599/3599/3599 3598/3598/3598 3659/3659/3659
f 3599/3599/3599 3659/3659/3659 3658/3658/3658
f 2422/2422/2422 3993/3993/3993 3598/3598/3598
f 2422/2422/2422 3598/3598/3598 2423/2423/2423
f 4191/4191/4191 2425/2425/2425 2427/2427/2427
f 4191/4191/4191 2427/2427/2427 3599/3599/3599
f 2426/2426/2426 2424/2424/2424 2423/2423/2423
f 2426/2426/2426 2423/2423/2423 2427/2427/2427
f 3713/3713/3713 3712/3712/3712 4183/4183/4183
f 3713/3713/3713 4183/4183/4183 4193/4193/4193
f 3746/3746/3746 3749/3749/3749 3714/3714/3714
f 3746/3746/3746 3714/3714/3714 3713/3713/3713
f 3685/3685/3685 3684/3684/3684 3715/3715/3715
f 3685/3685/3685 3715/3715/3715 3714/3714/3714
f 3718/3718/3718 3721/3721/3721 3686/3686/3686
f 3718/3718/3718 3686/3686/3686 3685/3685/3685
f 3689/3689/3689 3688/3688/3688 3687/3687/3687
f 3689/3689/3689 3687/3687/3687 3686/3686/3686
f 3722/3722/3722 3725/3725/3725 3690/3690/3690
f 3722/3722/3722 3690/3690/3690 3689/3689/3689
f 3693/3693/3693 3692/3692/3692 3691/3691/3691
f 3693/3693/3693 3691/3691/3691 3690/3690/3690
f 3726/3726/3726 3729/3729/3729 3694/3694/3694
f 3726/3726/3726 3694/3694/3694 3693/3693/3693
f 3697/3697/3697 3696/3696/3696 3695/3695/3695
f 3697/3697/3697 3695/3695/3695 3694/3694/3694
f 3730/3730/3730 3733/3733/3733 3698/3698/3698
f 3730/3730/3730 3698/3698/3698 3697/3697/3697
f 4194/4194/4194 4187/4187/4187 3699/3699/3699
f 4194/4194/4194 3699/3699/3699 3698/3698/3698
f 3734/3734/3734 3737/3737/3737 4195/4195/4195
f 3734/3734/3734 4195/4195/4195 4194/4194/4194
f 3701/3701/3701 3700/3700/3700 4189/4189/4189
f 3701/3701/3701 4189/4189/4189 4195/4195/4195
f 3738/3738/3738 3741/3741/3741 3702/3702/3702
f 3738/3738/3738 3702/3702/3702 3701/3701/3701
f 3705/3705/3705 3704/3704/3704 3703/3703/3703
f 3705/3705/3705 3703/3703/3703 3702/3702/3702
f 3742/3742/3742 3745/3745/3745 3706/3706/3706
f 3742/3742/3742 3706/3706/3706 3705/3705/3705
f 3709/3709/3709 3708/3708/3708 3707/3707/3707
f 3709/3709/3709 3707/3707/3707 3706/3706/3706
f 4196/4196/4196 4197/4197/4197 3710/3710/3710
f 4196/4196/4196 3710/3710/3710 3709/3709/3709
f 4198/4198/4198 4191/4191/4191 3711/3711/3711
f 4198/4198/4198 3711/3711/3711 3710/3710/3710
f 3716/3716/3716 2428/2428/2428 2430/2430/2430
f 3716/3716/3716 2430/2430/2430 4198/4198/4198
f 2429/2429/2429 2426/2426/2426 2425/2425/2425
f 2429/2429/2429 2425/2425/2425 2430/2430/2430
f 3747/3747/3747 3746/3746/3746 4192/4192/4192
f 3747/3747/3747 4192/4192/4192 4201/4201/4201
f 3719/3719/3719 3718/3718/3718 3749/3749/3749
f 3719/3719/3719 3749/3749/3749 3748/3748/3748
f 3750/3750/3750 3753/3753/3753 3720/3720/3720
f 3750/3750/3750 3720/3720/3720 3719/3719/3719
f 3723/3723/3723 3722/3722/3722 3721/3721/3721
f 3723/3723/3723 3721/3721/3721 3720/3720/3720
f 3754/3754/3754 3757/3757/3757 3724/3724/3724
f 3754/3754/3754 3724/3724/3724 3723/3723/3723
f 3727/3727/3727 3726/3726/3726 3725/3725/3725
f 3727/3727/3727 3725/3725/3725 3724/3724/3724
f 3758/3758/3758 3761/3761/3761 3728/3728/3728
f 3758/3758/3758 3728/3728/3728 3727/3727/3727
f 3731/3731/3731 3730/3730/3730 3729/3729/3729
f 3731/3731/3731 3729/3729/3729 3728/3728/3728
f 3762/3762/3762 3765/3765/3765 3732/3732/3732
f 3762/3762/3762 3732/3732/3732 3731/3731/3731
f 3735/3735/3735 3734/3734/3734 3733/3733/3733
f 3735/3735/3735 3733/3733/3733 3732/3732/3732
f 3766/3766/3766 3769/3769/3769 3736/3736/3736
f 3766/3766/3766 3736/3736/3736 3735/3735/3735
f 3739/3739/3739 3738/3738/3738 3737/3737/3737
f 3739/3739/3739 3737/3737/3737 3736/3736/3736
f 3770/3770/3770 3773/3773/3773 3740/3740/3740
f 3770/3770/3770 3740/3740/3740 3739/3739/3739
f 3743/3743/3743 3742/3742/3742 3741/3741/3741
f 3743/3743/3743 3741/3741/3741 3740/3740/3740
f 3774/3774/3774 3777/3777/3777 3744/3744/3744
f 3774/3774/3774 3744/3744/3744 3743/3743/3743
f 4204/4204/4204 4196/4196/4196 3745/3745/3745
f 4204/4204/4204 3745/3745/3745 3744/3744/3744
f 4203/4203/4203 4205/4205/4205 4207/4207/4207
f 4203/4203/4203 4207/4207/4207 4204/4204/4204
f 3717/3717/3717 3716/3716/3716 4197/4197/4197
f 3717/3717/3717 4197/4197/4197 4207/4207/4207
f 4206/4206/4206 2431/2431/2431 2433/2433/2433
f 4206/4206/4206 2433/2433/2433 3717/3717/3717
f 2432/2432/2432 2429/2429/2429 2428/2428/2428
f 2432/2432/2432 2428/2428/2428 2433/2433/2433
f 4209/4209/4209 4200/4200/4200 4199/4199/4199
f 4209/4209/4209 4199/4199/4199 4210/4210/4210
f 4208/4208/4208 4211/4211/4211 4212/4212/4212
f 4208/4208/4208 4212/4212/4212 4209/4209/4209
f 3751/3751/3751 3750/3750/3750 4202/4202/4202
f 3751/3751/3751 4202/4202/4202 4212/4212/4212
f 3782/3782/3782 3785/3785/3785 3752/3752/3752
f 3782/3782/3782 3752/3752/3752 3751/3751/3751
f 3755/3755/3755 3754/3754/3754 3753/3753/3753
f 3755/3755/3755 3753/3753/3753 3752/3752/3752
f 3786/3786/3786 3789/3789/3789 3756/3756/3756
f 3786/3786/3786 3756/3756/3756 3755/3755/3755
f 3759/3759/3759 3758/3758/3758 3757/3757/3757
f 3759/3759/3759 3757/3757/3757 3756/3756/3756
f 3790/3790/3790 3793/3793/3793 3760/3760/3760
f 3790/3790/3790 3760/3760/3760 3759/3759/3759
f 3763/3763/3763 3762/3762/3762 3761/3761/3761
f 3763/3763/3763 3761/3761/3761 3760/3760/3760
f 3794/3794/3794 3797/3797/3797 3764/3764/3764
f 3794/3794/3794 3764/3764/3764 3763/3763/3763
f 3767/3767/3767 3766/3766/3766 3765/3765/3765
f 3767/3767/3767 3765/3765/3765 3764/3764/3764
f 3798/3798/3798 3801/3801/3801 3768/3768/3768
f 3798/3798/3798 3768/3768/3768 3767/3767/3767
f 3771/3771/3771 3770/3770/3770 3769/3769/3769
f 3771/3771/3771 3769/3769/3769 3768/3768/3768
f 3802/3802/3802 3805/3805/3805 3772/3772/3772
f 3802/3802/3802 3772/3772/3772 3771/3771/3771
f 3775/3775/3775 3774/3774/3774 3773/3773/3773
f 3775/3775/3775 3773/3773/3773 3772/3772/3772
f 3806/3806/3806 3809/3809/3809 3776/3776/3776
f 3806/3806/3806 3776/3776/3776 3775/3775/3775
f 4214/4214/4214 4203/4203/4203 3777/3777/3777
f 4214/4214/4214 3777/3777/3777 3776/3776/3776
f 4213/4213/4213 4215/4215/4215 4218/4218/4218
f 4213/4213/4213 4218/4218/4218 4214/4214/4214
f 4217/4217/4217 4206/4206/4206 4205/4205/4205
f 4217/4217/4217 4205/4205/4205 4218/4218/4218
f 4216/4216/4216 2434/2434/2434 2436/2436/2436
f 4216/4216/4216 2436/2436/2436 4217/4217/4217
f 2435/2435/2435 2432/2432/2432 2431/2431/2431
f 2435/2435/2435 2431/2431/2431 2436/2436/2436
f 4221/4221/4221 4208/4208/4208 3781/3781/3781
f 4221/4221/4221 3781/3781/3781 3780/3780/3780
f 3783/3783/3783 3782/3782/3782 4211/4211/4211
f 3783/3783/3783 4211/4211/4211 4223/4223/4223
f 3810/3810/3810 3813/3813/3813 3784/3784/3784
f 3810/3810/3810 3784/3784/3784 3783/3783/3783
f 3787/3787/3787 3786/3786/3786 3785/3785/3785
f 3787/3787/3787 3785/3785/3785 3784/3784/3784
f 3814/3814/3814 3817/3817/3817 3788/3788/3788
f 3814/3814/3814 3788/3788/3788 3787/3787/3787
f 3791/3791/3791 3790/3790/3790 3789/3789/3789
f 3791/3791/3791 3789/3789/3789 3788/3788/3788
f 4224/4224/4224 4225/4225/4225 3792/3792/3792
f 4224/4224/4224 3792/3792/3792 3791/3791/3791
f 3795/3795/3795 3794/3794/3794 3793/3793/3793
f 3795/3795/3795 3793/3793/3793 3792/3792/3792
f 3818/3818/3818 3821/3821/3821 3796/3796/3796
f 3818/3818/3818 3796/3796/3796 3795/3795/3795
f 3799/3799/3799 3798/3798/3798 3797/3797/3797
f 3799/3799/3799 3797/3797/3797 3796/3796/3796
f 3822/3822/3822 3825/3825/3825 3800/3800/3800
f 3822/3822/3822 3800/3800/3800 3799/3799/3799
f 3803/3803/3803 3802/3802/3802 3801/3801/3801
f 3803/3803/3803 3801/3801/3801 3800/3800/3800
f 3826/3826/3826 3829/3829/3829 3804/3804/3804
f 3826/3826/3826 3804/3804/3804 3803/3803/3803
f 3807/3807/3807 3806/3806/3806 3805/3805/3805
f 3807/3807/3807 3805/3805/3805 3804/3804/3804
f 3830/3830/3830 3833/3833/3833 3808/3808/3808
f 3830/3830/3830 3808/3808/3808 3807/3807/3807
f 4226/4226/4226 4213/4213/4213 3809/3809/3809
f 4226/4226/4226 3809/3809/3809 3808/3808/3808
f 3834/3834/3834 3837/3837/3837 4229/4229/4229
f 3834/3834/3834 4229/4229/4229 4226/4226/4226
f 4228/4228/4228 4216/4216/4216 4215/4215/4215
f 4228/4228/4228 4215/4215/4215 4229/4229/4229
f 4227/4227/4227 2437/2437/2437 2439/2439/2439
f 4227/4227/4227 2439/2439/2439 4228/4228/4228
f 2438/2438/2438 2435/2435/2435 2434/2434/2434
f 2438/2438/2438 2434/2434/2434 2439/2439/2439
f 4232/4232/4232 4220/4220/4220 4219/4219/4219
f 4232/4232/4232 4219/4219/4219 4233/4233/4233
f 3811/3811/3811 3810/3810/3810 4222/4222/4222
f 3811/3811/3811 4222/4222/4222 4235/4235/4235
f 3838/3838/3838 3841/3841/3841 3812/3812/3812
f 3838/3838/3838 3812/3812/3812 3811/3811/3811
f 3815/3815/3815 3814/3814/3814 3813/3813/3813
f 3815/3815/3815 3813/3813/3813 3812/3812/3812
f 3842/3842/3842 3845/3845/3845 3816/3816/3816
f 3842/3842/3842 3816/3816/3816 3815/3815/3815
f 4236/4236/4236 4224/4224/4224 3817/3817/3817
f 4236/4236/4236 3817/3817/3817 3816/3816/3816
f 3846/3846/3846 3849/3849/3849 4237/4237/4237
f 3846/3846/3846 4237/4237/4237 4236/4236/4236
f 3819/3819/3819 3818/3818/3818 4225/4225/4225
f 3819/3819/3819 4225/4225/4225 4237/4237/4237
f 3850/3850/3850 3853/3853/3853 3820/3820/3820
f 3850/3850/3850 3820/3820/3820 3819/3819/3819
f 3823/3823/3823 3822/3822/3822 3821/3821/3821
f 3823/3823/3823 3821/3821/3821 3820/3820/3820
f 3854/3854/3854 3857/3857/3857 3824/3824/3824
f 3854/3854/3854 3824/3824/3824 3823/3823/3823
f 3827/3827/3827 3826/3826/3826 3825/3825/3825
f 3827/3827/3827 3825/3825/3825 3824/3824/3824
f 3858/3858/3858 3861/3861/3861 3828/3828/3828
f 3858/3858/3858 3828/3828/3828 3827/3827/3827
f 3831/3831/3831 3830/3830/3830 3829/3829/3829
f 3831/3831/3831 3829/3829/3829 3828/3828/3828
f 3862/3862/3862 3865/3865/3865 3832/3832/3832
f 3862/3862/3862 3832/3832/3832 3831/3831/3831
f 3835/3835/3835 3834/3834/3834 3833/3833/3833
f 3835/3835/3835 3833/3833/3833 3832/3832/3832
f 3866/3866/3866 3869/3869/3869 3836/3836/3836
f 3866/3866/3866 3836/3836/3836 3835/3835/3835
f 4239/4239/4239 4227/4227/4227 3837/3837/3837
f 4239/4239/4239 3837/3837/3837 3836/3836/3836
f 4238/4238/4238 2440/2440/2440 2442/2442/2442
f 4238/4238/4238 2442/2442/2442 4239/4239/4239
f 2441/2441/2441 2438/2438/2438 2437/2437/2437
f 2441/2441/2441 2437/2437/2437 2442/2442/2442
f 4323/4323/4323 4240/4240/4240 4243/4243/4243
f 4323/4323/4323 4243/4243/4243 4324/4324/4324
f 4242/4242/4242 4231/4231/4231 4230/4230/4230
f 4242/4242/4242 4230/4230/4230 4243/4243/4243
f 4241/4241/4241 4244/4244/4244 4245/4245/4245
f 4241/4241/4241 4245/4245/4245 4242/4242/4242
f 3839/3839/3839 3838/3838/3838 4234/4234/4234
f 3839/3839/3839 4234/4234/4234 4245/4245/4245
f 3870/3870/3870 3873/3873/3873 3840/3840/3840
f 3870/3870/3870 3840/3840/3840 3839/3839/3839
f 3843/3843/3843 3842/3842/3842 3841/3841/3841
f 3843/3843/3843 3841/3841/3841 3840/3840/3840
f 3874/3874/3874 3877/3877/3877 3844/3844/3844
f 3874/3874/3874 3844/3844/3844 3843/3843/3843
f 3847/3847/3847 3846/3846/3846 3845/3845/3845
f 3847/3847/3847 3845/3845/3845 3844/3844/3844
f 3878/3878/3878 3881/3881/3881 3848/3848/3848
f 3878/3878/3878 3848/3848/3848 3847/3847/3847
f 3851/3851/3851 3850/3850/3850 3849/3849/3849
f 3851/3851/3851 3849/3849/3849 3848/3848/3848
f 3882/3882/3882 3885/3885/3885 3852/3852/3852
f 3882/3882/3882 3852/3852/3852 3851/3851/3851
f 3855/3855/3855 3854/3854/3854 3853/3853/3853
f 3855/3855/3855 3853/3853/3853 3852/3852/3852
f 3886/3886/3886 3889/3889/3889 3856/3856/3856
f 3886/3886/3886 3856/3856/3856 3855/3855/3855
f 3859/3859/3859 3858/3858/3858 3857/3857/3857
f 3859/3859/3859 3857/3857/3857 3856/3856/3856
f 3890/3890/3890 3893/3893/3893 3860/3860/3860
f 3890/3890/3890 3860/3860/3860 3859/3859/3859
f 3863/3863/3863 3862/3862/3862 3861/3861/3861
f 3863/3863/3863 3861/3861/3861 3860/3860/3860
f 4246/4246/4246 4247/4247/4247 3864/3864/3864
f 4246/4246/4246 3864/3864/3864 3863/3863/3863
f 3867/3867/3867 3866/3866/3866 3865/3865/3865
f 3867/3867/3867 3865/3865/3865 3864/3864/3864
f 3894/3894/3894 3897/3897/3897 3868/3868/3868
f 3894/3894/3894 3868/3868/3868 3867/3867/3867
f 4249/4249/4249 4238/4238/4238 3869/3869/3869
f 4249/4249/4249 3869/3869/3869 3868/3868/3868
f 4248/4248/4248 2443/2443/2443 2445/2445/2445
f 4248/4248/4248 2445/2445/2445 4249/4249/4249
f 2444/2444/2444 2441/2441/2441 2440/2440/2440
f 2444/2444/2444 2440/2440/2440 2445/2445/2445
f 4252/4252/4252 4241/4241/4241 4240/4240/4240
f 4252/4252/4252 4240/4240/4240 4253/4253/4253
f 4251/4251/4251 4254/4254/4254 4255/4255/4255
f 4251/4251/4251 4255/4255/4255 4252/4252/4252
f 3871/3871/3871 3870/3870/3870 4244/4244/4244
f 3871/3871/3871 4244/4244/4244 4255/4255/4255
f 3875/3875/3875 3874/3874/3874 3873/3873/3873
f 3875/3875/3875 3873/3873/3873 3872/3872/3872
f 3902/3902/3902 3905/3905/3905 3876/3876/3876
f 3902/3902/3902 3876/3876/3876 3875/3875/3875
f 3879/3879/3879 3878/3878/3878 3877/3877/3877
f 3879/3879/3879 3877/3877/3877 3876/3876/3876
f 3906/3906/3906 3909/3909/3909 3880/3880/3880
f 3906/3906/3906 3880/3880/3880 3879/3879/3879
f 3883/3883/3883 3882/3882/3882 3881/3881/3881
f 3883/3883/3883 3881/3881/3881 3880/3880/3880
f 3910/3910/3910 3913/3913/3913 3884/3884/3884
f 3910/3910/3910 3884/3884/3884 3883/3883/3883
f 3887/3887/3887 3886/3886/3886 3885/3885/3885
f 3887/3887/3887 3885/3885/3885 3884/3884/3884
f 3914/3914/3914 3917/3917/3917 3888/3888/3888
f 3914/3914/3914 3888/3888/3888 3887/3887/3887
f 3891/3891/3891 3890/3890/3890 3889/3889/3889
f 3891/3891/3891 3889/3889/3889 3888/3888/3888
f 3918/3918/3918 3921/3921/3921 3892/3892/3892
f 3918/3918/3918 3892/3892/3892 3891/3891/3891
f 4256/4256/4256 4246/4246/4246 3893/3893/3893
f 4256/4256/4256 3893/3893/3893 3892/3892/3892
f 3922/3922/3922 3925/3925/3925 4257/4257/4257
f 3922/3922/3922 4257/4257/4257 4256/4256/4256
f 3895/3895/3895 3894/3894/3894 4247/4247/4247
f 3895/3895/3895 4247/4247/4247 4257/4257/4257
f 3926/3926/3926 3929/3929/3929 3896/3896/3896
f 3926/3926/3926 3896/3896/3896 3895/3895/3895
f 4259/4259/4259 4248/4248/4248 3897/3897/3897
f 4259/4259/4259 3897/3897/3897 3896/3896/3896
f 4258/4258/4258 2446/2446/2446 2448/2448/2448
f 4258/4258/4258 2448/2448/2448 4259/4259/4259
f 2447/2447/2447 2444/2444/2444 2443/2443/2443
f 2447/2447/2447 2443/2443/2443 2448/2448/2448
f 4260/4260/4260 4251/4251/4251 4250/4250/4250
f 4260/4260/4260 4250/4250/4250 4261/4261/4261
f 3962/3962/3962 3965/3965/3965 4262/4262/4262
f 3962/3962/3962 4262/4262/4262 4260/4260/4260
f 3899/3899/3899 3898/3898/3898 4254/4254/4254
f 3899/3899/3899 4254/4254/4254 4262/4262/4262
f 3934/3934/3934 3937/3937/3937 3900/3900/3900
f 3934/3934/3934 3900/3900/3900 3899/3899/3899
f 3903/3903/3903 3902/3902/3902 3901/3901/3901
f 3903/3903/3903 3901/3901/3901 3900/3900/3900
f 3938/3938/3938 3941/3941/3941 3904/3904/3904
f 3938/3938/3938 3904/3904/3904 3903/3903/3903
f 3907/3907/3907 3906/3906/3906 3905/3905/3905
f 3907/3907/3907 3905/3905/3905 3904/3904/3904
f 3942/3942/3942 3945/3945/3945 3908/3908/3908
f 3942/3942/3942 3908/3908/3908 3907/3907/3907
f 3911/3911/3911 3910/3910/3910 3909/3909/3909
f 3911/3911/3911 3909/3909/3909 3908/3908/3908
f 3946/3946/3946 3949/3949/3949 3912/3912/3912
f 3946/3946/3946 3912/3912/3912 3911/3911/3911
f 3915/3915/3915 3914/3914/3914 3913/3913/3913
f 3915/3915/3915 3913/3913/3913 3912/3912/3912
f 3950/3950/3950 3953/3953/3953 3916/3916/3916
f 3950/3950/3950 3916/3916/3916 3915/3915/3915
f 3919/3919/3919 3918/3918/3918 3917/3917/3917
f 3919/3919/3919 3917/3917/3917 3916/3916/3916
f 3954/3954/3954 3957/3957/3957 3920/3920/3920
f 3954/3954/3954 3920/3920/3920 3919/3919/3919
f 3923/3923/3923 3922/3922/3922 3921/3921/3921
f 3923/3923/3923 3921/3921/3921 3920/3920/3920
f 4263/4263/4263 4264/4264/4264 3924/3924/3924
f 4263/4263/4263 3924/3924/3924 3923/3923/3923
f 3927/3927/3927 3926/3926/3926 3925/3925/3925
f 3927/3927/3927 3925/3925/3925 3924/3924/3924
f 3958/3958/3958 3961/3961/3961 3928/3928/3928
f 3958/3958/3958 3928/3928/3928 3927/3927/3927
f 4266/4266/4266 4258/4258/4258 3929/3929/3929
f 4266/4266/4266 3929/3929/3929 3928/3928/3928
f 4265/4265/4265 2449/2449/2449 2451/2451/2451
f 4265/4265/4265 2451/2451/2451 4266/4266/4266
f 2450/2450/2450 2447/2447/2447 2446/2446/2446
f 2450/2450/2450 2446/2446/2446 2451/2451/2451
f 3963/3963/3963 3962/3962/3962 3933/3933/3933
f 3963/3963/3963 3933/3933/3933 3932/3932/3932
f 3935/3935/3935 3934/3934/3934 3965/3965/3965
f 3935/3935/3935 3965/3965/3965 3964/3964/3964
f 4268/4268/4268 4269/4269/4269 3936/3936/3936
f 4268/4268/4268 3936/3936/3936 3935/3935/3935
f 3939/3939/3939 3938/3938/3938 3937/3937/3937
f 3939/3939/3939 3937/3937/3937 3936/3936/3936
f 4270/4270/4270 4271/4271/4271 3940/3940/3940
f 4270/4270/4270 3940/3940/3940 3939/3939/3939
f 3943/3943/3943 3942/3942/3942 3941/3941/3941
f 3943/3943/3943 3941/3941/3941 3940/3940/3940
f 3968/3968/3968 3971/3971/3971 3944/3944/3944
f 3968/3968/3968 3944/3944/3944 3943/3943/3943
f 3947/3947/3947 3946/3946/3946 3945/3945/3945
f 3947/3947/3947 3945/3945/3945 3944/3944/3944
f 3972/3972/3972 3975/3975/3975 3948/3948/3948
f 3972/3972/3972 3948/3948/3948 3947/3947/3947
f 3951/3951/3951 3950/3950/3950 3949/3949/3949
f 3951/3951/3951 3949/3949/3949 3948/3948/3948
f 4272/4272/4272 4273/4273/4273 3952/3952/3952
f 4272/4272/4272 3952/3952/3952 3951/3951/3951
f 3955/3955/3955 3954/3954/3954 3953/3953/3953
f 3955/3955/3955 3953/3953/3953 3952/3952/3952
f 3976/3976/3976 3979/3979/3979 3956/3956/3956
f 3976/3976/3976 3956/3956/3956 3955/3955/3955
f 4274/4274/4274 4263/4263/4263 3957/3957/3957
f 4274/4274/4274 3957/3957/3957 3956/3956/3956
f 3980/3980/3980 3983/3983/3983 4275/4275/4275
f 3980/3980/3980 4275/4275/4275 4274/4274/4274
f 3959/3959/3959 3958/3958/3958 4264/4264/4264
f 3959/3959/3959 4264/4264/4264 4275/4275/4275
f 3984/3984/3984 3987/3987/3987 3960/3960/3960
f 3984/3984/3984 3960/3960/3960 3959/3959/3959
f 4276/4276/4276 4265/4265/4265 3961/3961/3961
f 4276/4276/4276 3961/3961/3961 3960/3960/3960
f 3966/3966/3966 2452/2452/2452 2454/2454/2454
f 3966/3966/3966 2454/2454/2454 4276/4276/4276
f 2453/2453/2453 2450/2450/2450 2449/2449/2449
f 2453/2453/2453 2449/2449/2449 2454/2454/2454
f 4056/4056/4056 4059/4059/4059 4325/4325/4325
f 4056/4056/4056 4325/4325/4325 4279/4279/4279
f 3989/3989/3989 3988/3988/3988 4267/4267/4267
f 3989/3989/3989 4267/4267/4267 4325/4325/4325
f 4281/4281/4281 4268/4268/4268 3991/3991/3991
f 4281/4281/4281 3991/3991/3991 3990/3990/3990
f 4032/4032/4032 4035/4035/4035 4283/4283/4283
f 4032/4032/4032 4283/4283/4283 4281/4281/4281
f 4282/4282/4282 4270/4270/4270 4269/4269/4269
f 4282/4282/4282 4269/4269/4269 4283/4283/4283
f 4036/4036/4036 4039/4039/4039 4284/4284/4284
f 4036/4036/4036 4284/4284/4284 4282/4282/4282
f 3969/3969/3969 3968/3968/3968 4271/4271/4271
f 3969/3969/3969 4271/4271/4271 4284/4284/4284
f 4040/4040/4040 4043/4043/4043 3970/3970/3970
f 4040/4040/4040 3970/3970/3970 3969/3969/3969
f 3973/3973/3973 3972/3972/3972 3971/3971/3971
f 3973/3973/3973 3971/3971/3971 3970/3970/3970
f 4287/4287/4287 4272/4272/4272 3975/3975/3975
f 4287/4287/4287 3975/3975/3975 3974/3974/3974
f 4044/4044/4044 4047/4047/4047 4288/4288/4288
f 4044/4044/4044 4288/4288/4288 4287/4287/4287
f 3977/3977/3977 3976/3976/3976 4273/4273/4273
f 3977/3977/3977 4273/4273/4273 4288/4288/4288
f 4048/4048/4048 4051/4051/4051 3978/3978/3978
f 4048/4048/4048 3978/3978/3978 3977/3977/3977
f 3981/3981/3981 3980/3980/3980 3979/3979/3979
f 3981/3981/3981 3979/3979/3979 3978/3978/3978
f 4052/4052/4052 4055/4055/4055 3982/3982/3982
f 4052/4052/4052 3982/3982/3982 3981/3981/3981
f 3985/3985/3985 3984/3984/3984 3983/3983/3983
f 3985/3985/3985 3983/3983/3983 3982/3982/3982
f 4026/4026/4026 4029/4029/4029 3986/3986/3986
f 4026/4026/4026 3986/3986/3986 3985/3985/3985
f 3967/3967/3967 3966/3966/3966 3987/3987/3987
f 3967/3967/3967 3987/3987/3987 3986/3986/3986
f 2826/2826/2826 2455/2455/2455 2457/2457/2457
f 2826/2826/2826 2457/2457/2457 3967/3967/3967
f 2456/2456/2456 2453/2453/2453 2452/2452/2452
f 2456/2456/2456 2452/2452/2452 2457/2457/2457
f 4023/4023/4023 4022/4022/4022 3247/3247/3247
f 4023/4023/4023 3247/3247/3247 3246/3246/3246
f 4182/4182/4182 4121/4121/4121 4025/4025/4025
f 4182/4182/4182 4025/4025/4025 4024/4024/4024
f 3995/3995/3995 3994/3994/3994 4124/4124/4124
f 3995/3995/3995 4124/4124/4124 4181/4181/4181
f 3999/3999/3999 3998/3998/3998 3997/3997/3997
f 3999/3999/3999 3997/3997/3997 3996/3996/3996
f 4003/4003/4003 4002/4002/4002 4001/4001/4001
f 4003/4003/4003 4001/4001/4001 4000/4000/4000
f 4007/4007/4007 4006/4006/4006 4005/4005/4005
f 4007/4007/4007 4005/4005/4005 4004/4004/4004
f 4011/4011/4011 4010/4010/4010 4009/4009/4009
f 4011/4011/4011 4009/4009/4009 4008/4008/4008
f 4015/4015/4015 4014/4014/4014 4013/4013/4013
f 4015/4015/4015 4013/4013/4013 4012/4012/4012
f 4019/4019/4019 4018/4018/4018 4017/4017/4017
f 4019/4019/4019 4017/4017/4017 4016/4016/4016
f 3993/3993/3993 3992/3992/3992 4021/4021/4021
f 3993/3993/3993 4021/4021/4021 4020/4020/4020
f 2424/2424/2424 2390/2390/2390 2389/2389/2389
f 2424/2424/2424 2389/2389/2389 2422/2422/2422
f 4033/4033/4033 4032/4032/4032 4280/4280/4280
f 4033/4033/4033 4280/4280/4280 4079/4079/4079
f 4037/4037/4037 4036/4036/4036 4035/4035/4035
f 4037/4037/4037 4035/4035/4035 4034/4034/4034
f 4041/4041/4041 4040/4040/4040 4039/4039/4039
f 4041/4041/4041 4039/4039/4039 4038/4038/4038
f 4078/4078/4078 4285/4285/4285 4043/4043/4043
f 4078/4078/4078 4043/4043/4043 4042/4042/4042
f 4045/4045/4045 4044/4044/4044 4286/4286/4286
f 4045/4045/4045 4286/4286/4286 4077/4077/4077
f 4049/4049/4049 4048/4048/4048 4047/4047/4047
f 4049/4049/4049 4047/4047/4047 4046/4046/4046
f 4053/4053/4053 4052/4052/4052 4051/4051/4051
f 4053/4053/4053 4051/4051/4051 4050/4050/4050
f 4027/4027/4027 4026/4026/4026 4055/4055/4055
f 4027/4027/4027 4055/4055/4055 4054/4054/4054
f 2827/2827/2827 2826/2826/2826 4029/4029/4029
f 2827/2827/2827 4029/4029/4029 4028/4028/4028
f 2349/2349/2349 2456/2456/2456 2455/2455/2455
f 2349/2349/2349 2455/2455/2455 2347/2347/2347
f 2426/2426/2426 2390/2390/2390 2424/2424/2424
f 2390/2390/2390 2426/2426/2426 2388/2388/2388
f 2388/2388/2388 2426/2426/2426 2429/2429/2429
f 2388/2388/2388 2429/2429/2429 2394/2394/2394
f 2394/2394/2394 2429/2429/2429 2432/2432/2432
f 2394/2394/2394 2432/2432/2432 2397/2397/2397
f 2397/2397/2397 2432/2432/2432 2435/2435/2435
f 2397/2397/2397 2435/2435/2435 2400/2400/2400
f 2400/2400/2400 2435/2435/2435 2438/2438/2438
f 2400/2400/2400 2438/2438/2438 2403/2403/2403
f 2403/2403/2403 2438/2438/2438 2441/2441/2441
f 2403/2403/2403 2441/2441/2441 2406/2406/2406
f 2406/2406/2406 2441/2441/2441 2444/2444/2444
f 2406/2406/2406 2444/2444/2444 2409/2409/2409
f 2409/2409/2409 2444/2444/2444 2447/2447/2447
f 2409/2409/2409 2447/2447/2447 2450/2450/2450
f 2409/2409/2409 2450/2450/2450 2412/2412/2412
f 2412/2412/2412 2450/2450/2450 2453/2453/2453
f 2412/2412/2412 2453/2453/2453 2415/2415/2415
f 2415/2415/2415 2453/2453/2453 2456/2456/2456
f 2415/2415/2415 2456/2456/2456 2418/2418/2418
f 2418/2418/2418 2456/2456/2456 2349/2349/2349
f 2418/2418/2418 2349/2349/2349 2421/2421/2421
f 2421/2421/2421 2349/2349/2349 2384/2384/2384
f 2384/2384/2384 2349/2349/2349 2381/2381/2381
f 2381/2381/2381 2349/2349/2349 2346/2346/2346
f 2381/2381/2381 2346/2346/2346 2378/2378/2378
f 2378/2378/2378 2346/2346/2346 2343/2343/2343
f 2378/2378/2378 2343/2343/2343 2375/2375/2375
f 2375/2375/2375 2343/2343/2343 2340/2340/2340
f 2375/2375/2375 2340/2340/2340 2372/2372/2372
f 2372/2372/2372 2340/2340/2340 2337/2337/2337
f 2372/2372/2372 2337/2337/2337 2369/2369/2369
f 2369/2369/2369 2337/2337/2337 2334/2334/2334
f 2369/2369/2369 2334/2334/2334 2366/2366/2366
f 2366/2366/2366 2334/2334/2334 2331/2331/2331
f 2366/2366/2366 2331/2331/2331 2363/2363/2363
f 2363/2363/2363 2331/2331/2331 2328/2328/2328
f 2363/2363/2363 2328/2328/2328 2360/2360/2360
f 2360/2360/2360 2328/2328/2328 2325/2325/2325
f 2360/2360/2360 2325/2325/2325 2357/2357/2357
f 2357/2357/2357 2325/2325/2325 2322/2322/2322
f 2357/2357/2357 2322/2322/2322 2354/2354/2354
f 2354/2354/2354 2322/2322/2322 2316/2316/2316
f 2354/2354/2354 2316/2316/2316 2352/2352/2352
f 2352/2352/2352 2316/2316/2316 2318/2318/2318
